{"type":"FeatureCollection","features":[{"type":"Feature","geometry":{"type":"Polygon","coordinates":[[[-113.323260013172,50.8489628690168],[-113.32262443265,50.8488665606467],[-113.321105294368,50.8487885897765],[-113.320529680884,50.8488003029409],[-113.319754112298,50.8488160809974],[-113.319371788415,50.8488829909234],[-113.318937325414,50.8489590241951],[-113.317276996224,50.848958676522],[-113.305591662499,50.8429273106126],[-113.305591620278,50.8349224828211],[-113.304165464815,50.8352996890293],[-113.304037665991,50.8353350372399],[-113.303911741053,50.8353729855048],[-113.303787821154,50.8354134952394],[-113.303666036551,50.8354565227524],[-113.303546513906,50.8355020237852],[-113.302350370274,50.8359744383227],[-113.30231152802,50.8359896272959],[-113.302150515785,50.8360497403617],[-113.30198642682,50.8361064204801],[-113.301917746125,50.8361288427728],[-113.2999133523,50.8367716533205],[-113.29976684606,50.8365883348629],[-113.299738539247,50.8365970636002],[-113.299709788666,50.8366051904128],[-113.299680626657,50.8366127050894],[-113.299651084661,50.8366196002551],[-113.299621195915,50.8366258674005],[-113.299590993656,50.8366315002853],[-113.299560512022,50.836636492102],[-113.29952978425,50.8366408377448],[-113.299498844475,50.8366445321083],[-113.299467727731,50.8366475712213],[-113.299436468156,50.83664995168],[-113.299405100783,50.836651670648],[-113.299373659748,50.8366527264233],[-113.299342180984,50.8366531178714],[-113.299310699525,50.8366528444251],[-113.299279249507,50.8366519066515],[-113.299247865964,50.836650305118],[-113.299216584829,50.8366480420937],[-113.299185440238,50.8366451192806],[-113.297358397206,50.8364536485263],[-113.297298764343,50.8364483463668],[-113.297239437805,50.8364418068846],[-113.297180483169,50.8364340363197],[-113.297121963318,50.8364250431814],[-113.297063942032,50.8364148376805],[-113.297006481295,50.8364034300281],[-113.296949643989,50.8363908332716],[-113.28830213767,50.8346131440415],[-113.287855828586,50.8345212545775],[-113.287278186706,50.8344023571208],[-113.287132741376,50.8343700134245],[-113.2869857213,50.8343406630141],[-113.285038434276,50.8343093308506],[-113.282779712122,50.8338608949682],[-113.282770534933,50.8338591044114],[-113.282495915459,50.8338350771287],[-113.278488029717,50.8334563385718],[-113.273760696738,50.8339900821032],[-113.271214070824,50.8342787203288],[-113.271168884667,50.8342838457232],[-113.27071529833,50.8342840789019],[-113.270702090401,50.8342788406059],[-113.269965296696,50.8339869934578],[-113.262737124035,50.8311245693252],[-113.259733962616,50.8300542859837],[-113.259448460052,50.8299623744942],[-113.250319882543,50.8270239926998],[-113.248848598414,50.8265504968184],[-113.248014747133,50.8262733440676],[-113.246733474654,50.8258478755936],[-113.24457827615,50.8250459008667],[-113.241292490369,50.8235146072],[-113.241362735929,50.823454129559],[-113.241369818247,50.8234481472207],[-113.241054248172,50.8230817096596],[-113.240288637412,50.8221939360671],[-113.239647683168,50.8207653731384],[-113.239675362957,50.8207150764694],[-113.239967244458,50.8201870362073],[-113.24017315449,50.8198166140281],[-113.240277301571,50.8196291899156],[-113.241224940653,50.8186622959855],[-113.24189945326,50.8179667371742],[-113.24198289058,50.8178810017406],[-113.242062988863,50.8156989693797],[-113.242082375405,50.8151724644502],[-113.242109770428,50.8144263754013],[-113.242110473809,50.8144043082089],[-113.24213038317,50.8137737306176],[-113.242141003053,50.813436766312],[-113.242143461742,50.8133446637462],[-113.242168860709,50.8125859758072],[-113.242199098001,50.8116150217392],[-113.240812327375,50.8099395475488],[-113.240622003112,50.8096502371621],[-113.240245113138,50.8090773624564],[-113.239965916748,50.8086529838601],[-113.239837427119,50.8061785271702],[-113.239293280721,50.8055162400919],[-113.238853885969,50.8051724554923],[-113.237909293973,50.804433097544],[-113.236696614154,50.8034839226074],[-113.236333973257,50.8032043228779],[-113.235664699624,50.8026752120243],[-113.234924149165,50.8020931566517],[-113.232440532881,50.8001329610592],[-113.232068010516,50.7998301526805],[-113.230181340011,50.7982936647456],[-113.229718289923,50.7979249982602],[-113.228564527009,50.797006407292],[-113.225838521008,50.7942184021129],[-113.225705895536,50.794075344615],[-113.224924825668,50.7932303807597],[-113.224695085127,50.7929830080263],[-113.22457625688,50.7928548504984],[-113.222782210764,50.7910120513108],[-113.222485624787,50.7906978269091],[-113.221778603047,50.7899597749128],[-113.221208247402,50.7895916804244],[-113.220596430015,50.7894143485309],[-113.219943982726,50.7893739135962],[-113.218581347136,50.7894238362713],[-113.217870385386,50.7894502414486],[-113.216469913655,50.789511787028],[-113.215416504237,50.7894337255081],[-113.214310072657,50.7890749460239],[-113.214018607975,50.7889805283882],[-113.21352879977,50.7885279049979],[-113.213235418083,50.788256436194],[-113.212594179972,50.787663001444],[-113.210637786725,50.785905476653],[-113.209868523415,50.785158252837],[-113.209320817891,50.7841830779214],[-113.208614720518,50.7835311198496],[-113.208599710568,50.7835167907427],[-113.208585405796,50.7835021742427],[-113.208571820574,50.7834872839804],[-113.208558967479,50.7834721352904],[-113.208546859087,50.7834567418037],[-113.208535507077,50.783441118855],[-113.208524922228,50.7834252806431],[-113.208514135258,50.7834049822111],[-113.208504415486,50.7833844685121],[-113.208495773693,50.7833637622645],[-113.208488218862,50.7833428856185],[-113.208481759975,50.7833218612925],[-113.208476404219,50.7833007131408],[-113.208472156984,50.7832794638819],[-113.208469022762,50.78325813737],[-113.208467005146,50.7832367563237],[-113.208466107729,50.7832153451655],[-113.208466329613,50.7831939266139],[-113.208467670798,50.7831725245235],[-113.208470130385,50.783151162181],[-113.20847370568,50.7831298634409],[-113.208478393089,50.7831086515902],[-113.208484186324,50.7830875499153],[-113.20857173703,50.7828533963955],[-113.20807040883,50.7819628719028],[-113.207939517106,50.7813551677893],[-113.207930198882,50.7806750067637],[-113.207888186473,50.7796486584733],[-113.207915391053,50.7795889351482],[-113.208298745304,50.7791340345424],[-113.210374689043,50.7767026760011],[-113.208063265427,50.7767163170221],[-113.204666512555,50.7787252465125],[-113.204086462291,50.7783306481478],[-113.206802462857,50.7767251143254],[-113.207469617364,50.7762198009489],[-113.207709045337,50.77603872088],[-113.209338863249,50.7748067461223],[-113.208463490937,50.7745023108739],[-113.203783080559,50.7745463812584],[-113.203756662005,50.7745642919588],[-113.203731168715,50.7745827337982],[-113.203706626742,50.7746016874615],[-113.203683063033,50.7746211342017],[-113.203474025067,50.7747905255165],[-113.203455011325,50.7748053980978],[-113.203435202575,50.7748198468961],[-113.203414622172,50.7748338554377],[-113.203393293472,50.7748474066811],[-113.203371242527,50.7748604847208],[-113.203348494489,50.7748730742194],[-113.203325077206,50.7748851598394],[-113.203301018526,50.7748967273797],[-113.203276346297,50.774907763775],[-113.203251090163,50.7749182553921],[-113.203225279768,50.7749281903021],[-113.203198945655,50.7749375560078],[-113.203172119266,50.7749463417163],[-113.203144832041,50.7749545372028],[-113.20311711632,50.7749621328104],[-113.203089004441,50.7749691194504],[-113.203060530541,50.7749754891701],[-113.203031728757,50.7749812334489],[-113.203002631426,50.7749863466062],[-113.202973273585,50.7749908218256],[-113.202943691164,50.7749946545626],[-113.202913918301,50.7749978391368],[-113.202883990029,50.775000372708],[-113.202853942281,50.775002252436],[-113.202823810091,50.7750034754804],[-113.202793629392,50.7750040407054],[-113.202763436117,50.7750039469746],[-113.2027332653,50.7750031948562],[-113.202703153772,50.7750017854863],[-113.202673135668,50.774999720001],[-113.202643247821,50.7749970006724],[-113.202613525263,50.7749936314769],[-113.202584003029,50.7749896163908],[-113.202554716154,50.7749849593904],[-113.202525699672,50.7749796661561],[-113.202496986821,50.7749737435046],[-113.202468612634,50.7749671982523],[-113.20244061035,50.7749600377839],[-113.202413012308,50.77495227062],[-113.202385852644,50.7749439064176],[-113.202359162799,50.7749349548333],[-113.202332974213,50.7749254260921],[-113.202307318329,50.774915332123],[-113.202282224789,50.7749046842869],[-113.202257724138,50.7748934956491],[-113.202233844223,50.7748817792746],[-113.202210614688,50.7748695493646],[-113.202188062483,50.7748568195525],[-113.202166213659,50.7748436057438],[-113.202145095165,50.7748299227077],[-113.202124731255,50.7748157874858],[-113.201995180717,50.7747227839476],[-113.201902774617,50.774709050318],[-113.20184273841,50.7746983569895],[-113.201771936792,50.7746843319333],[-113.201710545027,50.7746704352565],[-113.201649995882,50.7746554427696],[-113.201590274984,50.774638771064],[-113.201531382332,50.7746209955927],[-113.201473601795,50.7746018317513],[-113.201416648606,50.7745815550522],[-113.2013610905,50.7745598848671],[-113.201306657086,50.7745373835843],[-113.201253592704,50.7745132201143],[-113.201201651216,50.7744882164542],[-113.201151375204,50.7744621112894],[-113.201102210409,50.7744346086526],[-113.201054993161,50.7744062783181],[-113.20100888623,50.7743768294309],[-113.200964712475,50.7743465522745],[-113.195942772507,50.7707490522345],[-113.195928333885,50.7707390528077],[-113.195913041864,50.77072933062],[-113.195897493823,50.7707198828309],[-113.195881108553,50.7707107111449],[-113.195864436719,50.7707021121195],[-113.195847209727,50.7706940539405],[-113.195829429373,50.7706859974645],[-113.19581137593,50.7706787732796],[-113.195792769126,50.7706715507979],[-113.195773876657,50.7706648907519],[-113.195754711999,50.7706587670084],[-113.195734992182,50.7706532204719],[-113.195715257093,50.770647943791],[-113.195741091742,50.7706059939291],[-113.192642485222,50.7698304441923],[-113.192668604637,50.7697887685714],[-113.192612772546,50.7697740517666],[-113.192557768701,50.7697579436094],[-113.192503603883,50.7697409917749],[-113.192450552975,50.7697226610843],[-113.192398315941,50.7697029384689],[-113.192347486568,50.7696823892163],[-113.192297484542,50.7696607184658],[-113.192248877601,50.7696379415554],[-113.19220165137,50.7696140596197],[-113.192155549829,50.7695890505],[-113.192110814626,50.7695632147358],[-113.19206775568,50.7695365563027],[-113.19202610619,50.7695087740895],[-113.191985823038,50.7694798868423],[-113.191947201769,50.7694504462161],[-113.191910271129,50.7694201647345],[-113.19187497722,50.7693887731006],[-113.191841656909,50.7693568314921],[-113.19180970114,50.7693243336584],[-113.191748869025,50.7693473783126],[-113.191239467665,50.768804136288],[-113.190804157553,50.7683401682742],[-113.190791648513,50.7683271100009],[-113.190778313921,50.7683146068032],[-113.190764142099,50.7683023893798],[-113.19074943039,50.7682901639992],[-113.190733878755,50.768278772655],[-113.190717773759,50.7682673915348],[-113.190701084858,50.7682565524241],[-113.190683870442,50.7682459928395],[-113.190665817898,50.7682357190306],[-113.190647493165,50.7682259991634],[-113.190628315031,50.7682168258521],[-113.190568319249,50.7681915552055],[-113.190442615296,50.7681447636517],[-113.190157253768,50.7680383635135],[-113.188027478485,50.7672437765045],[-113.187969422165,50.7672229477734],[-113.187910267205,50.767203496821],[-113.187849986656,50.7671854435345],[-113.187788593095,50.7671687782569],[-113.187726656052,50.7671532203184],[-113.187663592523,50.7671390509596],[-113.187599982818,50.7671265553986],[-113.187526008351,50.7671138047299],[-113.18718693745,50.7673759716881],[-113.187153483291,50.767400946197],[-113.187118689743,50.7674251735658],[-113.187082599028,50.7674486248197],[-113.187045252468,50.76747127212],[-113.187006696776,50.7674930887646],[-113.18696697597,50.7675140480514],[-113.186926137658,50.7675341255507],[-113.18688423125,50.7675532974012],[-113.186841307051,50.7675715403097],[-113.186797414468,50.7675888326872],[-113.1867526074,50.7676051540813],[-113.186706938848,50.7676204851758],[-113.186660463608,50.7676348077905],[-113.18661323558,50.7676481043138],[-113.186565312257,50.7676603588381],[-113.186516751129,50.7676715577284],[-113.186467608791,50.7676816867819],[-113.186417944532,50.7676907340679],[-113.186367817641,50.7676986887921],[-113.186317287407,50.7677055418646],[-113.186266414015,50.7677112841954],[-113.186215258553,50.7677159101034],[-113.186163882106,50.7677194133393],[-113.185414968331,50.7677621998387],[-113.185389539721,50.7677633781884],[-113.185364062601,50.767764011111],[-113.185338566616,50.7677640974703],[-113.185313080513,50.7677636378344],[-113.185287633038,50.7677626316351],[-113.185262253835,50.7677610811451],[-113.185236972548,50.7677589869323],[-113.185211816126,50.7677563529739],[-113.185186815114,50.7677531809742],[-113.185161997357,50.7677494749101],[-113.185137391603,50.7677452393268],[-113.1851130257,50.7677404782011],[-113.185088926596,50.7677351983509],[-113.185065123037,50.7677294048892],[-113.185041641974,50.7677231040655],[-113.185018510355,50.7677163044021],[-113.184995753334,50.7677090121483],[-113.184973398758,50.7677012369625],[-113.184951470882,50.7676929867986],[-113.184929994859,50.7676842713151],[-113.184908995841,50.7676751007384],[-113.184888498083,50.7676654852951],[-113.184868524042,50.7676554363479],[-113.183675766161,50.767034215525],[-113.183669948671,50.7670312815362],[-113.183663988349,50.7670284651569],[-113.183657890585,50.7670257692276],[-113.183651662565,50.7670231965894],[-113.183645309679,50.767020749515],[-113.183638838216,50.7670184302769],[-113.183632254463,50.767016241716],[-113.183625565608,50.767014186105],[-113.183618308119,50.7670121259485],[-113.183610944628,50.7670102226048],[-113.183603485018,50.7670084777783],[-113.183595936475,50.7670068931735],[-113.183588307981,50.767005470495],[-113.183580608521,50.7670042120153],[-113.183572846179,50.7670031183027],[-113.183565030836,50.7670021916298],[-113.183557169679,50.7670014319967],[-113.183549273487,50.7670008411077],[-113.183541349448,50.767000418963],[-113.183533408341,50.7670001666989],[-113.183525458251,50.7670000843154],[-113.183517508161,50.7670001712442],[-113.183509567053,50.7670004286218],[-113.183501643913,50.7670008553118],[-113.18349374862,50.767001450746],[-113.183485889259,50.7670022149245],[-113.183346168893,50.767017330883],[-113.181921014153,50.7671715696289],[-113.181888168153,50.7671754910715],[-113.18185555302,50.7671801215777],[-113.181823205585,50.7671854548977],[-113.181791164475,50.7671914859177],[-113.181759466522,50.7671982066832],[-113.181728148556,50.767205610376],[-113.181697247409,50.7672136867689],[-113.181666799012,50.7672224279072],[-113.181636839299,50.7672318235639],[-113.181607402406,50.7672418618071],[-113.181578522468,50.7672525312731],[-113.181550234519,50.7672638200303],[-113.181522570002,50.7672757144424],[-113.180978117278,50.7675185080773],[-113.180947132587,50.767531824519],[-113.180915440024,50.7675444551929],[-113.180883080012,50.7675563841912],[-113.180850089383,50.7675675973104],[-113.180816508562,50.7675780820516],[-113.180782376174,50.7675878247797],[-113.180747734442,50.7675968147002],[-113.180712623789,50.7676050410185],[-113.180677086436,50.7676124935082],[-113.180641163706,50.7676191636474],[-113.180604899617,50.7676250434823],[-113.180568337286,50.7676301256272],[-113.180531520733,50.7676344044006],[-113.180494492177,50.7676378746897],[-113.180457297432,50.7676405325172],[-113.180419979619,50.7676423739065],[-113.18038258455,50.7676433971529],[-113.180345155345,50.7676436016886],[-113.180307737819,50.7676429863771],[-113.180270375988,50.7676415517867],[-113.18023311387,50.7676393007579],[-113.180195997279,50.7676362349952],[-113.179286771057,50.7675509787577],[-113.178914156166,50.7677023897468],[-113.178882761843,50.7678279413654],[-113.178760546947,50.7678843344325],[-113.178748300215,50.7678899864053],[-113.178333327063,50.7680812758504],[-113.177866081842,50.7681854419329],[-113.176972216812,50.7683848893099],[-113.175897201115,50.7686243342369],[-113.175144986032,50.7686854464678],[-113.174730874364,50.7687630920938],[-113.174213026146,50.7688712637477],[-113.174232307585,50.7687738572288],[-113.174130128713,50.7688003439498],[-113.171222279443,50.769553865566],[-113.170257315453,50.7698022809394],[-113.17015198619,50.7698294431506],[-113.170087638967,50.7698435741981],[-113.17001831957,50.7698559991538],[-113.169943042546,50.76986627772],[-113.169867205871,50.7698751723253],[-113.169790824818,50.7698821165475],[-113.169714151812,50.7698876716972],[-113.169637488687,50.7698912747608],[-113.169560252437,50.7698932245738],[-113.169483036849,50.7698934927298],[-113.169406101534,50.7698918303893],[-113.169329143762,50.7698887738643],[-113.169252479739,50.7698837788883],[-113.16917580853,50.7698771107763],[-113.169099982635,50.7698687808902],[-113.167981925958,50.7697326652733],[-113.167911099187,50.7697232252367],[-113.167840534725,50.7697121075118],[-113.167770813781,50.7696996160468],[-113.167701652487,50.7696857195934],[-113.167633038268,50.7696704465569],[-113.167565535264,50.7696537759151],[-113.167498877575,50.7696357230061],[-113.167433319424,50.7696160031947],[-113.167374016242,50.7695969140004],[-113.167368588621,50.7695951618847],[-113.167087820179,50.7695951647253],[-113.167083593606,50.7695951624528],[-113.167019145772,50.7695951732473],[-113.166767200674,50.7694273840006],[-113.165948044035,50.7688821089655],[-113.165850120482,50.7688169035403],[-113.164071917055,50.7676326669834],[-113.161468862568,50.7658193409412],[-113.15908413912,50.7656896106624],[-113.156288859535,50.7653426620605],[-113.155678616894,50.7652766249952],[-113.152822762113,50.7649676702916],[-113.151818955869,50.7650993400849],[-113.151793722193,50.76511066743],[-113.151769066133,50.7651224947755],[-113.151745011945,50.7651348107571],[-113.151721582984,50.7651476028745],[-113.151698802606,50.7651608580589],[-113.151676695067,50.7651745632418],[-113.150467076706,50.7659485043897],[-113.15045312048,50.7659572338328],[-113.150438698028,50.7659656536188],[-113.150423826419,50.7659737523846],[-113.150408523618,50.7659815216076],[-113.150392807592,50.7659889516289],[-113.150376697205,50.7659960339262],[-113.150360210425,50.7660027594088],[-113.15034336881,50.7660091206907],[-113.150326191225,50.7660151098174],[-113.15030869923,50.7660207199711],[-113.150290911689,50.7660259443338],[-113.15027285106,50.7660307772239],[-113.150254538005,50.7660352118233],[-113.150235994981,50.766039243587],[-113.150217244446,50.7660428679695],[-113.15019830796,50.7660460798573],[-113.150179207082,50.7660488758416],[-113.150159966965,50.7660512530815],[-113.150140608271,50.7660532081681],[-113.150121155253,50.7660547382605],[-113.150101630371,50.7660558427906],[-113.150082056979,50.7660565194857],[-113.150062458434,50.7660567683458],[-113.150042858093,50.7660565882347],[-113.150023279311,50.7660559802887],[-113.150003744547,50.7660549439394],[-113.149984278055,50.7660534814598],[-113.149964903191,50.7660515945541],[-113.149945642413,50.7660492849269],[-113.149926518179,50.7660465559872],[-113.149907552947,50.7660434100075],[-113.149888770971,50.7660398515333],[-113.149870193811,50.7660358845415],[-113.149851842128,50.7660315141458],[-113.149833740176,50.7660267448913],[-113.14981590772,50.7660215830279],[-113.149798366317,50.7660160342371],[-113.14978113663,50.7660101047689],[-113.14853943404,50.7655650555745],[-113.148249592614,50.76546109218],[-113.148246727886,50.7654601052494],[-113.148243811057,50.7654591819551],[-113.14824084482,50.7654583234334],[-113.148237833667,50.7654575308206],[-113.14823478209,50.7654568041169],[-113.148231691885,50.7654561450267],[-113.148228567545,50.7654555541183],[-113.148225412661,50.7654550319598],[-113.148222231727,50.7654545796875],[-113.148219027436,50.7654541973015],[-113.148215805179,50.7654538853701],[-113.148212566753,50.7654536444613],[-113.148209317546,50.765453474575],[-113.148206061154,50.7654533762797],[-113.148202801167,50.7654533495752],[-113.148199542079,50.7654533938933],[-113.148196287483,50.7654535098023],[-113.148193040073,50.7654536973021],[-113.148189806138,50.7654539558245],[-113.148186587475,50.7654542853696],[-113.148183388574,50.7654546853692],[-113.148180213928,50.7654551546869],[-113.148177066231,50.7654556938908],[-113.148173949975,50.7654563018447],[-113.148170868754,50.7654569774122],[-113.148167827058,50.7654577205931],[-113.148164826685,50.7654585302513],[-113.148161872126,50.7654594046821],[-113.148158967873,50.7654603438855],[-113.14815611662,50.7654613455888],[-113.148153321063,50.7654624097921],[-113.148150585693,50.7654635347907],[-113.148147912307,50.76546471888],[-113.148145306294,50.7654659609239],[-113.148142769452,50.7654672592176],[-113.148140304475,50.7654686126248],[-113.148137914956,50.7654700188729],[-113.148135603591,50.7654714773936],[-113.148133373074,50.7654729853459],[-113.148131226999,50.7654745415936],[-113.148129166264,50.7654761438639],[-113.148127193563,50.765477789884],[-113.148125313389,50.7654794790859],[-113.148123524844,50.7654812080604],[-113.148121832418,50.7654829751029],[-113.148120237908,50.7654847785089],[-113.148118742213,50.7654866154375],[-113.148117348028,50.7654884847524],[-113.14800915763,50.7656402052559],[-113.147311031907,50.766619096328],[-113.14730308541,50.7666297409367],[-113.147294561296,50.7666402037296],[-113.14728546765,50.7666504727754],[-113.147275817049,50.7666605350063],[-113.147265621171,50.7666703784909],[-113.147254891693,50.7666799907298],[-113.147243641192,50.7666893609279],[-113.14723188494,50.766698477722],[-113.147219634615,50.7667073291809],[-113.147206908182,50.7667159056457],[-113.147193718219,50.7667241963217],[-113.147180081793,50.76673219155],[-113.147166015972,50.7667398805356],[-113.147151536926,50.7667472553245],[-113.147136661724,50.766754306258],[-113.147121409228,50.7667610253818],[-113.147105798305,50.7667674036054],[-113.147089846921,50.7667734346793],[-113.147073574838,50.7667791095129],[-113.147057000921,50.7667844224247],[-113.147040145831,50.7667893671649],[-113.14702303023,50.7667939369157],[-113.147005674779,50.7667981265638],[-113.14698809924,50.7668019315639],[-113.146970326971,50.7668053462345],[-113.146952377733,50.7668083671666],[-113.146934273087,50.7668109909515],[-113.146916036388,50.7668132136118],[-113.146897688298,50.7668150328752],[-113.146879252174,50.7668164470371],[-113.146860749574,50.7668174532567],[-113.146842202058,50.7668180515341],[-113.146823633881,50.7668182401647],[-113.146805066603,50.7668180197169],[-113.14678652268,50.7668173896223],[-113.146768023674,50.7668163510173],[-113.146749593837,50.7668149056063],[-113.146731253832,50.7668130545257],[-113.146713026117,50.7668108006163],[-113.146694933149,50.7668081461506],[-113.146676997386,50.7668050939693],[-113.146659238591,50.7668016486178],[-113.146641680121,50.766797813505],[-113.146624342636,50.7667935943123],[-113.146607245899,50.7667889950168],[-113.144365453395,50.7661564759399],[-113.144299320322,50.7661378239633],[-113.144013493467,50.7660558922217],[-113.143604472552,50.7659386562078],[-113.140119038894,50.7649395660436],[-113.14010253774,50.764934618267],[-113.14008631237,50.7649293165089],[-113.140070381646,50.764923665883],[-113.140054764435,50.7649176737756],[-113.140039479601,50.7649113470049],[-113.140024544211,50.7649046923888],[-113.140009976232,50.7648977184502],[-113.139995791833,50.7648904331435],[-113.139982008084,50.7648828449914],[-113.139968641152,50.7648749619483],[-113.13995570631,50.7648667948098],[-113.13994321883,50.7648583515302],[-113.139931193981,50.7648496434732],[-113.139919644342,50.7648406791616],[-113.139908584284,50.764831470527],[-113.139898027283,50.7648220272287],[-113.139887984118,50.7648123611983],[-113.139878468264,50.7648024832314],[-113.139869489603,50.7647924046916],[-113.139861058015,50.7647821375108],[-113.13985318518,50.764771694189],[-113.139845879182,50.7647610855216],[-113.139839149004,50.7647503257134],[-113.139833001832,50.764739426128],[-113.139827445752,50.7647283992654],[-113.139822486154,50.7647172587623],[-113.139818129325,50.7647060176868],[-113.139814380655,50.7646946885391],[-113.139811244636,50.7646832843875],[-113.139808723964,50.7646718194366],[-113.13980682223,50.764660306755],[-113.139805542131,50.7646487594109],[-113.139804883666,50.7646371904727],[-113.13980484953,50.7646256147133],[-113.139805438825,50.7646140446329],[-113.139806649754,50.7646024944365],[-113.139808483215,50.7645909771922],[-113.140025851259,50.7634248492099],[-113.140034687088,50.7633826792251],[-113.140045853147,50.7633407325076],[-113.138353942785,50.7632529569634],[-113.138349828501,50.7632764989489],[-113.138344440406,50.7632999380771],[-113.138337785686,50.7633232453695],[-113.138329872427,50.7633463946888],[-113.138320709611,50.7633693570567],[-113.138310308019,50.763392106336],[-113.138298679327,50.7634146158213],[-113.138285838809,50.7634368582391],[-113.138271800836,50.7634588080205],[-113.138256581578,50.7634804384603],[-113.138240199002,50.7635017251261],[-113.138222672871,50.7635226413129],[-113.138204023846,50.7635431637246],[-113.138184274384,50.7635632673608],[-113.138163446944,50.7635829289257],[-113.138141566679,50.7636021251235],[-113.138118659639,50.7636208326585],[-113.138094751876,50.7636390299395],[-113.138069873034,50.7636566959435],[-113.138044050962,50.7636738090795],[-113.138017317099,50.7636903488929],[-113.137989702887,50.7637062966334],[-113.137961241564,50.7637216335511],[-113.137931965469,50.7637363403276],[-113.137901909636,50.763750401054],[-113.137871109998,50.7637637981165],[-113.137839602488,50.7637765161743],[-113.137807424834,50.7637885398865],[-113.137774614767,50.7637998556168],[-113.137741210913,50.7638104491607],[-113.137707252799,50.7638203085864],[-113.13767277995,50.7638294219622],[-113.137637834587,50.7638377790609],[-113.137602456236,50.7638453696553],[-113.137566688016,50.7638521840864],[-113.13753057125,50.7638582155361],[-113.137494149955,50.7638634560499],[-113.137457465454,50.763867899946],[-113.137420561764,50.7638715415427],[-113.137383482902,50.7638743768627],[-113.137346271988,50.763876401929],[-113.137122415413,50.7638861391777],[-113.137117193506,50.7638864232778],[-113.137111989566,50.7638868204498],[-113.137106810778,50.7638873306936],[-113.137101662533,50.7638879534411],[-113.137096550221,50.7638886869875],[-113.137091481028,50.7638895319013],[-113.137086460343,50.7638904859094],[-113.137081494457,50.763891549012],[-113.137076588757,50.7638927189362],[-113.137071749532,50.7638939945455],[-113.137066981275,50.7638953752719],[-113.137062291171,50.7638968582742],[-113.137057682813,50.7638984424162],[-113.137053163389,50.763900125993],[-113.137048738288,50.7639019061639],[-113.137044411103,50.7639037823604],[-113.137040188123,50.7639057506053],[-113.137036073839,50.7639078097622],[-113.137032072743,50.7639099575581],[-113.136295221546,50.7643193955472],[-113.136281154827,50.764327480393],[-113.136267523791,50.7643358601306],[-113.136254343709,50.7643445256685],[-113.136241629853,50.7643534662111],[-113.136229396595,50.764362672667],[-113.136217656513,50.7643721342403],[-113.136206423979,50.7643818401352],[-113.136195711569,50.7643917795558],[-113.136185530064,50.7644019417065],[-113.136175892937,50.7644123146548],[-113.136166810071,50.7644228870368],[-113.136158291348,50.7644336469204],[-113.136150347545,50.7644445812368],[-113.136142985852,50.7644556791904],[-113.136136216148,50.7644669277125],[-113.13613004562,50.7644783131665],[-113.136124480557,50.7644898241884],[-113.136119527246,50.7645014471413],[-113.136115191977,50.7645131689569],[-113.136111480138,50.7645249759985],[-113.136108394425,50.7645368557657],[-113.136105939329,50.7645487946219],[-113.13607275197,50.7647343669649],[-113.13606810768,50.7647569797831],[-113.136062283003,50.7647794823617],[-113.136055284229,50.7648018502687],[-113.136047117645,50.7648240585039],[-113.13603779403,50.7648460820673],[-113.136027323267,50.7648678976634],[-113.136015716136,50.7648894808603],[-113.13600298611,50.7649108077947],[-113.135989146664,50.764931855171],[-113.135974213969,50.764952599694],[-113.135958203296,50.7649730180684],[-113.135671431413,50.7653240188504],[-113.135654257421,50.7653441683124],[-113.135635982994,50.7653639245836],[-113.135616631486,50.7653832638008],[-113.135596224457,50.7654021615327],[-113.135574788858,50.7654205956208],[-113.135552349841,50.7654385433384],[-113.135528934354,50.7654559825269],[-113.135504572942,50.7654728910278],[-113.135479293452,50.7654892500919],[-113.135453127324,50.7655050375606],[-113.135426107797,50.7655202358208],[-113.135398266311,50.7655348255551],[-113.135371006036,50.7655481624477],[-113.135343060346,50.7655609158159],[-113.135314459784,50.7655730714554],[-113.135285236689,50.7655846157305],[-113.135255422503,50.7655955355735],[-113.135225051362,50.7656058196212],[-113.135192918624,50.7656158190089],[-113.135160259474,50.7656251058978],[-113.135127112538,50.7656336700611],[-113.135093517343,50.7656415001357],[-113.135059514313,50.7656485875992],[-113.13502514477,50.7656549239293],[-113.134990449139,50.7656605006036],[-113.13495546964,50.7656653113725],[-113.134920249393,50.7656693511225],[-113.134884828821,50.7656726141721],[-113.134849251044,50.7656750965442],[-113.134813559181,50.7656767959661],[-113.134777795453,50.7656777101653],[-113.134742003877,50.7656778374373],[-113.134706226674,50.7656771783502],[-113.134670506964,50.7656757334723],[-113.134634887865,50.7656735045079],[-113.134599411597,50.7656704937297],[-113.134564121281,50.7656667056829],[-113.134529059138,50.7656621443446],[-113.134494267387,50.7656568148282],[-113.134459787351,50.7656507239517],[-113.134425661252,50.765643879669],[-113.134391929513,50.7656362887982],[-113.134358632558,50.765627961566],[-113.132932130345,50.7652529493564],[-113.132927173441,50.7652517095797],[-113.132922150961,50.7652505800305],[-113.132917070089,50.7652495618453],[-113.132911936218,50.7652486555924],[-113.132906756532,50.7652478635442],[-113.132901535523,50.7652471857011],[-113.132896281277,50.7652466237673],[-113.132890999183,50.7652461777431],[-113.13288569553,50.7652458481965],[-113.132880377503,50.7652456356958],[-113.132875051392,50.765245540241],[-113.132869722586,50.7652455629683],[-113.132864398271,50.7652457021733],[-113.132859084736,50.7652459589924],[-113.132853789168,50.7652463328573],[-113.132848516955,50.7652468231998],[-113.132843274387,50.7652474294519],[-113.13283806865,50.765248150477],[-113.132832905134,50.7652489857071],[-113.132827791025,50.7652499345738],[-113.132822730815,50.7652509953728],[-113.132817732589,50.7652521669675],[-113.132812801736,50.7652534482216],[-113.132807943647,50.7652548368625],[-113.132803165508,50.7652563317536],[-113.132798470912,50.7652579311904],[-113.132793867047,50.7652596334685],[-113.1327893593,50.7652614357467],[-113.132784953064,50.7652633357525],[-113.132780653727,50.7652653323494],[-113.132776466679,50.7652674221283],[-113.132772395515,50.7652696033846],[-113.132599244345,50.7653784439121],[-113.132540032792,50.7654157910768],[-113.132518242358,50.7654290706171],[-113.132495743153,50.7654418666313],[-113.132472563924,50.7654541637789],[-113.132448730721,50.7654659472875],[-113.132424271393,50.7654772040895],[-113.132399215583,50.7654879194125],[-113.132373592936,50.7654980818932],[-113.132347434893,50.7655076790321],[-113.1323207702,50.7655166988976],[-113.132293632096,50.7655251318311],[-113.13226605202,50.7655329670375],[-113.132238063211,50.7655401948579],[-113.132209698905,50.7655468079065],[-113.132180992342,50.7655527976605],[-113.132151977657,50.7655581573023],[-113.132122688985,50.7655628800138],[-113.132093161362,50.7655669606816],[-113.132063429821,50.7655703941923],[-113.132033529397,50.7655731760005],[-113.132003496022,50.7655753038336],[-113.131973364731,50.765576774851],[-113.131943170557,50.7655775867798],[-113.131912951231,50.7655777390519],[-113.131882741786,50.7655772316675],[-113.131852577258,50.7655760651945],[-113.131822493577,50.7655742402012],[-113.131792527576,50.7655717600965],[-113.13176271339,50.765568627153],[-113.13173308785,50.7655648447798],[-113.131703684194,50.7655604180903],[-113.131674538355,50.7655553516297],[-113.130621279854,50.7653598461708],[-113.130585624822,50.7653528024136],[-113.130550374032,50.7653449836544],[-113.130515567908,50.76533640012],[-113.130481248671,50.765327060901],[-113.130447457643,50.7653169773605],[-113.13041423435,50.7653061619982],[-113.130381618319,50.7652946267453],[-113.130349647278,50.765282385806],[-113.130318360753,50.7652694539523],[-113.130287795576,50.7652558465248],[-113.13025798678,50.7652415788637],[-113.130228971196,50.7652266685823],[-113.130200782961,50.7652111332934],[-113.130173455312,50.7651949917467],[-113.130147019689,50.7651782621235],[-113.130121509332,50.7651609654458],[-113.130096952985,50.7651431215997],[-113.130073381192,50.7651247516072],[-113.129897857572,50.7649830516826],[-113.129063802374,50.764899963929],[-113.129046941894,50.7649059196746],[-113.129029772394,50.7649115095066],[-113.129012313637,50.7649167260385],[-113.128994586283,50.7649215641569],[-113.128976609197,50.7649260176117],[-113.128958404838,50.7649300812894],[-113.128939992968,50.7649337506446],[-113.128921395147,50.7649370222683],[-113.128902633832,50.7649398910468],[-113.128883728787,50.7649423541394],[-113.128864703367,50.7649444092733],[-113.128845579133,50.7649460536076],[-113.128826376746,50.7649472848697],[-113.128807120459,50.7649481024913],[-113.128787831834,50.7649485047679],[-113.128768532428,50.7649484916996],[-113.128749244701,50.7649480632863],[-113.128729991109,50.7649472195281],[-113.128710793213,50.7649459621295],[-113.128691674369,50.7649442916585],[-113.128672656136,50.7649422109562],[-113.128653760074,50.7649397222952],[-113.128635007743,50.7649368279482],[-113.128616421599,50.7649335313242],[-113.128598022306,50.7649298369687],[-113.128579831421,50.7649257482907],[-113.128561869607,50.7649212704038],[-113.128544157525,50.7649164084215],[-113.128526716733,50.7649111680257],[-113.128509566098,50.7649055554662],[-113.128287212404,50.7648297324376],[-113.128089416853,50.7648221187071],[-113.127928860962,50.7653354467095],[-113.127764695641,50.7658596149984],[-113.127916919657,50.766677665225],[-113.127759415344,50.766857111701],[-113.126585802357,50.7660354453429],[-113.125297470916,50.7658476673859],[-113.125313575913,50.7655393437241],[-113.124060802485,50.7651593381646],[-113.12358080029,50.7650135099014],[-113.123207758698,50.7651204447631],[-113.122097477838,50.7654382291341],[-113.121654137686,50.7653754427739],[-113.121201145136,50.7650425038845],[-113.120916932553,50.7648333995279],[-113.120828582347,50.764768504373],[-113.119112192893,50.7637812873628],[-113.116417467128,50.7638182306751],[-113.113025529226,50.7633515710526],[-113.111214650479,50.7628492485923],[-113.111014784312,50.7627938040546],[-113.110750440666,50.7627204766108],[-113.110738972773,50.7627177338398],[-113.110475475341,50.7626499401255],[-113.109977961387,50.7616036969571],[-113.109971418957,50.7615887679012],[-113.109561541947,50.7607236603862],[-113.109537126636,50.7607268902547],[-113.107909435037,50.7609425544968],[-113.107355835667,50.7610189844493],[-113.106614621353,50.7611214575768],[-113.106523842102,50.7611338553008],[-113.106491467717,50.7611426788325],[-113.104867461007,50.7615883019542],[-113.10474696369,50.7616213631614],[-113.104271728853,50.7616674742528],[-113.103709570335,50.7617225274806],[-113.103018828764,50.7617894486073],[-113.102436164402,50.7618458188372],[-113.102034666878,50.7618847087104],[-113.100004374623,50.7615881127342],[-113.097853658712,50.7612734121471],[-113.09570316199,50.7609464537321],[-113.095105000792,50.7608555364597],[-113.09402441015,50.7607054483337],[-113.091970236184,50.7603435032027],[-113.088218850896,50.7589371180399],[-113.086461109295,50.7589107757556],[-113.08124662892,50.7588329529603],[-113.08103385486,50.7588298979857],[-113.080059966108,50.7588151783018],[-113.078743849775,50.7590915664024],[-113.075389403062,50.7599635111322],[-113.075228851663,50.7599935134746],[-113.075068786252,50.7600232816799],[-113.075009965466,50.76003573311],[-113.074783679846,50.7600841278417],[-113.073328562697,50.760395180354],[-113.073119128574,50.7603712840399],[-113.06819495136,50.759777616422],[-113.067863724549,50.7597413279536],[-113.066735013852,50.759601617656],[-113.065266344719,50.7594318445915],[-113.063356011691,50.758942272161],[-113.062920229963,50.7588304622696],[-113.060242459001,50.7582693420128],[-113.059795441146,50.7581493184458],[-113.058474209806,50.7578244692297],[-113.057838606826,50.7576677089174],[-113.05752294692,50.7575946456453],[-113.055102289063,50.757034364701],[-113.053765507886,50.7564132278985],[-113.053748025772,50.7563833556726],[-113.053731998929,50.7563531566599],[-113.053717443526,50.7563226592745],[-113.053704373039,50.7562918924984],[-113.053692799145,50.7562608858826],[-113.053656242205,50.7559881056573],[-113.053658539197,50.7559635529836],[-113.053661754267,50.7559390423509],[-113.053720882277,50.7555448973396],[-113.053721839881,50.7555370979686],[-113.053722376176,50.7555292826839],[-113.053722488465,50.7555214600099],[-113.053722178546,50.7555136396078],[-113.053721446419,50.7555058305704],[-113.053720292084,50.7554980419907],[-113.053718717338,50.7554902829613],[-113.053716723976,50.7554825631435],[-113.053714315593,50.7554748904936],[-113.053711493086,50.7554672752409],[-113.053708260948,50.7554597259101],[-113.053704621872,50.755452251594],[-113.053700582149,50.7554448602489],[-113.053696144471,50.7554375609678],[-113.053691315128,50.7554303628434],[-113.05368609951,50.7554232744004],[-113.053559048084,50.7552580513722],[-113.053543918658,50.7552375236219],[-113.053529862719,50.7552166912508],[-113.053516897334,50.7551955764225],[-113.053505034183,50.7551742024371],[-113.053494287637,50.7551525920265],[-113.053484670273,50.755130768491],[-113.053476190177,50.7551087562675],[-113.053468858128,50.7550865780879],[-113.053462681312,50.7550642595259],[-113.053457667814,50.7550418238818],[-113.053453821228,50.7550192950245],[-113.05343258775,50.7548722701239],[-113.05342908971,50.7548518024453],[-113.053424523574,50.7548314188676],[-113.053418893832,50.7548111426917],[-113.053412205874,50.7547909966502],[-113.053404467787,50.754771002339],[-113.053395688551,50.7547511819225],[-113.053385877152,50.7547315569967],[-113.053375045266,50.7547121491578],[-113.053363203674,50.7546929805701],[-113.05335036585,50.7546740716932],[-113.053336417709,50.7546552349844],[-113.053321482319,50.754636705725],[-113.053305574952,50.7546185049431],[-113.053288715371,50.7546006525301],[-113.053270919745,50.7545831695138],[-113.053252210532,50.7545660740807],[-113.053232608395,50.7545493866906],[-113.053212133993,50.7545331260982],[-113.053190812479,50.7545173099217],[-113.053168666313,50.7545019563477],[-113.053145720645,50.7544870824259],[-113.05312200063,50.7544727057747],[-113.053097535014,50.7544588411706],[-113.053072349846,50.7544455050953],[-113.053046473875,50.7544327123253],[-113.052841012999,50.7543346062694],[-113.05249406567,50.7541689520228],[-113.052424531576,50.7541346233147],[-113.052356781535,50.7540988879917],[-113.052290884719,50.7540617841279],[-113.051978867482,50.7538803057041],[-113.05178137107,50.7537517358022],[-113.051332022985,50.7537319661032],[-113.048892076503,50.7545245167112],[-113.046708945783,50.7548611630776],[-113.045005570223,50.7551237982104],[-113.044115698204,50.7548032624983],[-113.0414322975,50.7538366216321],[-113.038407226171,50.7529002535644],[-113.038054124483,50.7527041956617],[-113.037112169043,50.7524207337966],[-113.037020114184,50.7523917979199],[-113.036929671801,50.7523608842015],[-113.036840946997,50.7523280273062],[-113.036754044875,50.7522932658771],[-113.036669066046,50.7522566408306],[-113.036586109324,50.7522181953562],[-113.030510237119,50.7492997003712],[-113.030453355795,50.7492714133577],[-113.030397996218,50.7492419367118],[-113.030344219472,50.7492113028289],[-113.030292086642,50.7491795463778],[-113.030241656121,50.7491467020273],[-113.030192982704,50.7491128072882],[-113.030146122985,50.7490778991029],[-113.030101127271,50.7490420178242],[-113.030058045866,50.7490052020997],[-113.030016928179,50.7489674939875],[-113.029977820023,50.7489289349773],[-113.02994076362,50.7488895688323],[-113.029905802087,50.7488494387477],[-113.029872973155,50.7488085901922],[-113.029842314553,50.7487670686346],[-113.029813859518,50.7487249201123],[-113.029787640389,50.7486821917994],[-113.029763685914,50.7486389314388],[-113.029386187781,50.7479189191595],[-113.029374881584,50.7478985450674],[-113.029362465071,50.7478784329963],[-113.029348954409,50.7478586068191],[-113.029334363972,50.7478390909773],[-113.029318712625,50.7478199087755],[-113.02930202013,50.7478010835182],[-113.029284304454,50.7477826385101],[-113.029265588954,50.7477645947823],[-113.029245895188,50.7477469756396],[-113.029225247411,50.7477298015446],[-113.029015226687,50.747561273405],[-113.028911010436,50.7468990128783],[-113.028921015872,50.7468903969715],[-113.028931412075,50.7468819692058],[-113.02894219096,50.7468737369704],[-113.028953341747,50.7468657065182],[-113.029249517195,50.7466544655672],[-113.029257547235,50.7466483153762],[-113.029265233221,50.7466419906826],[-113.029272566168,50.7466354988757],[-113.029279536197,50.7466288490499],[-113.029286137017,50.7466220485947],[-113.029292357851,50.7466151060359],[-113.029298193307,50.7466080293313],[-113.029303635301,50.7466008281439],[-113.029308676646,50.7465935104312],[-113.029313312851,50.7465860852878],[-113.02931753673,50.7465785618083],[-113.029321342892,50.7465709496555],[-113.029324727744,50.7465632573555],[-113.029327687693,50.7465554951399],[-113.029330217348,50.7465476715345],[-113.029332314016,50.7465397967709],[-113.029333976798,50.7465318805119],[-113.029335201202,50.7465239318522],[-113.029335988126,50.7465159610231],[-113.029336334876,50.7465079776875],[-113.029336241451,50.7464999915086],[-113.02933570875,50.7464920127176],[-113.029334736773,50.7464840498409],[-113.029333326418,50.7464761142465],[-113.02933148038,50.7464682138923],[-113.029329199557,50.7464603595781],[-113.029326487543,50.746452560967],[-113.029106521571,50.7458439856349],[-113.029055972472,50.7457113635554],[-113.028999423525,50.7455797193554],[-113.028936923239,50.7454491633174],[-113.028663495829,50.7449093829577],[-113.028662575955,50.7449076662971],[-113.028661564452,50.7449059700999],[-113.028660464015,50.7449042972083],[-113.028659274646,50.7449026487591],[-113.02865799814,50.7449010264577],[-113.028656636294,50.7448994325778],[-113.028655190006,50.7448978688246],[-113.028653661074,50.7448963369036],[-113.028652051293,50.7448948385199],[-113.028650363358,50.7448933753788],[-113.028648598169,50.7448919497542],[-113.028646757521,50.7448905627829],[-113.028644845007,50.7448892156016],[-113.028642860629,50.7448879104842],[-113.028640808877,50.7448866485675],[-113.028638690649,50.7448854315569],[-113.02863650954,50.7448842605891],[-113.028634266447,50.744883136801],[-113.028631964963,50.7448820618979],[-113.028629607784,50.7448810370169],[-113.028627161671,50.7448800519259],[-113.028624664355,50.7448791202674],[-113.028622118529,50.7448782437467],[-113.028619525991,50.7448774223639],[-113.028616891232,50.7448766583925],[-113.028614216948,50.7448759512643],[-113.028611506731,50.7448753032529],[-113.028608762377,50.7448747137898],[-113.028605987482,50.7448741845805],[-113.028603186535,50.7448737161932],[-113.028600361333,50.7448733080597],[-113.028597516368,50.7448729618852],[-113.028594654336,50.7448726776696],[-113.028591778829,50.744872455413],[-113.028588892542,50.7448722956839],[-113.028585999966,50.7448721990506],[-113.0285831029,50.7448721649447],[-113.028580206731,50.7448721933663],[-113.028577313258,50.7448722848837],[-113.028574426072,50.7448724394969],[-113.028571549667,50.7448726560692],[-113.028568685838,50.7448729351689],[-113.028565839077,50.7448732762276],[-113.028396335067,50.7448954905101],[-113.028370640555,50.7448985640155],[-113.02834479333,50.7449010707953],[-113.028318823933,50.7449030068705],[-113.028292764705,50.7449043705358],[-113.028266647086,50.7449051600861],[-113.02824050162,50.7449053743845],[-113.028214360645,50.744905013431],[-113.028188254705,50.744904077794],[-113.02816221524,50.7449025680419],[-113.028136274589,50.74490048588],[-113.028110463296,50.7448978347188],[-113.028084811903,50.7448946174003],[-113.028059351851,50.744890837335],[-113.028034114582,50.7448864990702],[-113.02800912884,50.74488160829],[-113.02798442517,50.7448761712471],[-113.027960034114,50.7448701936255],[-113.027935984417,50.7448636828147],[-113.027912304826,50.7448566467725],[-113.027889024087,50.744849094025],[-113.027866170048,50.744841033667],[-113.027843770556,50.7448324747931],[-113.027821852562,50.7448234287717],[-113.027800441217,50.7448139058342],[-113.02777956437,50.7448039179174],[-113.027759245376,50.7447934758213],[-113.027739509389,50.7447825937563],[-113.027720379765,50.7447712836592],[-113.027701879861,50.7447595591721],[-113.027684032132,50.744747435074],[-113.027666857243,50.7447349255753],[-113.02765037675,50.7447220454549],[-113.027634610419,50.7447088106287],[-113.027619577112,50.7446952370126],[-113.027605293899,50.7446813405224],[-113.027591779644,50.7446671382107],[-113.02757904872,50.7446526471304],[-113.026843583624,50.7437802204661],[-113.026842717648,50.7437792347836],[-113.026841797773,50.7437782684281],[-113.026840824898,50.743777323105],[-113.026839800818,50.7437764005197],[-113.026838726433,50.7437755006722],[-113.026837602641,50.7437746252677],[-113.026836432136,50.7437737754433],[-113.026835215817,50.7437729517673],[-113.026833954582,50.743772155945],[-113.02683264933,50.7437713879765],[-113.026831303654,50.7437706501356],[-113.026829918452,50.7437699418537],[-113.026828494622,50.7437692654047],[-113.026827033961,50.7437686202202],[-113.026825539165,50.7437680080055],[-113.026824012029,50.7437674298974],[-113.026822453452,50.7437668853275],[-113.026820866129,50.7437663760012],[-113.026819250958,50.7437659019185],[-113.026817611532,50.7437654636477],[-113.026815948751,50.7437650623258],[-113.026814265308,50.7437646979529],[-113.026812562102,50.7437643716657],[-113.026810842727,50.7437640828958],[-113.026809107182,50.7437638322118],[-113.026807359958,50.743763620182],[-113.026805601955,50.7437634473748],[-113.026803835868,50.7437633132219],[-113.026802062593,50.7437632182916],[-113.026800285726,50.7437631631525],[-113.026798507061,50.7437631472361],[-113.026796728397,50.7437631705423],[-113.026794952428,50.7437632336396],[-113.02679318095,50.7437633353912],[-113.025236275697,50.7438679921753],[-113.025231123859,50.7438683946331],[-113.025225997173,50.743868907369],[-113.025220900132,50.7438695298144],[-113.025215839922,50.7438702608325],[-113.025210821035,50.7438711004232],[-113.025205849758,50.7438720474497],[-113.025200931482,50.743873100775],[-113.025196072495,50.743874258694],[-113.025191278186,50.7438755200695],[-113.025186553946,50.7438768843332],[-113.025181904266,50.7438783486429],[-113.025177336333,50.7438799118616],[-113.025172853739,50.7438815722841],[-113.025168462774,50.743883328205],[-113.025164167929,50.7438851773504],[-113.025159973695,50.7438871174467],[-113.025155885462,50.7438891467884],[-113.025151907722,50.7438912625334],[-113.025148045865,50.7438934624079],[-113.025144302585,50.7438957441381],[-113.025140683272,50.7438981043133],[-113.025137191521,50.7439005412282],[-113.02513383272,50.7439030520404],[-113.025130608667,50.7439056327711],[-113.02512752475,50.7439082817147],[-113.025124583666,50.7439109954607],[-113.025121789007,50.7439137705983],[-113.025119143469,50.743916603717],[-113.025116650644,50.7439194925428],[-113.024518861348,50.7446409305717],[-113.024516552678,50.7446438329952],[-113.024514398518,50.7446467825986],[-113.024512400664,50.7446497765397],[-113.024510560915,50.7446528108393],[-113.024508882862,50.7446558826554],[-113.024507367404,50.7446589885773],[-113.024506015439,50.7446621240576],[-113.024504829663,50.7446652873908],[-113.024503810974,50.7446684734613],[-113.024502961167,50.7446716794266],[-113.024502280244,50.7446749018763],[-113.024501769103,50.7446781368314],[-113.024501428642,50.7446813803127],[-113.02450125886,50.7446846300466],[-113.024501260657,50.7446878809171],[-113.024501433133,50.7446911300821],[-113.024501777188,50.7446943741309],[-113.024502291024,50.7446976085162],[-113.02450297554,50.7447008303957],[-113.024528317015,50.7448149909705],[-113.024531757562,50.7448311446632],[-113.024534328541,50.7448473631514],[-113.024536027255,50.7448636276769],[-113.02453685101,50.7448799194815],[-113.024536798908,50.7448962198068],[-113.024535871846,50.7449125098947],[-113.024534070724,50.7449287698502],[-113.024531397338,50.7449449820519],[-113.024527855281,50.7449611266048],[-113.024523448146,50.7449771853192],[-113.024518180425,50.744993139437],[-113.024512059305,50.7450089702002],[-113.024505091971,50.7450246599876],[-113.024497285611,50.7450401894728],[-113.024488650107,50.7450555410345],[-113.024479195338,50.7450706976202],[-113.024468931188,50.7450856404718],[-113.02445787113,50.7451003531052],[-113.024446027741,50.7451148178993],[-113.024433413598,50.7451290183698],[-113.02442004487,50.7451429380328],[-113.02440593593,50.7451565604039],[-113.024391103847,50.7451698695675],[-113.024375564789,50.7451828507447],[-113.02435933852,50.7451954880199],[-113.024342443006,50.745207767751],[-113.024324897112,50.7452196745909],[-113.024306723295,50.745231195466],[-113.023827631093,50.7455247085271],[-113.023580769561,50.7458798597017],[-113.023290637979,50.7460676359369],[-113.022008839087,50.7468933288127],[-113.021950401881,50.7469298170909],[-113.021882054461,50.7469710987056],[-113.021811675052,50.7470109825756],[-113.021739333722,50.7470494283478],[-113.021665105031,50.7470863968059],[-113.021589063541,50.7471218504386],[-113.019627108825,50.7480064637106],[-113.019569112691,50.7480316844411],[-113.019509803221,50.7480556433268],[-113.019449247788,50.7480783136551],[-113.019387515562,50.7480996687135],[-113.019324678408,50.748119684063],[-113.019260807293,50.7481383369696],[-113.019195976777,50.7481556052677],[-113.019130261421,50.7481714702018],[-113.019063735784,50.7481859124482],[-113.018996477122,50.7481989160933],[-113.01892856269,50.74821046636],[-113.018860069743,50.7482205490396],[-113.018791077332,50.7482291533338],[-113.018721665409,50.7482362695807],[-113.018651913023,50.7482418886866],[-113.014790977288,50.748510762631],[-113.014721665976,50.7485148425124],[-113.014652178594,50.7485174451559],[-113.014582592397,50.7485185677199],[-113.014512985539,50.7485182084994],[-113.014443437071,50.7485163674944],[-113.014374025148,50.7485130481149],[-113.014304827921,50.7485082526342],[-113.014235923546,50.7485019867357],[-113.014167389276,50.7484942583763],[-113.014099301469,50.7484850755126],[-113.014031738278,50.7484744489432],[-113.013964775162,50.7484623900348],[-113.013898486681,50.7484489124276],[-113.013832948292,50.7484340320353],[-113.013768234558,50.7484177647713],[-113.013704416443,50.7484001293912],[-113.013641567611,50.7483811457868],[-113.013579757231,50.7483608349869],[-113.013519056271,50.7483392202939],[-113.013459532104,50.7483163255781],[-113.013401253001,50.7482921769837],[-113.013344282744,50.7482668017914],[-113.013288686011,50.7482402278504],[-113.011386400989,50.7472987925054],[-113.011329589734,50.7472696590691],[-113.011274399938,50.7472392967288],[-113.011220897178,50.7472077424281],[-113.011169147031,50.7471750325426],[-113.011119210583,50.7471412074264],[-113.011071147122,50.7471063068654],[-113.011025015039,50.7470703729192],[-113.010980868232,50.7470334482157],[-113.010938760602,50.7469955770881],[-113.010828079176,50.7468922852182],[-113.007680613287,50.7439070243192],[-113.005800161818,50.7431500558391],[-113.005766224365,50.7431536171909],[-113.005514770645,50.7431942700171],[-113.005492982008,50.7431862622403],[-113.00488072804,50.7429645690056],[-113.004331746908,50.7427625973319],[-113.000642832262,50.7414192977472],[-112.996598691413,50.7397933951225],[-112.996342800016,50.7396904614326],[-112.99407831517,50.7387792493027],[-112.993647633178,50.7386058816487],[-112.989861089627,50.7371443649906],[-112.989556000197,50.7369740999901],[-112.984710838796,50.7342675643349],[-112.984334875883,50.7340575429693],[-112.982675323736,50.7333526203458],[-112.982390681758,50.7332341180668],[-112.982064124389,50.7330982233796],[-112.981418264446,50.7328585147884],[-112.980396277199,50.7324742023771],[-112.980364989775,50.7324628620151],[-112.979422167461,50.7321084773064],[-112.980033237449,50.7321437068858],[-112.978850534411,50.731718427915],[-112.978425041987,50.7315654227235],[-112.977787689988,50.7314789868936],[-112.976627379254,50.731321802311],[-112.976074878524,50.7312468516828],[-112.974918262561,50.7310899648354],[-112.973182642872,50.730368361814],[-112.972160704133,50.7299434681655],[-112.971145359029,50.7295212784197],[-112.970992366953,50.7294576699832],[-112.96893474076,50.7286020509281],[-112.968104395604,50.7282567379802],[-112.967335239193,50.7279368826337],[-112.966498312979,50.7275888182473],[-112.965843757344,50.7270401646808],[-112.965117595201,50.7265912556357],[-112.963826345133,50.725596255798],[-112.962657274029,50.7252156523806],[-112.96263232422,50.7252075823877],[-112.960569356645,50.7245382441212],[-112.959941929233,50.7240287491264],[-112.95989579715,50.7240018310238],[-112.959851109558,50.723973948985],[-112.959807914966,50.7239451337173],[-112.959766263679,50.7239154176341],[-112.959726200614,50.7238848342861],[-112.959687771585,50.7238534177927],[-112.959651018812,50.7238212022735],[-112.959615984516,50.7237882252602],[-112.9595831466,50.7237532936449],[-112.959552116994,50.7237177017569],[-112.959522928035,50.7236814882655],[-112.959495610268,50.7236446907026],[-112.959470194233,50.7236073483067],[-112.959446705983,50.7235695014532],[-112.959425169773,50.7235311888118],[-112.959328859595,50.7233470312171],[-112.95861903062,50.7225862357293],[-112.953735232678,50.7179757244245],[-112.95353117587,50.7177929515395],[-112.95322788846,50.7175043903592],[-112.950949715984,50.7155307486273],[-112.94789343269,50.7130395966835],[-112.946650467069,50.7120274870758],[-112.945846626705,50.7105583894759],[-112.94438548815,50.7078882616577],[-112.945151889427,50.7063846854132],[-112.945472038215,50.7043782800064],[-112.945347870381,50.7040928870822],[-112.945298582517,50.7039796035263],[-112.945283006628,50.7039615514554],[-112.944732397749,50.7033232375927],[-112.936194580219,50.7033185967864],[-112.936163610799,50.6597026252604],[-112.913372269571,50.6596795357474],[-112.913353475917,50.7032875186769],[-112.867173892599,50.7033123265484],[-112.866916907054,50.6523272646196],[-112.890290891084,50.6522818899455],[-112.913091785895,50.6086593449245],[-112.830692804058,50.5404272211632],[-112.826329711876,50.4338118683611],[-112.753814770939,50.4338479489368],[-112.753823621141,50.3974919873861],[-112.799791118509,50.3684663411045],[-112.799432390673,50.2302075622674],[-112.696505668512,50.2301045670681],[-112.696460658424,50.2737048785296],[-112.639343008544,50.2955416111639],[-112.616146514546,50.3465245656616],[-112.581948087363,50.3682354628207],[-112.553858794305,50.4273686655432],[-112.51372365653,50.4264581217033],[-112.433532753424,50.4276005252988],[-112.433052088272,50.5356943912532],[-112.363837442704,50.5357113992106],[-112.363630519372,50.5279054476063],[-112.363684708445,50.5275157367565],[-112.363850832094,50.5270152502895],[-112.364003868187,50.5264837244146],[-112.364010758265,50.5263214493735],[-112.364016855131,50.5261778704327],[-112.364131751453,50.525943988348],[-112.364510842299,50.5253788902142],[-112.365334072798,50.5242170469604],[-112.365474634886,50.5237985302376],[-112.365913946094,50.5231541791891],[-112.366503153784,50.5216604364849],[-112.366392842464,50.5212527756248],[-112.366393099382,50.5208696785353],[-112.366774889666,50.5203563654598],[-112.367103682043,50.519805272635],[-112.3671812345,50.5194708663356],[-112.36715434433,50.5185401775741],[-112.366947476693,50.5174170621601],[-112.366914275859,50.5169038611872],[-112.366767856755,50.516363652267],[-112.366791394413,50.5159312684194],[-112.366786173404,50.5154880133156],[-112.36661195324,50.51473969704],[-112.366183712869,50.51274375405],[-112.365672750237,50.5109016342199],[-112.3656575202,50.510373777807],[-112.365509140074,50.5097641110304],[-112.365298989993,50.5092802292675],[-112.365243390565,50.5088640137913],[-112.365057038653,50.50844932972],[-112.365222960181,50.5081555766838],[-112.365343285022,50.5077928791282],[-112.365280354443,50.5071745070814],[-112.365195230086,50.5056824799774],[-112.365400062141,50.5044711584902],[-112.365649908774,50.5040652534784],[-112.366343491717,50.502307890521],[-112.367260453331,50.5008519779747],[-112.367905362857,50.4997883309137],[-112.368077882511,50.4982160956515],[-112.368269948607,50.498074882039],[-112.368290640401,50.497282585542],[-112.36850338841,50.4963490764123],[-112.368583415725,50.4953476497344],[-112.368476607834,50.4946680167603],[-112.368618657532,50.4943050596003],[-112.368360968606,50.4936827854864],[-112.368315106018,50.4928495855712],[-112.368033247919,50.4921260522247],[-112.367756196706,50.4914986156097],[-112.367377866732,50.4908197702377],[-112.367062081062,50.4904482976673],[-112.366618013275,50.490161704648],[-112.366324821132,50.4898177536955],[-112.366691516126,50.4896883883791],[-112.366181576675,50.4891424373754],[-112.365790182503,50.4886567925818],[-112.365208641035,50.4881355814475],[-112.364610925402,50.4877681554717],[-112.364218798204,50.4874821074577],[-112.36393578577,50.4870959082564],[-112.363288115721,50.4863217245344],[-112.36292203248,50.485626036557],[-112.362445632529,50.4848769183396],[-112.362169176899,50.4845962405849],[-112.361564223538,50.4840559398019],[-112.361275997283,50.4838783024997],[-112.360954682482,50.4837774698155],[-112.360431869275,50.4836909388236],[-112.360242667008,50.4836289257536],[-112.359577853511,50.4831367114511],[-112.359049782464,50.482412987634],[-112.358653169978,50.4817681774236],[-112.358373343869,50.481254106507],[-112.358108260012,50.4809184925262],[-112.357841839461,50.4807230279524],[-112.357512694046,50.4805721465972],[-112.357397138361,50.480458392479],[-112.356760773611,50.4795743035498],[-112.356342204502,50.4788014274548],[-112.355228920574,50.4779845759823],[-112.354835235698,50.4774954996788],[-112.354576766136,50.4772964988692],[-112.354319195788,50.4769863055733],[-112.354071949777,50.4768532418103],[-112.353124136422,50.4763818480105],[-112.352943172605,50.4763162557472],[-112.352441902795,50.4760435496563],[-112.351744651133,50.4756287128936],[-112.351270111592,50.4754330989556],[-112.350656202029,50.4752332570706],[-112.350302391571,50.4750896130657],[-112.349836364466,50.4748339023542],[-112.34901895505,50.4744416100029],[-112.34788948887,50.4740605531228],[-112.347406720762,50.4738503894097],[-112.346485626897,50.473311172109],[-112.345904709759,50.4731392756917],[-112.345122914052,50.4727219647286],[-112.344840051637,50.472526605761],[-112.344198366165,50.4722105397496],[-112.34400931751,50.4721520243599],[-112.343562973391,50.4720778616154],[-112.343285788329,50.4718894934958],[-112.34288334937,50.4717051068021],[-112.342241508489,50.4714742034784],[-112.341443060712,50.4710499545101],[-112.341306016427,50.4709953959067],[-112.341080720751,50.4709234869035],[-112.340922230087,50.4708370118513],[-112.340719558481,50.4706841406835],[-112.340507775262,50.4705509008046],[-112.34002792578,50.4703112296552],[-112.339828224004,50.4702722386102],[-112.339340304058,50.4700414529326],[-112.338642393931,50.4693766129737],[-112.338206069621,50.4690995768408],[-112.337994444506,50.4688665978268],[-112.337620880993,50.4685467210257],[-112.337340266163,50.4681767120952],[-112.336966560717,50.4679074057818],[-112.336685311676,50.4676706407913],[-112.336362587419,50.4673429143203],[-112.336153063464,50.4670093692509],[-112.335865278281,50.4665512260426],[-112.335534085605,50.4662588729493],[-112.334959018296,50.4656480088501],[-112.334661660666,50.4652710462214],[-112.334230168394,50.4648140098061],[-112.333829407488,50.464515477093],[-112.333546077051,50.4641472361746],[-112.333328085575,50.4637308391249],[-112.333198953652,50.4636242399255],[-112.332691945404,50.4629857141825],[-112.332165203864,50.4624115831367],[-112.331462048473,50.4617520033892],[-112.330849133345,50.4610084679499],[-112.330183906623,50.460548240447],[-112.330348649561,50.4598857810123],[-112.329606527948,50.45915560539],[-112.328838434245,50.4583250662427],[-112.328644016359,50.4582648511286],[-112.32853422157,50.4581545914279],[-112.328440427573,50.4578938072314],[-112.328196967063,50.4576951522717],[-112.327630467885,50.4571211754746],[-112.327202405381,50.4566517342144],[-112.326857054358,50.456324530187],[-112.326578093327,50.4561424831832],[-112.32601544882,50.4555731762782],[-112.325750311962,50.4553716421571],[-112.325141214673,50.4548259564658],[-112.324693833001,50.4543637155941],[-112.324075038399,50.4540157183389],[-112.323643072715,50.453943214418],[-112.323031793418,50.4534116625972],[-112.322870310466,50.4533352975714],[-112.322522884335,50.453082230657],[-112.321643597165,50.4526567774021],[-112.321252044889,50.452527504837],[-112.32074013184,50.4523038926428],[-112.319926575298,50.4519498395565],[-112.319185370865,50.4516455109546],[-112.318777620168,50.4515340049134],[-112.318211464146,50.4512707807237],[-112.317223779068,50.4508591637094],[-112.316826492845,50.4507420817288],[-112.316297654638,50.4505324658733],[-112.315905706204,50.4504030090403],[-112.314930449318,50.4501101608691],[-112.313730170741,50.4497702084824],[-112.312623548719,50.4495766760655],[-112.312020736942,50.4494099575775],[-112.311777492028,50.4493774444838],[-112.310955181403,50.449327720686],[-112.310127950706,50.4492413085315],[-112.309134971856,50.4491009678823],[-112.306908850462,50.4487509967769],[-112.305431849455,50.448673088928],[-112.304257754972,50.4485502813282],[-112.302937576457,50.4484367241563],[-112.301154391872,50.4483417162941],[-112.299822045677,50.4482313808378],[-112.298901696516,50.4480773955022],[-112.297740300617,50.4478880748754],[-112.297329289036,50.4477798857631],[-112.296799995382,50.4475544109001],[-112.296374482296,50.4472684381383],[-112.296003894004,50.4469608771439],[-112.295866024168,50.4466832629287],[-112.295854543698,50.446510503741],[-112.295928794846,50.4461942369486],[-112.296311107051,50.4453464955088],[-112.296473001432,50.4450910758737],[-112.296681716903,50.4448636717792],[-112.29693538497,50.4445244528484],[-112.297253238562,50.4441363946682],[-112.297669018401,50.4434574925759],[-112.297972484576,50.443123918642],[-112.298253807278,50.4429384661129],[-112.298815580419,50.4423717663974],[-112.299075930155,50.4420231099811],[-112.299243465057,50.441746057209],[-112.299333968525,50.4414468033577],[-112.299330373467,50.4412563823543],[-112.299293285623,50.4411078379813],[-112.299243754315,50.4409094689602],[-112.299133019888,50.4406086570938],[-112.299126877208,50.4404305590269],[-112.299179342414,50.4402784723497],[-112.299417566644,50.4400612832829],[-112.299860198924,50.4397898699244],[-112.300266538368,50.4394975550898],[-112.300547766747,50.439302070879],[-112.300925163371,50.4388018788581],[-112.301222964769,50.438625049867],[-112.301385009168,50.4385468255445],[-112.302474798559,50.4381702865809],[-112.303686819015,50.437716935574],[-112.304336702512,50.437482884226],[-112.304999987975,50.4373516294496],[-112.305521339623,50.4373177909659],[-112.305948532558,50.4374081790622],[-112.306213504126,50.4373973893491],[-112.306411215235,50.4373394522442],[-112.306501825603,50.4372107500395],[-112.306671580242,50.437138880066],[-112.307467531602,50.4369052549811],[-112.308563619979,50.4364999475882],[-112.308816016031,50.4362932908396],[-112.309122193321,50.4359321174094],[-112.309303004424,50.4355053947684],[-112.309246482427,50.4350307615927],[-112.309380093351,50.4345792344129],[-112.309284550334,50.4338716865944],[-112.309071568763,50.4334825465796],[-112.308916316526,50.4330303477378],[-112.308604301085,50.4326047136125],[-112.308122946026,50.4320588637654],[-112.307609824743,50.4316481456888],[-112.306701972943,50.4310390067956],[-112.305641576429,50.4304388917289],[-112.304496378054,50.4299346415324],[-112.304133417357,50.4297800438708],[-112.303386140313,50.4295451635752],[-112.302773485696,50.4293593230741],[-112.301873530088,50.4292053490086],[-112.300865916783,50.4289380268533],[-112.299567849401,50.4286690493537],[-112.298350271967,50.4285272914328],[-112.297390935922,50.428415589566],[-112.296545226879,50.4282314162223],[-112.295674901303,50.4278766714111],[-112.29539200026,50.4278421903612],[-112.295431801017,50.2883013414362],[-112.134371261014,50.2607936243327],[-112.134025777041,50.2248191319593],[-112.076463946185,50.2254359441704],[-112.076385945469,50.2243905298911],[-112.076223691762,50.2234338668122],[-112.076176544583,50.2225688667781],[-112.076126485964,50.2213239396922],[-112.07619213215,50.2200266677768],[-112.076349097474,50.2196556855369],[-112.076402251688,50.2189432866148],[-112.076432591388,50.2185066754023],[-112.076688044407,50.2179386664536],[-112.077217688404,50.2173765615238],[-112.07751219568,50.2168274264802],[-112.077807619238,50.2160791012092],[-112.078328450761,50.2153170141303],[-112.078716774492,50.2147501191895],[-112.079160494632,50.2142010240468],[-112.0797770677,50.2136234746841],[-112.080081190543,50.2132448688597],[-112.08052087545,50.2126716665701],[-112.081032353715,50.212104719503],[-112.081902542748,50.211351762481],[-112.082319102325,50.2109828691867],[-112.082961412126,50.2104251555606],[-112.08328831355,50.210058011995],[-112.083766506538,50.2096880261557],[-112.084781339603,50.2087335437976],[-112.085068158198,50.2083421618263],[-112.085329414334,50.2077674058326],[-112.085761802226,50.2067954017595],[-112.085893646164,50.2062221846646],[-112.085942086917,50.2051748066845],[-112.085721156155,50.2043406192941],[-112.085307766732,50.203763657803],[-112.085085777754,50.203255000593],[-112.084665924953,50.2026119764789],[-112.084171316151,50.2018173093806],[-112.083963622064,50.2015245877045],[-112.083616080949,50.2012750523008],[-112.082745936832,50.2008123826615],[-112.081513560552,50.2003550216863],[-112.080321241048,50.2001541169809],[-112.079148629684,50.1998678621529],[-112.077380098417,50.1995415683003],[-112.075765544679,50.1992891542865],[-112.07395492285,50.1992309964043],[-112.07259382338,50.1991106667108],[-112.071206996159,50.1990166059159],[-112.069702786979,50.1989437096068],[-112.068390409434,50.1989418712261],[-112.067140229443,50.1990107549632],[-112.065672617628,50.1991590923501],[-112.064483941691,50.1993840937618],[-112.063121712139,50.1996858696689],[-112.062157486565,50.2000511310618],[-112.061869966385,50.2002024576091],[-112.061657920859,50.200279513969],[-112.061279962788,50.2003593808828],[-112.06113933153,50.2004336878423],[-112.060540795734,50.2005352900277],[-112.058990705101,50.2007225469551],[-112.058664274395,50.2008087020189],[-112.058398614717,50.2009024091019],[-112.057529486595,50.2011357864695],[-112.05704823125,50.2013355473851],[-112.05642261035,50.2016023118064],[-112.056074873402,50.2017370838065],[-112.055351241813,50.2018576219289],[-112.054396947113,50.2019739996472],[-112.053504154672,50.2022296596778],[-112.053218414054,50.2022878880808],[-112.052331858616,50.2025084588217],[-112.0515646776,50.2027331420033],[-112.050853507441,50.2030456972327],[-112.050353318304,50.2032295662965],[-112.049792528818,50.203508650539],[-112.049218997628,50.2036682584323],[-112.048653971688,50.2039840227839],[-112.048371823433,50.2041213087309],[-112.047640349552,50.2042460605316],[-112.047180458839,50.2043326646106],[-112.046888383303,50.2043692935166],[-112.045581851994,50.2047939478173],[-112.044395086774,50.205221189098],[-112.043527417515,50.2054349842404],[-112.042617535524,50.2055826772655],[-112.042014721052,50.2058084665544],[-112.041733210602,50.2058855782591],[-112.041157814509,50.2061558796183],[-112.040579973203,50.2062399337999],[-112.039968710076,50.2064562719494],[-112.038807231533,50.2070048278114],[-112.037655881495,50.2073954279201],[-112.03705479089,50.2074551551895],[-112.03616796416,50.2076270102365],[-112.034965990462,50.2079231750845],[-112.034627611265,50.2079665272755],[-112.033751283145,50.2081275943627],[-112.032843364871,50.208258968554],[-112.031090527173,50.2084899585389],[-112.030441655178,50.2086247570849],[-112.029934743948,50.2087691890966],[-112.029075415548,50.2091485881652],[-112.028488941431,50.2091342188595],[-112.027921531362,50.2092694203214],[-112.027635787151,50.2093883032362],[-112.02702848829,50.2095666994912],[-112.026746843092,50.209599219561],[-112.02616267585,50.2097978326208],[-112.025870623669,50.2099261471917],[-112.024399524594,50.2102655018502],[-112.022604815522,50.2107520487885],[-112.021444812012,50.2111330480979],[-112.019958818869,50.2114928841178],[-112.019666645416,50.2115240582272],[-112.0184832372,50.2117081935664],[-112.01754642731,50.2119387155778],[-112.016410787009,50.2121654106906],[-112.015809692811,50.2123465536479],[-112.014926723447,50.2124388520671],[-112.014219115108,50.212476331883],[-112.013457481189,50.2126497319141],[-112.012852100231,50.2127444562596],[-112.011950263551,50.212815011909],[-112.01134700621,50.2129772094857],[-112.01017623729,50.2132719195003],[-112.008401932552,50.2133222927698],[-112.007450103728,50.2132191294618],[-112.006297779916,50.2131618709645],[-112.00571792818,50.2130707731079],[-112.004859404669,50.2129536797217],[-112.004205521872,50.2127892308889],[-112.003095595847,50.2128117254003],[-112.002517480554,50.2129913333171],[-112.001715801537,50.2130890330484],[-112.000601185407,50.2131065013965],[-111.999966851747,50.2130904012215],[-111.998094874086,50.2132141638115],[-111.996896648159,50.2133329380231],[-111.996628068059,50.2134173658691],[-111.996050482773,50.2135040648284],[-111.995164784327,50.213564167882],[-111.994009716161,50.2136382122704],[-111.993246507496,50.2136526359809],[-111.992339770506,50.2135783053362],[-111.99110185162,50.2135371714436],[-111.990453796194,50.2134971377932],[-111.988897711103,50.213209337852],[-111.987847968608,50.212890233059],[-111.986752560256,50.2125776439949],[-111.985809361547,50.2123361507705],[-111.984996986289,50.2120635239782],[-111.984178534827,50.2117264350574],[-111.983538043216,50.2114023343876],[-111.982670590452,50.2109487794647],[-111.98178122688,50.2104227099584],[-111.981013588622,50.2099447394784],[-111.9800316851,50.2091663793304],[-111.979383635064,50.2084767095505],[-111.978979165913,50.2080489834308],[-111.978456003261,50.2075733923791],[-111.977711983508,50.2069382875534],[-111.977635500047,50.2068143643763],[-111.976496132636,50.2059543772331],[-111.975758801739,50.2054177102936],[-111.975415558164,50.2051127474035],[-111.974397151601,50.2044659978101],[-111.973928268752,50.204175075359],[-111.973182537709,50.2039033207486],[-111.972512235505,50.2035701415282],[-111.971287392496,50.203045299919],[-111.970860888569,50.2027630626134],[-111.969624417768,50.2022050867506],[-111.968578140973,50.2016305828734],[-111.967183111236,50.2010894633367],[-111.966351113179,50.2006249760082],[-111.965743110937,50.2003734400219],[-111.9649802607,50.2000578340661],[-111.964315590933,50.1996929154388],[-111.96384864036,50.19948004337],[-111.963137523201,50.1992114672454],[-111.962770371863,50.1989696775173],[-111.962336400241,50.198768906715],[-111.961989147485,50.1986613502932],[-111.961757934605,50.1986511957234],[-111.96152452265,50.1986180414033],[-111.961175214548,50.1984094635368],[-111.96056867117,50.1979612043526],[-111.960257852285,50.1977592337858],[-111.959896702592,50.1975979925458],[-111.959744324065,50.1975355513562],[-111.959660097125,50.1974374396727],[-111.959045965678,50.1969504326585],[-111.958828908451,50.1968134567457],[-111.958620202861,50.1967114337459],[-111.95802083253,50.1963217939691],[-111.957784680714,50.1962063789331],[-111.957490544442,50.1959980349342],[-111.957107866622,50.1957660937054],[-111.956717237814,50.195558362539],[-111.956335523887,50.1953872300377],[-111.956015317607,50.195278807982],[-111.955818435643,50.1950202859301],[-111.955606924615,50.1948170348643],[-111.955353463161,50.1946247958136],[-111.954806717936,50.194325348653],[-111.954527054422,50.1941100027613],[-111.954394590647,50.1939774658926],[-111.954149399083,50.193763094944],[-111.953606501343,50.1935037532211],[-111.95322107917,50.1933291397475],[-111.952740263101,50.1931557661321],[-111.952240319204,50.1930206300183],[-111.952031444731,50.1929022452074],[-111.951722217661,50.1925347063165],[-111.951430664944,50.1922588993244],[-111.950811418489,50.1918911961738],[-111.949940156868,50.19129161407],[-111.949322451922,50.1909611574791],[-111.948644029847,50.1904714571871],[-111.948163081725,50.1901435284081],[-111.947862019443,50.1900080455868],[-111.947519742455,50.189735045082],[-111.947305769144,50.1895955672906],[-111.946879818579,50.1893457331466],[-111.946586232974,50.1890978233033],[-111.945878236563,50.1884841245089],[-111.945710530981,50.1883352472377],[-111.945445858552,50.1881390537262],[-111.944844312502,50.1877299533539],[-111.944341271214,50.1874055016446],[-111.943743429816,50.1869764656784],[-111.942862816733,50.186541535415],[-111.942205345166,50.1861873344631],[-111.94158777946,50.1858904325235],[-111.941138313696,50.1857238456279],[-111.941029489087,50.18563478795],[-111.940355444502,50.1853271217903],[-111.940081451154,50.1852020559566],[-111.939759259597,50.1850781965651],[-111.939544424802,50.1849956086955],[-111.93930868082,50.1849300869244],[-111.938967127875,50.1847891956294],[-111.93875266588,50.1847007286695],[-111.938179387117,50.1845008912463],[-111.93750825487,50.1842405921128],[-111.937024770804,50.1841922819147],[-111.936166078411,50.1839529062242],[-111.934775711828,50.1836878252034],[-111.934584520691,50.1836752434848],[-111.933627733167,50.1834309626043],[-111.932753569089,50.1831826176755],[-111.932118273334,50.1830021273515],[-111.931572051827,50.1829119014915],[-111.930743313757,50.1828475727588],[-111.930034912205,50.182769665688],[-111.928987215174,50.1827476016683],[-111.927653323877,50.1827964132003],[-111.926852661752,50.1828538870242],[-111.925993591168,50.1828823941072],[-111.924653773684,50.1830696725301],[-111.924108515172,50.1831897285802],[-111.923441209748,50.1833868673779],[-111.922775947093,50.1837291614147],[-111.922448282101,50.183918052869],[-111.921905558634,50.1841818705995],[-111.921252326217,50.1845104695924],[-111.920789065025,50.184771757756],[-111.920199021902,50.1852358367807],[-111.919825729681,50.1857250339751],[-111.919664656361,50.1858629729323],[-111.919468391539,50.1859796939169],[-111.919121187292,50.1862895231718],[-111.918553727815,50.1865501873083],[-111.91810536069,50.186800443304],[-111.917568052268,50.1871277801773],[-111.917347700919,50.1874274375501],[-111.916396859343,50.1883137695774],[-111.916266828206,50.188564656483],[-111.915873949118,50.1888755197755],[-111.915741188,50.1890900915392],[-111.915564150719,50.1892764926754],[-111.915324239453,50.1898079307205],[-111.915086381735,50.1902149157633],[-111.915009760831,50.190459393727],[-111.914603255199,50.1908714251623],[-111.91439334407,50.1914848919848],[-111.913866819024,50.1921355660606],[-111.913415848582,50.1924762601269],[-111.91315894119,50.1929605183441],[-111.912921856024,50.1932818100885],[-111.91250780634,50.1944535225203],[-111.910720055618,50.1957273080041],[-111.909584246434,50.1969577830373],[-111.908770855182,50.1980105040752],[-111.908216865943,50.1986289165012],[-111.90797057574,50.1988396722139],[-111.907480888807,50.1996869144877],[-111.907068446209,50.2004963075209],[-111.906623084847,50.2009371597858],[-111.906116532943,50.2012666928779],[-111.90496193819,50.2018665039214],[-111.903842896061,50.2024271827504],[-111.902551767266,50.2030274110246],[-111.901873412564,50.2035146556095],[-111.901668225675,50.2036548545866],[-111.901030406552,50.2039866515573],[-111.90030317721,50.2044698127129],[-111.899493513068,50.2048385217704],[-111.898761033972,50.2050509927704],[-111.897559591179,50.2053335718702],[-111.896606589155,50.205557705322],[-111.895356314841,50.205765440125],[-111.894283368862,50.2059230741463],[-111.892891364651,50.2060178653149],[-111.891708696647,50.2060430554978],[-111.891184639273,50.206005812682],[-111.890047414344,50.2059755318871],[-111.889656670552,50.205965124746],[-111.888720137342,50.2058745651015],[-111.887804385758,50.2057407661018],[-111.886516021978,50.2054475090554],[-111.885452578378,50.2051001471811],[-111.884448244822,50.2046886300807],[-111.883475096282,50.2041028763172],[-111.882681575764,50.2035337983478],[-111.881848601239,50.2028568216336],[-111.880978998806,50.2019107143351],[-111.880053256159,50.2009057464567],[-111.879369848434,50.2000322232599],[-111.878786852594,50.1992780683033],[-111.878653438402,50.1989233942599],[-111.878476542156,50.1987173145329],[-111.878007368253,50.1978106924423],[-111.877903863467,50.196653838583],[-111.87764773761,50.1961819552979],[-111.877133609315,50.1957697063033],[-111.876878502148,50.1952250434098],[-111.876361249512,50.1945363505231],[-111.875830752116,50.1940688141315],[-111.875720697714,50.1939718196305],[-111.87523137909,50.1933716385184],[-111.874267094227,50.1922282624397],[-111.873596672547,50.1915131736446],[-111.873376148721,50.1912842622438],[-111.873219137583,50.1910003536681],[-111.872630370966,50.1904185165474],[-111.870813596575,50.188919367795],[-111.870240557662,50.1885246818307],[-111.867453613545,50.1862914264604],[-111.866654230622,50.1858915587461],[-111.865092717011,50.1851427236133],[-111.864574272311,50.1847014097117],[-111.86358362369,50.1837039657839],[-111.862325317539,50.1826372152654],[-111.860434348595,50.181258442291],[-111.857802210252,50.1793527084587],[-111.85637448094,50.1782771055502],[-111.854304039382,50.1766600026162],[-111.852354568553,50.1749522956798],[-111.850863487352,50.1730400936768],[-111.850217440559,50.1714641804458],[-111.849844726853,50.1692126964859],[-111.849973689894,50.1678222741754],[-111.850785456992,50.1654862540371],[-111.851979179664,50.1628310623754],[-111.853282823787,50.1603738530306],[-111.853443497357,50.1598293101578],[-111.853356354486,50.1596126830311],[-111.853309288155,50.1594295512776],[-111.853334948532,50.1587153929495],[-111.853454263666,50.1575379681118],[-111.853445567974,50.156309508227],[-111.853090176481,50.1545388908595],[-111.852698602646,50.1538460357993],[-111.851996477623,50.1533540728428],[-111.85093586192,50.1523574439277],[-111.850933465215,50.1519021319328],[-111.850828201528,50.1514335968325],[-111.850556307542,50.1510326009884],[-111.85050740775,50.1502462209503],[-111.850226042827,50.1492671438811],[-111.849422345295,50.1484287665189],[-111.848887206304,50.1479086078804],[-111.84799442015,50.1467524846466],[-111.846889909169,50.1455546470651],[-111.846616691965,50.1453627290023],[-111.845633699686,50.1449827568522],[-111.844664304306,50.1443615490782],[-111.844383408304,50.144370849929],[-111.843849636548,50.1442217321335],[-111.843250861801,50.1440818612407],[-111.842941999446,50.1440754710411],[-111.842475840289,50.143937099407],[-111.842094652775,50.1437741583443],[-111.841830206721,50.1435176430491],[-111.841332948788,50.1433201480402],[-111.84005669789,50.1431497673456],[-111.839783645078,50.1431495215196],[-111.839115884208,50.1430540465336],[-111.837427010152,50.1430437707563],[-111.836691611531,50.1429873267686],[-111.832076706303,50.1430005979597],[-111.830151585208,50.1434763963998],[-111.828384389737,50.1437977694127],[-111.827016296882,50.1441757256904],[-111.824344361376,50.145603602518],[-111.823366843429,50.1459546762376],[-111.822692245482,50.1460819373708],[-111.821479328507,50.146427902579],[-111.820412022152,50.1468237566651],[-111.819499002345,50.147151602898],[-111.817679098224,50.1475117421419],[-111.816637776537,50.1478211323972],[-111.815734324686,50.1480220753633],[-111.814420864671,50.1481392485782],[-111.812827821093,50.1481540334365],[-111.808628125274,50.1481464930673],[-111.804619690661,50.1477827987895],[-111.803206925485,50.1480290556485],[-111.79969656268,50.1476868299334],[-111.794689134995,50.1465677245879],[-111.791782805675,50.1452371198833],[-111.790084431036,50.1443338727613],[-111.788909716715,50.1434439976689],[-111.787198187147,50.1411689821782],[-111.785750692204,50.1391076051436],[-111.784625080695,50.1378302709227],[-111.784756279643,50.1374466806562],[-111.783037855505,50.1354642158131],[-111.782323375054,50.1349052411651],[-111.781668500516,50.1340294990909],[-111.780348047117,50.1317099240495],[-111.780023201039,50.1312289111687],[-111.779106756854,50.1302175467504],[-111.778578779233,50.1299317112181],[-111.776878338468,50.1284062360783],[-111.774011431715,50.1272362921926],[-111.772943003363,50.127047250389],[-111.772604746336,50.126881655638],[-111.771877873626,50.1268392612716],[-111.771592956764,50.1267225783792],[-111.771083318249,50.1266254102788],[-111.76977605661,50.1265075635367],[-111.768261072137,50.126271305944],[-111.767554971171,50.1263458946046],[-111.766185489521,50.1266695400309],[-111.765610533603,50.1267191840096],[-111.764928300874,50.1269314053623],[-111.763410650202,50.1271501702723],[-111.761364217018,50.1280618365124],[-111.759195728838,50.1289914331171],[-111.754722882291,50.1295809955672],[-111.753953329723,50.129488005443],[-111.750898584345,50.1297922327449],[-111.747267450236,50.1305024551733],[-111.744578118854,50.1311565557751],[-111.741713574669,50.1321873331156],[-111.739238973878,50.1326867992275],[-111.737484744689,50.133034291673],[-111.735040024559,50.1333581227745],[-111.733052035768,50.1337251161923],[-111.730074925491,50.1344931663672],[-111.727551640503,50.1354638006632],[-111.725103284891,50.1364424192646],[-111.721818330052,50.1375901228869],[-111.719181267145,50.1381215877747],[-111.717374324816,50.1381570474222],[-111.715167139908,50.1378527495095],[-111.71381229361,50.1370603471861],[-111.712434577103,50.1354531173182],[-111.711503922469,50.1346354502915],[-111.710276186885,50.1335799924959],[-111.709424405231,50.1328949425908],[-111.70781362262,50.1322746177972],[-111.705417397143,50.1319838169978],[-111.703512508803,50.1318742600066],[-111.702050583323,50.1321959084759],[-111.700937868927,50.132742699693],[-111.697656669943,50.1338744371507],[-111.69581717177,50.1344060613545],[-111.694292446865,50.1352354722906],[-111.691992240511,50.1363102377183],[-111.691178553714,50.1366910249744],[-111.690282740238,50.1373897567778],[-111.688717379143,50.1379476470182],[-111.686425774158,50.1386228896464],[-111.68496200264,50.1390158299499],[-111.68440564095,50.1392112556284],[-111.681878437511,50.1394808353091],[-111.680572362546,50.139688999208],[-111.6789212348,50.1397125875359],[-111.676864071239,50.1395296616777],[-111.675052593316,50.1389034880066],[-111.673018215523,50.1376835619139],[-111.671696065207,50.1367985482178],[-111.670847930712,50.1359680237348],[-111.668557221348,50.1332468627632],[-111.668159737496,50.1324426359991],[-111.667132423239,50.1310435510005],[-111.666717212033,50.1307096239024],[-111.666235947704,50.1305947499957],[-111.665609452744,50.130519338147],[-111.665123286309,50.1301545769425],[-111.664628864356,50.1299650473923],[-111.663979453373,50.1293916779693],[-111.66343841784,50.1284841759206],[-111.662503138678,50.1272482443438],[-111.661965992851,50.1265596143884],[-111.661172179482,50.1256094984697],[-111.660866167482,50.1252234391638],[-111.66065805478,50.12486051223],[-111.660469235196,50.1246082322568],[-111.660315010631,50.1244021699704],[-111.659526916836,50.1238398702236],[-111.658854667983,50.1235091970354],[-111.658507565245,50.1231723900502],[-111.657690127083,50.1228060425504],[-111.657128984559,50.1226773205102],[-111.656033641784,50.1222933737745],[-111.655191085828,50.1219437454294],[-111.653528842328,50.1211277655396],[-111.652781329925,50.1207316775034],[-111.651487685848,50.1199728456772],[-111.649398265582,50.1188647328728],[-111.6490055967,50.1186370648812],[-111.648391427523,50.1184187667914],[-111.647706965176,50.1179774541547],[-111.647219000314,50.1176386590239],[-111.646554429361,50.117334345251],[-111.646126731573,50.1171858793341],[-111.645456486861,50.1171390243384],[-111.644815266717,50.1169379021053],[-111.643981834051,50.1164550535735],[-111.642696918004,50.1151651692631],[-111.642053016388,50.1145712183222],[-111.641367230822,50.1140311932142],[-111.640638931587,50.1135393996717],[-111.640331758066,50.1131831125963],[-111.64006740903,50.1129538927344],[-111.639453754588,50.1126218873595],[-111.638804771203,50.1117466673039],[-111.638107407251,50.1107830826638],[-111.636761999552,50.1091329358132],[-111.635718671926,50.1076420023542],[-111.634752808723,50.1063046226777],[-111.634536347079,50.1059090083252],[-111.634108673545,50.1054531464667],[-111.633838266271,50.105046610821],[-111.632883753282,50.1041810328671],[-111.63145011036,50.102949520619],[-111.630801100923,50.1023457484435],[-111.630418299136,50.1019430924883],[-111.629164104574,50.1012509725703],[-111.628884835421,50.1009603520561],[-111.628070682397,50.1005934058816],[-111.627092068506,50.0998552606216],[-111.626201408665,50.0993650571067],[-111.625785764471,50.0992488200945],[-111.625628902453,50.0991075868961],[-111.625326037252,50.0989565538035],[-111.624614002015,50.0983111921706],[-111.623449074839,50.097696711251],[-111.622900123352,50.0974401483194],[-111.621575315819,50.0970532481338],[-111.620721111409,50.0970225525117],[-111.619761190561,50.0971553323868],[-111.619554299567,50.0970201506608],[-111.619273195155,50.0970058576856],[-111.618672983103,50.096889805692],[-111.617308564358,50.0964783077487],[-111.616722205226,50.0963932196391],[-111.616653772466,50.0962499939281],[-111.616468418582,50.0961670456803],[-111.616019975998,50.0961102640239],[-111.615254806311,50.0959601187387],[-111.614728395351,50.0957516476388],[-111.614592450604,50.0957665956364],[-111.612890242854,50.0951972349318],[-111.612450804983,50.0949584519838],[-111.611890188872,50.0947029122834],[-111.610952511209,50.0941820560016],[-111.610184157892,50.0936493660702],[-111.609559499088,50.0930167454299],[-111.609081994208,50.0924223463182],[-111.60864086481,50.0916778520171],[-111.608250452496,50.0909343760565],[-111.608011303001,50.0904296900803],[-111.607664635946,50.0899127301277],[-111.607386286667,50.0896572194244],[-111.607064572116,50.0891081539395],[-111.606710150804,50.0884712572544],[-111.606498226551,50.0876372393892],[-111.606167638441,50.0867351131073],[-111.606133405442,50.0859423791745],[-111.606301179296,50.0844459886677],[-111.606624526086,50.0830665427688],[-111.607069642208,50.0823570086769],[-111.607632806839,50.0817474264109],[-111.608014114728,50.0814067816659],[-111.609469799612,50.0805300325617],[-111.610916026134,50.0798375012781],[-111.611327025139,50.0796671591636],[-111.613577866373,50.0790568295925],[-111.615176105807,50.0785557962268],[-111.616114007151,50.0780087354187],[-111.61647553234,50.0778499333338],[-111.616897084754,50.0776988251649],[-111.617848633303,50.0772030052928],[-111.618734526684,50.076739478926],[-111.619573688805,50.0762107079338],[-111.6203174193,50.0757886689773],[-111.62111572155,50.0751638844615],[-111.621498349064,50.0746910533929],[-111.621784802943,50.0744806143112],[-111.622231421048,50.0740011786196],[-111.622334274555,50.0738228064922],[-111.622722941442,50.0735947911933],[-111.622925445063,50.0734007690026],[-111.623892025123,50.0728614893076],[-111.624948339692,50.0722394658386],[-111.625288175957,50.0719324501094],[-111.625726632868,50.0716239310387],[-111.626155989844,50.0712857287807],[-111.626622817348,50.0710327208506],[-111.627093869629,50.0707358209166],[-111.627554355925,50.0702241693251],[-111.627903102579,50.0697761825641],[-111.628250068773,50.0693986396806],[-111.628756327826,50.0687445734723],[-111.628879857856,50.0685957851061],[-111.628955926296,50.0684352341434],[-111.628983196453,50.0682446910747],[-111.629282729803,50.0674981899666],[-111.629280678051,50.0672751490584],[-111.629143442425,50.0670025523465],[-111.628928433356,50.0666641860269],[-111.628883409794,50.0664811758982],[-111.628848602772,50.0663914151606],[-111.628634973516,50.0662108391011],[-111.628347119163,50.0658321292969],[-111.628348636417,50.0657268010544],[-111.628142747944,50.0653714903854],[-111.627875548554,50.0650020279516],[-111.627664992435,50.0646664310034],[-111.627341272844,50.0643335938746],[-111.627375801389,50.0641903121395],[-111.627541618712,50.0640143548872],[-111.627866924728,50.0637729502023],[-111.627855396648,50.0635170781439],[-111.627609931098,50.0632007977883],[-111.627589631868,50.0631270132514],[-111.627325911653,50.0628398510574],[-111.627067406159,50.06260402497],[-111.626981166993,50.0623817080989],[-111.626678841679,50.0620916188299],[-111.626689763396,50.0619872829154],[-111.626295335613,50.0615496197551],[-111.626281929156,50.061470697855],[-111.62614691686,50.0613005840239],[-111.625740633112,50.0610440972876],[-111.625628429939,50.0608775568727],[-111.625604161952,50.0607347088706],[-111.62536678124,50.0605146168908],[-111.62491304219,50.060033261286],[-111.624479116382,50.0596351200864],[-111.624180633162,50.0593817519573],[-111.623951295067,50.0592971279855],[-111.623617491887,50.0589867473062],[-111.622859519501,50.0584314761883],[-111.622567725138,50.0582754663674],[-111.621819901918,50.0580261073968],[-111.621681461651,50.0579625639613],[-111.621552153658,50.0577994022999],[-111.621255548815,50.0576716111302],[-111.621148157918,50.057563321317],[-111.62061080997,50.0573166560451],[-111.620205244873,50.0571630101133],[-111.619595004928,50.0568491632448],[-111.618831854653,50.0565948293488],[-111.618237184308,50.0564472577195],[-111.617975516744,50.0563288956812],[-111.61670140204,50.056041012802],[-111.616295553076,50.0559590429252],[-111.61597344686,50.0559248385429],[-111.615524817427,50.0557410509225],[-111.61493572562,50.0557112280045],[-111.614704135448,50.0556751120729],[-111.614746884476,50.0556227650043],[-111.614651843617,50.0555622515581],[-111.614100185506,50.0554256738367],[-111.613460361344,50.0551560066454],[-111.613152888683,50.0550790859805],[-111.612230230851,50.0547145979201],[-111.611957443941,50.0546471148019],[-111.611504454086,50.0545969629518],[-111.610490075569,50.0545395293207],[-111.610206861014,50.0544933311248],[-111.609115549878,50.0544261845303],[-111.608235563818,50.0542767495963],[-111.608053489683,50.0542051892193],[-111.60767714319,50.0539683442013],[-111.607421647052,50.0535190976073],[-111.607066890668,50.0530596163124],[-111.606084730229,50.0521665353515],[-111.605272111528,50.0515712495571],[-111.604271115213,50.050977648749],[-111.603174087198,50.0503696454621],[-111.602089596072,50.0499215978547],[-111.60098404574,50.049448771721],[-111.5995755269,50.0489516156855],[-111.59836999767,50.0485184581575],[-111.596866577211,50.0481306000492],[-111.595249094066,50.0478479790518],[-111.593381401369,50.04777897954],[-111.591531687554,50.0477608727327],[-111.588779424695,50.0471393826745],[-111.586115680028,50.0465162474201],[-111.585094145531,50.0462393654303],[-111.584190295726,50.0457957431282],[-111.582011289173,50.0445180121631],[-111.581323882148,50.0441438685736],[-111.581068133583,50.0440678267539],[-111.579899049902,50.0434017997532],[-111.578729497301,50.0429741223944],[-111.577939374212,50.0425532874725],[-111.576874954143,50.0415944018357],[-111.576266245825,50.0408858867936],[-111.575605527747,50.0401498797494],[-111.574846293229,50.039012798773],[-111.574278407052,50.0378204597167],[-111.573996654955,50.0370460508891],[-111.573887629124,50.0364583686172],[-111.573925715895,50.0356248526894],[-111.574272550037,50.0348966122827],[-111.574895218174,50.0341705055976],[-111.575827531098,50.0335495014224],[-111.576849343175,50.0329609338908],[-111.577873301326,50.0324570029022],[-111.579021307835,50.0321598636331],[-111.580263377836,50.0319887895557],[-111.581437799305,50.0319595277651],[-111.58429952817,50.0322046343827],[-111.585265271898,50.0321756410469],[-111.586407617224,50.0320382021833],[-111.587848920978,50.0317577005556],[-111.5889546896,50.0313446896224],[-111.589968115903,50.0307092276734],[-111.591224508643,50.0300448261705],[-111.592201681636,50.0292548228785],[-111.592659667921,50.028853091943],[-111.593252015222,50.0277287539861],[-111.593404444953,50.0271143879936],[-111.593631504023,50.0265325589601],[-111.593699931393,50.0262242286361],[-111.596756228161,50.0262282435965],[-111.665091280233,50.0311828593125],[-111.733330673406,50.0043268468905],[-111.733167120735,49.9060416112657],[-111.734995894821,49.905797881043],[-111.737037459136,49.9056173450217],[-111.738437182571,49.9056273101163],[-111.740106431134,49.9058419595119],[-111.742502949462,49.9062310582838],[-111.743801853176,49.9065536366211],[-111.745057013427,49.9067759372006],[-111.746076881549,49.9071375390948],[-111.747394254625,49.907756604117],[-111.748207450044,49.9082947780339],[-111.7497228163,49.9094618331804],[-111.750272516084,49.9097858118863],[-111.752156777308,49.9107765008094],[-111.752838271622,49.9112426547894],[-111.75360259869,49.9121111330039],[-111.753995435557,49.9128612299724],[-111.754131427914,49.9137540311026],[-111.754436251443,49.9141580607957],[-111.754827689633,49.914525458966],[-111.755576120114,49.9155586098125],[-111.75629001127,49.9159240190644],[-111.75706641439,49.9162642458729],[-111.758168530463,49.9165894537367],[-111.75927790133,49.9169568125595],[-111.760385587856,49.9173334232755],[-111.761033162683,49.9174976845091],[-111.761710568764,49.9176020231642],[-111.763099888809,49.9176435903601],[-111.764209089894,49.9178277583346],[-111.7658208885,49.9180129580676],[-111.767019159342,49.9180678786486],[-111.767903165362,49.9181191008215],[-111.76929523515,49.9181413464178],[-111.770683523032,49.9180756085111],[-111.771543242199,49.9179368785775],[-111.772414694263,49.9177403190944],[-111.773569740869,49.9175349773026],[-111.775283527904,49.9173575219068],[-111.778164086355,49.917096064735],[-111.779555863293,49.9170661655635],[-111.78024980646,49.9170295595726],[-111.78123749064,49.9170661869651],[-111.782329564446,49.9171407402205],[-111.784380762294,49.9173885117932],[-111.785002617456,49.9173088237217],[-111.785560092159,49.917124774655],[-111.787500992162,49.9175484925638],[-111.788166046408,49.9176554507475],[-111.788551233222,49.9180115525312],[-111.789006426644,49.9183489645471],[-111.790143113482,49.9185663793588],[-111.790336174911,49.9185977415381],[-111.791140577621,49.9188595381856],[-111.792570058647,49.9192056404481],[-111.793594216225,49.9193101662774],[-111.794981064107,49.919270311989],[-111.795661334915,49.9191753348154],[-111.797633180083,49.9191034568998],[-111.799024948936,49.9189067263391],[-111.799768712668,49.9187332704322],[-111.801374964177,49.918226339424],[-111.80152114882,49.9180976129309],[-111.804240549509,49.9171823928418],[-111.812903874261,49.9171752597657],[-111.84718706378,49.9171294078046],[-111.847151111406,49.946224550326],[-111.858396445813,49.9461943720913],[-111.858388634063,49.9895695215347],[-111.938198222992,49.9896115574253],[-111.938182217709,49.9751904957416],[-111.983379442958,49.9751775067744],[-111.983387048095,49.989597200668],[-112.028863878468,49.9896016310605],[-112.028836168136,49.9450975618016],[-112.063104901067,49.9460198073537],[-112.079328004381,49.9639333831034],[-112.097433387236,49.9893403821708],[-112.188221466017,49.9894915318452],[-112.211781455209,49.9751582633615],[-112.211418352578,49.9606957388801],[-112.234044154062,49.9607056608074],[-112.25676840102,49.9898413209816],[-112.25689524224,50.0552355249242],[-112.359007788021,50.0552889659553],[-112.427289490047,50.0187467835906],[-112.450043333799,50.0189166303817],[-112.461553921844,50.0333792609034],[-112.46127699909,50.0552749846749],[-112.427277071737,50.0625146168218],[-112.427296448397,50.0916814989958],[-112.586569703006,50.0843818992071],[-112.643319823357,50.0697729530976],[-112.666337595733,50.069750861719],[-112.667902821182,50.1621935386415],[-112.723038132674,50.1715783779779],[-112.802450173072,50.1716798465187],[-112.802480446297,50.1498235757021],[-112.847496873917,50.1500355541388],[-112.916253062483,50.1498413717062],[-112.916633018407,50.2152267452793],[-112.962882606537,50.2165142521747],[-112.964247894852,50.2280581782934],[-112.931808289044,50.2314138806209],[-112.931458266782,50.258708674845],[-112.845549926456,50.2665196665499],[-112.845201769995,50.3392979970511],[-112.913925201493,50.3975300597815],[-112.937071358394,50.4993291637007],[-112.947885020866,50.5795923401889],[-112.970920173845,50.6087304536292],[-112.982409738618,50.718001050056],[-113.028923200575,50.7180313852849],[-113.120923312388,50.7180218608805],[-113.132604823781,50.7324886085276],[-113.132613748544,50.7469491696108],[-113.201849323959,50.7471236642151],[-113.213537930246,50.7615881115977],[-113.259416365044,50.7616143625949],[-113.271110578615,50.7469701346896],[-113.294189709517,50.7325037811212],[-113.305594590109,50.7325014067257],[-113.328691126768,50.761610200894],[-113.328970512703,50.8053797729333],[-113.374938250819,50.8053569810601],[-113.444427406266,50.8198022500751],[-113.444428070121,50.8231317960815],[-113.443426216814,50.8236338615263],[-113.44303040832,50.8239335914536],[-113.442939871614,50.8242387977836],[-113.443089862418,50.8245130708177],[-113.442536855038,50.8248472665838],[-113.442173611371,50.8253448539644],[-113.441928430588,50.8260424330659],[-113.441955619896,50.8270451187997],[-113.442202821889,50.8276608452804],[-113.442569100065,50.8284879490458],[-113.442870645641,50.8291815552947],[-113.442969026436,50.829925971961],[-113.442831097311,50.8306612900225],[-113.442361714999,50.8311016203659],[-113.441341286328,50.8317539974578],[-113.440710697745,50.8320896273369],[-113.439690649061,50.8323724566858],[-113.438243527817,50.8325293887546],[-113.43691652031,50.8326445270843],[-113.435122100496,50.8328042201612],[-113.435120915618,50.8326308870637],[-113.432314857148,50.8325414384777],[-113.429732784611,50.8324615067366],[-113.427210705162,50.8322123411431],[-113.424916327078,50.8318078283296],[-113.423079244474,50.8313972353707],[-113.421089176981,50.8308597316221],[-113.419802472389,50.830513917882],[-113.417905703921,50.8300059681882],[-113.415833671446,50.8293242221787],[-113.414687201056,50.8289920251004],[-113.413822691173,50.8287158264795],[-113.412093484557,50.8282861762668],[-113.409813426517,50.8278050318333],[-113.408662646908,50.8276132070536],[-113.407435788081,50.8274578506588],[-113.405382754076,50.8271998932489],[-113.403731555362,50.8271530160449],[-113.402677164086,50.8271115912493],[-113.401782917271,50.8270500475218],[-113.4005120383,50.8269460188046],[-113.399987547039,50.8269732817366],[-113.399228845222,50.8269317069789],[-113.398702794486,50.8267716045494],[-113.398130495785,50.8266364501191],[-113.397654826164,50.8265121657354],[-113.396956028501,50.8261915857743],[-113.396205796899,50.8258105721493],[-113.395687105162,50.8254148101576],[-113.39524940104,50.8249740113585],[-113.395171426375,50.8248408679085],[-113.395091454755,50.824531080977],[-113.39507561027,50.8241741411129],[-113.394992597853,50.8236823260833],[-113.394842434572,50.8233192952296],[-113.394504452429,50.8227279570628],[-113.394073376077,50.8224550951015],[-113.39357404034,50.8222287312514],[-113.39285593339,50.8219639049355],[-113.3922813359,50.821799421988],[-113.391647657112,50.8216823790564],[-113.390640263894,50.8216824692886],[-113.38980027173,50.8214845102093],[-113.388877738764,50.8211823316699],[-113.388121623196,50.8208359797478],[-113.387541653781,50.8205644244922],[-113.386680087677,50.8203554457906],[-113.386221040482,50.8203594416581],[-113.385433175757,50.8204817549914],[-113.38453289945,50.8206489887648],[-113.38396354902,50.8207489357977],[-113.383656693502,50.8209125462142],[-113.383301138516,50.8210483868716],[-113.38298640118,50.8212025870246],[-113.382573186929,50.821485825108],[-113.3818667994,50.821827841078],[-113.381418849992,50.8220227194795],[-113.38077711152,50.822182657732],[-113.380120302011,50.8222952065863],[-113.379619230729,50.8222639418133],[-113.378984313164,50.8221312497366],[-113.378623285641,50.8220051385131],[-113.378104710686,50.8218970358546],[-113.377335576733,50.8217366971055],[-113.376764512317,50.8215536459073],[-113.376432268612,50.8213890741193],[-113.376193574563,50.8212975967337],[-113.375859563873,50.8211695877943],[-113.375554476239,50.8210526630276],[-113.375322369536,50.8210351571743],[-113.375554650512,50.8212278239176],[-113.375508935248,50.8213613499522],[-113.375255569913,50.8213410362136],[-113.37496986433,50.8212377898477],[-113.374470660646,50.821007109886],[-113.374167682256,50.8208599564036],[-113.373784116901,50.8206736601492],[-113.373430821178,50.8204575522713],[-113.37321284767,50.8203242183098],[-113.372959658405,50.8201302902206],[-113.372771535913,50.8198916492949],[-113.372390731081,50.8197766605484],[-113.372110003962,50.8197281703715],[-113.371705939052,50.8196751916091],[-113.371450801341,50.8196664841107],[-113.371268648155,50.8196860585286],[-113.370999238909,50.8197388891555],[-113.370655107799,50.8198233476617],[-113.37018150071,50.8199572704356],[-113.36949629276,50.8202516024893],[-113.36905908361,50.8205214558925],[-113.36872775978,50.8206800815285],[-113.36835482419,50.8209917639454],[-113.367902333798,50.8214682978521],[-113.367552635828,50.8218916077599],[-113.367160015455,50.822437100031],[-113.366733265389,50.8230450861179],[-113.36634643915,50.8236498983497],[-113.366244024021,50.823937312359],[-113.366198901644,50.8242344089934],[-113.366153180091,50.8247554072627],[-113.366229933047,50.8250738055672],[-113.36623670365,50.8252472671667],[-113.366300722987,50.8253891391562],[-113.366391628002,50.8255131070544],[-113.366589285212,50.8259317045335],[-113.366719627167,50.8262106342744],[-113.366914426836,50.8264508141473],[-113.367106616001,50.8270507244692],[-113.367166900143,50.8273755582196],[-113.367162018698,50.8277216681408],[-113.366997494949,50.8281513116333],[-113.366931206467,50.8282490586143],[-113.366741078936,50.8285294174459],[-113.366441105411,50.8288607678348],[-113.366023846046,50.8291532013933],[-113.365845920331,50.8292190245652],[-113.365266355158,50.8293988126417],[-113.364093541672,50.8295603489654],[-113.363128318968,50.8296656360264],[-113.36232418216,50.8296609702872],[-113.361658910521,50.8295482979053],[-113.360856442783,50.8293509753271],[-113.36050190469,50.8292142793444],[-113.359978017996,50.8290013731669],[-113.359347310835,50.8286833681971],[-113.35974571546,50.8283367621069],[-113.358551142982,50.8282583835655],[-113.357863493412,50.8281539404877],[-113.3572363858,50.82801308464],[-113.355622991787,50.8278227689268],[-113.35454240384,50.8276261727363],[-113.354007539733,50.8274303888425],[-113.353020671223,50.8273685947316],[-113.351822759707,50.8273401319174],[-113.350742020843,50.8273916533377],[-113.350117274903,50.8274447532861],[-113.349640396149,50.8276775463103],[-113.349070435763,50.8278574191955],[-113.348926584943,50.8279429473605],[-113.3488458794,50.8282399362296],[-113.348842870942,50.8290381106248],[-113.348912350239,50.829794564691],[-113.349228771018,50.8303119376831],[-113.349627449629,50.8307872774377],[-113.349747707096,50.8310879884051],[-113.350274594163,50.8322260414271],[-113.350791881833,50.833176808739],[-113.351262289123,50.8343122135285],[-113.351558115126,50.8348784608401],[-113.351843922219,50.8355595498896],[-113.351847220832,50.8439666781495],[-113.351331701945,50.8443291672667],[-113.351060664054,50.8445092510866],[-113.350118311558,50.8451792506794],[-113.34927254143,50.845725600719],[-113.348460205699,50.8462716136834],[-113.347094561651,50.8466653299413],[-113.346300459025,50.8469340051893],[-113.34604587288,50.8469235790805],[-113.345995816955,50.8467524809826],[-113.346407469036,50.8463093551027],[-113.346339694741,50.8461738891299],[-113.346230768623,50.8462864839424],[-113.345677639072,50.8467197482429],[-113.345244991566,50.8470791321614],[-113.344993146181,50.8473597261424],[-113.344681937428,50.8477789983347],[-113.344277228426,50.8482373315409],[-113.344131896284,50.8484967505616],[-113.343650212442,50.8489725397713],[-113.323260013172,50.8489628690168]]]},"properties":{"NAME":"Bow River Irrigation District"}},{"type":"Feature","geometry":{"type":"Polygon","coordinates":[[[-113.912228840039,50.9213484429563],[-113.912046026591,51.008722516085],[-113.912061106609,51.0959856942056],[-113.772487179444,51.09588239567],[-113.772528562135,51.1831642373604],[-113.912073033541,51.1832884561758],[-113.912085308121,51.2704598137063],[-113.802656510763,51.2704432401064],[-113.802611340776,51.3577031393314],[-113.662013974686,51.3577015243313],[-113.521287015837,51.3577360631071],[-113.380600870146,51.3577353966887],[-113.239919501695,51.3577678352126],[-113.099319772138,51.357728618629],[-112.958674246467,51.3577550924912],[-112.958678673365,51.2705213634258],[-113.07495494635,51.2705501065332],[-113.074976392729,51.1832910903199],[-113.074944760353,51.0959464389614],[-112.935388969275,51.0959753932473],[-112.935399043881,51.0086753986033],[-112.795841291781,51.0087234905274],[-112.656373432295,51.0087024224443],[-112.656520123588,50.9213301519173],[-112.63593276118,50.9212403399801],[-112.636146225146,50.8339470742301],[-112.774523316977,50.8341930868989],[-112.913483627429,50.8341639865769],[-113.051732397616,50.8343280452765],[-113.190468640388,50.8343279964849],[-113.190941695013,50.9214847075726],[-113.214426442216,50.9214776981054],[-113.290441581521,50.9215261584299],[-113.328836967356,50.9215353118397],[-113.328849701874,50.8343183096457],[-113.467479436793,50.8342514758469],[-113.467492119208,50.7470811066673],[-113.605694223712,50.7470191681776],[-113.606078256191,50.8342137797062],[-113.744086959703,50.8340570172642],[-113.744289442663,50.9214361582982],[-113.912228840039,50.9213484429563]]]},"properties":{"NAME":"Western Irrigation District"}},{"type":"Feature","geometry":{"type":"Polygon","coordinates":[[[-112.497517852972,50.7432718732454],[-112.497517774818,50.7434538128808],[-112.497801280427,50.7434349898471],[-112.50920560047,50.7436196261266],[-112.509205385772,50.7434387956101],[-112.509200038101,50.7395847100538],[-112.520584590716,50.7395931374276],[-112.52061261456,50.745764037957],[-112.520904625418,50.7459264234171],[-112.521605248457,50.7464755816448],[-112.523690050484,50.7481055811261],[-112.52422537363,50.7491056087595],[-112.533833222106,50.7544768436728],[-112.535540004078,50.7549622891586],[-112.547648346385,50.7541678205011],[-112.550956032194,50.7553168174846],[-112.551736183086,50.7572239880039],[-112.566378042193,50.757141047296],[-112.572057981936,50.7568623063393],[-112.576619539812,50.7574573986766],[-112.588025972693,50.7562598902336],[-112.597408874039,50.7544173308761],[-112.600618503345,50.7545538945541],[-112.607559603187,50.7564117844393],[-112.609322492135,50.7586133818393],[-112.61071837078,50.7597538931089],[-112.609811054377,50.7610226353594],[-112.608170973213,50.7644365276618],[-112.610270952277,50.7678588369137],[-112.614461510432,50.7668060746218],[-112.61997068044,50.7668811029953],[-112.629184488307,50.7712846482007],[-112.633727581312,50.7745194581037],[-112.636694161537,50.7767966901279],[-112.644401531503,50.7787406676858],[-112.646601605347,50.7834340420386],[-112.647154565117,50.7870718938746],[-112.642312743652,50.7914914686468],[-112.647869558506,50.7932774487432],[-112.651262749557,50.7944827639895],[-112.652526910029,50.8020951039867],[-112.655402546611,50.803244761177],[-112.657275816948,50.8025319941967],[-112.660124153728,50.8037098430989],[-112.656895562783,50.8052490220934],[-112.652713973407,50.8054565850067],[-112.648607166084,50.8037872466387],[-112.646888741946,50.801862235647],[-112.646650240137,50.8012817956041],[-112.646340551332,50.7994127360934],[-112.646315065229,50.7974197300103],[-112.646383727958,50.7972238711312],[-112.64455845281,50.7947138815885],[-112.640705185095,50.7943816233829],[-112.636467736678,50.7926153217796],[-112.630474464563,50.7893986997463],[-112.632912922538,50.7862291438509],[-112.628725545317,50.7818316925989],[-112.625389050536,50.7799588453548],[-112.624243343714,50.7785470889622],[-112.623590439183,50.777007983639],[-112.620387699056,50.7751035883503],[-112.60904807029,50.7762435630618],[-112.598725339816,50.7771323253524],[-112.594495848676,50.775226473502],[-112.592163217633,50.7710693401116],[-112.595410965151,50.7669180728364],[-112.601702123106,50.7635596268765],[-112.595856751416,50.7600069570726],[-112.587337675437,50.7603079379792],[-112.581184799646,50.7617703317857],[-112.576387753808,50.7623474383867],[-112.568512051235,50.7629896407068],[-112.569227733632,50.7645632971575],[-112.567529009549,50.7648802245076],[-112.566219945889,50.7633433451228],[-112.562374921114,50.7629721585514],[-112.558575899065,50.7625522592737],[-112.550155293713,50.7612086683185],[-112.543874253484,50.7613165255923],[-112.534393984642,50.7614786792496],[-112.529347488328,50.7624486329564],[-112.525169185888,50.7626878235901],[-112.522762653141,50.7622866786961],[-112.520528890677,50.7614811260457],[-112.519734803322,50.7612437850904],[-112.517783536761,50.7600321429253],[-112.516519620631,50.7591234991083],[-112.514687332336,50.7569583822998],[-112.51412197312,50.7557096158418],[-112.513905378525,50.7529194530079],[-112.514830115059,50.7504268740437],[-112.514074317494,50.7504269922634],[-112.514170066225,50.7476042210058],[-112.506788940116,50.7468070667815],[-112.497800727065,50.7468065489621],[-112.497516480346,50.7468439223179],[-112.497512263654,50.7540355095711],[-112.497508050555,50.7612682787391],[-112.497503811405,50.7685012737954],[-112.497499539018,50.7757342964908],[-112.497499427627,50.7759151113211],[-112.497495163324,50.7831480894834],[-112.497490852309,50.7903811499997],[-112.497490566645,50.7908490550768],[-112.497490224387,50.7914212941145],[-112.497481881733,50.7976146483751],[-112.497477531192,50.8048543654283],[-112.49747685476,50.8050360770262],[-112.497474691617,50.812267573515],[-112.497471639142,50.8194989290048],[-112.497468812144,50.8267264150398],[-112.497464614316,50.833517227637],[-112.497464230736,50.8344157611762],[-112.497462585022,50.8405184320512],[-112.497461869065,50.8419247158748],[-112.497456476478,50.8486142355858],[-112.497454805612,50.8558469696713],[-112.497452512213,50.8630790562295],[-112.497452447534,50.8632597599658],[-112.497448558727,50.8704923352284],[-112.497445086739,50.8777247707129],[-112.497443044868,50.8849598322238],[-112.497426682953,50.8921967961739],[-112.49742687699,50.8923775496592],[-112.497437064783,50.8996094067014],[-112.4974312437,50.9068432953595],[-112.497434350973,50.9140772228496],[-112.49743338708,50.9212642135115],[-112.497433565845,50.9214522809916],[-112.504951418236,50.9214491822818],[-112.516427088767,50.9214416178502],[-112.516438373403,50.9286388052681],[-112.516437952093,50.93587997836],[-112.516443727362,50.9431126539273],[-112.516449527784,50.9503453114477],[-112.51644967421,50.95052610969],[-112.516455257239,50.9577621971082],[-112.516460875303,50.9649985456603],[-112.516465598645,50.9722381256375],[-112.516470480988,50.9794778662351],[-112.5164704747,50.9796586925266],[-112.516472175211,50.9869018199521],[-112.516468461575,50.9941455406861],[-112.516475517842,51.0013805331303],[-112.516480203454,51.0086119596919],[-112.504997262858,51.0086410121546],[-112.493515330171,51.0086686345862],[-112.481747397255,51.0086849610351],[-112.470339624088,51.0086997144652],[-112.469905425192,51.0087002593393],[-112.458498157777,51.0087186974461],[-112.447018103467,51.0087379121601],[-112.446731494179,51.0087382959456],[-112.435251111985,51.0087537140592],[-112.423766870628,51.0087486344136],[-112.423480951246,51.0087477927988],[-112.412002169849,51.0087544398035],[-112.400521858622,51.0087606606304],[-112.400235271792,51.0087608041966],[-112.388754739579,51.0087664914537],[-112.377273983685,51.008771547358],[-112.376987392363,51.0087580634381],[-112.376987536992,51.0090320254447],[-112.376991512037,51.0161752240866],[-112.376994224949,51.0234001494099],[-112.37700472356,51.0306218896501],[-112.377006151881,51.0378437734614],[-112.377006174339,51.0380244960582],[-112.377009935585,51.0452473147934],[-112.377013156046,51.052479475116],[-112.377016255233,51.0596986157056],[-112.377018584565,51.0669218124765],[-112.377018679786,51.0671024617146],[-112.377023014158,51.0743193218696],[-112.377024432597,51.0815429889498],[-112.377030366868,51.0887659920716],[-112.377033678058,51.0959883429263],[-112.377033604396,51.0961690383548],[-112.377030793568,51.1034047261957],[-112.377030817822,51.1106408844565],[-112.365542449605,51.1106007364684],[-112.354054299678,51.1105601225981],[-112.3537673652,51.1105601355696],[-112.342310181998,51.1105626221572],[-112.330851915427,51.110561866988],[-112.330564903694,51.1105626244131],[-112.319081955013,51.1105866708187],[-112.307604876822,51.110605656061],[-112.307317821071,51.1106048642339],[-112.295814177003,51.1106214333819],[-112.284323116534,51.1106249424603],[-112.284035578388,51.1106247552192],[-112.272544420004,51.1106253722125],[-112.261056265585,51.1106305100623],[-112.260768953815,51.1106307486254],[-112.249283169152,51.1106391829319],[-112.237790816907,51.1106437968438],[-112.237503491661,51.1106435109065],[-112.237503240133,51.1178749027604],[-112.237501191974,51.1251062150208],[-112.2375013914,51.125286940405],[-112.237512648189,51.1325147942052],[-112.237517426328,51.1397437956031],[-112.237541003511,51.1469820861136],[-112.237550379228,51.1542150056414],[-112.237552713051,51.1543947184162],[-112.237559533959,51.1616263792818],[-112.237563632971,51.1688597871982],[-112.23757176003,51.1760873345652],[-112.237577725741,51.1833166766466],[-112.237577331381,51.1834974962693],[-112.237561854307,51.1907354196359],[-112.237570004722,51.1979475817378],[-112.237577970083,51.205170689817],[-112.237585973174,51.2123847335425],[-112.23758616721,51.2125655370292],[-112.237586840048,51.2131657966555],[-112.237452665881,51.2131234480609],[-112.236644945693,51.212871435527],[-112.236297690242,51.2127223651648],[-112.236051238342,51.2125991890866],[-112.236003078761,51.2125725937159],[-112.235891543936,51.2125110305594],[-112.235745682686,51.2124047585143],[-112.235729690878,51.2123930119575],[-112.235468486844,51.2122010441846],[-112.235089759815,51.2119444993447],[-112.234709113985,51.2116160949905],[-112.234563244651,51.2115098304467],[-112.234081569792,51.2111465560439],[-112.233632086062,51.2109176945405],[-112.233326791816,51.210732247469],[-112.232493341183,51.2100492359314],[-112.232258828792,51.2098360898896],[-112.231880378444,51.2095885063777],[-112.231429004658,51.2092877962354],[-112.230936179012,51.2090414129935],[-112.230499592394,51.2087585107303],[-112.22989215609,51.2085043362915],[-112.229819006277,51.2084422285483],[-112.229326662128,51.2082138010208],[-112.22923993338,51.2081787776212],[-112.22889511416,51.2081195053306],[-112.228248849077,51.2080184694773],[-112.22723229484,51.2079752072424],[-112.226414686896,51.2078849417761],[-112.226227863368,51.2078509564775],[-112.226067451208,51.2078093560111],[-112.225695049217,51.2077127829931],[-112.224658249648,51.2074451108569],[-112.22422622737,51.2073328265666],[-112.223549498619,51.2071602143538],[-112.22265878937,51.2070077931512],[-112.222198894166,51.2069227525424],[-112.221638220563,51.2068118025138],[-112.22073368714,51.2066774777574],[-112.220186828728,51.2065484097968],[-112.219870878666,51.20649779309],[-112.219712660192,51.2064634989113],[-112.218721881315,51.2063120907134],[-112.218234368306,51.2062632567329],[-112.21684446166,51.206160897012],[-112.215512236738,51.2060758880454],[-112.21490891921,51.2059743327331],[-112.214617097896,51.2059078226115],[-112.214328675808,51.2058420857036],[-112.212722100008,51.2054759057713],[-112.21227629937,51.2053816872102],[-112.211973233844,51.2052770145776],[-112.211813138789,51.2051708603529],[-112.211772302275,51.2051366434188],[-112.211506083845,51.2049134968307],[-112.2109655882,51.2044788589363],[-112.210892455455,51.2044167209998],[-112.210730261037,51.2042297348456],[-112.210607896122,51.2039255395045],[-112.21051834936,51.2037827192432],[-112.21003131066,51.2032037947885],[-112.209615279293,51.2026061576699],[-112.209492926056,51.2023019611749],[-112.209241440896,51.2019811323069],[-112.209078085855,51.2017492279909],[-112.208884259959,51.2014457783942],[-112.208806683248,51.2012129876725],[-112.208670748382,51.2009358906728],[-112.208256870276,51.2004190794801],[-112.20812023742,51.2001150379708],[-112.207942129347,51.1998653172567],[-112.207704259053,51.1995173844192],[-112.207495466326,51.1991871363291],[-112.207286193001,51.1988389163556],[-112.206708081302,51.1980542761175],[-112.206641788329,51.1979207808859],[-112.206557170622,51.1977503709876],[-112.206482647285,51.1976343438723],[-112.206189029341,51.1973408933434],[-112.205780604907,51.1970306579305],[-112.205402151864,51.1967740145065],[-112.20528288973,51.1965865779449],[-112.204973819865,51.1962483568455],[-112.204827143844,51.1961061201881],[-112.203798053617,51.1950206379923],[-112.203285632122,51.1945587335187],[-112.202949875106,51.1942926597357],[-112.202940495796,51.1942869558498],[-112.202731963581,51.1941601365312],[-112.202382152423,51.1939031888807],[-112.202163790842,51.1937526930561],[-112.201912638058,51.1934408278971],[-112.201503795908,51.1931126153032],[-112.201125880058,51.1928739196521],[-112.200691497007,51.192662752932],[-112.200372381282,51.1924863368611],[-112.200053748851,51.1923278826066],[-112.199560338401,51.1920454575575],[-112.199098536073,51.1918794842222],[-112.197682960967,51.1913189777131],[-112.197179457945,51.1911983426116],[-112.196876054653,51.191075666894],[-112.19669694945,51.1909566289447],[-112.19609056148,51.1905536296401],[-112.195945093693,51.1904562879735],[-112.194985790886,51.18984617466],[-112.194638364755,51.1896790251496],[-112.194115052085,51.1893429536185],[-112.193710696121,51.1891853657401],[-112.193521665432,51.1890615141422],[-112.193174250081,51.1888943600967],[-112.192811168111,51.1886734449226],[-112.192665930292,51.1885850891414],[-112.19161190463,51.1881179616469],[-112.191595851736,51.1881108409685],[-112.191349417802,51.1879785871326],[-112.191324313484,51.1879672785801],[-112.190568437766,51.1876271564509],[-112.190103949475,51.1873533717548],[-112.189669422694,51.1871331822785],[-112.189335878229,51.1869478995668],[-112.187304445114,51.1857736293013],[-112.187231388725,51.1857114762684],[-112.186881713212,51.1854544724974],[-112.186635322398,51.1853222172324],[-112.185966890486,51.1848977538948],[-112.185865715931,51.1848538432442],[-112.184834979991,51.1842353964979],[-112.184806169223,51.1842267047882],[-112.18444316361,51.184005780754],[-112.183935862511,51.1837323962972],[-112.183601312831,51.1834780437788],[-112.183586005539,51.1834664092193],[-112.183457675811,51.1832972077501],[-112.183349323716,51.1831543584475],[-112.183201606547,51.1829671874469],[-112.183082470178,51.1827797268169],[-112.182964915741,51.1826551355478],[-112.182697149515,51.1822445777354],[-112.182490669052,51.1819951143555],[-112.182149838351,51.1815223993033],[-112.182000064041,51.181254385767],[-112.18141107015,51.1805775431218],[-112.18107393422,51.1802485259896],[-112.18081259544,51.1800894586415],[-112.180364823898,51.1799053031637],[-112.179815246285,51.1797088272325],[-112.179484941145,51.1795907397815],[-112.178952833968,51.1794613306888],[-112.178202988641,51.1791993583823],[-112.177641653878,51.1790432962915],[-112.177308459756,51.1788669683062],[-112.177033996589,51.1787529784117],[-112.176717615336,51.1786844450168],[-112.176129243079,51.1785915603863],[-112.175798572325,51.1785140585842],[-112.174694638062,51.1783814736715],[-112.173134708181,51.1783073628226],[-112.172015814274,51.1781479339891],[-112.17164338174,51.1781157395472],[-112.170583583504,51.1780274930521],[-112.17033975199,51.1779939981975],[-112.16986525467,51.1778819569238],[-112.169188890635,51.1777001883114],[-112.169016361998,51.1776660140473],[-112.168426328757,51.17745590622],[-112.168314504673,51.1774200631209],[-112.168025972991,51.1773278207667],[-112.167906520414,51.1772906958041],[-112.167848984218,51.1772732939955],[-112.167603427939,51.1771588496271],[-112.166750529679,51.1767900741225],[-112.166014700765,51.1764917511644],[-112.165623581477,51.1762709235317],[-112.165399275744,51.1760842410178],[-112.164878142386,51.1756496656622],[-112.164239783376,51.1752696520232],[-112.163801916658,51.1749056175843],[-112.1635252625,51.1747017098021],[-112.163307117413,51.1745511309955],[-112.163001906711,51.1743475060622],[-112.162009632139,51.1735307377338],[-112.161486314977,51.1731765176769],[-112.16078607462,51.1726077786221],[-112.160536909808,51.1723587356396],[-112.160145715061,51.1715721282517],[-112.160082962349,51.1713481775592],[-112.159810806954,51.1707490446605],[-112.159504244287,51.1699166774502],[-112.159228652836,51.169182706035],[-112.159080627545,51.1689775399542],[-112.159001082625,51.1688616578118],[-112.15879885299,51.1685670574771],[-112.15852284472,51.1678151297201],[-112.158275628354,51.167071908871],[-112.158141449695,51.1668486280476],[-112.157235991906,51.1660669935744],[-112.156509830661,51.1655980149819],[-112.156410565924,51.1655446629206],[-112.156263617713,51.1654656858487],[-112.155845763664,51.1653260682141],[-112.155300020959,51.1652146541064],[-112.15489690467,51.1650928550336],[-112.153932860555,51.1648238497479],[-112.153687554906,51.1647274401122],[-112.153340018282,51.1645422019734],[-112.153138465078,51.1644812855347],[-112.152186504202,51.1641223102188],[-112.15179724263,51.1639823967141],[-112.151192375508,51.1637907020739],[-112.150760937135,51.1636781333714],[-112.150546448191,51.1636712686135],[-112.150388650128,51.1636458606629],[-112.149372211774,51.1635659891473],[-112.148066983023,51.1633631731019],[-112.147492713418,51.1632520026844],[-112.146657975499,51.163008619751],[-112.146369619886,51.1629036339629],[-112.145619722457,51.1626234864797],[-112.145116444014,51.162493642182],[-112.144921029897,51.1624424802014],[-112.144632998576,51.1623670452171],[-112.144454931825,51.1623204253718],[-112.143992956122,51.1621272957316],[-112.142697413904,51.1617356506033],[-112.142194152529,51.1616058021163],[-112.142180961668,51.1616027205546],[-112.141935491627,51.1615454333266],[-112.141691336719,51.1614939058017],[-112.140688386569,51.1613779023246],[-112.139957009705,51.1612682183389],[-112.138955367502,51.1612060886023],[-112.137739029743,51.1611280539311],[-112.136864634798,51.1610107667541],[-112.136391936804,51.160961440261],[-112.136248218037,51.160926902051],[-112.135387232244,51.1607735301599],[-112.135186600712,51.1607485177872],[-112.134497684517,51.1606204383166],[-112.134267826298,51.1605687475081],[-112.133995324153,51.1605264626676],[-112.133206210769,51.1603903545355],[-112.133082654689,51.1603625769254],[-112.132516645991,51.1602353093313],[-112.132301075476,51.1601834856983],[-112.131695897537,51.1599737173604],[-112.130560048827,51.1596792309581],[-112.129954886159,51.1594694535666],[-112.129350605637,51.1592955989166],[-112.128832466365,51.1591388773374],[-112.127880582744,51.1587707115333],[-112.127074169605,51.1585089574508],[-112.126900586346,51.1584207849836],[-112.126394779145,51.1581830899855],[-112.126078370942,51.1580962820129],[-112.125775808473,51.1579913819499],[-112.125471281389,51.1578056474455],[-112.125164804061,51.157539078087],[-112.124888410415,51.1573351042179],[-112.124626083487,51.1571220106321],[-112.124321347993,51.1569272912474],[-112.12411768285,51.1567765180549],[-112.123764882099,51.1563666430978],[-112.123544539733,51.1561172092881],[-112.123208866261,51.1558239642901],[-112.122813438652,51.1554234789225],[-112.122464146721,51.1551573048546],[-112.122068296006,51.1547388630484],[-112.121892354669,51.1545518854546],[-112.121831960933,51.1544177013258],[-112.121790229696,51.1543372667264],[-112.121696297358,51.1541562380773],[-112.121637166653,51.1540422479469],[-112.121514009424,51.1538170035273],[-112.121383058412,51.1535775172531],[-112.12122398025,51.1532919439399],[-112.121069450258,51.1530145368009],[-112.120798257857,51.1524331899798],[-112.120667936564,51.1517696319529],[-112.120495148314,51.1511424142243],[-112.120464194166,51.1510438910974],[-112.12034237902,51.1507306218135],[-112.11993991401,51.1500247324419],[-112.119660142698,51.149650008556],[-112.119090856048,51.1491343516023],[-112.118840946532,51.1488315957758],[-112.11857618517,51.1485010047491],[-112.117977405931,51.14794058951],[-112.117668661256,51.147566128775],[-112.11742061305,51.1473438445297],[-112.117362641171,51.1473084553365],[-112.117071974193,51.1470955521283],[-112.116947912361,51.1469377116274],[-112.116924754691,51.1469082477069],[-112.11673280358,51.146640490565],[-112.116483951381,51.1464099572379],[-112.116193483829,51.1462060970348],[-112.115945205654,51.1459748554128],[-112.115303439334,51.1454064825414],[-112.115069434491,51.1451751213841],[-112.114866154725,51.1450333295553],[-112.114445758443,51.1447123245815],[-112.113707796929,51.1442970060335],[-112.113345009607,51.1440488550414],[-112.113068947438,51.143844787159],[-112.112691700833,51.1435877878351],[-112.112315264508,51.143366714724],[-112.112039211323,51.1431626618606],[-112.111966352564,51.1431004604013],[-112.111792955256,51.1430122455266],[-112.111257008679,51.1426848449928],[-112.111083600592,51.1425966383413],[-112.11059405739,51.1424213364978],[-112.109944923985,51.1421399774649],[-112.109730501517,51.1420742256682],[-112.108750566204,51.1417742178523],[-112.108304437682,51.1416346006561],[-112.106882331823,51.1413079128926],[-112.10627976349,51.1412153700454],[-112.10583634249,51.1411191336967],[-112.105192027649,51.1410716914943],[-112.10473474744,51.1410671989785],[-112.104491915751,51.1410695824749],[-112.103320836014,51.1410368780082],[-112.102590359262,51.1409452347014],[-112.101901518526,51.1407992478867],[-112.100512764419,51.1406511673531],[-112.099823836546,51.1405052320246],[-112.098744558343,51.1401460132197],[-112.098468901315,51.1400034709811],[-112.09828300934,51.1398738431421],[-112.098265668262,51.1398617399186],[-112.097995661637,51.1396318699391],[-112.097420775788,51.1391424637798],[-112.097156644145,51.1388398673001],[-112.096828808473,51.1383479693437],[-112.096653067461,51.1381612488686],[-112.096461428963,51.1378935272236],[-112.096297759512,51.1375983227184],[-112.096191135776,51.1373030148682],[-112.096195312942,51.1368541083039],[-112.096246554642,51.1365932912692],[-112.096325398876,51.1362873146872],[-112.096430879057,51.1358833031087],[-112.096461344521,51.1353175601072],[-112.096508649804,51.1348683569067],[-112.096512807207,51.1346063894446],[-112.09658938589,51.134148278629],[-112.09661297565,51.133896946828],[-112.096652424267,51.1337261750779],[-112.09667370895,51.1333582845285],[-112.096750653247,51.1329181373883],[-112.096682962495,51.1324788428956],[-112.09667964861,51.1324711132702],[-112.096516552284,51.1320943493983],[-112.096454859583,51.1318792118965],[-112.096363144288,51.1316286913443],[-112.096171463569,51.1313790539189],[-112.095821770989,51.1310949622759],[-112.095499385396,51.1307567392315],[-112.095409602377,51.1305869807395],[-112.095315333171,51.1302287423403],[-112.09524834041,51.129816382245],[-112.095184971453,51.1295566117993],[-112.09504894496,51.1292436285073],[-112.094869828977,51.1289220649861],[-112.094794567224,51.1287611535672],[-112.094731627662,51.1285193278959],[-112.094638032193,51.1282780590844],[-112.094491063321,51.128028431735],[-112.094387044699,51.1278491389026],[-112.094191367375,51.1274201589239],[-112.093940855989,51.1270727064121],[-112.093273479598,51.1265947117381],[-112.093262122198,51.126587623842],[-112.092561979757,51.126151531216],[-112.092331030982,51.1260370361062],[-112.091668101252,51.1257560372782],[-112.091078544118,51.1255640789512],[-112.091000888355,51.1255573128249],[-112.090333267622,51.1254982347638],[-112.089989055663,51.1254295923509],[-112.089558391638,51.1253258471137],[-112.089350913146,51.1252657849248],[-112.089227864614,51.125230142009],[-112.088668508839,51.1251185904822],[-112.088519595114,51.1250835112556],[-112.088429754603,51.125064141246],[-112.08793324766,51.1249950307947],[-112.087404416639,51.1249727470088],[-112.086888963329,51.124905427065],[-112.086537834343,51.1248290511751],[-112.086214700453,51.1247587451019],[-112.085524811383,51.124549354727],[-112.084447520253,51.1242536093473],[-112.083712536654,51.1239368762578],[-112.08274850781,51.1236217653635],[-112.081744644074,51.1233974093501],[-112.081112745747,51.1232145966206],[-112.079759804775,51.1226972680331],[-112.079398912898,51.1225030134661],[-112.079089725354,51.1221635079165],[-112.078930567242,51.1220572445659],[-112.078828470116,51.1219504819716],[-112.078545433428,51.1214855651512],[-112.078295932646,51.1211468014817],[-112.078025769714,51.1207262154014],[-112.077950251942,51.120520494381],[-112.077786560931,51.1201809928687],[-112.077681882047,51.1199396686593],[-112.077555500765,51.1194367142656],[-112.077429440181,51.1190149786604],[-112.0772175303,51.1183889381339],[-112.077157530026,51.1182369935918],[-112.076947540743,51.1178892661815],[-112.076938068907,51.1178684276032],[-112.076736451025,51.1174240327447],[-112.076527958336,51.1170666057665],[-112.076410729988,51.1169418961731],[-112.076160962406,51.1166477159866],[-112.075966761015,51.1162901386419],[-112.075746625261,51.1160406128586],[-112.075442166448,51.1158457370617],[-112.075095970111,51.1156961712177],[-112.075063069314,51.1156808715757],[-112.074775218554,51.1155470447465],[-112.074489507581,51.1154142055189],[-112.073711534206,51.1151248100898],[-112.073423871194,51.1150375788218],[-112.073093607376,51.1149597209724],[-112.072561540623,51.114802843188],[-112.071134324249,51.1142318347519],[-112.070715612309,51.1140379934829],[-112.070311172802,51.1138440104157],[-112.069489335589,51.113510061497],[-112.068940676953,51.1132544983102],[-112.068493208144,51.1130519280788],[-112.068277606187,51.1129909763721],[-112.067689647156,51.1128973735008],[-112.067459892242,51.1128365405841],[-112.067142014396,51.1126688333113],[-112.06667936316,51.1124124567572],[-112.066461606145,51.1122527014639],[-112.066215918711,51.1121201511008],[-112.064993873955,51.1117358090123],[-112.064778766072,51.1116928139466],[-112.064364956238,51.1116965276634],[-112.06368079303,51.1117385983861],[-112.06326701284,51.1117373977034],[-112.06292426783,51.1117363949726],[-112.062523682095,51.1116950636075],[-112.062107386623,51.1115909790346],[-112.061906154118,51.1115298945604],[-112.060682118695,51.1110556981477],[-112.060063845116,51.1108547977992],[-112.059270518634,51.1106444459836],[-112.058556149574,51.1104550829047],[-112.057562945246,51.110086648852],[-112.0568879736,51.1099040141204],[-112.056486384447,51.1098177526457],[-112.055426136155,51.1096385363303],[-112.0542912711,51.1093162441285],[-112.053732539654,51.1092223974995],[-112.053018858704,51.1092197540489],[-112.052018797536,51.1091747369696],[-112.051769224889,51.1091359582214],[-112.051481907728,51.1090913127351],[-112.051417238909,51.1090812560879],[-112.050986330542,51.1089593048958],[-112.05046955581,51.108829130811],[-112.050181942206,51.1087328675712],[-112.049043503653,51.1082488242056],[-112.048238555666,51.1079954276183],[-112.047863896209,51.1078370349398],[-112.047261929747,51.1076536005687],[-112.0469603689,51.1075754121728],[-112.046110588692,51.1072415493704],[-112.045205734571,51.1069980001869],[-112.044661978939,51.1068681499685],[-112.043986011061,51.1066584901181],[-112.04277932031,51.1063456844491],[-112.042105388014,51.106225823113],[-112.041575847324,51.1061765768152],[-112.040732947313,51.106148085221],[-112.040390302016,51.1061426721884],[-112.040004904097,51.1061365687776],[-112.039984252727,51.1061367526526],[-112.038307094499,51.1061515957672],[-112.037467729358,51.1062668232062],[-112.037183591336,51.1063232371227],[-112.036446289185,51.1065365161764],[-112.036105281516,51.1066024781989],[-112.034530010207,51.1069934885633],[-112.033763760745,51.1071888952114],[-112.033392804143,51.1071921563813],[-112.033077517038,51.1071320480547],[-112.032891038463,51.1070887683868],[-112.032176634369,51.1069776784185],[-112.031832528411,51.1068998177056],[-112.031156560533,51.1066541397733],[-112.030695750843,51.1064604906379],[-112.029797927836,51.1059665404359],[-112.029711127223,51.1059134031371],[-112.029290186562,51.1055938239395],[-112.028492194231,51.1050823575946],[-112.028363739637,51.1050000174059],[-112.02820489324,51.104888871653],[-112.028160814706,51.1048580277426],[-112.027941644641,51.1046263173053],[-112.027389563424,51.1041818610854],[-112.02680362111,51.1034947636535],[-112.026771786613,51.1034452781019],[-112.02659672832,51.1031731511832],[-112.026379948672,51.1030492738917],[-112.026348248024,51.1029058139018],[-112.026104291644,51.102198228664],[-112.02597071306,51.101337356509],[-112.025712718707,51.1006388862651],[-112.025639787184,51.1005676656364],[-112.025509821624,51.1004969187442],[-112.025294434365,51.1004359222737],[-112.024808215827,51.1003862738062],[-112.024648913086,51.1002798751891],[-112.024604528226,51.1002083860568],[-112.024599182352,51.0999658834688],[-112.024604327902,51.0995525898155],[-112.024665343273,51.0990849051283],[-112.024638187202,51.0985012144001],[-112.024566520507,51.098325469294],[-112.024183585769,51.0977808122754],[-112.023420733735,51.096826286189],[-112.022983176038,51.0963899340632],[-112.022765475617,51.0962211584006],[-112.022722415772,51.0962003574398],[-112.022491498439,51.0960887905423],[-112.022234581166,51.0960195639704],[-112.021845695089,51.0959147817733],[-112.021340571507,51.0956496856808],[-112.020767012469,51.0954244559083],[-112.019618925112,51.0951200643881],[-112.018830027324,51.0949293282651],[-112.018228763345,51.0948357644121],[-112.01801360875,51.0947837358931],[-112.017123103419,51.0945130293587],[-112.016721606792,51.0943934211219],[-112.016390689899,51.094294816379],[-112.015930830627,51.0942194623907],[-112.015586929486,51.0941505805552],[-112.015186565635,51.094109112729],[-112.014156625602,51.0939832697984],[-112.013656419397,51.0939426712278],[-112.012984449022,51.0938766082051],[-112.012512771514,51.0938357488877],[-112.011297013168,51.0936935139273],[-112.010274589339,51.0935931468644],[-112.009445996796,51.0935373555083],[-112.009088071156,51.093477551013],[-112.008844434576,51.0934257336651],[-112.008212980017,51.093251471708],[-112.007883794178,51.0932003807858],[-112.006941314121,51.0931545554145],[-112.006231848964,51.0931798633831],[-112.005519447214,51.0932219001835],[-112.005229257242,51.0932574707521],[-112.004942143999,51.0932926632857],[-112.004495001278,51.0933474580134],[-112.003627447004,51.0934716693486],[-112.002645197631,51.0935698984055],[-112.002360122666,51.0935813175544],[-112.00159143248,51.0936597383703],[-112.00092245619,51.0936744602419],[-112.000077120846,51.0937893904275],[-111.999834583805,51.0937874902537],[-111.999684681035,51.093786137339],[-111.999123136964,51.0937334204614],[-111.998613456228,51.0936367071567],[-111.998206686491,51.093499760848],[-111.997944910231,51.0933908374323],[-111.997298322652,51.0930143201193],[-111.996964201469,51.092758973088],[-111.996606704325,51.0923427212182],[-111.996310152484,51.0918968847668],[-111.99620920071,51.0916047647542],[-111.996158101842,51.0915220902427],[-111.995914697027,51.0912864520376],[-111.995484645653,51.090997620385],[-111.994592555694,51.0905175778449],[-111.993758153746,51.0901952640365],[-111.993472034039,51.0900384449394],[-111.993295815123,51.0899418683503],[-111.992749916112,51.0896136063086],[-111.991946170071,51.0891196464927],[-111.991477546835,51.0887376573277],[-111.991145619337,51.0884670773388],[-111.990739346369,51.0880200885562],[-111.990469308303,51.0876845412683],[-111.9904235068,51.0874594295648],[-111.990460697951,51.0872152248702],[-111.990516827385,51.0870133948124],[-111.990669723341,51.0864634939164],[-111.990868441462,51.0860255582542],[-111.991300508655,51.0852814405309],[-111.991389148119,51.0849469534308],[-111.991535715445,51.084243393312],[-111.991678329284,51.0834726729831],[-111.991728908028,51.0831993709812],[-111.991834402582,51.0827100129722],[-111.991856988923,51.082389601828],[-111.99185581752,51.0822426985517],[-111.991785923201,51.0819117594269],[-111.991639835576,51.0816296310662],[-111.991626804614,51.0816044454449],[-111.991302688867,51.0812334146027],[-111.990668039,51.0806693431502],[-111.989937493976,51.080117816561],[-111.989411727109,51.0796565918923],[-111.989189301549,51.0794803834988],[-111.988549953494,51.0790692697337],[-111.988243215655,51.0788405182626],[-111.988132782164,51.0787582786366],[-111.987679750088,51.0784208807448],[-111.987550366636,51.0783336033429],[-111.987451993926,51.0782672409153],[-111.987180434114,51.0780320741586],[-111.986744776354,51.07745988057],[-111.98625914801,51.0769653270301],[-111.985768610372,51.0764119377995],[-111.985445934624,51.0761081520363],[-111.985133949726,51.0759149754761],[-111.98461469744,51.0757144975303],[-111.984264824298,51.0755747308655],[-111.983940062662,51.0753696802949],[-111.98316990463,51.0749167791295],[-111.982645411573,51.0745198290013],[-111.982411725631,51.0743547636132],[-111.982189213834,51.074197597874],[-111.982010656603,51.0740944504769],[-111.981977331801,51.0740751985058],[-111.981722907353,51.0739282191588],[-111.981690407204,51.0739094367219],[-111.981625030513,51.0738716680668],[-111.981270733168,51.0735526875023],[-111.980496257833,51.0731224481898],[-111.980133100404,51.0728550573824],[-111.979941205887,51.0726660672564],[-111.979482677918,51.0720700722127],[-111.979285705224,51.0718694596384],[-111.978727252256,51.0713764290872],[-111.978238597487,51.0708219490771],[-111.977974751509,51.0706051133821],[-111.977168120977,51.070095959287],[-111.976324521179,51.0694108249279],[-111.975706165853,51.0688123911402],[-111.975018111143,51.0681544555894],[-111.974682207702,51.0677610399458],[-111.974130462454,51.0671211797376],[-111.974090687749,51.0670750462722],[-111.973986417599,51.0669752062799],[-111.973943950642,51.0669401828331],[-111.97313048483,51.0662693513015],[-111.972255411657,51.065479028572],[-111.970735463993,51.0643507165202],[-111.970241458858,51.0638884765683],[-111.970198897578,51.0638295319359],[-111.970106059389,51.0637009966974],[-111.970072260276,51.063560083272],[-111.969936407158,51.0632975635362],[-111.969697760719,51.0628082202864],[-111.969502800251,51.0617080188682],[-111.969231305118,51.0608661822298],[-111.969079891382,51.060214542436],[-111.968965666102,51.0597144984773],[-111.968910794309,51.059474354182],[-111.968466510926,51.0583954888711],[-111.968387070211,51.0581539470771],[-111.967919164729,51.0570057886177],[-111.967650841546,51.0559608399828],[-111.967383197491,51.0550067732172],[-111.96732684258,51.0546612460641],[-111.967331591074,51.0535551337012],[-111.967393241554,51.0526388440398],[-111.967378805627,51.0524938215885],[-111.967360866271,51.0523135140121],[-111.967131325156,51.0522147314727],[-111.966928797281,51.0520935044337],[-111.966904417004,51.0519936264825],[-111.967044897345,51.0515950589598],[-111.967021910355,51.0513503876876],[-111.966866888985,51.0510308018348],[-111.966577827296,51.0506720014262],[-111.966437053206,51.0504142572412],[-111.966371661243,51.0501027691891],[-111.966380197035,51.0494956115221],[-111.966495354766,51.0490505819314],[-111.966709242737,51.048519565847],[-111.966802520203,51.0481174952654],[-111.966955676671,51.0473319753423],[-111.967175356978,51.0463906367572],[-111.96749983834,51.0453733321024],[-111.967521378144,51.0452630472086],[-111.967700402499,51.0443466296321],[-111.967735191555,51.044156119036],[-111.967725999095,51.043698538654],[-111.967649857891,51.0434701071094],[-111.967319058678,51.0430299729526],[-111.966609811811,51.0421244940224],[-111.966261216074,51.0418139002448],[-111.965688292145,51.0414142702337],[-111.965421177197,51.0413030247495],[-111.965092466567,51.0412238345614],[-111.96437554719,51.0410892957117],[-111.963849724626,51.0409496786585],[-111.963351437223,51.0407496886477],[-111.962209055066,51.0401017874051],[-111.961374432132,51.0396166838728],[-111.961005799472,51.0393553749772],[-111.960725163083,51.0390519933081],[-111.960302494962,51.0383684606619],[-111.959990534318,51.0380313066312],[-111.959823011992,51.0378504541417],[-111.959720878934,51.0377402513198],[-111.959418599434,51.0375054785274],[-111.958704357935,51.037130067682],[-111.958416832366,51.0369794422301],[-111.957948069891,51.0367333787082],[-111.957562149153,51.0364526238103],[-111.957067039091,51.0360777896591],[-111.95654688849,51.0357838145775],[-111.955759496279,51.0352514861022],[-111.955281611413,51.0349084185862],[-111.954853525552,51.0345189719134],[-111.954023706808,51.0337764143597],[-111.953678959454,51.0335259218075],[-111.953192048315,51.0332848790552],[-111.952937805327,51.033157043703],[-111.952587810014,51.0329394321967],[-111.95228132011,51.0326642804503],[-111.952079982502,51.0324301140994],[-111.951720438996,51.0320738378031],[-111.951419739633,51.0317543296705],[-111.951252370919,51.0314890314278],[-111.9511063336,51.0311356912793],[-111.951081973985,51.0307363793205],[-111.95109358471,51.030606214408],[-111.951093938646,51.0305998089463],[-111.951113634209,51.0303748398495],[-111.951129971869,51.0303035115945],[-111.951207580919,51.0298639992372],[-111.951212216226,51.0282874851053],[-111.951197236819,51.0281297488199],[-111.951039224957,51.0272471768647],[-111.950748149245,51.0263361190967],[-111.950189238137,51.0252270249983],[-111.949820141048,51.0246530982877],[-111.949396893513,51.0237711054088],[-111.949253885313,51.0233735658262],[-111.94925025612,51.0233634425096],[-111.949220928821,51.023281901024],[-111.949028432432,51.0222293560092],[-111.949018802492,51.0214532179808],[-111.949035675548,51.0205687185663],[-111.949137636129,51.0201596566167],[-111.949173154617,51.0197128884085],[-111.949156162085,51.0191188048676],[-111.949109524251,51.0190237439004],[-111.949066103283,51.0189899059217],[-111.949019988268,51.0189539680173],[-111.948897891051,51.0189003199232],[-111.948628441382,51.0188242079678],[-111.948506260622,51.0187727545695],[-111.948447336529,51.0186917588078],[-111.948440603656,51.0186825148954],[-111.948434063921,51.0186254103288],[-111.948513000681,51.0176294094122],[-111.948512954867,51.017327397757],[-111.948508257577,51.0172159531651],[-111.948322134734,51.0164940252644],[-111.948177152038,51.016163784138],[-111.94816632644,51.0161390788578],[-111.948103412031,51.0159957505615],[-111.948023973112,51.0157216132416],[-111.94797436365,51.0151442147259],[-111.947814813873,51.0145781035544],[-111.947651922362,51.0142283125181],[-111.947125583268,51.0135259221461],[-111.946889359586,51.0132757344151],[-111.946880434823,51.0132665804148],[-111.946803164437,51.0131872699719],[-111.946385913158,51.0129139711524],[-111.945977036871,51.0127269687695],[-111.945467657969,51.0125677117762],[-111.945143906039,51.0123659173059],[-111.944910445575,51.0118868201324],[-111.944734273371,51.0116346493628],[-111.944237025319,51.0112092661216],[-111.943785403598,51.0108464337791],[-111.943335938732,51.010557287104],[-111.94307424332,51.010342647583],[-111.942210251765,51.0097525994056],[-111.941876273413,51.0095847002917],[-111.941102476306,51.009330200191],[-111.939997187383,51.0089261961538],[-111.939793098236,51.0088516334867],[-111.939441759043,51.008746527833],[-111.938990383461,51.008611002769],[-111.938415490425,51.0084044183169],[-111.937837035569,51.0082231382058],[-111.937105904844,51.0079383325455],[-111.936202863523,51.0075903584014],[-111.935565471998,51.0072502961349],[-111.935483216861,51.0072171419838],[-111.935390122652,51.0071794794498],[-111.935235449828,51.0070920400314],[-111.935196355147,51.0070454200023],[-111.935067740652,51.0068921520448],[-111.934761150137,51.0064542310337],[-111.934363733659,51.0055681719658],[-111.934179898826,51.0049240890194],[-111.934021815099,51.0046038352571],[-111.933972294571,51.004069109143],[-111.933991213989,51.0031708524898],[-111.934089360324,51.0026855930176],[-111.934348281738,51.0015353919893],[-111.934352675398,51.0015142957677],[-111.934483979448,51.0008822153229],[-111.934656393999,51.000228745102],[-111.934651641013,51.0000603128955],[-111.934567391615,50.9995917276147],[-111.934519567106,50.9990541639541],[-111.93482478769,50.9977741574042],[-111.93517210782,50.9969884957892],[-111.935457030971,50.9963462182529],[-111.935474876902,50.9963060128906],[-111.935921920808,50.9954612947713],[-111.936220635793,50.9945500126906],[-111.936215911553,50.9942805737111],[-111.936214327823,50.9941898040922],[-111.93611964629,50.9938602047536],[-111.935447378573,50.9924684208171],[-111.93528311803,50.9921284156293],[-111.935159595187,50.9919477781314],[-111.935103354362,50.9918655215464],[-111.934683209608,50.9910067121831],[-111.933871598817,50.9896102958501],[-111.933134753909,50.9887354058987],[-111.932467055023,50.9881934103985],[-111.93197927162,50.987940631864],[-111.93086257589,50.9871113468116],[-111.930767564676,50.9870489652749],[-111.93027769808,50.9867272303839],[-111.929100959855,50.9861516248928],[-111.928347963238,50.9858475319266],[-111.925885773571,50.9851437221375],[-111.924220197321,50.9848804650183],[-111.923689945165,50.9847694073119],[-111.922700693425,50.9845622444841],[-111.922513460265,50.9844982110398],[-111.922345127659,50.984419540774],[-111.922067136808,50.9842135074257],[-111.921956535331,50.9840694442593],[-111.921825172891,50.9839697889595],[-111.921474882032,50.9834347040119],[-111.921270482068,50.9831925943568],[-111.921019690407,50.9829630264569],[-111.920558031809,50.9823231161533],[-111.92047446064,50.9821723810384],[-111.920322890597,50.9817239008682],[-111.92018362927,50.9804826202038],[-111.920011462654,50.9800302371042],[-111.919864657275,50.9798208722752],[-111.919806419496,50.9797378510332],[-111.919653616964,50.9796394233503],[-111.919561534258,50.9795802742252],[-111.919327224885,50.9793348714588],[-111.919009054188,50.9787697060988],[-111.918876758398,50.9784751543627],[-111.918606932334,50.9780818643527],[-111.917651822863,50.9764121833211],[-111.917378676626,50.9760205444177],[-111.917228065984,50.9757136435095],[-111.917193728781,50.9755512339115],[-111.917173695451,50.9749847560464],[-111.917244007487,50.9744636570527],[-111.917472448165,50.9738528452636],[-111.917532717934,50.9737295035835],[-111.917633466689,50.9728696945829],[-111.917778611082,50.972410372411],[-111.917824877913,50.972263956783],[-111.918287214738,50.9714604687812],[-111.918504485764,50.971218410386],[-111.919399582385,50.9706390046609],[-111.919894356477,50.9702374480304],[-111.92053859047,50.9698472295575],[-111.920713174452,50.9697579853584],[-111.921535889318,50.9694467493978],[-111.921701588064,50.9694368898058],[-111.922556928843,50.969221054786],[-111.923702247593,50.9688409064235],[-111.92376287579,50.9688207870248],[-111.924438456494,50.9686706128192],[-111.924969118282,50.9685167445969],[-111.926318332143,50.9681002709051],[-111.927687856014,50.9677915599615],[-111.928961907836,50.9672826305029],[-111.929111693825,50.9671916015966],[-111.929653848658,50.9665863345445],[-111.930451913753,50.9660392790017],[-111.930510089549,50.9659994094612],[-111.930833624087,50.9658207250671],[-111.931228277348,50.9655210328408],[-111.931332693923,50.9654022057796],[-111.931349702625,50.9651667017362],[-111.931407600841,50.9643653053487],[-111.931403056264,50.9641814746994],[-111.931517717227,50.9637113067889],[-111.931394763018,50.9628431152937],[-111.93131784567,50.9627039171798],[-111.931184897703,50.9622166050759],[-111.930852239875,50.9612768833169],[-111.930146986918,50.9599938686814],[-111.929190756349,50.9589136561635],[-111.928175859504,50.9580118428065],[-111.928042721094,50.9579278828879],[-111.926366742354,50.9568710260452],[-111.92586382144,50.9566141776542],[-111.925010475819,50.9560346350282],[-111.924543728266,50.9556245631442],[-111.924519601314,50.9556033509871],[-111.924238957737,50.9551914084793],[-111.924216721739,50.9550121415377],[-111.924228399838,50.9548285783223],[-111.924290087148,50.9546840612571],[-111.924383086137,50.9545562655484],[-111.924644494986,50.9543355270386],[-111.925276265752,50.9539816651942],[-111.927026305198,50.9532100435762],[-111.927801472237,50.952940012087],[-111.928339383429,50.9527150357675],[-111.929948548174,50.9522079252245],[-111.930908078254,50.9520313059967],[-111.933158127174,50.9517401652237],[-111.933363834188,50.9516875321811],[-111.934584286231,50.9511481664001],[-111.93495770781,50.9510074346801],[-111.935111301757,50.9509298825349],[-111.935243022626,50.9508633963907],[-111.935397683771,50.9508135246462],[-111.935509839333,50.9507773652775],[-111.935725075675,50.9507288692123],[-111.935986314743,50.9507033226376],[-111.937090302006,50.9507190916686],[-111.937863345427,50.9507849549329],[-111.940516788215,50.9511501635429],[-111.941557533184,50.9514223083896],[-111.942361487634,50.9517352225135],[-111.942682516771,50.9518458600934],[-111.943678508571,50.952346162746],[-111.944415827789,50.9526320107742],[-111.94689567025,50.9533163304266],[-111.947567439403,50.9534568712395],[-111.947803523846,50.9534855943655],[-111.950407160442,50.9534664495781],[-111.951727564433,50.953549599841],[-111.952235236536,50.9534908300229],[-111.952899336771,50.9533382996653],[-111.953184278786,50.9532441757047],[-111.953875710264,50.9529422349474],[-111.954197018776,50.9528631530013],[-111.954585370355,50.9526486212174],[-111.954839682514,50.9524468649351],[-111.954917985962,50.9523370697262],[-111.95508698422,50.9520601839317],[-111.955554003065,50.9516112363757],[-111.956103524084,50.951216917524],[-111.956462179156,50.9508959937529],[-111.956745811427,50.9506801897354],[-111.956983758078,50.95049916572],[-111.957802286795,50.9498766532323],[-111.958396728069,50.9492138336232],[-111.958683008574,50.9488944953977],[-111.958752619924,50.9488168463449],[-111.959016450631,50.9484230329551],[-111.9595184355,50.9477787183266],[-111.959793325367,50.947390918051],[-111.962128120452,50.9449382067243],[-111.962300769463,50.9446780774913],[-111.963013763203,50.9438048494308],[-111.963279095893,50.9432732609745],[-111.963579399099,50.9426716433715],[-111.96365865027,50.9423498998556],[-111.963661378454,50.941812644584],[-111.963403217913,50.9406362342466],[-111.963287023526,50.9403218313978],[-111.9632351018,50.9399747036847],[-111.963188896954,50.9398167745991],[-111.963097928158,50.9396891253775],[-111.963030306577,50.9395492686288],[-111.963008669755,50.9391936175129],[-111.963059928523,50.9386792529432],[-111.963251821245,50.9380836742979],[-111.963394352439,50.9378125688088],[-111.963494243302,50.9376916448599],[-111.965269893717,50.9362143279528],[-111.965496942007,50.9360529719044],[-111.96625103367,50.9355169917871],[-111.967476243191,50.934780385723],[-111.968261324037,50.9341727953852],[-111.96897358026,50.9335208487289],[-111.969570805413,50.9327506611799],[-111.970163432989,50.9317173683329],[-111.970592204264,50.930969348138],[-111.971016603439,50.930463091377],[-111.971172390174,50.9301621168774],[-111.971255343302,50.9300639895216],[-111.971377620182,50.9297775475002],[-111.97149607473,50.9289464027645],[-111.971539697819,50.9287937992258],[-111.97154028352,50.9287870858476],[-111.971540282622,50.928787040552],[-111.97155380586,50.9286260907423],[-111.971536995686,50.9284523533289],[-111.971401202755,50.9281497759199],[-111.97131544329,50.9280214503303],[-111.970679848395,50.9272994187891],[-111.970450830998,50.9270815274363],[-111.970162183433,50.9266099026683],[-111.969447543082,50.9254423215011],[-111.969121164478,50.9250856214029],[-111.968655991671,50.9240651113065],[-111.968373406835,50.9236754014322],[-111.967854551605,50.9232601945893],[-111.967657381282,50.9232020620287],[-111.967434364631,50.9231572462256],[-111.967250596273,50.923093498456],[-111.966633446487,50.9227362140794],[-111.966362303493,50.9225280791652],[-111.96593025157,50.922036505847],[-111.965441596802,50.921600534646],[-111.965314650479,50.9215080854801],[-111.965031707216,50.921302481469],[-111.964760963972,50.9211047083254],[-111.964168241175,50.920750635415],[-111.963471241939,50.9204516293789],[-111.962674421011,50.9201989459101],[-111.960814266077,50.9198926916068],[-111.960096530132,50.9197990622662],[-111.959189520952,50.919625202409],[-111.958406070548,50.9195692795692],[-111.955525972933,50.9195528039799],[-111.955014607856,50.9195838942666],[-111.951053680646,50.9198246886831],[-111.94952878057,50.9199925059147],[-111.949241099592,50.9199899796395],[-111.949002268101,50.919952874355],[-111.94861282956,50.9198416404381],[-111.948469132353,50.9197715120966],[-111.947145964245,50.9194326282171],[-111.946697252167,50.9193368782509],[-111.945758040181,50.9189884618303],[-111.945548270088,50.918932543322],[-111.945103340816,50.9188679255655],[-111.944885393358,50.9187987086595],[-111.94419822259,50.9183022493474],[-111.943581983695,50.9176938360767],[-111.943296115517,50.91741161126],[-111.943273688178,50.9173894630709],[-111.942822153593,50.916716207575],[-111.942232054775,50.9153461124974],[-111.942145685354,50.915030269449],[-111.942093185113,50.9144923162434],[-111.941968888821,50.9140120200818],[-111.941913869705,50.9137993955451],[-111.941559744836,50.9128730170975],[-111.941379277787,50.9126102435436],[-111.941132828582,50.9123780470545],[-111.940798074985,50.9122192143058],[-111.940409639863,50.9121035117095],[-111.939717782584,50.9118133964281],[-111.939374802215,50.9117676849348],[-111.939023042611,50.9116941833875],[-111.938634154738,50.9115547997935],[-111.937767426914,50.9113602885073],[-111.935799203754,50.9111349818274],[-111.935447697475,50.9110218083958],[-111.935141435743,50.9109758350091],[-111.933757106738,50.9109168963879],[-111.932526351916,50.9108360941223],[-111.932001381854,50.9108015711847],[-111.931936832511,50.9107973111827],[-111.931886387616,50.9107956187366],[-111.931310696877,50.9107761561689],[-111.930545491256,50.9107735795489],[-111.925539582623,50.9105996729427],[-111.925286674531,50.9105788446617],[-111.924444431189,50.9106263353037],[-111.922660243186,50.910844488375],[-111.922197409592,50.9108839277483],[-111.921684629668,50.91095992902],[-111.920826377449,50.9111857049681],[-111.920497897686,50.9113172081007],[-111.920454119188,50.9113347293627],[-111.920212829907,50.9114530172495],[-111.919049909567,50.9120230898587],[-111.918859648187,50.9120928520897],[-111.918861182509,50.9120739819512],[-111.918555354664,50.9121962548301],[-111.918464830535,50.9122266975427],[-111.916814304659,50.9127819399463],[-111.916699600577,50.9128126700018],[-111.915981110047,50.9130052081547],[-111.915433683001,50.9132274076569],[-111.9150369717,50.9133498168358],[-111.914270222774,50.9136836317435],[-111.913617241885,50.914030085182],[-111.912399150615,50.9146763683662],[-111.911462520387,50.9154106133774],[-111.910986922631,50.9158781770951],[-111.91043926382,50.9162860754047],[-111.910287226653,50.9163813983938],[-111.909752641922,50.9165966004578],[-111.909227735641,50.9167517512043],[-111.908822180875,50.916901973709],[-111.908757879916,50.9169257792402],[-111.907891062261,50.9173503576843],[-111.906896691022,50.9177128449529],[-111.906027244896,50.9179384901682],[-111.905067512694,50.9180939467871],[-111.902900891213,50.9182817116393],[-111.902335846408,50.9182768440907],[-111.901369578962,50.9181657188657],[-111.901084058432,50.9181328867483],[-111.899673963049,50.9180574114135],[-111.899441135898,50.918009609512],[-111.89913177947,50.9179460925469],[-111.898988692218,50.9179041186113],[-111.898474767841,50.9177545030491],[-111.898014504327,50.9176415688481],[-111.897392738098,50.9174158893456],[-111.897106714511,50.917312070619],[-111.89608566241,50.9169415461362],[-111.895575618755,50.916710629103],[-111.895292953071,50.9165167708386],[-111.89344648936,50.9156410900071],[-111.892691511958,50.915403032106],[-111.892638514949,50.9153863239673],[-111.892484240079,50.9153604617662],[-111.89217694798,50.9153089525374],[-111.891929143217,50.9152832103615],[-111.891783228069,50.9152875537742],[-111.891722306123,50.9152893678242],[-111.891370762115,50.9152997950709],[-111.891326362882,50.9153042438249],[-111.890348295167,50.9154020392799],[-111.890325769911,50.9154024629159],[-111.889946335908,50.9154095916672],[-111.888008878249,50.9154452246463],[-111.887392476759,50.9154952260815],[-111.886878052919,50.9155172551045],[-111.886623326637,50.9155434168211],[-111.885685483683,50.9155518022958],[-111.885481379264,50.9155536203],[-111.885281388231,50.9155023219699],[-111.885142725182,50.9154023388835],[-111.884746565447,50.9148912741772],[-111.884586909668,50.9147965841645],[-111.884382221344,50.9147434131592],[-111.883807125289,50.9147432715677],[-111.883520608527,50.9147296934997],[-111.882248551864,50.9145897254425],[-111.881530040672,50.9144444500781],[-111.880906962903,50.9142693230629],[-111.87995005231,50.9140874997123],[-111.879496202767,50.9140463962126],[-111.87783336548,50.9138957527339],[-111.877376511073,50.9137975225336],[-111.876962072418,50.9136301224707],[-111.876451323586,50.9134334625076],[-111.875764226479,50.9131213412283],[-111.87426902291,50.9126315285603],[-111.87398307029,50.9125378596879],[-111.873221386066,50.9122883237544],[-111.872077708538,50.9120610074522],[-111.871079921904,50.9118995256972],[-111.869804617831,50.9115722597943],[-111.868646437902,50.9113548832804],[-111.865917224016,50.911026774126],[-111.865242678171,50.9108894451797],[-111.864686131429,50.9106909865947],[-111.864000879462,50.9104828210229],[-111.863141566332,50.9101773501403],[-111.862563193223,50.9100322348948],[-111.86168764574,50.9098125662248],[-111.860752614514,50.9094791291165],[-111.859882283547,50.9090938228891],[-111.858464671062,50.9086428319046],[-111.855972554919,50.9077509910359],[-111.855073036791,50.9073547384663],[-111.855003978804,50.9073459278053],[-111.854827509258,50.9072782356579],[-111.854444265499,50.9070179733577],[-111.85409435912,50.9068180418902],[-111.854079646512,50.9068068276256],[-111.853692575033,50.906511761268],[-111.85338835607,50.9061397391499],[-111.853180181384,50.905686383962],[-111.852856772611,50.9045429948331],[-111.851721898573,50.9020650079353],[-111.851342773591,50.9011492336897],[-111.851159499306,50.9008666388718],[-111.850874502494,50.9004271850958],[-111.850825308953,50.9003513382889],[-111.8502195516,50.8995769065224],[-111.849730347961,50.8989514448971],[-111.848470819203,50.8978321458866],[-111.84522910477,50.8952675433441],[-111.844488153662,50.8943869196084],[-111.844113508578,50.894042630631],[-111.843564462768,50.8936403022076],[-111.843092000133,50.8933784167766],[-111.842562097421,50.893152735782],[-111.841979519298,50.8929562182219],[-111.841435323492,50.8927377121692],[-111.8410314625,50.8924389392291],[-111.840832698565,50.8923385717167],[-111.840474087511,50.8921574837618],[-111.840350829671,50.8920952325252],[-111.83995250769,50.8919732870641],[-111.839693617717,50.8919598525144],[-111.839570031094,50.8919140416283],[-111.839506978344,50.8918906641537],[-111.839031929459,50.8916250397767],[-111.838797453898,50.8913843759813],[-111.838373700612,50.8906895648735],[-111.836535973916,50.8875276278779],[-111.835911555861,50.8865831189494],[-111.835589309507,50.886034370309],[-111.835463654962,50.8857374976502],[-111.835403017782,50.8853995028051],[-111.835390755778,50.8849754149935],[-111.835404128099,50.8849226480058],[-111.83553617326,50.884401500802],[-111.83608711182,50.8834176653777],[-111.83669571773,50.8826141618789],[-111.837316300878,50.8818162702519],[-111.837756222941,50.8812905824524],[-111.838074169059,50.8807704000876],[-111.838398701625,50.8798493207634],[-111.838474930863,50.8795528445569],[-111.838451776787,50.8791885654623],[-111.838312733751,50.8785297472066],[-111.837804426539,50.8776839559247],[-111.837649042249,50.8774257433343],[-111.837341689963,50.8770537183879],[-111.836317412011,50.8761354417216],[-111.835781240856,50.8757467067817],[-111.835003413007,50.8750616469091],[-111.834637217477,50.8747400093871],[-111.834120042096,50.8741182780269],[-111.833712517774,50.873420067799],[-111.833424139704,50.8730926011301],[-111.831245284067,50.8712214386613],[-111.831167769339,50.8710799299162],[-111.831071283091,50.8705708372865],[-111.83100657295,50.8704468093597],[-111.830910539453,50.8702627428067],[-111.830839888752,50.869753330583],[-111.830758098044,50.8694278308674],[-111.830728819254,50.8690838721765],[-111.830648687734,50.8687556527786],[-111.830606474102,50.8681907860403],[-111.830394769037,50.8675781041228],[-111.830327172609,50.8672688157214],[-111.830099325717,50.8664125139712],[-111.829863721872,50.8659832499258],[-111.829744489383,50.8658492579246],[-111.829475899401,50.8656356525585],[-111.828941389231,50.8651246152931],[-111.828680316351,50.8647959439218],[-111.828413386456,50.8645791405176],[-111.828253053348,50.8643947191121],[-111.828203197748,50.864337383343],[-111.827967567852,50.8639452019562],[-111.827523245841,50.8632056563637],[-111.827394360954,50.8630248775743],[-111.827128642886,50.8626540502788],[-111.826645392383,50.862166461186],[-111.82593462916,50.8615990140792],[-111.825447776412,50.8612899099817],[-111.825304988299,50.8611796597137],[-111.825129898566,50.8609684314496],[-111.825104292987,50.8607518563349],[-111.824965907517,50.8604609340053],[-111.824050876382,50.8590329308971],[-111.823091960749,50.8580378243502],[-111.822667860714,50.8573038007032],[-111.822347122631,50.85693984332],[-111.822111430752,50.8564858146603],[-111.822058431048,50.856445126444],[-111.821515371611,50.8563109363405],[-111.821342251883,50.8562308768896],[-111.821257874925,50.8560951380418],[-111.82106218233,50.8558517189893],[-111.821029953473,50.8558036541679],[-111.820778346142,50.8554284947334],[-111.820450803321,50.8550597143386],[-111.82030885154,50.8549467720906],[-111.82015013989,50.8548591186007],[-111.819966064309,50.8547850151323],[-111.81974891186,50.854721216257],[-111.81926242293,50.8546454141129],[-111.819053051688,50.8545950484659],[-111.818895963295,50.8544977145],[-111.818915948115,50.8543482019647],[-111.819348437517,50.8540586069724],[-111.819451901878,50.853936755334],[-111.819262834358,50.8538766341199],[-111.819110932837,50.8537905767285],[-111.818977577035,50.8536878246257],[-111.818701232796,50.8527307139765],[-111.818576382242,50.8516048405377],[-111.818576531363,50.8512123977943],[-111.818887924271,50.8504592502393],[-111.818938377251,50.8500897550731],[-111.818896196857,50.8485894116513],[-111.818896426825,50.8485790324206],[-111.818942933506,50.8465442371808],[-111.818875273297,50.8464547914388],[-111.818680161912,50.8462983707307],[-111.81855690497,50.8461804658179],[-111.818005232487,50.8455033360454],[-111.817614828257,50.8451223524266],[-111.817289655192,50.8447202186777],[-111.816903613182,50.8443516304191],[-111.816714526798,50.8440780944886],[-111.816574511785,50.8437253824696],[-111.816525468262,50.8436018390114],[-111.816269435829,50.8423102942158],[-111.816164715623,50.8419708873321],[-111.815951425931,50.8415393510395],[-111.815797813119,50.8413565556038],[-111.815419739165,50.8409066830506],[-111.814938887163,50.8404307009597],[-111.814815798206,50.8401587236005],[-111.814715424948,50.8400337933546],[-111.814280601723,50.8397142609836],[-111.814001328976,50.839311437322],[-111.813291247575,50.8385589587739],[-111.813053415908,50.8383398487276],[-111.812438537063,50.8379090708059],[-111.811799727098,50.8373515395048],[-111.811522936396,50.8371454401551],[-111.811024076766,50.8368787871728],[-111.810632360996,50.836739222765],[-111.810203636433,50.8366422350448],[-111.807881236302,50.8363040333351],[-111.806246045567,50.8360018310051],[-111.80516290371,50.8358617806132],[-111.804939686735,50.8358329156374],[-111.804877368807,50.8358286692014],[-111.804064679139,50.8357733179924],[-111.7993875539,50.8358193196655],[-111.798819835708,50.8358582166727],[-111.796490685636,50.8361633507186],[-111.796259937186,50.8362216350839],[-111.795737100623,50.8364291068865],[-111.795098183758,50.8365945163476],[-111.79365118199,50.8367228040963],[-111.793477849361,50.8367646129447],[-111.79327690791,50.8368130837266],[-111.792133537607,50.8368563907695],[-111.790711051761,50.8369312193812],[-111.790478749225,50.8369755094666],[-111.789098945033,50.8374459337276],[-111.786708797557,50.8383144032427],[-111.786045194989,50.838477141442],[-111.785210709497,50.8387280775761],[-111.783452665163,50.8395795808324],[-111.78207910067,50.8401040798127],[-111.781893038913,50.8401751206386],[-111.781793579242,50.8401896451023],[-111.781656402905,50.840209682887],[-111.781490509224,50.8402833040725],[-111.779875250309,50.8408246741285],[-111.777418705655,50.8413343718027],[-111.776791655535,50.8414644572079],[-111.774287419323,50.841806760201],[-111.773368423024,50.8420099879605],[-111.773219451807,50.842071443327],[-111.77281644152,50.8422395646565],[-111.771765140448,50.842702849291],[-111.770784266396,50.8432556602185],[-111.770638144635,50.8433620043426],[-111.7704337285,50.8436045526475],[-111.770394583514,50.8436313044177],[-111.770285968213,50.8437055475613],[-111.770102345382,50.843780833722],[-111.769856153095,50.8437611088799],[-111.768011399777,50.8437650091512],[-111.76774912046,50.8437490819066],[-111.767798291544,50.8436658703456],[-111.768245842998,50.8435675373661],[-111.768155202088,50.8434737176542],[-111.768046280461,50.8434645869003],[-111.767983429833,50.8435338687271],[-111.767792651022,50.8435965093025],[-111.766405042268,50.843877270575],[-111.765045851717,50.8439903445648],[-111.764128816441,50.8439856155936],[-111.760408591015,50.8437414152271],[-111.760144298574,50.84370103184],[-111.758987468812,50.8434241522225],[-111.758705038487,50.8433573637964],[-111.758542016721,50.8433184321987],[-111.758380064848,50.8432797450471],[-111.757865604176,50.8432198670545],[-111.756685509845,50.8432119223422],[-111.754594091727,50.8434862591789],[-111.754414694571,50.8435097840297],[-111.754171483793,50.8435326786733],[-111.752869837523,50.8436568848404],[-111.751416561022,50.8439262541169],[-111.750901891942,50.8439656106278],[-111.750306334061,50.8440096036168],[-111.749122214379,50.8440193151041],[-111.747285852224,50.8440414040363],[-111.74728102378,50.8440414528178],[-111.746712348882,50.8440809833699],[-111.745532450384,50.8440722503602],[-111.743804535545,50.8440973501011],[-111.742989049422,50.8441707291871],[-111.742497916202,50.8442554293772],[-111.741303448826,50.844631741085],[-111.74100826961,50.8447596777525],[-111.739648775429,50.8456520788735],[-111.737972592771,50.8464976533597],[-111.736301922175,50.8475211560644],[-111.735867101645,50.8478475347191],[-111.735581472419,50.8480619271459],[-111.734886559071,50.8485835130724],[-111.733986533395,50.8492590304998],[-111.733492338716,50.849703660821],[-111.73309048456,50.8501926381744],[-111.73239240555,50.8516143978848],[-111.732089416381,50.8519755464344],[-111.731959606229,50.8520803723287],[-111.731636247761,50.8522568794198],[-111.731246209146,50.8524002067924],[-111.73081847812,50.8525126351553],[-111.730315930007,50.852573874792],[-111.730039468987,50.8525681581961],[-111.729794089676,50.8525386853903],[-111.72885870631,50.8525375619197],[-111.72822455411,50.8525390472148],[-111.727210505274,50.8526692023274],[-111.725644122795,50.8530369048203],[-111.725402967362,50.8530745732795],[-111.724937181904,50.8532078369556],[-111.724281613867,50.853386512956],[-111.724179472725,50.8534171472392],[-111.722854998466,50.8538143175553],[-111.721786690489,50.8540767860713],[-111.721277124738,50.8541343612994],[-111.720384409551,50.8541614217738],[-111.719599969204,50.8542330871257],[-111.718613821143,50.8542274098633],[-111.718093707373,50.8541369053261],[-111.717813071882,50.8541161589717],[-111.717193642171,50.8541183570661],[-111.716617686428,50.8541067779394],[-111.714831664963,50.8539440698666],[-111.714593571887,50.8539068858515],[-111.713245077577,50.8534675504534],[-111.712788057879,50.8533442358201],[-111.712775575788,50.8533408677347],[-111.712632622386,50.8533023068537],[-111.712502071124,50.853247807194],[-111.712489861222,50.8532427105368],[-111.711027924963,50.8526324494428],[-111.710875755743,50.8525461997695],[-111.709438762106,50.8519665761407],[-111.707448019079,50.8509481323321],[-111.707268008375,50.8508997261413],[-111.706765024579,50.8506773131397],[-111.706621716342,50.8505945563101],[-111.706431597793,50.850502262178],[-111.705975457547,50.850232736337],[-111.705628056568,50.850082057675],[-111.705250827929,50.8499720616494],[-111.703859989731,50.8497451149092],[-111.703655952686,50.8497298079073],[-111.703347872764,50.8496993623344],[-111.703069722013,50.8497102920257],[-111.702822489477,50.8497453429063],[-111.702129427557,50.8497973386932],[-111.701097315398,50.8500756136837],[-111.700891681148,50.8501310579556],[-111.700749988082,50.850155326395],[-111.700369774341,50.8502503248216],[-111.699943775267,50.8503073778908],[-111.69948150312,50.8504325868895],[-111.699104886234,50.8505831543928],[-111.698629357648,50.8508454193388],[-111.69668135826,50.8516597941227],[-111.695142279175,50.8524100554786],[-111.692492078407,50.8539439950087],[-111.689904867507,50.8557858931156],[-111.68970850926,50.8559256965719],[-111.689422868356,50.8561290306852],[-111.687851422972,50.8572476612288],[-111.686682296172,50.8581991912342],[-111.685856158724,50.8591799442018],[-111.685453403558,50.8594918260321],[-111.685135404439,50.859661643532],[-111.684956469018,50.8597377930542],[-111.684736035922,50.8598007685368],[-111.684492408325,50.8598410829849],[-111.683981560678,50.8598737719282],[-111.681886380415,50.8599232353949],[-111.681545937787,50.8599649089146],[-111.681087757466,50.8599809559372],[-111.679960335852,50.8599531860792],[-111.678997840432,50.8598425391287],[-111.678091321733,50.8596597779823],[-111.678038089366,50.8596523804247],[-111.67663401539,50.8594572009504],[-111.675853205135,50.8594112656758],[-111.675287833343,50.8594062649548],[-111.674573384333,50.8593095148755],[-111.67247239197,50.8587887503245],[-111.668891953386,50.8577199049478],[-111.668749006271,50.8576592221169],[-111.668115476604,50.8574525977697],[-111.667654875323,50.8573564384874],[-111.666864469264,50.8572890774238],[-111.666648558287,50.8572864978439],[-111.666568071933,50.8572855366683],[-111.666362900315,50.8572977784719],[-111.666041067187,50.8573169809945],[-111.665482615117,50.8572990691121],[-111.664950504347,50.8572562295913],[-111.664652505319,50.8572499595462],[-111.663879480763,50.8571715263534],[-111.663474589403,50.8570615890094],[-111.662886797458,50.8568349279758],[-111.662365295791,50.8566338141965],[-111.661950993681,50.8565258943702],[-111.661246795346,50.8563983931617],[-111.660591345887,50.8562376614115],[-111.660341697782,50.8562089485413],[-111.660047898378,50.8562038028719],[-111.659779356905,50.8561812649012],[-111.658444184611,50.8558981840225],[-111.658023156813,50.8558715566726],[-111.657472411391,50.8558041475303],[-111.657164105992,50.8557664143599],[-111.656947389226,50.855759505011],[-111.656615260506,50.8558038197562],[-111.656427889904,50.8558288128116],[-111.656157514072,50.8558099913233],[-111.656135730824,50.8558036303504],[-111.655341640774,50.8555717329676],[-111.654959155194,50.8555131875271],[-111.654375648213,50.8554238610582],[-111.654288633802,50.855419178046],[-111.653707900818,50.8553878997312],[-111.653541195061,50.8553789232888],[-111.653280397964,50.855377290074],[-111.653259185147,50.8553771568082],[-111.652763559452,50.8554347865727],[-111.65239220849,50.8554489671677],[-111.652362361067,50.8554501053125],[-111.652303503449,50.8554523498452],[-111.651634911638,50.8554454279738],[-111.651379075936,50.8554235916915],[-111.65044900341,50.8552208011776],[-111.650263908241,50.8551929570313],[-111.648855280705,50.8547527825366],[-111.648394886936,50.8546769866818],[-111.647583756743,50.8546210311874],[-111.646412772228,50.8546036105106],[-111.645389834562,50.8545065198482],[-111.644232597864,50.8544844154554],[-111.64355274028,50.8545300187264],[-111.643443162884,50.854537367759],[-111.643267154174,50.8545673848504],[-111.642752574924,50.8546551568449],[-111.642324836712,50.8547642480837],[-111.641343884506,50.8548763520409],[-111.640511085153,50.8549286591137],[-111.63913798419,50.8549599638228],[-111.637578350753,50.8550419660462],[-111.636207332983,50.8551140253079],[-111.633317248797,50.8552981528091],[-111.632617378545,50.8554119669548],[-111.631999810144,50.8555764284405],[-111.631889196989,50.8555684030378],[-111.631742192185,50.8555577423839],[-111.629991007387,50.8552608581569],[-111.628282056882,50.8548996375053],[-111.627905588218,50.8547582822341],[-111.626977803701,50.8542310920595],[-111.625487720528,50.8532586702686],[-111.624502865143,50.8525779529702],[-111.624328765352,50.8525034437868],[-111.623881146525,50.8524040830895],[-111.62249310568,50.8517756565549],[-111.621999217327,50.8515131178086],[-111.621823520332,50.851436410405],[-111.621735565384,50.8514146573161],[-111.620968945816,50.8512248714506],[-111.620627453057,50.8511738459293],[-111.62050497765,50.8511252522493],[-111.620348509992,50.8510639528622],[-111.620219186727,50.8509723464679],[-111.620077585288,50.8508729456447],[-111.619414411216,50.8501649180682],[-111.619099152857,50.8496267417274],[-111.618923055214,50.8492033129529],[-111.618905163468,50.8489880829628],[-111.618998475969,50.848496300227],[-111.619024968185,50.8483578674794],[-111.619289644207,50.8475891131664],[-111.619362710477,50.8472541466238],[-111.619714792576,50.8463955204522],[-111.619797293852,50.8462080311774],[-111.620212148426,50.8455245201451],[-111.620296131922,50.8453859169239],[-111.620486201962,50.8451248691514],[-111.620497006898,50.8450956026459],[-111.620543419255,50.8449698790382],[-111.620952465323,50.8433217692427],[-111.621013601068,50.8427902902208],[-111.621011748742,50.8426143639018],[-111.620795498202,50.8420018059312],[-111.620490380026,50.8413534884346],[-111.620204660969,50.8412122458378],[-111.619761316325,50.8407908849516],[-111.618082688452,50.8395696823529],[-111.616765284833,50.8383748559603],[-111.616457842716,50.8380830707329],[-111.616123299324,50.837788468727],[-111.616094034907,50.8377705567198],[-111.616089378939,50.8377686029298],[-111.616015845545,50.8377376508913],[-111.615837702437,50.8376236716479],[-111.615772990499,50.8375895255877],[-111.615758196145,50.8375790820734],[-111.61569192563,50.8375322640805],[-111.615283620672,50.837282617816],[-111.614748044201,50.8368458154744],[-111.614618700275,50.8367337084621],[-111.614022022195,50.8363669372085],[-111.613683190247,50.8362001846578],[-111.613118598192,50.8359844277694],[-111.612252711191,50.8356043586807],[-111.611459937173,50.8353453212687],[-111.610537589261,50.8351626139006],[-111.610132800309,50.8350547663719],[-111.609895023439,50.8350126638136],[-111.608863254437,50.8349096156123],[-111.608816115342,50.8349069752243],[-111.608588201077,50.8348947825756],[-111.607020822365,50.8345959933221],[-111.606174182668,50.834375959188],[-111.605826543636,50.8342255158196],[-111.60576356365,50.8342058153054],[-111.605435051547,50.834104480413],[-111.605326261075,50.8340266357855],[-111.604881206039,50.8337088517092],[-111.604825127809,50.8335649239498],[-111.604833580955,50.8331993566906],[-111.604875247513,50.8330336180418],[-111.605080871882,50.8327437823546],[-111.605409247441,50.8324589297552],[-111.605595509522,50.8322085102599],[-111.605596807587,50.8322067315544],[-111.605851632684,50.8319974849627],[-111.606110488521,50.8317004286519],[-111.606282853665,50.831502436586],[-111.607289951336,50.8306526798942],[-111.60851003507,50.8299089806603],[-111.608825039206,50.8297487749614],[-111.609176120582,50.829570925344],[-111.610494110801,50.8290616507035],[-111.611923528945,50.828249967051],[-111.613090095546,50.8274818239142],[-111.613545839636,50.8272028433228],[-111.614176624951,50.8267522555369],[-111.614390368293,50.8265996545947],[-111.614868415754,50.8261520162343],[-111.615238229699,50.825645611341],[-111.61546247794,50.825233247627],[-111.615550148122,50.8249209749925],[-111.615573480065,50.8245844826645],[-111.615538008289,50.8240290444742],[-111.615556750739,50.823866156587],[-111.615674275531,50.823568996322],[-111.615703275843,50.8232252793181],[-111.615973113585,50.8224581567029],[-111.616019658893,50.8221177371672],[-111.615983822402,50.82158555697],[-111.615780178818,50.8209421025607],[-111.615722232092,50.8202137333003],[-111.615748321863,50.8195010532495],[-111.615763329118,50.8192096857724],[-111.615724775223,50.8188051465477],[-111.61528305114,50.8179324864935],[-111.614527673089,50.8167035606266],[-111.614158899393,50.8159890028431],[-111.614108344904,50.8158295104855],[-111.614100907752,50.8156250063299],[-111.614055776392,50.8143818686692],[-111.613986409384,50.8142261889927],[-111.613015032321,50.8125343739087],[-111.612996977082,50.812403136216],[-111.612941038091,50.8122697781219],[-111.612621113883,50.8115068195335],[-111.612575696859,50.8113497361903],[-111.612528564951,50.8109876868128],[-111.612423444994,50.8106760500152],[-111.612194995333,50.8102382965186],[-111.612131349695,50.809892754623],[-111.611723352859,50.8087903150784],[-111.611489307592,50.8083585968692],[-111.611373235375,50.8082692942126],[-111.610580667072,50.8073977338498],[-111.610325630871,50.8071749113922],[-111.60999087368,50.8068308579969],[-111.609739567285,50.8066661803941],[-111.609339498081,50.8063106861059],[-111.60906897223,50.8061159090354],[-111.608923165778,50.8060377395682],[-111.608881158759,50.8060018253268],[-111.608790455864,50.8059243034025],[-111.607854697003,50.8053921084028],[-111.607608393325,50.8053088761376],[-111.607096617718,50.8050386418965],[-111.606755368402,50.8048586612336],[-111.606694609051,50.8048266206586],[-111.605407940392,50.8043157090652],[-111.604622189403,50.8038584926171],[-111.60348565977,50.8030700068864],[-111.601801553971,50.8020765730758],[-111.600778689968,50.8014224311885],[-111.60010817666,50.8010694030428],[-111.599402979399,50.8007597604525],[-111.598253927251,50.800164662494],[-111.597435882725,50.7997869078069],[-111.597219996901,50.7996872117186],[-111.5971508931,50.7996462428861],[-111.595542891673,50.7986930218145],[-111.595134058506,50.7984234681191],[-111.595008561166,50.7982892598902],[-111.594080208914,50.7976586595044],[-111.593820229284,50.7974820497854],[-111.592772907749,50.796833987176],[-111.592630121433,50.7967634527295],[-111.591406764238,50.795792041463],[-111.590689560993,50.7953126114544],[-111.590515812444,50.7952345965299],[-111.590074394686,50.7951524136729],[-111.58988522925,50.7950860581247],[-111.589444738554,50.7948123458866],[-111.589204134687,50.7945998540779],[-111.588920232023,50.7942081533152],[-111.58867867145,50.7939800802166],[-111.588533113831,50.7938911191696],[-111.588081320532,50.7937248344053],[-111.587844787829,50.7936041005715],[-111.587057677689,50.7933534840293],[-111.585732808172,50.7930561290382],[-111.584740379989,50.7928333801458],[-111.584084882919,50.792706995036],[-111.583158042532,50.7925716931758],[-111.582365552381,50.7925228817426],[-111.581767403759,50.792348804554],[-111.58127757669,50.7920859104449],[-111.580055568764,50.7911658486367],[-111.579462009635,50.7907618422328],[-111.579248461228,50.7905980177313],[-111.578376137798,50.7899287945827],[-111.576659629766,50.7881131684965],[-111.576474113287,50.7878562317845],[-111.575790710053,50.7871482760303],[-111.575597053939,50.7868829509351],[-111.574516420178,50.7858415023853],[-111.574296902466,50.7856734442863],[-111.574099653989,50.7855224526752],[-111.574011720601,50.7854024251848],[-111.573906056265,50.7852582042557],[-111.573764550049,50.7849705959405],[-111.57355951767,50.7843256516985],[-111.573490535141,50.7834306280139],[-111.573433308864,50.7826881657114],[-111.573433722089,50.7824783853891],[-111.573655302334,50.7817035266495],[-111.573552238621,50.7779956088652],[-111.573436329,50.7775548328388],[-111.573225762999,50.7766826893476],[-111.573151681632,50.776539778136],[-111.57293355002,50.7763036070629],[-111.572798322129,50.7761987211595],[-111.572563064136,50.7760162134919],[-111.572538879692,50.7759974558122],[-111.572429137005,50.7758817875478],[-111.572167094843,50.7755276996169],[-111.571770624291,50.775161337703],[-111.57155924262,50.7749088181062],[-111.571353629031,50.7744753587222],[-111.571201770629,50.7739894402054],[-111.571110378727,50.7734805365228],[-111.570868064467,50.772862369851],[-111.570597842247,50.7724675981728],[-111.569992693952,50.7718830839178],[-111.569567309326,50.7713915391871],[-111.568358384464,50.7704516307253],[-111.567899782833,50.7701809551697],[-111.566887166811,50.7697027441686],[-111.565774136208,50.7693028365912],[-111.563603877448,50.7688040192511],[-111.562632921695,50.7686456827625],[-111.562311251162,50.7685932227316],[-111.56221551321,50.7685776044754],[-111.55959658639,50.7683732894793],[-111.558538280256,50.7683276145148],[-111.557396478411,50.7683308194281],[-111.556021429002,50.7682955659383],[-111.553978355517,50.7683374281051],[-111.553458799601,50.768303851221],[-111.552763021176,50.7681777332997],[-111.55262111431,50.768169349705],[-111.551241282271,50.7679472605998],[-111.550955866844,50.7679013238697],[-111.548633093014,50.7675274292642],[-111.547865371212,50.7674740407476],[-111.547002286955,50.7674692244831],[-111.546227066916,50.7674036659672],[-111.545620596302,50.7672941642689],[-111.545068940886,50.7672033792119],[-111.543011130539,50.7666205315179],[-111.542998681685,50.7666170105866],[-111.541565816705,50.7660443469265],[-111.5400996386,50.7652884897987],[-111.539248593565,50.7650963815428],[-111.53889578922,50.7649448626868],[-111.538010431236,50.7643871965019],[-111.537145035614,50.7640157210435],[-111.536425156288,50.763740486498],[-111.535945779319,50.7634835942718],[-111.535426157826,50.7630668917887],[-111.534983296476,50.7626389803882],[-111.535007007508,50.7623595863379],[-111.535104401055,50.762241314288],[-111.535014032334,50.7621188672144],[-111.534871211882,50.7620247275554],[-111.53353501371,50.761383211484],[-111.532946278535,50.7611916378112],[-111.532742846055,50.761143222632],[-111.532026207851,50.761117545855],[-111.531359127006,50.761054497423],[-111.530892895983,50.7609834538332],[-111.530625182757,50.7609765520443],[-111.530381368311,50.7610104580812],[-111.53022406522,50.760992377971],[-111.529712577972,50.7611874658445],[-111.529371219961,50.7613464463784],[-111.528634346306,50.7615119763493],[-111.528176872959,50.7615942211865],[-111.527891790807,50.7616454855599],[-111.527479680586,50.7617195727025],[-111.526636867712,50.7617666280889],[-111.526355044648,50.7617687191605],[-111.524371505211,50.7617668173081],[-111.523836459645,50.7618105712571],[-111.523592821269,50.7618471422333],[-111.523164967174,50.7619596216715],[-111.522777024328,50.7620861024025],[-111.51908993955,50.7631510305752],[-111.518343879724,50.7634187858848],[-111.516960288235,50.7640439826691],[-111.51648208806,50.7643238484911],[-111.516237125566,50.7644671919224],[-111.515192206126,50.7651727672103],[-111.513928125604,50.7662376757001],[-111.51301877272,50.7671355408624],[-111.511393538014,50.768531177488],[-111.511290527302,50.768631315574],[-111.510574187338,50.7693276379268],[-111.509973922285,50.7696856735749],[-111.509170203194,50.7699823273025],[-111.508234687775,50.7703012853417],[-111.507754072929,50.7705560892243],[-111.507162711079,50.7709343233131],[-111.50682207711,50.7710977218931],[-111.505838250295,50.7714050090521],[-111.505070432374,50.7715902184495],[-111.505062129246,50.7715922238661],[-111.504785257696,50.7716527663863],[-111.504270618259,50.7717652995146],[-111.503280655053,50.7718881559423],[-111.50221572564,50.7719677652945],[-111.500888076736,50.7720225126943],[-111.499991067602,50.7721046896319],[-111.4988269543,50.772147048318],[-111.497974977711,50.7721607787232],[-111.49770431891,50.7721877890186],[-111.497239694973,50.7722725953934],[-111.496952674257,50.7722828115059],[-111.496706239425,50.772264526123],[-111.49623410198,50.7721514982445],[-111.495953531167,50.7720178610795],[-111.495231756396,50.7717504833452],[-111.49464093084,50.7715652365192],[-111.493400622436,50.7714385365573],[-111.492900746811,50.7713874658447],[-111.490804531689,50.7712544775518],[-111.490231147823,50.7712581748165],[-111.489959429009,50.771281439513],[-111.489417483483,50.7713908472302],[-111.489109864397,50.7714898185504],[-111.488933202611,50.7715660011912],[-111.48878435626,50.7716522193003],[-111.488514551756,50.7719385602923],[-111.488313972327,50.7721165333884],[-111.487756452708,50.7724970278106],[-111.487600908519,50.7725834163364],[-111.486615045224,50.7729132031957],[-111.484354366539,50.7736082591824],[-111.48398948165,50.7737044064248],[-111.483764573148,50.7737920493136],[-111.483557085673,50.7738513005829],[-111.481996429055,50.7745600797154],[-111.481711226529,50.7746895865722],[-111.481461555067,50.7748029747212],[-111.481046312421,50.7749176572183],[-111.479644978307,50.7751903822034],[-111.477589022082,50.7756421332319],[-111.47639165764,50.7758870954493],[-111.475729548071,50.7760225416012],[-111.475401493211,50.7760687538146],[-111.473972691311,50.7762700296481],[-111.472869155002,50.7763460556745],[-111.472609571529,50.7763345089425],[-111.472377685811,50.7763044943561],[-111.471979479714,50.7761975259808],[-111.471754767044,50.7760993331959],[-111.471642982487,50.7760718894631],[-111.471612584396,50.7760644224156],[-111.471434942548,50.7759926665557],[-111.471249615614,50.7758913819885],[-111.471119123641,50.7758200558809],[-111.470286862378,50.7754905144684],[-111.469083709192,50.7750140948908],[-111.468689596717,50.7748990678137],[-111.467497425435,50.7743701772974],[-111.467354045333,50.7742769104229],[-111.466693894092,50.773951015992],[-111.466251294151,50.7736764335393],[-111.465751574834,50.7734433645171],[-111.465279119385,50.7731960654559],[-111.46292771445,50.7725076705138],[-111.462575073598,50.7723720801121],[-111.461576615025,50.7720964550152],[-111.461046326038,50.7718787475864],[-111.460580969975,50.7716079660992],[-111.460145198128,50.7713050331337],[-111.459652989625,50.7708660154292],[-111.458886546126,50.7703207622761],[-111.458823425104,50.7702758482249],[-111.458601894267,50.7700883719181],[-111.457945820479,50.7695331458084],[-111.457846698574,50.7694100440114],[-111.45781037789,50.7692848704713],[-111.457722753523,50.7691235580062],[-111.457635214495,50.7688052822275],[-111.457586224871,50.7686691686294],[-111.457357735683,50.7680343466941],[-111.457221893344,50.7677486885859],[-111.457123459549,50.7676228861983],[-111.456896490311,50.7673947527109],[-111.456826694806,50.7672492779924],[-111.456814824468,50.7668850659382],[-111.456810276298,50.7667456667337],[-111.456889012734,50.766437782503],[-111.456885405999,50.7659073042827],[-111.457012069352,50.7650871479584],[-111.457058831154,50.7649354523662],[-111.457136110523,50.7648073327254],[-111.457434335926,50.7632162149188],[-111.457437157534,50.7630445287344],[-111.457403468016,50.7628759267459],[-111.457329377666,50.7627300010198],[-111.457237486301,50.7624101952854],[-111.457072826008,50.7621409903535],[-111.456923257411,50.7616916420857],[-111.456847873488,50.7615522501366],[-111.456707219772,50.7614109377221],[-111.456395833152,50.7610981327089],[-111.456148549412,50.7608856615376],[-111.456054466157,50.7607608390903],[-111.45532737875,50.7601003796866],[-111.454445973352,50.7595369391366],[-111.454104697088,50.7593588232831],[-111.453904114963,50.7593362851387],[-111.453510863074,50.7592179486216],[-111.453212139106,50.7590425245338],[-111.452719659311,50.7588124733754],[-111.452164467228,50.7584269958979],[-111.451907848196,50.7581471056027],[-111.45164180404,50.758029330372],[-111.451039629169,50.7576834814087],[-111.450560561221,50.7574492774103],[-111.450208155728,50.7573152765993],[-111.449400641255,50.7569204720336],[-111.448980088666,50.7568244465727],[-111.448837853916,50.7567762342998],[-111.448189048397,50.7566014159475],[-111.44801652515,50.7565315828735],[-111.447234955818,50.7563521519202],[-111.44653393752,50.7561912028983],[-111.445353982428,50.7560453347505],[-111.445212219293,50.7560476028177],[-111.443600828523,50.7560883205998],[-111.441988755931,50.7562270326654],[-111.44141324216,50.7562366947865],[-111.440955841577,50.7561683699887],[-111.44050185549,50.7561027013011],[-111.4385294354,50.7558850143471],[-111.436957626198,50.755794716916],[-111.436457439757,50.7557526321193],[-111.43584337209,50.7557672487678],[-111.435558322277,50.7557740245944],[-111.435309486248,50.7557799445622],[-111.434803088855,50.7557482988391],[-111.433351679952,50.7556040404437],[-111.432921421067,50.7555206734801],[-111.430773008436,50.7552715656637],[-111.430445048798,50.7551996818633],[-111.429922740444,50.7551045388622],[-111.429332860814,50.7549250183281],[-111.42898052,50.7547768792421],[-111.428357950677,50.7546339050806],[-111.428128917111,50.7546017510791],[-111.427920241165,50.7545539457023],[-111.427360182908,50.754359593991],[-111.427144073403,50.754315744418],[-111.426656154355,50.7542652187836],[-111.425960843054,50.7541391704321],[-111.425777395395,50.7541059101419],[-111.425210562044,50.75392579927],[-111.424744863722,50.7538346262526],[-111.42456910654,50.7538081793665],[-111.424155104467,50.7537741817261],[-111.423321810141,50.7537057516036],[-111.422642803263,50.7536015220259],[-111.422168397571,50.7535484642975],[-111.421455089421,50.7534553684634],[-111.418946368819,50.7534614035266],[-111.417523087964,50.7535062564276],[-111.417241879348,50.7535133059464],[-111.416304324754,50.7534918362823],[-111.41564125848,50.7535479431428],[-111.415263460309,50.7536072120968],[-111.414980860202,50.7536879136187],[-111.414011974167,50.7541181164961],[-111.413439645822,50.7544002046934],[-111.413151133004,50.7545637741162],[-111.412941074551,50.7546841956042],[-111.412819202811,50.7547685495089],[-111.412785083,50.7547818269562],[-111.412743240373,50.7547938632092],[-111.412648106089,50.7548251089189],[-111.412458230086,50.7548903315712],[-111.411836270719,50.755189286982],[-111.411710672767,50.7552969171684],[-111.411448954898,50.7556721262427],[-111.411251427045,50.7559131052798],[-111.410947628494,50.7560928561615],[-111.410460729033,50.7563470111528],[-111.408788539387,50.7569772362669],[-111.40838449963,50.7570945254221],[-111.408200184198,50.757163552969],[-111.407577776572,50.7575055454641],[-111.407310357993,50.7576930375298],[-111.407012716495,50.7578060298758],[-111.406799431294,50.7579028358344],[-111.406666373732,50.7580009003147],[-111.406251498497,50.7584681702006],[-111.406011839657,50.7586912470513],[-111.405919755154,50.7588159034039],[-111.404917317043,50.7596778520471],[-111.404814606369,50.7597973471993],[-111.404626353621,50.7599081364793],[-111.404412563567,50.7600861820525],[-111.403548394145,50.7604796478423],[-111.402985548415,50.7608585589125],[-111.402663461063,50.761199531703],[-111.402371084591,50.7613633484093],[-111.401583551345,50.7618046026165],[-111.401413264903,50.7618792270477],[-111.401192607228,50.7620161121596],[-111.401059197527,50.762117138684],[-111.40083015857,50.7622905630457],[-111.400245057978,50.7626570371336],[-111.399835849315,50.7629546849126],[-111.399339955024,50.7632452634272],[-111.399240818745,50.7634924582711],[-111.399154783497,50.7636196604547],[-111.398802026763,50.763947849662],[-111.398240692,50.764352137204],[-111.39804053388,50.7644374259759],[-111.397858011486,50.7645207026226],[-111.396962263587,50.7648549270583],[-111.396614603894,50.765015689465],[-111.396022212575,50.7651966161858],[-111.395796410248,50.7652449908073],[-111.395205384368,50.7654188314169],[-111.394834906569,50.7655720572545],[-111.393805818139,50.7658547661817],[-111.393114489069,50.7660851946453],[-111.392973270313,50.7661547538084],[-111.392806918492,50.7663234814793],[-111.391823147373,50.7671745876966],[-111.391710982829,50.7672937693985],[-111.39116740686,50.7676834577184],[-111.39102626536,50.7677648127751],[-111.390919504181,50.7678861701306],[-111.390219928577,50.7683647860409],[-111.389897695699,50.7686169455403],[-111.389736416664,50.7687431514758],[-111.389736574768,50.7686171063247],[-111.38965260295,50.7613759659745],[-111.389678699009,50.7541466250667],[-111.389704562404,50.7469167278324],[-111.389705187631,50.7467358958393],[-111.389688182523,50.7394517967979],[-111.389672341631,50.7321700682144],[-111.389531220792,50.7249813763577],[-111.389389787339,50.7177884230736],[-111.389386065618,50.717607631594],[-111.3893717851,50.7103942351279],[-111.389363852976,50.7031646391862],[-111.389349313743,50.6959277630301],[-111.389323627316,50.6886923897146],[-111.389323008377,50.6885115691085],[-111.389296458669,50.6812760815567],[-111.389273368373,50.6740430471123],[-111.389257007356,50.6667974084499],[-111.389243012503,50.6596107295462],[-111.389242389072,50.6593367577041],[-111.389221757465,50.6521433108733],[-111.389185237355,50.6449100596138],[-111.389159661421,50.6376710793162],[-111.389130795856,50.6304361755221],[-111.389129218414,50.6302553378923],[-111.389100810091,50.6230207556448],[-111.389075331175,50.6168934345439],[-111.389070718326,50.6157842992666],[-111.389041055057,50.608546429549],[-111.38901237185,50.601309033568],[-111.389011644215,50.6011282013773],[-111.388982298949,50.5938908790517],[-111.388953758574,50.5866534550824],[-111.388925838037,50.5794207865846],[-111.388977242333,50.572092363296],[-111.388978582619,50.5719020627685],[-111.379394784738,50.571874300845],[-111.379385784517,50.5646308495017],[-111.379387405976,50.5574027333936],[-111.379388169544,50.550167317305],[-111.379388034797,50.5429301141659],[-111.379389857478,50.5427491371009],[-111.37938687058,50.5355284639989],[-111.379378420128,50.5282959193107],[-111.379383912428,50.5210648313869],[-111.379383511779,50.5138334568114],[-111.379383501,50.5136526285912],[-111.379385318291,50.5064226402394],[-111.379385060475,50.4991846552454],[-111.379101413831,50.499185057517],[-111.367784387576,50.4991977530726],[-111.367778638358,50.4919548494448],[-111.379102925695,50.4919524531615],[-111.379386234573,50.4919522228486],[-111.379383730968,50.4847140018342],[-111.37938365012,50.4845331552646],[-111.367776721353,50.4845401068916],[-111.367768281681,50.4773009436297],[-111.379095942192,50.4772981207066],[-111.379379317545,50.4772978720287],[-111.37937831233,50.4700707436753],[-111.379381238143,50.4628639364617],[-111.379385244629,50.4556577375254],[-111.379385333563,50.4554768981747],[-111.37938639088,50.4482148327281],[-111.379387208347,50.4426571709145],[-111.379387454485,50.4409527578976],[-111.379390745912,50.4185528395109],[-111.37939110973,50.4118452119376],[-111.379397723127,50.4046154686249],[-111.379397163477,50.3977557305491],[-111.379397714144,50.3968199220554],[-111.379407471645,50.3899512648883],[-111.379420311265,50.3827034056108],[-111.37941489083,50.3754826941932],[-111.379410773852,50.368262320637],[-111.37941066785,50.3680814883334],[-111.379415536719,50.3608393031018],[-111.37941862872,50.353595801198],[-111.379424039273,50.3463533259411],[-111.379425700258,50.3391229414781],[-111.379432163637,50.3317080557892],[-111.379435322113,50.3244808857568],[-111.379434663648,50.3172536742812],[-111.379442220276,50.3100219303427],[-111.37944239455,50.3098408882384],[-111.379449778701,50.3026046027513],[-111.379450628507,50.30114058259],[-111.3794513256,50.29942262712],[-111.379454427483,50.2953558070452],[-111.379460433619,50.2881129870698],[-111.379466316686,50.2808700243838],[-111.379466450535,50.2806891612064],[-111.379475264804,50.2734470965678],[-111.379479568633,50.2662039043784],[-111.37948450757,50.2589604948555],[-111.379489388117,50.2517180378234],[-111.37948946627,50.2515372195649],[-111.37949621711,50.2442947744223],[-111.379502796371,50.2370513854515],[-111.379510310778,50.2298086950545],[-111.379515246122,50.2227105156166],[-111.379515088019,50.2225372843416],[-111.369578797508,50.2225393568857],[-111.369552302597,50.2154502643325],[-111.369545876948,50.2082053002387],[-111.369550934463,50.2009694011067],[-111.369554949034,50.1937285132918],[-111.369555065815,50.1935476568011],[-111.369561937029,50.186313199525],[-111.369563329418,50.1790688934782],[-111.36953160182,50.1718253586446],[-111.369523483745,50.1645894827713],[-111.369523307675,50.164408635626],[-111.369522399478,50.1571715585125],[-111.369519698244,50.149931699161],[-111.369517361726,50.1426946353884],[-111.369513626531,50.1354568657596],[-111.380753202737,50.1354567874511],[-111.391989165919,50.1354577743679],[-111.392270547911,50.1354577864596],[-111.403516290153,50.1354564557918],[-111.414757522853,50.1354544387734],[-111.415038835674,50.1354545487507],[-111.426280506751,50.1354544641085],[-111.437513150658,50.1354507254555],[-111.449040572234,50.135445849602],[-111.460281074603,50.1354399321302],[-111.460562441323,50.1354397795438],[-111.471803284154,50.1354327634492],[-111.483045178912,50.1354246464282],[-111.483326544734,50.1354244293524],[-111.494565321439,50.1354152188898],[-111.505805176123,50.1354048890739],[-111.506086541945,50.1354046345712],[-111.517455068615,50.1354067817221],[-111.528628965398,50.1354107616378],[-111.528910966328,50.135410989078],[-111.540092666776,50.135417796737],[-111.551275836867,50.1354240786916],[-111.562740503035,50.1354310585122],[-111.573914017135,50.1354290910113],[-111.574195203294,50.1354290144302],[-111.585376466262,50.1354311489124],[-111.59663434654,50.1354333519145],[-111.596915730328,50.1354333899171],[-111.608131248753,50.1354336611179],[-111.619344820528,50.1354313130148],[-111.619626161197,50.1354312514044],[-111.630838588519,50.1354278081339],[-111.64205136798,50.1354232898485],[-111.64233270775,50.1354231637488],[-111.653612245512,50.1353895751466],[-111.664791276166,50.1353147149843],[-111.665072605157,50.1353128338485],[-111.667936264501,50.1353238932216],[-111.668037377971,50.1354656587611],[-111.668189289374,50.1357361865763],[-111.668361571872,50.1359552411669],[-111.668596899036,50.1361714774199],[-111.669964542733,50.1372594180279],[-111.670926622233,50.1381010127954],[-111.672177358281,50.1390491989471],[-111.672549193435,50.139276904005],[-111.672906132725,50.1394709134257],[-111.673635762365,50.1397941263711],[-111.674612961409,50.1402875553311],[-111.675413761874,50.1405779107105],[-111.676169848696,50.1407781592596],[-111.676343223546,50.1408116865056],[-111.67727656594,50.1409906141928],[-111.677558804026,50.1410448111589],[-111.677742858048,50.141051580018],[-111.678252784922,50.141033232648],[-111.678565794798,50.141046586135],[-111.678594761873,50.1410504636774],[-111.678866452839,50.1410870553416],[-111.679175172361,50.1410978865425],[-111.679405686351,50.1410698715352],[-111.679756283535,50.1410791252405],[-111.68017030627,50.1411299362434],[-111.680592392282,50.141148320423],[-111.681009577087,50.141118200579],[-111.681439125404,50.1410569774873],[-111.681725645759,50.1409680455392],[-111.681866229406,50.1409066282337],[-111.682572623223,50.1408185198798],[-111.682960328015,50.1407979558479],[-111.684192831856,50.1407818871331],[-111.684494729572,50.1407481347545],[-111.684993199333,50.1406501568616],[-111.685181958731,50.1406385379538],[-111.686051165006,50.1404964555415],[-111.68663290051,50.1403792175434],[-111.686981597757,50.1403264021721],[-111.687263904115,50.1402374095646],[-111.687609130272,50.1401016712087],[-111.687891440223,50.139990660054],[-111.688403260746,50.1397903540883],[-111.688786189195,50.139687395754],[-111.688981988689,50.1395475835707],[-111.689242797464,50.1394141577716],[-111.689537729643,50.1393143278345],[-111.68977851497,50.1392551929887],[-111.690024914768,50.139158321514],[-111.691665272613,50.13810669445],[-111.69222857828,50.1378033001745],[-111.692842280332,50.1375037478343],[-111.693275218892,50.137173982046],[-111.693987598183,50.1366797367558],[-111.694213037591,50.1365680779645],[-111.694465255776,50.1364078450566],[-111.694764021067,50.136280987722],[-111.694996452062,50.1362165311466],[-111.695159223198,50.1361443157262],[-111.695489964919,50.1360564611615],[-111.696330309223,50.1359312214458],[-111.696675243428,50.1358149205913],[-111.69736685906,50.1355258047835],[-111.697605439023,50.1354545245672],[-111.697674725182,50.1354242756144],[-111.698085529253,50.1352433843589],[-111.698785160553,50.1349389222359],[-111.699106717,50.1347642939124],[-111.699221152486,50.1347020590585],[-111.700823058843,50.1340385416826],[-111.701665397407,50.1337496955643],[-111.702848731063,50.1334100602243],[-111.703313502323,50.1333108667114],[-111.703743366848,50.1332378580264],[-111.70426964306,50.1331947880899],[-111.704653667454,50.1331942485423],[-111.705246006671,50.1332439778848],[-111.705750480772,50.1333197631798],[-111.706560261695,50.133477701993],[-111.70697085556,50.133599346954],[-111.707381837498,50.1337472230019],[-111.707719555535,50.1339034680806],[-111.708590394948,50.1344227938163],[-111.708854087315,50.1345402738556],[-111.709295752109,50.1347958388445],[-111.709497654758,50.1348555216103],[-111.70964545547,50.1349384420156],[-111.709765263779,50.1351173196946],[-111.709897141853,50.1352692579245],[-111.709948318874,50.1353282065319],[-111.710094438838,50.1354505573226],[-111.710287684422,50.1356123820565],[-111.710569202059,50.1358481006578],[-111.71089175923,50.1361183562654],[-111.711036423924,50.1361082425224],[-111.711148545349,50.1361994382927],[-111.711809268817,50.1370704221507],[-111.712168649728,50.1376946034659],[-111.712333047713,50.1379312065517],[-111.712864709326,50.1385140986478],[-111.713116449608,50.1386923244427],[-111.71338676166,50.1388367175434],[-111.713738825793,50.1389753008399],[-111.714442584851,50.1392187478916],[-111.715002169696,50.1395101259545],[-111.715312057926,50.1396219103014],[-111.715701385075,50.139714461014],[-111.71673204376,50.139903615715],[-111.717013500312,50.1399198482359],[-111.719021686825,50.1398924750691],[-111.719419736615,50.1398419373821],[-111.720209241664,50.1396932125207],[-111.720567894939,50.1396649410592],[-111.721024804144,50.1395643320826],[-111.721627313188,50.139452077214],[-111.721817804538,50.1394011297035],[-111.721976906056,50.1393585708238],[-111.7232410279,50.1390675390175],[-111.723826874992,50.1389016381027],[-111.724221747442,50.1387499394079],[-111.724839565575,50.1384554809981],[-111.725664679842,50.1381277052811],[-111.726037076443,50.1380219474463],[-111.726316972621,50.1379180704112],[-111.726784023805,50.1376648464861],[-111.727191419668,50.1374996039974],[-111.728036070495,50.1372229011658],[-111.728292590713,50.137081319324],[-111.729195302352,50.1367449648308],[-111.729934364302,50.1365916154348],[-111.731102013373,50.1363092525464],[-111.731384184085,50.1362053401243],[-111.731988480777,50.1360229127334],[-111.733069940988,50.1357619844464],[-111.733351325674,50.1356940931331],[-111.733376030243,50.1356881359621],[-111.734441770835,50.1354872384881],[-111.734515241347,50.1354676527472],[-111.734730651962,50.1354102307521],[-111.734931042746,50.135326982959],[-111.735186820955,50.1352868693302],[-111.735695708479,50.1352070720945],[-111.735972443485,50.1351841016826],[-111.736638723931,50.1350944615209],[-111.737320430248,50.13505998768],[-111.737588616886,50.1350235589643],[-111.73819586634,50.1349018070696],[-111.73900659229,50.1347825803481],[-111.73935592285,50.1346882224262],[-111.740308694006,50.13450535797],[-111.740722656554,50.1343831700198],[-111.741980872874,50.1339613341103],[-111.74208989601,50.133944573848],[-111.742482917031,50.1338251760269],[-111.74337277827,50.1334834233525],[-111.743851659369,50.1333366417046],[-111.744582751466,50.1330683068883],[-111.744731231304,50.1330138141239],[-111.745111569911,50.1328904407653],[-111.746049956345,50.1327481124955],[-111.746332463027,50.1326629771032],[-111.746887940774,50.1324456366684],[-111.747180820303,50.1323672408825],[-111.747593376987,50.1323106938912],[-111.747732801807,50.1322788928014],[-111.748225952644,50.1321874494346],[-111.748917445207,50.1320337007713],[-111.749347329495,50.131896260565],[-111.750668428782,50.1317331126459],[-111.75089872538,50.1317539558269],[-111.751115907473,50.131773597217],[-111.752222341747,50.1317635752662],[-111.752775149702,50.1316896779983],[-111.753861716835,50.1314964000182],[-111.754468382384,50.1314079075194],[-111.754950486638,50.1313058496223],[-111.755825796966,50.1311929926175],[-111.755929056511,50.131179674962],[-111.756107131346,50.1311523071597],[-111.757479635828,50.130941357577],[-111.758166429304,50.1308173005199],[-111.758704106035,50.130696497872],[-111.759847161929,50.1303358663515],[-111.76155828456,50.1296741755469],[-111.762192690983,50.1294688359037],[-111.763313112925,50.1290398739888],[-111.764688889071,50.1286756226781],[-111.766055993779,50.1284276416173],[-111.767343111596,50.1281709092741],[-111.767413402072,50.1281568910771],[-111.76807702081,50.1280724207275],[-111.768629931173,50.128060596053],[-111.76934221165,50.1280453379398],[-111.769975178074,50.1280588430547],[-111.769986855274,50.1280603035028],[-111.770941188601,50.1281799057503],[-111.772619867678,50.128466567194],[-111.773164775847,50.1286074201249],[-111.773736622696,50.1287788235433],[-111.774247134374,50.1289812303347],[-111.774720692056,50.129246506578],[-111.775146294074,50.1294303908418],[-111.775511110691,50.1296196984969],[-111.775774654836,50.129799068269],[-111.776600320668,50.1305716472261],[-111.776657715828,50.1306253532735],[-111.77675432784,50.130745469107],[-111.777153415185,50.1312390247913],[-111.777277459949,50.1313924328034],[-111.778217993357,50.1327954117257],[-111.778579458359,50.1334139072913],[-111.778665335504,50.1335608240198],[-111.778860942758,50.1340198248289],[-111.779472766434,50.135282352759],[-111.779548748635,50.1354632156531],[-111.779603988737,50.1355947057056],[-111.780289159856,50.1367253519673],[-111.780557094965,50.1371306732503],[-111.78083241782,50.1374582991877],[-111.781197117656,50.1378406364884],[-111.781905019744,50.1384667284944],[-111.78208090808,50.1386358091081],[-111.782313799911,50.1388068800922],[-111.782867228601,50.1392129978546],[-111.783491714929,50.1397450527018],[-111.783963979935,50.1402614484261],[-111.784376308447,50.1405522818249],[-111.784707887398,50.1408273711965],[-111.785079087443,50.1414580391289],[-111.785708680693,50.1422848608779],[-111.786020434724,50.1426871839692],[-111.786428617511,50.1432139319095],[-111.786631616104,50.1436430183443],[-111.787313168809,50.1445410984713],[-111.787601340267,50.1448471257979],[-111.787960626855,50.1451675454852],[-111.789349629795,50.1461216378289],[-111.789621379152,50.1462942645522],[-111.790078283865,50.146462465516],[-111.790082949714,50.1464645027943],[-111.790943703741,50.1468396552574],[-111.791338367782,50.1470336472466],[-111.792321800236,50.1474074954196],[-111.794315555313,50.1480571373845],[-111.79484411684,50.1481756770932],[-111.794888094763,50.1481706275407],[-111.795478760418,50.1482982638533],[-111.796045251511,50.1483952768477],[-111.79631439755,50.1484619746783],[-111.79807951971,50.1487269092144],[-111.798902874177,50.1488648375673],[-111.800178964275,50.1490295014298],[-111.8005341788,50.1490973951174],[-111.801151391469,50.1492441209298],[-111.801307568971,50.1492590798628],[-111.80158899498,50.1492860084633],[-111.802152395868,50.1493399226062],[-111.802757837013,50.1494434876008],[-111.803080704103,50.149437387659],[-111.803456728101,50.1494837321157],[-111.803908167464,50.1495190578543],[-111.804218750092,50.1495182744243],[-111.804512234187,50.1494811561777],[-111.804810344605,50.1494844873404],[-111.805083339925,50.1495067440148],[-111.805328508133,50.1495064113016],[-111.805746098976,50.1494606678234],[-111.806012709969,50.1494545005352],[-111.806292096802,50.1494847596128],[-111.80660501505,50.1494946748142],[-111.807688354536,50.1494767215345],[-111.808110691179,50.1495200577204],[-111.809513111356,50.1495039055914],[-111.810244013909,50.1495395692086],[-111.810972479332,50.1495321102214],[-111.811335968239,50.1495634071065],[-111.812266401888,50.1495998944019],[-111.812828171436,50.1496449815325],[-111.812947085023,50.1496545282997],[-111.814469334171,50.1496596116575],[-111.815136875852,50.1497273116159],[-111.816188324247,50.1495830475176],[-111.816854880476,50.149421911291],[-111.817242340926,50.1492777907547],[-111.817773530025,50.1492803028087],[-111.8180438834,50.1492187775957],[-111.81853410483,50.1490459576537],[-111.819008873441,50.1487963017144],[-111.819646087998,50.1483560295803],[-111.819947297604,50.1482053227678],[-111.820284577264,50.1480842738941],[-111.82073313034,50.1479510071827],[-111.820872865978,50.1479374817777],[-111.821777304179,50.1476386733136],[-111.823270955459,50.1472330783956],[-111.824064355603,50.146983624835],[-111.824345687289,50.1468951690384],[-111.824351966513,50.1468931997063],[-111.824684461745,50.1467669285665],[-111.826270104105,50.1459317996391],[-111.827851903471,50.1453369322794],[-111.828961339915,50.1450248599692],[-111.830603261727,50.1446015629534],[-111.831538602872,50.1443857591499],[-111.833549069309,50.1441727954155],[-111.835554289584,50.1441313138727],[-111.837550006582,50.1440900009721],[-111.838302236038,50.1441002408316],[-111.838895821218,50.1441309684569],[-111.840758732183,50.1443227579018],[-111.841289715568,50.144409949636],[-111.84223783974,50.1446149672561],[-111.842731400208,50.1447568290375],[-111.843309655638,50.14500240375],[-111.84370266049,50.1452419826496],[-111.8441040592,50.1455272966956],[-111.84440355482,50.1457861701082],[-111.844874230707,50.1460715626531],[-111.845214283466,50.1463917208447],[-111.845731772358,50.1470317711769],[-111.845983396758,50.1474529081342],[-111.846371689946,50.14834514361],[-111.846460540514,50.1484917548753],[-111.846579344507,50.1487636498528],[-111.846765683843,50.1491107549876],[-111.846807543539,50.149173039023],[-111.846991713443,50.1494470380809],[-111.847089861575,50.1495699088202],[-111.847343300571,50.1498871038833],[-111.847637408995,50.150255222486],[-111.847777535399,50.1505322223615],[-111.848137325044,50.1512293642133],[-111.848426298698,50.1515627923807],[-111.848550017373,50.1519625980454],[-111.849402628173,50.1534141745033],[-111.849602693766,50.1535888677102],[-111.849824868695,50.1539857566913],[-111.850116103409,50.1543448061422],[-111.850403741268,50.1548062234899],[-111.850666507472,50.1553322641321],[-111.850824088142,50.1557926727912],[-111.85095083953,50.1563702732301],[-111.851028373123,50.1568973821318],[-111.851033910338,50.1571012895368],[-111.851042364383,50.1574126798876],[-111.850944149776,50.157873568071],[-111.850954262112,50.1581995256537],[-111.850927126702,50.1586212099975],[-111.850849887757,50.1590793896762],[-111.85074862876,50.159421065974],[-111.850707337698,50.1595604068539],[-111.850623379355,50.1598436661045],[-111.850126765513,50.1611137356771],[-111.849895737686,50.1614253318139],[-111.849673340873,50.1618030515297],[-111.849570025632,50.1622412202242],[-111.849441621344,50.1627909090839],[-111.849372753799,50.1632517154942],[-111.849355707369,50.1636060588912],[-111.849115345148,50.1643045252914],[-111.849053226646,50.1644850569097],[-111.849012866239,50.1646023365238],[-111.848854289337,50.1651535760877],[-111.848643399044,50.1657278352532],[-111.848358605251,50.1661892020123],[-111.848128501791,50.166706947579],[-111.847783853251,50.1677691778125],[-111.847592545333,50.169249991596],[-111.847571734961,50.1696932313671],[-111.847631710083,50.1699315116386],[-111.847603770681,50.1701862178059],[-111.847677676876,50.1710709992458],[-111.84780545953,50.1714438378724],[-111.847830198235,50.1716778057118],[-111.847842912989,50.1717980612742],[-111.847974255667,50.1721700824015],[-111.84815689574,50.1725966542332],[-111.84827644264,50.1730519912348],[-111.848505857991,50.1735431215005],[-111.848758038447,50.1739735737833],[-111.849334326567,50.1746670317774],[-111.849586827722,50.1750476983528],[-111.849783529124,50.1753962592377],[-111.850370447907,50.176130556687],[-111.850699611288,50.1765015758478],[-111.850945398435,50.1767191199785],[-111.85158534926,50.1774007498078],[-111.851909270972,50.177697289161],[-111.852584467197,50.1783132418722],[-111.853058023082,50.1786152355242],[-111.853362715457,50.1788856855454],[-111.85340777046,50.1789256740182],[-111.853626864168,50.1791623412132],[-111.854796823706,50.179813704949],[-111.855139989127,50.1800540430845],[-111.855482941648,50.1802634242357],[-111.855641566161,50.1804934095418],[-111.855951586444,50.1808065435397],[-111.856823679905,50.1815131456059],[-111.857326740057,50.1818623024385],[-111.857808549663,50.1821319460045],[-111.858080231646,50.1823450294513],[-111.858165684786,50.1825122252214],[-111.858367863217,50.1826312593393],[-111.858887520643,50.1829376825447],[-111.859320634374,50.183144146754],[-111.860401445103,50.1839326414448],[-111.860731804142,50.1841407245998],[-111.86101856794,50.1844068079957],[-111.861362047772,50.1846282649149],[-111.86162618211,50.1847768195486],[-111.861626904355,50.1847772279433],[-111.861847638387,50.1849300616156],[-111.861894558293,50.1849624425918],[-111.86198977073,50.1850155917507],[-111.862315719939,50.1851965052902],[-111.862574489538,50.185340816655],[-111.862905368702,50.185585971841],[-111.863517884978,50.1862603733389],[-111.863528602778,50.186272165797],[-111.863870485405,50.1865838901045],[-111.864232956521,50.1868478196497],[-111.864606256827,50.187006824671],[-111.864870827746,50.1870479451947],[-111.865268175952,50.1871708389361],[-111.865810635315,50.1873742692186],[-111.866243643943,50.1876058549206],[-111.867105263946,50.188244023193],[-111.867537305089,50.1885946193327],[-111.867962789428,50.1889749333702],[-111.868233495841,50.1893150132969],[-111.868478638895,50.1897091124088],[-111.868721305294,50.190039839928],[-111.869066808132,50.190382488306],[-111.869436916724,50.1907004788837],[-111.869503927451,50.1907454507605],[-111.86978418026,50.1909335656479],[-111.869808927948,50.1909501719351],[-111.870221839467,50.1911530408985],[-111.87057713484,50.1914098631191],[-111.871611397566,50.1923274493617],[-111.871897451695,50.192530823172],[-111.872140097433,50.192755253685],[-111.872381591531,50.1930954619682],[-111.872623047899,50.1933927510159],[-111.872912173369,50.1936963366673],[-111.872925128872,50.1937099371167],[-111.87304638257,50.1938757013758],[-111.873204549841,50.1940919236135],[-111.873385183976,50.1944605943662],[-111.873789126715,50.1949724863812],[-111.874447145356,50.195975989677],[-111.87469786605,50.1961231317282],[-111.874798054255,50.1963706370586],[-111.875014082911,50.1966624460898],[-111.875078676272,50.197114039562],[-111.875249398397,50.1975867158285],[-111.875572517913,50.1982083166012],[-111.875687011789,50.1983542073856],[-111.875907300256,50.1987065032841],[-111.87627285978,50.1991924406547],[-111.876482639755,50.1995427545787],[-111.877027483246,50.2002941872495],[-111.877369240109,50.2006728147489],[-111.877630574398,50.2009040444288],[-111.877715922435,50.2009789393492],[-111.877940093421,50.2013251846576],[-111.878351634111,50.2017389876294],[-111.878578787503,50.2020648202656],[-111.879124630819,50.202559907759],[-111.879217992727,50.2027045794955],[-111.879509481663,50.203023150394],[-111.879902865604,50.2033479824238],[-111.880243067484,50.2035557826174],[-111.880430204524,50.2036240134229],[-111.880472679566,50.2037155191476],[-111.88055708527,50.2038041446497],[-111.880695804913,50.2038226726245],[-111.880798569486,50.203816974054],[-111.88090788188,50.2041395490973],[-111.880978429274,50.2042106596662],[-111.880996405461,50.2042287988038],[-111.881453143986,50.2046156797619],[-111.881723106593,50.2047820966872],[-111.881964269213,50.204797714397],[-111.882167743015,50.2051162724754],[-111.882477695025,50.205339108122],[-111.88286515278,50.2055684149773],[-111.883283840466,50.205730423879],[-111.883608482627,50.2059559784649],[-111.884088303363,50.2061702866173],[-111.884572132382,50.2063631121917],[-111.884866368366,50.2064163013514],[-111.885038794595,50.2064791954784],[-111.885213707361,50.206594702967],[-111.885720380537,50.2067349239437],[-111.886646976583,50.2069011334015],[-111.886850058719,50.2068372285147],[-111.887020314619,50.2068826158208],[-111.887355140081,50.207059677244],[-111.887792442656,50.207181099972],[-111.888970996377,50.2073615000658],[-111.889578421002,50.2074277321457],[-111.890069796768,50.2074043347541],[-111.890535647803,50.2073483030829],[-111.891023026065,50.207393313323],[-111.891907307868,50.2074349969714],[-111.892148754355,50.2074236185153],[-111.892171260746,50.2073521867471],[-111.892202536491,50.2073572260237],[-111.892459176184,50.2073985607203],[-111.892484158332,50.2073982784292],[-111.89321226443,50.2073894722071],[-111.893651106717,50.2074565378974],[-111.893879554582,50.2074327547413],[-111.893900497007,50.2074165480145],[-111.89566052482,50.2072336557935],[-111.896167753156,50.2071365937491],[-111.896433498173,50.207016012614],[-111.897630143963,50.2067608163234],[-111.897937544758,50.2065982773743],[-111.898159544516,50.2065410954487],[-111.898610594908,50.2064926560251],[-111.89906937171,50.2063945173298],[-111.899356017829,50.2062711147906],[-111.89977954474,50.2062079536146],[-111.900202551526,50.206061259483],[-111.900743613109,50.2060072667254],[-111.901155967673,50.2058443905891],[-111.901567859603,50.2056235868843],[-111.902120755593,50.2054401898814],[-111.902696312484,50.2052095669071],[-111.903148143512,50.2049820700276],[-111.903555763954,50.2047719324951],[-111.9036946947,50.204669687893],[-111.903892019534,50.2045244385223],[-111.904476193963,50.2039974794345],[-111.905192480028,50.2037503327557],[-111.9054053008,50.2035639386724],[-111.905306513967,50.2035345337444],[-111.905572483563,50.203458422729],[-111.90598455336,50.2032499413339],[-111.906153013527,50.2030137149071],[-111.906483564806,50.2028444335604],[-111.90696928927,50.2026640106427],[-111.907956711142,50.2021898988629],[-111.908372894325,50.2019570665708],[-111.908782253006,50.2016676508532],[-111.909143275139,50.2013448486528],[-111.909405948817,50.2010719037635],[-111.90955068807,50.2009417615829],[-111.909798105659,50.2007193107896],[-111.909947755104,50.2005033543212],[-111.909945554231,50.2004804733482],[-111.910162345557,50.2002724539103],[-111.910831106252,50.1995270287696],[-111.911341540674,50.1986460439705],[-111.911502327432,50.1982010837236],[-111.911773746209,50.1976194286523],[-111.911912037355,50.1973230267751],[-111.912129912948,50.1969466556836],[-111.912480118466,50.1965967476795],[-111.913076836072,50.1960872647844],[-111.91319762624,50.1959522600323],[-111.913615554849,50.1956763405141],[-111.913886585554,50.1954169188963],[-111.914071876556,50.1951968450346],[-111.914392943421,50.1948807890712],[-111.914695591231,50.1946428816606],[-111.914920354206,50.1944336751089],[-111.91498218884,50.1943761030773],[-111.915073677761,50.1940720432717],[-111.915109297758,50.1937512991597],[-111.915202762972,50.1936312851852],[-111.915283932944,50.1935270263045],[-111.915812492674,50.1928482145603],[-111.915793645121,50.1928509353889],[-111.915898078765,50.1927214896816],[-111.91599969619,50.1925957985135],[-111.91609572789,50.1923795275175],[-111.916219361226,50.1921494855682],[-111.916252149734,50.1919982812993],[-111.916242035602,50.1916974500303],[-111.916176161244,50.1915640943928],[-111.916255289346,50.1914302788591],[-111.916786447902,50.1909542288972],[-111.916949384328,50.19077175038],[-111.917144782276,50.1903773966253],[-111.917200422128,50.1901694936284],[-111.917304213476,50.1899507414111],[-111.91759391746,50.1895032252675],[-111.917739745471,50.1892778983408],[-111.917971645562,50.189026429677],[-111.918595150929,50.1885447036705],[-111.918837669107,50.1883243404617],[-111.918947835798,50.1881055090471],[-111.919064642836,50.1879568411061],[-111.919254996743,50.1877850521267],[-111.919943682071,50.1873099349923],[-111.921116037416,50.1862921598218],[-111.921227541699,50.1861953462379],[-111.921786768116,50.1858621711166],[-111.923167502064,50.1851696072693],[-111.923907777638,50.184926415411],[-111.924528736282,50.1847590532293],[-111.925920327268,50.18448462554],[-111.926497817333,50.1844306440397],[-111.927104695783,50.1843739066543],[-111.928753866101,50.1843376454948],[-111.929400479731,50.1843530789241],[-111.929541256515,50.1843893136123],[-111.930012617816,50.1843899658986],[-111.930376382506,50.1844444346458],[-111.931410737758,50.1845499011585],[-111.931711376934,50.1846044853397],[-111.932334452907,50.1847878197425],[-111.934088965963,50.1851707639944],[-111.935549944619,50.1855341997573],[-111.936441484809,50.1857708250089],[-111.937769867637,50.1862141070954],[-111.937781216952,50.1862156882826],[-111.938062788488,50.1862549038967],[-111.938346017416,50.1862943484023],[-111.938467766086,50.1863103546591],[-111.938753901064,50.1863479849862],[-111.938949706846,50.186398801382],[-111.939057169609,50.1864591905024],[-111.939206731917,50.1865141486711],[-111.939284788329,50.1865679224767],[-111.939514451614,50.1866793621545],[-111.940257786851,50.1873035022551],[-111.941687557135,50.1878301653643],[-111.942139858881,50.1880322889404],[-111.942555227292,50.1881598625506],[-111.942728177238,50.1882673316242],[-111.943256038977,50.1886950630423],[-111.94377593266,50.1891942514043],[-111.9444133161,50.189716127443],[-111.944897631107,50.1901547200375],[-111.944970420696,50.1902440677836],[-111.945238742082,50.1906218530523],[-111.945426592384,50.1907928738043],[-111.946367130283,50.1913562161166],[-111.946881762533,50.1916634207234],[-111.947877303379,50.1921621035872],[-111.94889531109,50.1927740171415],[-111.949150718295,50.1929595360645],[-111.949321135891,50.1931002215245],[-111.949771232272,50.1934716178522],[-111.949784934275,50.1934829283221],[-111.949951544811,50.1936511294795],[-111.950165907092,50.1938674890315],[-111.950279544874,50.1939564905258],[-111.950963289468,50.1945414756905],[-111.951221135599,50.19471207582],[-111.951682793298,50.1949214070947],[-111.952733234682,50.1956587392698],[-111.952974847357,50.1958085575282],[-111.953244725523,50.1959360724099],[-111.954194844853,50.1962681904395],[-111.954648987247,50.1965348543646],[-111.955467184486,50.1969110464092],[-111.955865324108,50.197058447229],[-111.956104983846,50.1972198145028],[-111.95625915002,50.1973489127596],[-111.956862471141,50.1980406990663],[-111.957090398882,50.1982006771689],[-111.957310615484,50.1984577541783],[-111.957376844676,50.1985703524132],[-111.958257511658,50.1991596346038],[-111.958869172739,50.1994977978877],[-111.959237952722,50.1996601522837],[-111.960313758937,50.2000876879259],[-111.960554757165,50.2001592030189],[-111.960835987341,50.2002426800934],[-111.96089499318,50.2002601887952],[-111.961214070278,50.2003876204851],[-111.962040110707,50.2008895265883],[-111.96212850044,50.2009432353309],[-111.962463591804,50.2011468260208],[-111.962488458967,50.2011619366146],[-111.962739798601,50.2013744142058],[-111.962894039335,50.2014987367592],[-111.963174679318,50.2016692654538],[-111.96427095185,50.2022017253369],[-111.964412020587,50.2022491939269],[-111.964629535955,50.2023102104448],[-111.964952096719,50.2024577314422],[-111.965221722458,50.2025609099657],[-111.965986525633,50.2027630689383],[-111.966311431898,50.2027751804638],[-111.966513357903,50.2028030184463],[-111.966740792468,50.2028657661136],[-111.966903196193,50.2029571065464],[-111.967707086863,50.203515737718],[-111.968402901221,50.2037732650591],[-111.969369552247,50.2039559296273],[-111.969706034203,50.2040679117489],[-111.970212277086,50.2043390174332],[-111.970796297005,50.2046085806719],[-111.971671424975,50.2051377098056],[-111.972044186292,50.2053945079764],[-111.97233942839,50.2055967940864],[-111.972517437649,50.205700623569],[-111.973347271664,50.2060810261675],[-111.973563432372,50.2061780587367],[-111.973996317931,50.2064844257281],[-111.974464771386,50.2067678006805],[-111.974889285545,50.207082310716],[-111.97539550597,50.2073520717608],[-111.975577038421,50.2074850883627],[-111.975847141166,50.2076462404394],[-111.976120157147,50.2079260876538],[-111.97627004734,50.2080322428093],[-111.976373724602,50.2081317895714],[-111.976411200519,50.2081861214291],[-111.976691959978,50.2086067478244],[-111.976865525271,50.208785698344],[-111.977051392991,50.2089336155645],[-111.977287630148,50.2090759723626],[-111.978391498834,50.2098473040877],[-111.978568377113,50.2099170102932],[-111.978667791869,50.2100084867059],[-111.978710500473,50.2101163245564],[-111.978842144984,50.2103075423],[-111.979180220551,50.2105886059038],[-111.979362337806,50.2107059534468],[-111.979503070573,50.2107391327151],[-111.979925066754,50.2110655719308],[-111.980312944022,50.21126284688],[-111.980564106688,50.2114362714417],[-111.980779685288,50.2116138092176],[-111.98095470136,50.2117118233541],[-111.981259811451,50.211768957693],[-111.981834394568,50.2121653601017],[-111.982249099124,50.2123769361768],[-111.983023642732,50.2126960656726],[-111.983251819305,50.2128113891037],[-111.983532126912,50.212951471668],[-111.983550056386,50.2129604849646],[-111.984126838579,50.2132018910995],[-111.984450777359,50.2133063099391],[-111.985957927623,50.2137215255073],[-111.986760932554,50.2138513172483],[-111.986956866796,50.214021356875],[-111.98708687817,50.2141102368687],[-111.987754984891,50.2142636440589],[-111.988554422612,50.2145300815685],[-111.988782509354,50.214555869121],[-111.989259293785,50.2147636452348],[-111.989585655321,50.2148126620271],[-111.989899082015,50.2148320002789],[-111.990448859054,50.2149545431393],[-111.990741347815,50.2149766388407],[-111.991478183741,50.2150717063442],[-111.99327896722,50.2152241257475],[-111.99476486065,50.215222484588],[-111.994773592275,50.2152224817138],[-111.996080625742,50.2151012513228],[-111.996387580973,50.2150922878668],[-111.996913313705,50.2151261102031],[-111.997442909192,50.2150594973423],[-111.998868328936,50.2150255852838],[-111.999170807861,50.2149828620571],[-111.999480789516,50.2149108523921],[-111.999780722617,50.214820832254],[-112.00010830137,50.214763294006],[-112.000634662024,50.214736060836],[-112.00091451149,50.2146878171293],[-112.00164646058,50.2145768371617],[-112.002220291807,50.2144452987118],[-112.002501960361,50.2143957135933],[-112.002792044332,50.2143798719597],[-112.00308636925,50.2144044932293],[-112.003379997974,50.2145102448033],[-112.003663805417,50.2145713180771],[-112.004832628586,50.214595617335],[-112.005719720319,50.2145156839913],[-112.006012249504,50.2145134570399],[-112.006294035738,50.2145076442021],[-112.006447052068,50.2145083334419],[-112.006539431219,50.2145002568612],[-112.006629466665,50.2144960231229],[-112.006769451136,50.2145335116702],[-112.006926276323,50.2145353632467],[-112.00740561107,50.2145436645858],[-112.007561638554,50.2145788542917],[-112.007785120532,50.2145585410003],[-112.007925749993,50.2146012835769],[-112.008046602145,50.2146127821885],[-112.008119857061,50.2145991049164],[-112.008442312722,50.2146322015744],[-112.009348487367,50.2146956281006],[-112.009941372759,50.2146920859161],[-112.010519539256,50.2147176560904],[-112.010801280574,50.2147169501832],[-112.011099783556,50.2146869928039],[-112.011707397726,50.21467005619],[-112.012291812904,50.2146113439281],[-112.012583946831,50.2146004069391],[-112.012867757867,50.2145690531886],[-112.013170438015,50.2144809535406],[-112.013750676027,50.2144641099786],[-112.014711381104,50.2143724035457],[-112.015289487413,50.2142650823299],[-112.015596404915,50.2142296440577],[-112.01621022285,50.2141290396449],[-112.017145553216,50.21392682764],[-112.017542357043,50.2138474709036],[-112.018055794534,50.2137447858606],[-112.018360605486,50.2137133700383],[-112.018970309137,50.2135938724545],[-112.019283525626,50.2135491859586],[-112.019863657636,50.2134260669295],[-112.020181007273,50.2133057747444],[-112.020466852993,50.2132205919083],[-112.021053411551,50.2131066922508],[-112.0216566114,50.2129445255821],[-112.021938267378,50.2128904497831],[-112.02221991527,50.2127999389215],[-112.022511986315,50.2126568108373],[-112.024000009651,50.2122554622829],[-112.024594681792,50.211984033646],[-112.025460624489,50.2117934107208],[-112.025874754123,50.2117797176936],[-112.025965040199,50.2116731149946],[-112.026219351459,50.2116365480323],[-112.026500975996,50.2115554708918],[-112.026784714268,50.2114932882598],[-112.027673806549,50.2113619936829],[-112.02828330269,50.2112092348323],[-112.02857329683,50.2111213957278],[-112.028790720569,50.2110375174358],[-112.028867461848,50.211007913027],[-112.02907263616,50.2109462591537],[-112.029155353031,50.2109214136177],[-112.029438987099,50.2107850072667],[-112.029722677761,50.2107079506194],[-112.030004333738,50.2106659795093],[-112.03057605123,50.2106157598064],[-112.0308955694,50.2106034364103],[-112.032360777324,50.2106012725146],[-112.032968263933,50.2105766441085],[-112.033582010901,50.2105128775186],[-112.033863628251,50.2104641518047],[-112.034153584662,50.2103479678308],[-112.034195376086,50.2101631109199],[-112.033909537552,50.2102064518778],[-112.033628045068,50.2103536696458],[-112.033344306796,50.2103969995076],[-112.032186025357,50.2103909090687],[-112.031588959205,50.2103521145531],[-112.031012975614,50.2103524422436],[-112.030724879614,50.2102716515195],[-112.031008488529,50.2101311943027],[-112.031298463805,50.2100338869204],[-112.031584303237,50.2099892212362],[-112.032170722556,50.2099349236258],[-112.032759226865,50.2098603951725],[-112.03334360611,50.209850612072],[-112.033947019758,50.2099285186573],[-112.034514742441,50.2100428599502],[-112.034798522934,50.210035953109],[-112.035380498287,50.2098049194409],[-112.035670510394,50.209746724929],[-112.035971092078,50.2097236287738],[-112.037166772179,50.2094139642136],[-112.037753084598,50.2092881284205],[-112.038055727018,50.2092393934074],[-112.039240859999,50.2089324191711],[-112.039816592061,50.2087607257767],[-112.040317737904,50.2085711070033],[-112.040995202375,50.2083147806864],[-112.041818781421,50.2080742380829],[-112.041860892645,50.2080619433516],[-112.042461770348,50.2078578394263],[-112.042753730002,50.2077092467812],[-112.043346221933,50.2075213405702],[-112.044241097568,50.2071416502965],[-112.044816632899,50.2068606566561],[-112.045129702962,50.2067822011704],[-112.045463809772,50.2067199157286],[-112.04606671677,50.2065184553957],[-112.046657075202,50.2063669137192],[-112.04689026168,50.2062898027922],[-112.047157010115,50.2061992213408],[-112.047833541237,50.2060449005044],[-112.048121376726,50.2059677706588],[-112.048413420821,50.205918996033],[-112.048709644778,50.2058378143114],[-112.049591814641,50.20552814351],[-112.050173730706,50.2053671354945],[-112.05047196599,50.2052508632168],[-112.051043307986,50.2050655633913],[-112.051562664476,50.2048487848418],[-112.051627702502,50.2048214034225],[-112.05184449293,50.2047673379668],[-112.051909212953,50.2047510394907],[-112.052474229012,50.2045226279549],[-112.052774704695,50.2044819238054],[-112.053096182989,50.2044155933427],[-112.053379621224,50.2043005445799],[-112.053673556273,50.2041519155604],[-112.054528633846,50.2038613672278],[-112.055139966143,50.2036989972218],[-112.056013768199,50.2034055695107],[-112.056332136526,50.2033302644119],[-112.056617705565,50.2032248301742],[-112.057184741037,50.2030706676157],[-112.05747671686,50.2030219159035],[-112.057759890092,50.2029502550282],[-112.058956523306,50.2025468727455],[-112.059533930726,50.2023751287787],[-112.060117567963,50.2021628793146],[-112.060984708113,50.2018964658996],[-112.061841302941,50.2015909285097],[-112.06302788221,50.2012331867458],[-112.063119578641,50.2012123088675],[-112.064249762574,50.2009469981894],[-112.064597778,50.2008438949537],[-112.065194633946,50.2006670611763],[-112.065482378705,50.2006344723436],[-112.065768018711,50.2005816476241],[-112.066057952664,50.2005580490716],[-112.066344906905,50.2004981866678],[-112.067234421394,50.200399790115],[-112.067860709742,50.2003790780518],[-112.06996044087,50.2003837903057],[-112.070245992841,50.2004074849719],[-112.071141232294,50.2004150636745],[-112.072061700931,50.2004604921638],[-112.072944699041,50.2006138730847],[-112.073844084219,50.2006255119201],[-112.074130839034,50.2006464970073],[-112.07439274016,50.2006776138007],[-112.074458745672,50.2006854489158],[-112.074674295527,50.2007297294248],[-112.07474104125,50.2007430616404],[-112.075321073548,50.2008008053979],[-112.075903100105,50.2008193851394],[-112.076256964462,50.200851696691],[-112.077149326611,50.2009320807307],[-112.077735777371,50.2010194958339],[-112.078318456105,50.2010712005294],[-112.079192111737,50.2011767545254],[-112.079508966402,50.2012322897372],[-112.080081939738,50.2014107573053],[-112.080665356887,50.2015649574251],[-112.080982345402,50.2017000848806],[-112.081878686189,50.2021525765661],[-112.08233908445,50.2025316320674],[-112.08252976714,50.2027216618034],[-112.082987970817,50.2031073273892],[-112.083129232692,50.2032923036284],[-112.083330705048,50.2036609516349],[-112.083588721859,50.2042343248343],[-112.083624684114,50.2044220548229],[-112.083700003359,50.2046088233071],[-112.083786967465,50.2051711102794],[-112.083793994986,50.2055364895376],[-112.083769265264,50.2059085871547],[-112.08372775681,50.2060960685055],[-112.083504470665,50.2066505009473],[-112.083488221938,50.2068352455536],[-112.083419378648,50.2070200492381],[-112.083036146568,50.2075821962676],[-112.082858562213,50.2079545849452],[-112.082734314429,50.2081046480536],[-112.082391223567,50.2085140148289],[-112.081889624076,50.2090797156079],[-112.081165104951,50.2098147060003],[-112.080892296481,50.2100011182151],[-112.080527492441,50.2103805782017],[-112.080321980362,50.2105682788409],[-112.08008280751,50.2107506259337],[-112.07969236645,50.2111248979353],[-112.079214129444,50.2115029980136],[-112.078928781391,50.2116934427366],[-112.077680503133,50.2128064711248],[-112.077175532264,50.2133657245604],[-112.076974702204,50.2137488512331],[-112.076796478249,50.2139364725151],[-112.076572530045,50.2143196147247],[-112.076285353022,50.2146878728891],[-112.076198599121,50.2148838647635],[-112.076074989142,50.2150714281223],[-112.075836628368,50.2153096832487],[-112.075699976647,50.2154466141352],[-112.07558267284,50.2156274365259],[-112.075450828004,50.2160044443937],[-112.075129161064,50.2165521610548],[-112.07504747456,50.2167369702219],[-112.074999535965,50.2169271693016],[-112.074823166132,50.2172948928833],[-112.074766795051,50.2174891812339],[-112.074623547001,50.2178520290094],[-112.074401263376,50.218417522522],[-112.074339778186,50.218485978094],[-112.074237621772,50.218599707416],[-112.074137248514,50.218780973668],[-112.074135480629,50.218964413669],[-112.074087595035,50.2191522736716],[-112.073982827218,50.2193451916373],[-112.073839167739,50.2199155789493],[-112.073751535287,50.2200944968305],[-112.073626009201,50.2202820667191],[-112.073629894414,50.2212182336836],[-112.073676887083,50.2215999540859],[-112.073930450047,50.2221798099348],[-112.073977055542,50.222369961451],[-112.073993070707,50.2225631215924],[-112.074009303264,50.2227584287781],[-112.074013284598,50.2227828106527],[-112.074136847865,50.2233359054925],[-112.074156976416,50.2239081146911],[-112.074129592173,50.2246624873855],[-112.074079396111,50.2250897427443],[-112.074064016055,50.225858088612],[-112.074142533303,50.2263727002031],[-112.074218091499,50.2268285274079],[-112.074268900212,50.2272560363416],[-112.074260037433,50.2281739007744],[-112.074215120771,50.229083967661],[-112.074169703747,50.2292485367511],[-112.074155486111,50.2300211611881],[-112.074151601795,50.2303381630946],[-112.07412372258,50.2305020388478],[-112.074155506772,50.2314380994698],[-112.074201676584,50.231795569996],[-112.074194383162,50.2321611798156],[-112.074224564759,50.2323393501399],[-112.074335487832,50.2326662271121],[-112.074342780356,50.233222248228],[-112.074308180844,50.2333897301409],[-112.074226408102,50.2335171756528],[-112.074182366399,50.2336869388984],[-112.074076479281,50.2351114305073],[-112.074021138568,50.2356346714344],[-112.073979245635,50.2367440603948],[-112.073991045905,50.2372592790508],[-112.07400851095,50.2380715247523],[-112.074217230015,50.2390847177548],[-112.074316174054,50.239411408294],[-112.074539906662,50.2398505026375],[-112.074795110847,50.2402652200118],[-112.074947005182,50.2405652476515],[-112.075043131206,50.2408872054273],[-112.075070602585,50.241069798589],[-112.075077738802,50.2416389339099],[-112.075193688847,50.2421337613474],[-112.075382799486,50.2423995186661],[-112.075506608892,50.2425235866913],[-112.075604253967,50.2426596971963],[-112.075699607439,50.243173124972],[-112.075782410549,50.2433046238462],[-112.07587077423,50.2436445149249],[-112.075834945823,50.2439830288245],[-112.075893273434,50.2443423729111],[-112.075953999548,50.2445091884242],[-112.076070482294,50.244827665212],[-112.076164665262,50.2453534254197],[-112.076346475292,50.2458216491705],[-112.076526806695,50.2461014534237],[-112.076617379334,50.2462419184826],[-112.076823338774,50.246616317037],[-112.077168755374,50.2472436826087],[-112.077619170657,50.2479334169764],[-112.077998148316,50.248493211585],[-112.078071901798,50.2486021365877],[-112.078611467686,50.2492111471939],[-112.078789126602,50.2494813403891],[-112.079111911046,50.2498566744985],[-112.079293039255,50.2500523282908],[-112.079808871654,50.2507635003004],[-112.079996188357,50.251010523515],[-112.080375207339,50.2515450003772],[-112.080508770652,50.251773068482],[-112.080614963197,50.2519544338176],[-112.080786902539,50.2522480161631],[-112.080933610899,50.2525268039298],[-112.081494198264,50.2535123804283],[-112.081567223212,50.2536652542399],[-112.081965644007,50.254155943139],[-112.082183062357,50.2543843703608],[-112.082502078368,50.2547250939338],[-112.082867139327,50.2552662588403],[-112.083063188553,50.2555219911492],[-112.083297777301,50.2559509474787],[-112.083777248592,50.2570066660282],[-112.083842176126,50.2571607111766],[-112.084100214497,50.257565829115],[-112.084372485774,50.2581700743227],[-112.084643038575,50.2589880582725],[-112.084638329606,50.2592218188852],[-112.084635715509,50.2593519675081],[-112.08466702539,50.259737272403],[-112.084851827708,50.2601834368627],[-112.084876970655,50.2603675687135],[-112.084757836082,50.2610238626101],[-112.084565104334,50.2618695539862],[-112.084351952084,50.2624940311726],[-112.084212398804,50.2627662577447],[-112.08378855389,50.2638105842948],[-112.083523167301,50.2643970532357],[-112.083230705489,50.265126291354],[-112.082869673474,50.2658572111271],[-112.082789047881,50.2661838754941],[-112.0826689575,50.2664248445778],[-112.082651014551,50.2664608613537],[-112.082437380803,50.2670735299681],[-112.082343788029,50.2672022417093],[-112.082022999641,50.268099746566],[-112.081980264088,50.2684467972936],[-112.081940846013,50.2689780129601],[-112.081831910912,50.2698331622297],[-112.081842232555,50.2714752488785],[-112.081807842351,50.2716432784862],[-112.081854795494,50.2729300339673],[-112.081837256786,50.2736361296138],[-112.081855182668,50.2738450354352],[-112.081848282708,50.2738959963655],[-112.082031487822,50.2744833205656],[-112.082082745692,50.2746662115763],[-112.082147803482,50.2747880219803],[-112.082257082638,50.2750645656741],[-112.082404891434,50.275348090115],[-112.082561900776,50.2757705286227],[-112.082622648449,50.275883466268],[-112.082690817105,50.2760278220726],[-112.082771264832,50.2761256820212],[-112.08284864032,50.2762316291381],[-112.082963998376,50.2763570001243],[-112.083012732878,50.2765075897743],[-112.083142387621,50.2766784531588],[-112.083207059135,50.276774939683],[-112.083319427598,50.2768729691758],[-112.083514058384,50.2771703017755],[-112.083590515794,50.2772647355084],[-112.083654966323,50.2773718098952],[-112.083734843619,50.2774684695365],[-112.083835344438,50.2775691274867],[-112.083963582538,50.2777342020228],[-112.084112482788,50.2779154254691],[-112.084213094999,50.2780233767347],[-112.084306222446,50.2782281178925],[-112.084447789748,50.2783718775859],[-112.084619114642,50.2785052420857],[-112.084682353343,50.2785390263372],[-112.084744315538,50.2786457637478],[-112.084858139271,50.2787315197615],[-112.08501139635,50.2788824819346],[-112.085140877719,50.2789673086789],[-112.085219742614,50.2790019186865],[-112.085334952448,50.2791263707595],[-112.085661780209,50.2793621611655],[-112.085722861157,50.2793880238813],[-112.085955555358,50.2795416964139],[-112.086145139409,50.2796400812935],[-112.086329642589,50.2797458787966],[-112.086806412646,50.2799831064414],[-112.086874375587,50.280006655374],[-112.087019616999,50.2800831574648],[-112.087241357144,50.2801530348467],[-112.087556781691,50.2803601187352],[-112.087818023454,50.2805033938064],[-112.087984685194,50.2805650519083],[-112.088161360454,50.2806447930305],[-112.088337140094,50.2806932432602],[-112.088612930971,50.2808084361366],[-112.088765939216,50.28086150612],[-112.088817489039,50.2808791907435],[-112.089253198003,50.280989690933],[-112.089430133775,50.2810573127159],[-112.089572488001,50.2810752343465],[-112.089660662138,50.2810863334696],[-112.090025920726,50.281244430395],[-112.09022430108,50.2813069572081],[-112.090912714218,50.2814423145841],[-112.092156614985,50.28159952057],[-112.092412419245,50.2816129007926],[-112.0932794507,50.2815895225695],[-112.09412900543,50.2815373052696],[-112.094631630798,50.2815059059776],[-112.09490499802,50.2814833554651],[-112.096634931374,50.2814905481636],[-112.097172305373,50.2814456158807],[-112.097447973181,50.2814426268612],[-112.098006514184,50.2814722030491],[-112.098572109656,50.2814490865184],[-112.100381543912,50.2812584869377],[-112.100870804145,50.2811913734675],[-112.101119715632,50.2811572403586],[-112.102285460275,50.2810566473997],[-112.102453034703,50.2810426550903],[-112.103323036886,50.2810099908532],[-112.105626198697,50.2809822415611],[-112.10756332847,50.2810469208077],[-112.107948559302,50.2810621364021],[-112.108667703806,50.2810905894244],[-112.109929750542,50.2812213682877],[-112.11042400451,50.2812940487608],[-112.110929711997,50.2813443765882],[-112.112061476966,50.2815281998847],[-112.112170618679,50.2815587966578],[-112.112452804663,50.2816379138599],[-112.112478589007,50.2816451409772],[-112.112861619864,50.2817649875468],[-112.113284075084,50.2818635182281],[-112.114240515859,50.2822412899938],[-112.114768006594,50.2824705956942],[-112.115523036098,50.2827589374284],[-112.116032750072,50.2830054962496],[-112.11640953674,50.283158147406],[-112.117036996491,50.2835275076346],[-112.117307045337,50.2837360801776],[-112.117989116369,50.2840746370127],[-112.118181310026,50.2841519884084],[-112.118476832398,50.2843510590294],[-112.118738924865,50.2845658564493],[-112.119055382475,50.2847398105953],[-112.119205346331,50.2848334595812],[-112.119422624543,50.2850680065699],[-112.119848712551,50.2853679507298],[-112.120403084472,50.2857853318992],[-112.121131481623,50.2864587887608],[-112.121404359264,50.2866703377234],[-112.12165716405,50.2868896165891],[-112.122086788724,50.2871959851872],[-112.122495859047,50.2875157355419],[-112.123120718175,50.2878924000444],[-112.123407818842,50.2881015675945],[-112.123574019746,50.2881745205227],[-112.123657568457,50.2881927890135],[-112.12378143266,50.2882198774951],[-112.123804381022,50.2882358179998],[-112.12407439663,50.2884232937297],[-112.124630584047,50.288858615589],[-112.125243647397,50.289225939416],[-112.12559870831,50.2893963002916],[-112.1257469474,50.2894954166658],[-112.125996082567,50.2897260447824],[-112.12628734423,50.2899177617717],[-112.126614268112,50.2901006778547],[-112.126903350462,50.2902873324021],[-112.127422671917,50.2905061371798],[-112.128200539292,50.2909982021988],[-112.129246145943,50.291492059065],[-112.129984843177,50.291792922321],[-112.130563844209,50.2919772619576],[-112.131014961975,50.2920778863576],[-112.13121362979,50.2921459796363],[-112.132403362146,50.2925616519583],[-112.133720662458,50.2930605744699],[-112.134082936842,50.2931615678905],[-112.134143977366,50.2931785822232],[-112.134427339244,50.2933262853364],[-112.134628406459,50.293431089998],[-112.134877215538,50.2935225577306],[-112.135159992614,50.2936266709942],[-112.13651019552,50.2941228305558],[-112.137048753499,50.2943693396876],[-112.137933070336,50.2947320810232],[-112.138284758075,50.2948798074337],[-112.139033979971,50.2951581959068],[-112.140116636738,50.2954894952518],[-112.140458190582,50.2955939909983],[-112.141511347574,50.2958845182677],[-112.141700004563,50.2959553813034],[-112.142149071475,50.2960516474126],[-112.142750586084,50.2962127797017],[-112.142935945358,50.2961705028003],[-112.143134222406,50.2961476246748],[-112.143832122652,50.2964460666533],[-112.144258702936,50.2965404506677],[-112.14443237962,50.2966110883488],[-112.144653717319,50.2966644643659],[-112.145048408309,50.2967989126942],[-112.146019505098,50.2969378504594],[-112.14651825693,50.2969776682998],[-112.146574047699,50.2969785566217],[-112.146792223329,50.2969820169451],[-112.147328522045,50.296949473253],[-112.147595097105,50.2969565103958],[-112.148301557398,50.2970681995767],[-112.148958184548,50.2972315434772],[-112.149598935772,50.2973884482607],[-112.150774425339,50.2975816625237],[-112.151010755022,50.297616971136],[-112.151216302135,50.2976654006453],[-112.152222460169,50.2977779110509],[-112.15333569469,50.2977299872112],[-112.154851437341,50.2978804541565],[-112.156495772925,50.2979781044876],[-112.157218640946,50.2980712643348],[-112.157881025399,50.2982027075221],[-112.157945247756,50.2982211798917],[-112.158227575673,50.2983023702062],[-112.158271635343,50.298315035325],[-112.158784277824,50.2983441752424],[-112.158993841305,50.2983898886275],[-112.159520424742,50.2986007975198],[-112.160492355167,50.298895335849],[-112.161252948836,50.299170293453],[-112.161628075417,50.2993104034992],[-112.161798025889,50.2993897494115],[-112.161939825855,50.2994795215233],[-112.162063133103,50.2995848038201],[-112.162674739386,50.299932356084],[-112.163266807312,50.300312092607],[-112.163914291409,50.3006727344033],[-112.164258350654,50.3008451022043],[-112.16468759085,50.3011457232741],[-112.165180265579,50.3016073279306],[-112.165545406488,50.3019397345377],[-112.165649471822,50.3020574557501],[-112.165820567646,50.302340928432],[-112.166022943706,50.3026056676934],[-112.166078216147,50.3027148568393],[-112.166245819321,50.303045932574],[-112.166357250841,50.303351588376],[-112.166442153313,50.3034274097419],[-112.16658392633,50.3034584101427],[-112.166511505948,50.3037728540155],[-112.16641203909,50.3040724146228],[-112.166447935769,50.3044135624748],[-112.16641578776,50.3045798767524],[-112.166488620468,50.3048929975886],[-112.166484976003,50.3055941915132],[-112.166531160188,50.3065026986592],[-112.16665042861,50.307173545022],[-112.166677463409,50.3077096441013],[-112.1665480566,50.3081754242445],[-112.166569520047,50.3085245597182],[-112.166781885374,50.3093190283875],[-112.166860751168,50.3096424136171],[-112.166787393843,50.3099538804341],[-112.166799906477,50.3100255537938],[-112.166830261449,50.3102070879962],[-112.166872484064,50.3104494279711],[-112.167097755486,50.311055119045],[-112.167324666333,50.3114636376244],[-112.167525821583,50.3117213347474],[-112.167652106746,50.3118334074676],[-112.168153116943,50.3122780793115],[-112.168293839829,50.3123751390404],[-112.168624489922,50.3125349476658],[-112.168986537931,50.3126645794158],[-112.169541718336,50.3129055817132],[-112.169660216902,50.3129564818929],[-112.170430069507,50.3131978745176],[-112.170646909342,50.3132622277409],[-112.171457611038,50.3136491460673],[-112.171892858268,50.313920701557],[-112.172514886805,50.3142640859549],[-112.173335217542,50.3148502798945],[-112.173611569867,50.3150567607759],[-112.174223156387,50.315634829852],[-112.174511525474,50.3160157138736],[-112.17476932669,50.3164236362923],[-112.175009576621,50.3170151031846],[-112.175083046235,50.3173423859216],[-112.175081513709,50.317444914382],[-112.17507763658,50.3177024219202],[-112.175035653815,50.3182181790592],[-112.17484833262,50.3188253892606],[-112.174598775245,50.3192307299644],[-112.17450311904,50.3193483561807],[-112.174080420376,50.3196327674175],[-112.17376860526,50.3198007296956],[-112.173591659607,50.3198735043893],[-112.17321496816,50.3199946048716],[-112.172754524983,50.3200814817005],[-112.17225573093,50.3201318143914],[-112.170968511603,50.3200525271725],[-112.170435020122,50.3200909066448],[-112.169891507036,50.3200747198525],[-112.169540195691,50.3200369902256],[-112.16696455599,50.3197602810987],[-112.16619065917,50.3196993781344],[-112.164892323191,50.3196166808454],[-112.163741605567,50.3196250665583],[-112.162642475494,50.3196716789351],[-112.16061503539,50.3197302325641],[-112.159345145463,50.3198659842453],[-112.158224269873,50.3200800672704],[-112.158217054604,50.320081434094],[-112.157943161867,50.3201307326346],[-112.157757945425,50.3201642361116],[-112.157353485257,50.3202767833478],[-112.156617950092,50.3205472639723],[-112.155950771331,50.3208656367521],[-112.155330198065,50.3212154527781],[-112.155066204762,50.3214162295255],[-112.154859804249,50.3216523191367],[-112.154390475836,50.3220883177161],[-112.153848062287,50.3228411479397],[-112.153749638373,50.3231439510704],[-112.153614776995,50.3234260512033],[-112.153497053675,50.323729089769],[-112.153401662473,50.3240424481298],[-112.153333939382,50.3243607120439],[-112.153339522412,50.3245449501388],[-112.153315770956,50.3246641570092],[-112.1533083356,50.3247023285858],[-112.152920270584,50.3255525287473],[-112.152494940755,50.3272847761387],[-112.152489574219,50.3276431545974],[-112.152549617613,50.3281697710149],[-112.152589095875,50.3283259182545],[-112.152717369009,50.3286225778437],[-112.152907904376,50.3294547717836],[-112.153019016993,50.3297620252306],[-112.152979324932,50.3300993473618],[-112.152942542515,50.3302549910799],[-112.153010048213,50.3303934841767],[-112.153128912393,50.3304978481891],[-112.153264011826,50.3307783403176],[-112.153618301984,50.3312856866105],[-112.153894810615,50.3314958727457],[-112.154297284608,50.3318972680043],[-112.154683012208,50.33227940081],[-112.154902492191,50.332516566102],[-112.155544434582,50.3330444508093],[-112.155980561262,50.3333335680881],[-112.15631370957,50.3335005180466],[-112.157369366573,50.3341276353885],[-112.157701969604,50.3342751694853],[-112.157942152161,50.334350853813],[-112.158230274212,50.334443022106],[-112.158273051986,50.3344565096025],[-112.158446246274,50.334530197642],[-112.15859511688,50.3346200473424],[-112.159403998589,50.3350181834219],[-112.160107474678,50.3353037640685],[-112.160489724001,50.3354540777341],[-112.160647013617,50.335540252003],[-112.16113340553,50.3358018391768],[-112.161509235492,50.3359467993272],[-112.162931880339,50.336348923588],[-112.163670066432,50.336624799926],[-112.163850994317,50.3366876547493],[-112.164004831708,50.3367684537191],[-112.164128855811,50.3368689959788],[-112.164442327421,50.3370410668774],[-112.1648129759,50.3371830549296],[-112.164980683279,50.3372636867808],[-112.165123901685,50.337357154973],[-112.165496729477,50.3374743137612],[-112.165680791584,50.3375478916214],[-112.165962087337,50.3377490162041],[-112.166272839747,50.3379162797539],[-112.166964692534,50.3382023400771],[-112.167338321624,50.3383494532936],[-112.167500593297,50.3384338684294],[-112.168744311706,50.3389521291591],[-112.169225368524,50.3391413710061],[-112.169483812933,50.3392441626218],[-112.169647486876,50.3393190357836],[-112.16965731714,50.3393227504562],[-112.170191753648,50.3395251133878],[-112.170556717589,50.3396532989698],[-112.171362071614,50.3398753057777],[-112.172294369267,50.3402122912322],[-112.172908563597,50.3403671507631],[-112.173840138106,50.3407104627952],[-112.175208950511,50.3411472382405],[-112.17538195256,50.3412156597271],[-112.175779198359,50.3413234014535],[-112.176301456407,50.341544530739],[-112.176938412249,50.3418975163101],[-112.177271468929,50.3420610169691],[-112.177728927004,50.3423270824336],[-112.177867180422,50.3424312339096],[-112.178241742861,50.34250484021],[-112.178243084045,50.342560183886],[-112.17846201965,50.3426686890647],[-112.17935281873,50.3437114547415],[-112.180102964095,50.3443128191312],[-112.180599203339,50.3451381313215],[-112.180854224268,50.3456401069959],[-112.181135384376,50.346194394589],[-112.181144752008,50.3462128087615],[-112.181236631695,50.3465346382974],[-112.181333960563,50.3468749672752],[-112.181648339471,50.3473422961044],[-112.181871737906,50.3476163711059],[-112.182192984435,50.3483604598418],[-112.182333037177,50.3487742106688],[-112.182346080715,50.3492999944396],[-112.182455858436,50.3501223023224],[-112.182419588957,50.3505171329186],[-112.18230395422,50.3510998337795],[-112.182316338394,50.3515979135009],[-112.1822044667,50.352318694968],[-112.182126751649,50.3526789606575],[-112.18179585362,50.3532912261374],[-112.181686963435,50.3537333825528],[-112.181481501662,50.3545676356148],[-112.181149237296,50.3551245649635],[-112.181112763,50.3551689960772],[-112.180897453895,50.3554318965578],[-112.180829146899,50.3555945424895],[-112.180734053938,50.3558210381344],[-112.180530006113,50.3560144625949],[-112.180493262323,50.3561716078544],[-112.180425887778,50.3563135851436],[-112.18032489558,50.3564383565347],[-112.180201005326,50.356716903327],[-112.180113841794,50.3572049666583],[-112.18000706265,50.3573209829708],[-112.179723278563,50.3575115190954],[-112.179633198202,50.3576326176547],[-112.179495195414,50.3579007656989],[-112.179196140866,50.3582672938333],[-112.178794491526,50.3589356875414],[-112.178645549056,50.3593874744563],[-112.178611773299,50.3599066624716],[-112.178538706131,50.3600434352463],[-112.177871292011,50.360894008777],[-112.177806683379,50.3609903663505],[-112.177697154491,50.3611537697573],[-112.177657775942,50.3613095191858],[-112.177430191358,50.3619021162809],[-112.17740497475,50.3620700437689],[-112.17730375438,50.3625529409404],[-112.177289533151,50.3627259823868],[-112.177213603052,50.3628593293301],[-112.176929735422,50.3630482306505],[-112.1765218913,50.3635207118869],[-112.176277735494,50.3639279944667],[-112.176032477455,50.3645235197472],[-112.175675273162,50.3650244366783],[-112.175510005608,50.3652908943674],[-112.175283339102,50.365880338851],[-112.175196147722,50.3660067560177],[-112.175066988849,50.366295045217],[-112.174907052796,50.3665698668974],[-112.174803039564,50.3668692793436],[-112.174728772246,50.3670089750147],[-112.174500841811,50.3675906959048],[-112.174385812539,50.3678798040335],[-112.174242444114,50.3681568408925],[-112.174204268409,50.3682434950129],[-112.174124666896,50.3684241662621],[-112.17405410962,50.3685838895639],[-112.173750808736,50.368953674548],[-112.173580459412,50.3692100360493],[-112.173203936848,50.3698948924096],[-112.172784031945,50.3705590319962],[-112.172545041452,50.3713223642334],[-112.172545064808,50.3715058650283],[-112.172514287628,50.3716687028258],[-112.172458106092,50.3718175859154],[-112.172391740356,50.3723167018726],[-112.172394755102,50.3726889437431],[-112.172344026339,50.3728360005496],[-112.172258271366,50.3729684717165],[-112.172221852766,50.3731330026654],[-112.172224499203,50.3733111619061],[-112.17216786761,50.3734104757915],[-112.172072546477,50.3735776693175],[-112.172019232364,50.3737248958199],[-112.17204111712,50.3740549103978],[-112.171936956565,50.3743508312359],[-112.171964737863,50.3747055643907],[-112.171897849307,50.3750542272141],[-112.171880518111,50.3752041584126],[-112.171948584358,50.375538545983],[-112.172009248487,50.3756587036768],[-112.172162868486,50.3759628911699],[-112.17245077045,50.3763382605034],[-112.172789374226,50.3766781226319],[-112.172949354297,50.3769496066969],[-112.173151954936,50.3773728805779],[-112.173387741139,50.377777544242],[-112.173984665357,50.3787011215624],[-112.17416648976,50.3789652688668],[-112.174554545793,50.3796609075898],[-112.174811262742,50.3800606888244],[-112.174911629712,50.3801847430268],[-112.175071837955,50.3804616089398],[-112.175242578944,50.38072068654],[-112.175478545708,50.3811272148669],[-112.175652876365,50.3815756920976],[-112.175856256742,50.3820036659735],[-112.175954055429,50.3823165076362],[-112.17623767153,50.3828899991181],[-112.176303393175,50.3830226856566],[-112.176470293867,50.3840497272822],[-112.176565986902,50.384747236639],[-112.176656555947,50.3856388837537],[-112.176605866711,50.3865128658988],[-112.176490567944,50.3868054133227],[-112.176375117362,50.3872744030107],[-112.176374967344,50.3874508447049],[-112.176405265721,50.388175609929],[-112.176337634259,50.3883105354467],[-112.176154673486,50.3885562973603],[-112.175817298605,50.3888957076848],[-112.175271677173,50.3898305248498],[-112.17487523896,50.3901196692804],[-112.174590164893,50.3904522787833],[-112.174567556992,50.3906959334409],[-112.174472009483,50.3910696822344],[-112.174368069015,50.3911276175353],[-112.174065069066,50.391830195474],[-112.17391508455,50.3919151449386],[-112.173721080788,50.3925579554039],[-112.173476361738,50.3927891276674],[-112.173164032785,50.3933757416412],[-112.173052929151,50.3938255444883],[-112.173119712604,50.394638305422],[-112.173017387307,50.3956252366139],[-112.172827547236,50.3961921316741],[-112.172832558039,50.3963039370257],[-112.172664336824,50.3965696458316],[-112.172585178179,50.3968445114738],[-112.172301681554,50.3973494381013],[-112.1722660382,50.3974765015339],[-112.172230066062,50.3975303501088],[-112.172168231428,50.3975995779291],[-112.172114900246,50.3976849539773],[-112.172071997607,50.3978657295627],[-112.172021883292,50.3979760123467],[-112.171953521499,50.3983505999139],[-112.171756852435,50.3989136762142],[-112.171788677051,50.3992473761304],[-112.171743696608,50.3993993294904],[-112.171480792064,50.399776451636],[-112.171416358603,50.3999179251344],[-112.171242938838,50.4001710833555],[-112.171194765782,50.4005047429265],[-112.1711358893,50.4006496859243],[-112.170999073188,50.4007421343725],[-112.170794988531,50.4009707690652],[-112.170708267869,50.4010964668869],[-112.170581700635,50.4015610729132],[-112.170394377644,50.4018054841255],[-112.17007587996,50.4021528890412],[-112.170005850894,50.4022891117586],[-112.169924174271,50.4025947145004],[-112.169711832301,50.4028269016643],[-112.169543628154,50.4029216871146],[-112.169539963926,50.4029237478027],[-112.169402169548,50.4030014005793],[-112.169304336725,50.4031218751857],[-112.169259344604,50.403273827576],[-112.169169843656,50.4033995158546],[-112.168932379401,50.4036089390851],[-112.168711680403,50.4038341119842],[-112.16864673131,50.4041519929956],[-112.168587829675,50.4042969437342],[-112.168433934792,50.4045676376106],[-112.168316630087,50.4046776311222],[-112.168250961443,50.4047620588748],[-112.168221591924,50.4047998305678],[-112.168184986474,50.4049605484386],[-112.168039318362,50.4052294498955],[-112.167933115038,50.4053429023222],[-112.167801853209,50.4054388438557],[-112.167709556703,50.4055610424835],[-112.167561153222,50.4058299256471],[-112.167449388427,50.4059416527305],[-112.16737658716,50.4060778657032],[-112.16726759277,50.4061895463995],[-112.167091325345,50.4064374296111],[-112.166973953266,50.4065421257557],[-112.166814467269,50.4068075573221],[-112.166624274161,50.407048456534],[-112.166462402238,50.407125141861],[-112.166356162083,50.4072368395549],[-112.166305873495,50.4073512856487],[-112.166263128959,50.4074485948687],[-112.165869424319,50.4080384676593],[-112.165757107959,50.4083248302974],[-112.16572603703,50.4084872903694],[-112.165625366429,50.4086024656756],[-112.165518563929,50.4088888002878],[-112.1655041289,50.4090582257308],[-112.165445196723,50.4092014210735],[-112.165361218617,50.4093270867614],[-112.165327315299,50.4094842776057],[-112.164903237722,50.4106595759667],[-112.164793198591,50.4111293784707],[-112.164805797463,50.4114715553753],[-112.164802545562,50.4119691766955],[-112.164799763479,50.4119929121548],[-112.164731392703,50.4125762390171],[-112.16467801391,50.4127211771547],[-112.164657925784,50.4128800466177],[-112.164741899399,50.4131918465117],[-112.164749099396,50.4135446176282],[-112.164776064125,50.4137120721064],[-112.164833162841,50.4138617322636],[-112.16483433155,50.4141739659006],[-112.164912894611,50.4144928531543],[-112.164917910804,50.4146709967106],[-112.165064784454,50.4149330878512],[-112.165149233278,50.4150631912375],[-112.165203547216,50.4152110886402],[-112.165219510279,50.4153821251684],[-112.165325834876,50.415494471413],[-112.165350000455,50.4156601731228],[-112.165581405574,50.4160576634463],[-112.1656713449,50.4161842124991],[-112.165703771387,50.4163463330877],[-112.165894145956,50.4167740206159],[-112.166008691036,50.4168810407773],[-112.166174842532,50.4171394923884],[-112.166286677395,50.4172518275965],[-112.166387129705,50.4175529475813],[-112.166553168014,50.4178025864049],[-112.166713420274,50.4182498307083],[-112.167092312593,50.4187382759651],[-112.167247232454,50.4191978764691],[-112.167276171681,50.4192218601521],[-112.167278399503,50.4192237089248],[-112.167369989034,50.4192995692164],[-112.167457210058,50.4194278982742],[-112.167678165076,50.4196525484125],[-112.167811913442,50.4197488776578],[-112.168116909447,50.4202853327115],[-112.168152048846,50.4204456895579],[-112.16827375799,50.4206247379495],[-112.168326499877,50.420702337109],[-112.168398175556,50.4208869157729],[-112.168440664072,50.4209963293845],[-112.16857171839,50.4210979736271],[-112.168664360747,50.4212192138206],[-112.168841150992,50.4216593098869],[-112.168889543236,50.421992465035],[-112.168969776266,50.4222414508885],[-112.168971025822,50.4222453147488],[-112.169095061604,50.4222978147978],[-112.16918516622,50.4223724482256],[-112.169188039032,50.4223782019331],[-112.169323990067,50.4226504437028],[-112.16950476434,50.4228883011254],[-112.169514935066,50.4229016982514],[-112.169539907332,50.4229296514616],[-112.169932292347,50.4233687655493],[-112.170205307429,50.4235578832183],[-112.170292560793,50.4236897262393],[-112.170619890713,50.4240249577805],[-112.17089559625,50.4242087497256],[-112.171012915328,50.4243139829227],[-112.171318747665,50.4244782058323],[-112.171515064588,50.4247170905271],[-112.171646120704,50.4248169503411],[-112.171861572641,50.4250381130451],[-112.172151069115,50.4252200633935],[-112.172391206756,50.4254287360481],[-112.172584818853,50.4256711716329],[-112.172718594168,50.4257674863484],[-112.172827793374,50.4258851034076],[-112.172977988097,50.4259689937605],[-112.173161097989,50.4260368397301],[-112.173406324587,50.4264271683509],[-112.173435943839,50.4264504335854],[-112.173442046094,50.4264552196307],[-112.173662938229,50.4266287021426],[-112.173665296307,50.4266312774293],[-112.173669695357,50.4266360720406],[-112.173984989649,50.4269798246034],[-112.174099608391,50.4270886072211],[-112.174274444799,50.4271564721887],[-112.174389049168,50.4272634831993],[-112.174552897385,50.4273367204569],[-112.174648340689,50.4274579458244],[-112.174983975533,50.4277913543301],[-112.175196832238,50.4280230866892],[-112.175325161967,50.4281247324472],[-112.175491787774,50.4281979489156],[-112.176018758384,50.4285920898743],[-112.17618270272,50.428670611627],[-112.176704386745,50.4290629048409],[-112.177024064815,50.4292252732005],[-112.177149596291,50.4293233838578],[-112.177603039795,50.4295767626769],[-112.177884337345,50.4297604907291],[-112.177974364706,50.4298870203402],[-112.178102703418,50.4299868915698],[-112.1782064229,50.4301063035786],[-112.178331643559,50.4302081394272],[-112.178380573895,50.4303613737579],[-112.178470544662,50.4304861323992],[-112.178618034557,50.4305717965513],[-112.178713171535,50.4307384040135],[-112.178792181958,50.43086852579],[-112.17907619242,50.4310487336054],[-112.179185358388,50.4311610472701],[-112.179324681699,50.4312573336526],[-112.1796607127,50.4314019823088],[-112.179857389849,50.4314485633841],[-112.180223653651,50.4315806985893],[-112.180474834283,50.4317839992187],[-112.18062786858,50.4318731573027],[-112.180722943574,50.4319570936973],[-112.180849735387,50.4320690109475],[-112.18098545286,50.4321887970862],[-112.181004711841,50.4322022631085],[-112.181132936467,50.4322919514227],[-112.181255788268,50.4323778801049],[-112.18135124325,50.4324973370107],[-112.181471335427,50.4326007779262],[-112.181619301429,50.4326915063404],[-112.181712029126,50.4328144804095],[-112.181878710629,50.4328894497452],[-112.182018015973,50.4329857337571],[-112.182348684033,50.4331392337579],[-112.182422191376,50.4332711439455],[-112.182569758526,50.4333620908015],[-112.183064420329,50.4335976176331],[-112.183622014507,50.4337833694019],[-112.1836970948,50.4338370268066],[-112.183726307115,50.4338576671587],[-112.18375533258,50.4338781833349],[-112.183946672837,50.4339371420435],[-112.184047656052,50.4340565583945],[-112.184405749677,50.4341957700897],[-112.18454236277,50.4342938412656],[-112.184873035321,50.4344490787759],[-112.185067125321,50.434508025902],[-112.185214625098,50.4345936724778],[-112.185315583159,50.4347113254051],[-112.185755333644,50.4349735991908],[-112.186088667903,50.4351217548485],[-112.18627478805,50.4351805655296],[-112.186427783719,50.4352661817075],[-112.186627338172,50.4353215808668],[-112.186794022369,50.4353965519542],[-112.186927812058,50.4354928686311],[-112.187083552978,50.4355767110652],[-112.187534694999,50.4356519174854],[-112.187665741233,50.4357482611072],[-112.1878324416,50.4358214594934],[-112.187974491297,50.4359106660471],[-112.188193271493,50.4359553699634],[-112.188292215532,50.4360748395851],[-112.188434293077,50.4361623005406],[-112.189103830815,50.436460401701],[-112.189347190713,50.4364855701823],[-112.189996736444,50.4367890236102],[-112.190420952362,50.4368804134275],[-112.190877538174,50.4369485275552],[-112.191014173725,50.4370466176314],[-112.191350383491,50.4371947650848],[-112.191552690382,50.4372448306224],[-112.19172520195,50.4373145817385],[-112.191962570984,50.4373062322534],[-112.192192802904,50.4373383016375],[-112.19237323402,50.4374026108428],[-112.192387609759,50.4374165565649],[-112.192443528089,50.4374708455158],[-112.192485287174,50.4375113929734],[-112.192682121527,50.4375632570278],[-112.19287804948,50.4375516068306],[-112.19308278272,50.4375787286363],[-112.193278941541,50.4375829677223],[-112.193440256508,50.4376614739924],[-112.193711047362,50.4376706038309],[-112.194140364813,50.4377564867051],[-112.194737583678,50.4377504911295],[-112.195235230583,50.4376535176374],[-112.195417063969,50.4376844047195],[-112.195600229557,50.4377469363518],[-112.195862745131,50.4377578638736],[-112.19597725338,50.4376513611938],[-112.196151367544,50.4376592397364],[-112.196255157095,50.4377733645983],[-112.196457502613,50.4378252014745],[-112.196725554504,50.4378378505792],[-112.19700776025,50.4378310448487],[-112.197078036353,50.4377212633311],[-112.197242058842,50.4377980014254],[-112.197499068642,50.4378089460999],[-112.197998672975,50.437788585536],[-112.19819677036,50.4377345618557],[-112.198727032398,50.4377176238727],[-112.198863797306,50.4376233365721],[-112.199087768866,50.4376626697913],[-112.199352441295,50.4376541767573],[-112.199526056893,50.4375826856506],[-112.199763902035,50.4375920237681],[-112.199970382498,50.437543271119],[-112.20021130347,50.4375116464378],[-112.200793330028,50.4373355873268],[-112.20181149135,50.4370706603627],[-112.202001208352,50.4370096566499],[-112.202427949434,50.4369173418967],[-112.202578729858,50.4368335899502],[-112.203114141039,50.4368130172664],[-112.203287171834,50.4367432619783],[-112.203708417023,50.4366509552881],[-112.203749608373,50.4366371375054],[-112.204032638772,50.4365421219738],[-112.204087736042,50.4365236181169],[-112.204302485497,50.436474807723],[-112.204442069319,50.4363823013948],[-112.204483749352,50.4362301811118],[-112.204637345994,50.4361499588162],[-112.204833090691,50.4360892480131],[-112.204961556065,50.4359915227158],[-112.205617139373,50.4358626680809],[-112.205784610495,50.4357894142575],[-112.206629828159,50.4355924848605],[-112.207299213183,50.4354635312969],[-112.207488975998,50.4354042723783],[-112.207701019728,50.4353590094934],[-112.207940862722,50.4353276946193],[-112.208359377033,50.4352318822709],[-112.208549122781,50.4351726213457],[-112.208777828462,50.4351325525185],[-112.209542250752,50.4348831171848],[-112.210097499429,50.4346877552476],[-112.210524487548,50.4346060031642],[-112.210722535525,50.4345466973969],[-112.211029585079,50.4343791769564],[-112.211568154737,50.4341768407472],[-112.211919727491,50.4340337575153],[-112.212557613988,50.4338533075774],[-112.212585518356,50.4338454255405],[-112.214100023127,50.4334169800666],[-112.214881456813,50.4331571146597],[-112.215343033664,50.4330417970581],[-112.215354856391,50.4330388404569],[-112.215714489729,50.4329489950556],[-112.216177891058,50.4328731640652],[-112.216390916646,50.4328197270137],[-112.216885343989,50.4327574194741],[-112.217325942483,50.4326661281287],[-112.217814954781,50.432607461955],[-112.219156674896,50.4323473231628],[-112.220114275396,50.4322038710427],[-112.221069069558,50.4320604682711],[-112.221512162674,50.4319638287446],[-112.222330621322,50.4317400661549],[-112.222546686809,50.4316936003836],[-112.222810872351,50.4316709482893],[-112.223015447488,50.4316141154381],[-112.223174394496,50.4315263834276],[-112.223417378,50.4315235406049],[-112.223629283389,50.4315653995494],[-112.223787606068,50.4316435810474],[-112.223989004762,50.4316962257506],[-112.224211710595,50.4317325917619],[-112.224721356297,50.4317599652468],[-112.225759481779,50.4317402280943],[-112.225842036953,50.4317386567667],[-112.225989260049,50.4317467199773],[-112.226038174214,50.4317493974138],[-112.226105208297,50.4317530705199],[-112.226222178829,50.4317515770152],[-112.226256312115,50.4317511364027],[-112.226389582577,50.431749426025],[-112.226421745857,50.431745741474],[-112.226504013571,50.4317362940528],[-112.226532515318,50.4317337001603],[-112.226657082902,50.431720514967],[-112.226675399551,50.4317166255574],[-112.226886978851,50.4316923237502],[-112.226934333542,50.431685331163],[-112.226958530562,50.4316817570465],[-112.226996349636,50.4316762676928],[-112.22736717688,50.4316214250487],[-112.227861827004,50.4315643746921],[-112.228285152692,50.4314592480187],[-112.228521047591,50.4314229945264],[-112.228912121065,50.4314019474029],[-112.229300518458,50.4313710968499],[-112.229730267998,50.4312852607584],[-112.230338667296,50.4311201510341],[-112.231532584004,50.4309509292348],[-112.232010230817,50.4308853443377],[-112.232252678027,50.4308701400641],[-112.232460084653,50.4308150057908],[-112.232843559278,50.4306859299164],[-112.233082042223,50.4306460873312],[-112.233437471445,50.4305069275723],[-112.233852589226,50.4304037292899],[-112.234312764705,50.4303190645394],[-112.234676536581,50.4301815209782],[-112.235114215551,50.4300884667319],[-112.235494872161,50.4299576486776],[-112.235878799537,50.429837380212],[-112.236060844027,50.4297721394103],[-112.236214392161,50.4296880349066],[-112.236413471404,50.4296330451805],[-112.236632490552,50.4295900383105],[-112.237049938563,50.4294779360858],[-112.237280299839,50.4294417777869],[-112.237916760709,50.4292866640599],[-112.238143860203,50.4292399709849],[-112.238244213698,50.4292261859466],[-112.238273324504,50.4292221887482],[-112.239576773693,50.4290431556912],[-112.239997794303,50.4289486325106],[-112.240247973313,50.4289226628666],[-112.241030995221,50.4289482737049],[-112.241535827749,50.42899155298],[-112.242104168473,50.4289753689656],[-112.242297824587,50.4289222525575],[-112.242860911963,50.4289114717832],[-112.243915429004,50.428953022301],[-112.244742573463,50.4289177609023],[-112.245964064857,50.4287496242489],[-112.246191568593,50.4287117343051],[-112.247545747443,50.4286045674784],[-112.2495532701,50.4283878490428],[-112.24959818317,50.4283830048218],[-112.24983265873,50.4283576780935],[-112.249836508011,50.4283573398849],[-112.24988120279,50.428353316289],[-112.250923358114,50.4282593908941],[-112.251974218113,50.4281929822101],[-112.252491207542,50.4281424487129],[-112.25381833722,50.4280480730965],[-112.254068518027,50.4280220829292],[-112.254347201479,50.4280149593226],[-112.255396606208,50.4280653287147],[-112.256161902558,50.428124702117],[-112.257082643385,50.4282587293543],[-112.257541070742,50.428313421954],[-112.257978744322,50.4283967489025],[-112.258491742536,50.4286127536868],[-112.259746788701,50.4290967887109],[-112.260354311243,50.4292668291655],[-112.260775688485,50.4293557545045],[-112.26113817577,50.4294846371507],[-112.261143368032,50.4294861095536],[-112.261178181343,50.4294959488437],[-112.261535791674,50.4295969756988],[-112.261699550059,50.4296714579951],[-112.262301166177,50.4298327833502],[-112.262465015292,50.4299090272219],[-112.262966953449,50.4299487462499],[-112.263571247445,50.4301082549304],[-112.263925714572,50.4302426393549],[-112.264347383766,50.4303387971342],[-112.264472506509,50.4304140914168],[-112.264958180667,50.4304613990639],[-112.265229097285,50.4304651266328],[-112.265771975263,50.4304372408168],[-112.266051063855,50.4304390336445],[-112.266300646384,50.4304590179747],[-112.266976944842,50.4305644999401],[-112.267440959721,50.4306210267595],[-112.267692781749,50.4306303885676],[-112.267940767972,50.4306168849027],[-112.268302100922,50.4305465362289],[-112.26933242184,50.430602960067],[-112.269608762486,50.4306062138118],[-112.270379382253,50.4306607583517],[-112.270907844066,50.4306824358375],[-112.271143792864,50.4307079095316],[-112.271697957274,50.4306919063584],[-112.272447686719,50.4307459643989],[-112.272451650086,50.4307462447946],[-112.272475624324,50.4307492204227],[-112.272730733289,50.43078083131],[-112.272758536147,50.4307842864696],[-112.273154465913,50.4308333688202],[-112.273863481912,50.4309153477284],[-112.274901235492,50.4309659303395],[-112.27558722228,50.4309750946589],[-112.275979160832,50.4309802945438],[-112.276809955146,50.4309640024847],[-112.277080122569,50.4309496422812],[-112.277343224743,50.4309600197389],[-112.278412772395,50.430925742933],[-112.278436224712,50.430924999601],[-112.278931239553,50.4308724948099],[-112.279397355591,50.4307942050306],[-112.279872165524,50.4307245244202],[-112.280931752656,50.4304763619837],[-112.281727887272,50.4302562398354],[-112.281898454886,50.4301822660386],[-112.282113287885,50.4301702123102],[-112.283485958555,50.4300099175737],[-112.284040600869,50.429974036648],[-112.284070384512,50.429972107036],[-112.284288792806,50.4299579868748],[-112.284868743356,50.4299536160617],[-112.285404929783,50.4299724978797],[-112.286252665425,50.4299607273595],[-112.287013807966,50.4298949116199],[-112.289194897712,50.4296401799886],[-112.290529884056,50.429731731247],[-112.291053977363,50.4296978558428],[-112.291546432903,50.4296081448748],[-112.295226196411,50.4296669423765],[-112.295350144158,50.4296700863137],[-112.295382789833,50.4296709103526],[-112.295633474595,50.4296773012312],[-112.29566596576,50.4296781269866],[-112.296884658902,50.4297091039652],[-112.2979495434,50.4297786853543],[-112.29876782508,50.4298042430828],[-112.2997948393,50.4299041436716],[-112.300265876309,50.4299746981638],[-112.300693080923,50.4300667506337],[-112.301635508877,50.4303930020713],[-112.301986095281,50.4305297158442],[-112.30232599353,50.4306806498859],[-112.302703985737,50.4308030420644],[-112.303298644404,50.4309873301526],[-112.303679578594,50.431120271775],[-112.30389611929,50.4311786347923],[-112.304687256577,50.4314127785385],[-112.305434616266,50.4316819086861],[-112.305756698228,50.4318504268997],[-112.305880060273,50.4319518326919],[-112.306352346838,50.432403848426],[-112.306616224258,50.4326136967951],[-112.306938872159,50.4329619292791],[-112.306969826307,50.4329953440085],[-112.30726719831,50.4333162755028],[-112.307435103318,50.4335831872753],[-112.307496093536,50.4338629828834],[-112.30749807522,50.4338720533736],[-112.307649053273,50.4345625115888],[-112.307632873716,50.4347372907297],[-112.307592081219,50.4348912193407],[-112.307456878481,50.4351690560751],[-112.307354454369,50.4352863442373],[-112.307110466548,50.4355017620058],[-112.306953571292,50.4355898293841],[-112.306932493222,50.4356016860481],[-112.306654645203,50.4357576116023],[-112.306393769953,50.4359572901768],[-112.306179447197,50.4360100885752],[-112.30594545493,50.4360471344464],[-112.304472548444,50.4364129507124],[-112.303366598362,50.4366659477208],[-112.302372781384,50.4369839448945],[-112.302011567909,50.4371202328305],[-112.301095129114,50.4374741920498],[-112.30040082213,50.4377827610376],[-112.299301451309,50.438374712356],[-112.298881600304,50.4386758988685],[-112.298656716954,50.4389086146699],[-112.298060383828,50.4394553112489],[-112.297524867544,50.4399955788455],[-112.297519669892,50.4400011953904],[-112.297500162077,50.4400515714836],[-112.297476416011,50.4401029836381],[-112.297433281606,50.4401411940086],[-112.297410810249,50.4401707372686],[-112.297373121431,50.4402067100159],[-112.297334775945,50.4402341100677],[-112.297324755238,50.4402425946291],[-112.297170763337,50.4404530307174],[-112.296845809461,50.4408045243742],[-112.296686103377,50.4411090359816],[-112.296633001266,50.4412143872345],[-112.296369515511,50.4415958815851],[-112.295933944888,50.442241109861],[-112.295679348862,50.4428144582589],[-112.295608805959,50.4429239064499],[-112.295323495635,50.443365063395],[-112.295256341177,50.4434691945231],[-112.294907784966,50.4439830493178],[-112.294728413861,50.444423492743],[-112.294734582592,50.4446015551903],[-112.294870085368,50.4450679673908],[-112.294853682131,50.4452374402058],[-112.294790039188,50.4453790273899],[-112.294399043868,50.4458527095944],[-112.294304608473,50.4461569227187],[-112.294189634897,50.4464538454455],[-112.294137201132,50.4467823962583],[-112.294137578424,50.4469676552478],[-112.294278311192,50.4478136372552],[-112.29434990692,50.4479488900993],[-112.294482889921,50.4481136608377],[-112.294826785673,50.4483391673573],[-112.294855040384,50.4483577306617],[-112.295299736094,50.4486312107892],[-112.29531509998,50.4486382981166],[-112.295600783105,50.4487703121239],[-112.295798462773,50.4488616639356],[-112.296132930706,50.4490180102864],[-112.296321989243,50.449081918657],[-112.296930937411,50.4492414189299],[-112.297596343796,50.4493601834769],[-112.298070183549,50.449427370149],[-112.298847987143,50.4494941757673],[-112.300433033919,50.4495746299907],[-112.302248231766,50.449697528169],[-112.303031270741,50.4497483818631],[-112.303773158792,50.4498153946662],[-112.304802803279,50.4499010490102],[-112.305764498299,50.4500163089536],[-112.306696006333,50.4501436275582],[-112.30690370042,50.4501864081203],[-112.307142872373,50.4502356516793],[-112.308323895562,50.4503981893799],[-112.309298764376,50.4505189919093],[-112.310462009007,50.450717152486],[-112.311123531976,50.4508452814353],[-112.311772987875,50.4509887159608],[-112.312679644915,50.4511426546428],[-112.313517915009,50.4513305551588],[-112.314296211778,50.4515824966262],[-112.314931786011,50.4517331301773],[-112.315307248562,50.4518662491968],[-112.315663433267,50.4520030473843],[-112.316460656641,50.4522301174546],[-112.316633255346,50.4522994403844],[-112.317455199458,50.452517518189],[-112.317679859128,50.4525617511308],[-112.317874383014,50.4526220821793],[-112.318195272912,50.4527926301258],[-112.318206354529,50.4527980272316],[-112.318489208859,50.4529355210979],[-112.318688499207,50.4530324106584],[-112.31944443062,50.4534729197115],[-112.320290680449,50.4538685901426],[-112.320718006334,50.4541475491884],[-112.321093476072,50.4544586633207],[-112.321345573883,50.4546631171176],[-112.321946583639,50.4550042245616],[-112.322354956869,50.4552938979175],[-112.322664553147,50.4554643910492],[-112.32278392757,50.455574341312],[-112.322978013977,50.4557551494057],[-112.323254770543,50.4560102415273],[-112.323624968068,50.456340798076],[-112.324409215278,50.4571268094323],[-112.3249054132,50.4575463426584],[-112.32500974174,50.4576654918435],[-112.325135789747,50.4577668371869],[-112.325291980724,50.4578538365621],[-112.325482391225,50.4580975038484],[-112.325973545107,50.458525876909],[-112.3262205872,50.4587444796089],[-112.326415683313,50.4589916989207],[-112.326797074745,50.4593062617234],[-112.3268932906,50.4594342884906],[-112.327027637244,50.4595302674485],[-112.327213860698,50.459594103859],[-112.327329122633,50.4597043481945],[-112.32767015815,50.4602291491819],[-112.327892510047,50.4604585078804],[-112.328098482064,50.4606950596442],[-112.328241039309,50.4607856724465],[-112.328429995438,50.4608477223492],[-112.328496081798,50.4609883146618],[-112.328521208575,50.4611539538365],[-112.328614644144,50.4612784763476],[-112.328886030582,50.4614668827379],[-112.329070201384,50.4617194833368],[-112.329139087794,50.4618618240935],[-112.329240681862,50.4619792285326],[-112.329429636194,50.4620395046817],[-112.329531273382,50.462160425597],[-112.329608367698,50.4622974284781],[-112.329694620338,50.4624012657565],[-112.329753938792,50.4624500442658],[-112.329802484648,50.4624899618717],[-112.329967810593,50.4626174390502],[-112.330109242249,50.4629865284919],[-112.330136346218,50.4630571617696],[-112.330320761363,50.4633079863096],[-112.330395225412,50.4634450184613],[-112.330524236961,50.4635445438361],[-112.330620521088,50.4636673056535],[-112.330681337033,50.4638114910108],[-112.33088486653,50.4640498192749],[-112.331173832998,50.4645979952278],[-112.331347159338,50.4648489179548],[-112.331569819358,50.4650782754076],[-112.331828700348,50.4654678915854],[-112.331944192253,50.4655834166657],[-112.332213138866,50.4657789032461],[-112.332392101237,50.4660279516051],[-112.332774040641,50.4663460236721],[-112.332913933483,50.4664366702485],[-112.332998749718,50.4665665858217],[-112.333135953004,50.4666607885841],[-112.333327826861,50.4667227878936],[-112.333492394627,50.4668044010195],[-112.33359141143,50.4669235937834],[-112.333751251363,50.4671887247304],[-112.33394384477,50.4674324342695],[-112.334180114266,50.4676493273211],[-112.334289411389,50.4677701647065],[-112.33448393258,50.4678303963088],[-112.334690167803,50.4677811464773],[-112.334794464004,50.4678914637871],[-112.334803281867,50.4680624964487],[-112.334861355255,50.468210236905],[-112.334837470848,50.4683533683406],[-112.334865490201,50.4685172103473],[-112.334952618698,50.4686453345417],[-112.335117181973,50.4687269449211],[-112.335232704421,50.468842475762],[-112.335279805786,50.4689938136694],[-112.335359693863,50.4691254832755],[-112.335464215541,50.4692446387413],[-112.335604263792,50.4693423136714],[-112.335785285101,50.469416755156],[-112.335922594389,50.4695162153604],[-112.336007945121,50.469646095028],[-112.336126033157,50.4697510099569],[-112.336510417775,50.4698749643701],[-112.336642250933,50.4699780211367],[-112.336776054096,50.4702183446369],[-112.336948305154,50.4705277670205],[-112.337066433614,50.4706379595692],[-112.33722016141,50.4707302594317],[-112.337361059467,50.470727390376],[-112.337272998518,50.4706010591277],[-112.337242428849,50.4704460785599],[-112.337472340968,50.4704760122773],[-112.338012572508,50.4706940171503],[-112.338898855758,50.471239216756],[-112.339030683526,50.4713422528249],[-112.33925606544,50.4715697920876],[-112.339582256297,50.4717241217613],[-112.339730542099,50.4718199974503],[-112.340115056973,50.4721310359406],[-112.34041691157,50.4723086133401],[-112.340606001547,50.4723706870022],[-112.340916122441,50.4725464413954],[-112.341017790172,50.4726097822708],[-112.341206966387,50.4727276511422],[-112.341300583416,50.4727694187612],[-112.34171874469,50.4729565793202],[-112.342157888811,50.4732301522275],[-112.342300746094,50.4733295946908],[-112.342635325418,50.4734822360495],[-112.342829951713,50.4735424700946],[-112.342994480852,50.4736188173626],[-112.343299081599,50.4737946202854],[-112.344160512057,50.4741813175242],[-112.344319774374,50.4742700544331],[-112.344673510272,50.4744119549313],[-112.344988888107,50.474571790579],[-112.345323449464,50.4747226790827],[-112.345477199719,50.4748132141263],[-112.346546973746,50.4752511780958],[-112.346853141154,50.4754539704265],[-112.347128144209,50.4756154187292],[-112.347778351998,50.4759349315633],[-112.347981127809,50.4759862669994],[-112.348142785933,50.4759987481176],[-112.348208013504,50.4761380079479],[-112.348918920457,50.4765945690364],[-112.349322164306,50.4768896571622],[-112.350201462256,50.4774277920602],[-112.350243678582,50.4774561452589],[-112.350627139733,50.47771376545],[-112.35158020913,50.4784031187225],[-112.352486783525,50.4791157767499],[-112.352615345019,50.4792023229785],[-112.352624011066,50.4792081578134],[-112.352785800344,50.4792845325168],[-112.353164230929,50.4794138794416],[-112.353537194366,50.4797232993785],[-112.353820767349,50.4800897623859],[-112.354043600743,50.4803173298582],[-112.354169946991,50.4804168871745],[-112.354558347079,50.4806376163416],[-112.355000012772,50.4811653118266],[-112.355220058694,50.481391137527],[-112.355512085721,50.4817645670758],[-112.35583423865,50.4821236690036],[-112.356420085743,50.4826782523646],[-112.356741931448,50.4830232344458],[-112.357093764713,50.4833450762077],[-112.357390330928,50.4835261611075],[-112.357692352611,50.4837037545773],[-112.358476096764,50.4843414506863],[-112.358610735361,50.484440924648],[-112.358898219608,50.4846946371462],[-112.35897922429,50.484766136526],[-112.359121128461,50.4848755796952],[-112.359658494376,50.4852899872158],[-112.360346273303,50.4859672487735],[-112.360723218074,50.4862866453371],[-112.360857957282,50.4863902521805],[-112.36140266423,50.4869696916224],[-112.36176647114,50.4873072259141],[-112.361978457377,50.487538413122],[-112.362555661778,50.4881057566457],[-112.363240789777,50.4887918469185],[-112.363856499565,50.489312702753],[-112.363933309115,50.4893897606771],[-112.364216451804,50.4896737756633],[-112.364304891842,50.4897625057781],[-112.364613311327,50.4901216989564],[-112.364798131612,50.4903813407149],[-112.365029276219,50.4906071075179],[-112.365517882479,50.4914147105233],[-112.365759052285,50.4920108388856],[-112.365820878834,50.492125881348],[-112.365908239995,50.4922884076877],[-112.366173071426,50.4932460055364],[-112.366273202139,50.4941237914183],[-112.366286635546,50.4946705626292],[-112.366363866406,50.4953667723315],[-112.366350846224,50.4962559859774],[-112.366320798476,50.49641675121],[-112.366052382768,50.496974574872],[-112.366000713469,50.4973013576397],[-112.365967384175,50.4980019673829],[-112.36599645815,50.4983563317159],[-112.366038475949,50.4985141378613],[-112.365888758232,50.4987781705241],[-112.365828423784,50.4993722151914],[-112.365820857275,50.4994467185252],[-112.365737263647,50.4996567775695],[-112.365711557457,50.499819577986],[-112.365735382575,50.4999904859925],[-112.365690215283,50.5000588915339],[-112.365652158156,50.5001185894529],[-112.365534129409,50.5002279799209],[-112.365450975058,50.5003604710466],[-112.365399242877,50.5005117234801],[-112.365280810787,50.5008042767262],[-112.364884158775,50.5012915159462],[-112.364724816508,50.5015631518632],[-112.364684377947,50.5017237687587],[-112.364496649816,50.502164298519],[-112.364325989675,50.5024216314682],[-112.364276745828,50.5025728361625],[-112.3641989113,50.5027683286315],[-112.364103782406,50.5030072472822],[-112.363984115132,50.5031110522899],[-112.363913613552,50.5032469286319],[-112.363838596141,50.503391510362],[-112.36381476204,50.5034986529609],[-112.363719378025,50.503685725551],[-112.363423252883,50.5042455933518],[-112.36325184714,50.5048864002749],[-112.363091867968,50.5062499364161],[-112.363051442882,50.5064088976801],[-112.362968602941,50.5066067949476],[-112.362927802359,50.5067042344203],[-112.3628730195,50.5070336693259],[-112.362839593188,50.5079198005375],[-112.362875802481,50.508447588408],[-112.363010265007,50.5091024497131],[-112.363082688084,50.50931944807],[-112.363034403637,50.5097399047204],[-112.363064344486,50.5099063699817],[-112.363123671922,50.5100545217998],[-112.363308696125,50.5100827360267],[-112.363468916045,50.5107192174956],[-112.363719001631,50.5116636889597],[-112.363894929493,50.5121229344759],[-112.363946420026,50.5122573453364],[-112.364071807772,50.5125474802813],[-112.36417664925,50.5130055621502],[-112.364219896843,50.5131945444323],[-112.364429251915,50.5138103830553],[-112.364439543913,50.5138434944888],[-112.364494885525,50.5140242854193],[-112.364626936973,50.5144483662867],[-112.364700537741,50.514951224639],[-112.364849518839,50.5174460585126],[-112.364943247259,50.5185994671592],[-112.364812946627,50.5191482459862],[-112.36479457608,50.5196802514431],[-112.364891028192,50.5198011837065],[-112.364890729951,50.5199810796631],[-112.36474911953,50.5202998047669],[-112.364638273712,50.520553396662],[-112.364561237787,50.5206870473087],[-112.364379398112,50.5209395188205],[-112.364349532722,50.5210926363775],[-112.364347724413,50.521101831217],[-112.364119871233,50.5213149277874],[-112.364114293593,50.5213201371631],[-112.363939348488,50.521577024752],[-112.363879855762,50.5217227994311],[-112.363837474145,50.5217716372404],[-112.363775812886,50.5218427086991],[-112.36360433438,50.5220995814498],[-112.363393337187,50.5225165466401],[-112.363201583705,50.5229434308069],[-112.363115685899,50.5230571734492],[-112.363218253742,50.5231836380495],[-112.363244608516,50.5234304501604],[-112.36340830851,50.5235079835647],[-112.363401952031,50.5236790559864],[-112.363329322342,50.5238165927562],[-112.363131640877,50.5240535990646],[-112.362886782589,50.5242603173395],[-112.36280974846,50.5243934269335],[-112.362690044355,50.5244978873818],[-112.362634785388,50.5246420019869],[-112.362617030187,50.5248097899075],[-112.36240660073,50.5254039137325],[-112.362376728153,50.5255678680764],[-112.362321788089,50.5260773399007],[-112.362021560341,50.52680083572],[-112.361927799582,50.5271083491932],[-112.361778742127,50.5273819815266],[-112.361605375362,50.5276429563479],[-112.361297866768,50.5279920820672],[-112.361168659386,50.5280918136059],[-112.360859363146,50.5284432522016],[-112.360818445783,50.5284795164397],[-112.360743745477,50.5285514669263],[-112.360453479147,50.5287356780829],[-112.360118774957,50.5288957108771],[-112.359632678591,50.5291477176138],[-112.359435134568,50.5292102465477],[-112.359086128301,50.5293672414945],[-112.358402022584,50.5296778549765],[-112.357956462695,50.529945183585],[-112.357325760924,50.5304691460048],[-112.357228372767,50.5305866689906],[-112.357159748666,50.5307245870594],[-112.35706409875,50.5308476477856],[-112.356992824618,50.5309822600054],[-112.356762387883,50.5311980876952],[-112.356546661061,50.5314260291279],[-112.356224267384,50.5319535068121],[-112.35574583185,50.5327468107149],[-112.355504796791,50.5328138863337],[-112.355456934553,50.5329252189742],[-112.355441526649,50.5330951186848],[-112.355301518822,50.5331901212877],[-112.355144341495,50.5334566625793],[-112.354927033638,50.533685212625],[-112.354866324593,50.5338264636372],[-112.354682518506,50.5340729254533],[-112.354560820141,50.5341762310678],[-112.354369797888,50.5344186662026],[-112.354207965491,50.5344983261583],[-112.354102015491,50.5346159909879],[-112.353931094839,50.5348716282741],[-112.353671092751,50.5350722434031],[-112.35318529732,50.5354910792274],[-112.352906247355,50.5356851056185],[-112.35288878231,50.5357020724696],[-112.352790692569,50.535797277654],[-112.35247683109,50.5360324486636],[-112.351994883143,50.5363960135064],[-112.351654821401,50.5365432674328],[-112.351518361021,50.5366405720353],[-112.351322135725,50.5368786101608],[-112.350964008863,50.5372329807839],[-112.350747462777,50.537606582129],[-112.350635441963,50.5377148529135],[-112.350481490486,50.5381624833263],[-112.35032276626,50.5387978850796],[-112.350312706925,50.5389749162151],[-112.35024987067,50.5392959017783],[-112.350231050066,50.5396464958808],[-112.350275380129,50.5399860875611],[-112.350370631193,50.5402891225062],[-112.350482556786,50.5407662974035],[-112.350447096689,50.5413955474802],[-112.350407027335,50.541620324266],[-112.350358650362,50.54177265368],[-112.350371937344,50.5419413831681],[-112.350498128183,50.5422270608409],[-112.350760305991,50.5426095877782],[-112.350983335218,50.5428330206341],[-112.351054664146,50.5429342353431],[-112.351072860421,50.5429600430725],[-112.351287565858,50.5431153458539],[-112.351354482262,50.5431638452568],[-112.35161628637,50.5433418224987],[-112.351725699375,50.5434549342503],[-112.351863579093,50.5435546742048],[-112.35194272067,50.5436905762966],[-112.352051286563,50.5438041290641],[-112.352293799351,50.5439780387488],[-112.352371785694,50.5440670607401],[-112.352457083425,50.544124034224],[-112.35256890122,50.544198722691],[-112.352808321108,50.5444099190275],[-112.352880092008,50.5445445930188],[-112.352962751387,50.5446335694136],[-112.353088806581,50.5447776048201],[-112.353431883069,50.5449220759201],[-112.354189446721,50.5453519164689],[-112.35435666362,50.5454288732577],[-112.355080849469,50.5458932092613],[-112.355381960261,50.5460365894901],[-112.355523676683,50.5461248854819],[-112.355684344864,50.5462400769754],[-112.35587068959,50.5463031655096],[-112.356024111959,50.5463851635242],[-112.356391591182,50.5465135760843],[-112.357015833168,50.5468459852036],[-112.357331405039,50.5470132860194],[-112.358245916049,50.5473592213273],[-112.358591829417,50.5475103534529],[-112.358795519713,50.5475700867021],[-112.359690433077,50.5477339914174],[-112.360042679568,50.5476908898377],[-112.360198904681,50.547793347071],[-112.36037138391,50.5477430269438],[-112.360624261459,50.5477588689362],[-112.360825255911,50.547813602628],[-112.361071213737,50.5478322410436],[-112.3612713494,50.5478869843542],[-112.362991916918,50.54812364371],[-112.363435566091,50.5482075319533],[-112.363819789012,50.5482551145279],[-112.363919744554,50.5482674972117],[-112.364103547048,50.548292694105],[-112.365104788602,50.5484299313725],[-112.365729540831,50.5485874143321],[-112.366171394271,50.5486718525817],[-112.366519873228,50.5488113480039],[-112.366580730495,50.5489345755997],[-112.366688403464,50.5490487995641],[-112.366816854464,50.5491469151657],[-112.36721632539,50.5492630194102],[-112.368083835646,50.5494607096246],[-112.369693999318,50.5499020228758],[-112.369836822465,50.5499594761973],[-112.370157407833,50.549978971097],[-112.370560305831,50.5500778998549],[-112.370793394393,50.5501175608002],[-112.371560944616,50.5503466214562],[-112.371571652535,50.5503498138816],[-112.372201667993,50.5505017144049],[-112.37269361868,50.5505466850259],[-112.373244238338,50.550541658104],[-112.373897570468,50.5506752152501],[-112.374393020093,50.5507229254733],[-112.375446016286,50.5507425359266],[-112.375512779078,50.5507437796664],[-112.375757919438,50.5507690248947],[-112.376140148998,50.5508890258753],[-112.376437688088,50.5510635213077],[-112.376698027044,50.5512586103554],[-112.377073030556,50.5515678941969],[-112.377310987088,50.5517862972013],[-112.37795357896,50.5521130619232],[-112.378734336215,50.5523458850718],[-112.379080307075,50.5524997893926],[-112.379446921221,50.552632033947],[-112.380292889877,50.5528509702474],[-112.380687147878,50.5529763356169],[-112.381338845973,50.5531298360675],[-112.381721085414,50.5532548279928],[-112.381886884771,50.5533334259264],[-112.382296819273,50.5534466655309],[-112.382640169748,50.5535933234391],[-112.383237317646,50.553763128157],[-112.383391543109,50.5538257266268],[-112.38360576705,50.5538936649183],[-112.383747198707,50.5539845293907],[-112.384449398289,50.5542665258742],[-112.385250167313,50.5544886170505],[-112.385830505038,50.5546741942898],[-112.386256643351,50.5547591758231],[-112.386697567035,50.5548452296142],[-112.386771460654,50.554866015208],[-112.387055303131,50.5549458535135],[-112.387301568181,50.5550151479644],[-112.387673508438,50.5551556673445],[-112.388296287068,50.5553258511062],[-112.388482279655,50.5553977595051],[-112.38867609477,50.5554663364579],[-112.389119673875,50.5557379163517],[-112.389447100812,50.5558976954577],[-112.389813458938,50.5560370781851],[-112.389958401211,50.5561267154741],[-112.390515096176,50.5563254938013],[-112.39067729239,50.5564122432894],[-112.391047324625,50.5565605812855],[-112.391381470063,50.5567156069935],[-112.391956098994,50.5570876072587],[-112.392490511248,50.557480556245],[-112.39262548312,50.5575616211267],[-112.392939725484,50.5577541676391],[-112.39311389714,50.5578344661725],[-112.393260396193,50.5579285862981],[-112.39390944785,50.5586318871821],[-112.394034353201,50.5587404743666],[-112.394351261765,50.5592674160444],[-112.394447642012,50.5593877126907],[-112.394599082697,50.5596676629329],[-112.394875177205,50.5606108341437],[-112.395134931358,50.5613593343614],[-112.395288546864,50.5621839960252],[-112.395301724251,50.5627253124205],[-112.395174128447,50.5633694853684],[-112.395126542889,50.5637089199048],[-112.394940377827,50.5641490977635],[-112.394679834953,50.5645313293102],[-112.394573137555,50.5647937391245],[-112.394503588189,50.5649647594127],[-112.394214714249,50.5653326963206],[-112.393948552413,50.5657139231343],[-112.39374470581,50.5659526995135],[-112.393685901194,50.5660951257517],[-112.3933695415,50.5666207789674],[-112.393332613555,50.5667825228128],[-112.393180523388,50.5671049492588],[-112.392950515149,50.5674533909194],[-112.392698775766,50.5680208721533],[-112.392553104959,50.5684889727971],[-112.392482980671,50.5688445128988],[-112.392172750183,50.5691642692705],[-112.392105229213,50.5693039653715],[-112.391979518972,50.569769784744],[-112.391898854751,50.5698967597188],[-112.392097672585,50.5698750644453],[-112.392169927676,50.5699999052738],[-112.392140813278,50.570161060694],[-112.392077684171,50.5703051202421],[-112.391799118398,50.5706757335182],[-112.391662298692,50.5709506689839],[-112.391302182061,50.5714443717673],[-112.390971180727,50.5717780428382],[-112.390957918898,50.5717952620001],[-112.390781990138,50.5720238059696],[-112.390721838048,50.5720644383141],[-112.390643698992,50.572117210845],[-112.390317968971,50.5724575357101],[-112.390246039968,50.5725922562396],[-112.389929947074,50.5729430323773],[-112.389745987375,50.5731932012071],[-112.389634795706,50.573305887626],[-112.389459522716,50.5735571396359],[-112.389419520737,50.5736635176578],[-112.389333176468,50.5738398251418],[-112.38915182368,50.5740899800812],[-112.388484446391,50.574839178992],[-112.388204922116,50.5751934263663],[-112.388046815032,50.5754593024022],[-112.387732286105,50.5758082635986],[-112.387601114108,50.5759085050188],[-112.387445101896,50.5759987896593],[-112.387228347401,50.5762045928793],[-112.387073884782,50.5762948221866],[-112.386722877068,50.5764418397092],[-112.386340105824,50.5765548064454],[-112.38617849621,50.5766344984808],[-112.385908184157,50.5768396594278],[-112.38551927203,50.5771440006279],[-112.384998259945,50.5773720537217],[-112.384722506797,50.5775778788941],[-112.384427293445,50.5777564415783],[-112.384318402361,50.5778780532768],[-112.38419256995,50.5779855299345],[-112.384043820617,50.5780686633789],[-112.383801094929,50.5782850485526],[-112.38371652124,50.5784070718918],[-112.383490861745,50.5786314469031],[-112.38306790257,50.5789259763091],[-112.382915864505,50.5791535495909],[-112.382899755017,50.5791783654637],[-112.382770597042,50.5792998297402],[-112.382357709778,50.5795937605729],[-112.382267805486,50.5796709586615],[-112.382069493404,50.5798412598261],[-112.381981871731,50.5799216775941],[-112.381450803905,50.5804091656962],[-112.381166215826,50.5806086481831],[-112.38069568367,50.5808637292592],[-112.380560531237,50.5809684166017],[-112.380136313523,50.5812864598694],[-112.380073797965,50.5813986768712],[-112.379499763719,50.5819600265311],[-112.378938877215,50.5823572988296],[-112.378611659585,50.5825334009425],[-112.378159181769,50.5828225328153],[-112.378049604373,50.5829438679105],[-112.377672691941,50.5832692923842],[-112.377292438674,50.5835787015658],[-112.376928769206,50.5839047131398],[-112.376654841435,50.5841010454377],[-112.37560362211,50.584564506582],[-112.375449428088,50.5846505709737],[-112.375192183828,50.5848540680223],[-112.375041532762,50.5849396048623],[-112.374788726179,50.5851525008976],[-112.374454791846,50.5853135611337],[-112.373776256582,50.5856402297317],[-112.373185251364,50.586015821928],[-112.372585259399,50.586376623014],[-112.372464813286,50.5864620880757],[-112.372170906982,50.5866706151939],[-112.371486735689,50.5871681884041],[-112.371366914803,50.5872801854969],[-112.371095363974,50.5874815033199],[-112.370578758126,50.5879001759092],[-112.370460753633,50.5879697538398],[-112.370272857517,50.5880805541793],[-112.370140020941,50.5882086124762],[-112.369883063244,50.5883805983165],[-112.369561160945,50.5885433105843],[-112.368971100754,50.5888974018488],[-112.368507348183,50.5891677054798],[-112.368316263946,50.5893467563284],[-112.368184497264,50.5894969331491],[-112.367817683692,50.5898205420895],[-112.367481725454,50.5901599138137],[-112.366717772085,50.5907911679361],[-112.366507251,50.5910371495227],[-112.365892807837,50.5917578308008],[-112.365557667066,50.5921151918479],[-112.365032166998,50.5927289795693],[-112.364781515474,50.5931283109386],[-112.364410182478,50.5937513596523],[-112.364305808124,50.5939286412247],[-112.364149291957,50.5943819092536],[-112.364028597908,50.5948657679981],[-112.364030136723,50.5950411886456],[-112.364112911086,50.5953590787022],[-112.364071778128,50.5955129828376],[-112.363839110876,50.5960777367685],[-112.36385631541,50.5964618145654],[-112.363915941087,50.5967926927835],[-112.363994048703,50.5969686017753],[-112.364000265943,50.5972198649812],[-112.364161187448,50.5978555736056],[-112.364357779256,50.5982870332512],[-112.364538347815,50.598538079013],[-112.364596689799,50.5986889922978],[-112.364915714794,50.5990256264234],[-112.365166019568,50.5992384587666],[-112.365715889134,50.5997981252329],[-112.36579321791,50.5998871364578],[-112.365962254795,50.6000102824013],[-112.366061890537,50.600130815428],[-112.366183218796,50.6002352831786],[-112.366380778089,50.600479103462],[-112.366661372258,50.6009648478236],[-112.366691617636,50.6010172048155],[-112.366762184793,50.6011448863893],[-112.367307074996,50.6021315483324],[-112.367452160101,50.602595093698],[-112.367515264055,50.6027328005887],[-112.367576920823,50.6032456750332],[-112.367839148037,50.603623322407],[-112.368125732173,50.6039981650837],[-112.368321294512,50.6044241167919],[-112.368360985674,50.604772269859],[-112.368331425711,50.6051271181908],[-112.368270485799,50.6052498593175],[-112.368124980283,50.6052562720776],[-112.367972957489,50.6055608270054],[-112.367812077306,50.6060147441227],[-112.367521211801,50.6065645480827],[-112.367196184263,50.6072700715518],[-112.367156808409,50.6074250706647],[-112.36716357991,50.6076021473805],[-112.367199862864,50.60776757242],[-112.367410109963,50.6082015373804],[-112.367525002691,50.6083785946415],[-112.367897621176,50.6089856223637],[-112.368090545163,50.6090212380513],[-112.368232382858,50.6090760607891],[-112.368379995822,50.6092325241793],[-112.368414156956,50.6095740419445],[-112.368569087596,50.6102003440904],[-112.368580730661,50.6107413880861],[-112.368539633635,50.6109008415825],[-112.368377303571,50.6111560897541],[-112.36835532,50.6118647468822],[-112.368260033901,50.6121753715811],[-112.368039785858,50.6125864568434],[-112.367970985687,50.6129063665851],[-112.36784169027,50.6131849414124],[-112.367786431303,50.6135170855083],[-112.367752053676,50.614049226442],[-112.367703144002,50.6142012169074],[-112.367504323473,50.6144372588219],[-112.367374039909,50.614717544303],[-112.367165239996,50.6153208661606],[-112.367056871732,50.6156171188883],[-112.367054651096,50.6156214708297],[-112.367054586418,50.6156216691893],[-112.366775779896,50.6161757623662],[-112.36662655266,50.6166348374821],[-112.366620216842,50.6168122745337],[-112.36665722833,50.6170348004809],[-112.366651382094,50.6171267025327],[-112.366591983691,50.6172749930116],[-112.366612158954,50.6174458233283],[-112.366802517352,50.6177019308463],[-112.367103778163,50.6180707217175],[-112.367175345145,50.618210002025],[-112.367261267205,50.6185269524586],[-112.367341606236,50.6186635126966],[-112.36779461765,50.6191238824106],[-112.368311061802,50.6195269897543],[-112.368583331283,50.6197080704104],[-112.368750637115,50.6197863905006],[-112.368894524766,50.6198780443783],[-112.369242981265,50.6200230894623],[-112.369397275898,50.6201069939141],[-112.369446650001,50.6200654118862],[-112.369475763501,50.6199342035279],[-112.369733286238,50.6199388024265],[-112.369883174635,50.6200238281116],[-112.369978379885,50.6201277091117],[-112.370031850306,50.6202421982298],[-112.370193216477,50.6203548512877],[-112.370389124668,50.6204126689655],[-112.370507207313,50.6204339801863],[-112.370847385837,50.6204962330383],[-112.371608191509,50.6205587947148],[-112.371885594862,50.6205639281552],[-112.372141931823,50.6205465917491],[-112.37237220237,50.6205114122416],[-112.372894161279,50.6203572815181],[-112.373309869253,50.6201960641837],[-112.373797918557,50.6199574208659],[-112.373896565253,50.6198405007976],[-112.374213393868,50.619675436811],[-112.3743298308,50.6195641072619],[-112.374410936093,50.6194328063125],[-112.374600993556,50.6193694167057],[-112.374824745029,50.6191511548163],[-112.375122511393,50.6189725707128],[-112.375764659497,50.6184603493114],[-112.375873728448,50.6183428549854],[-112.376322620188,50.6180791481408],[-112.376735251433,50.6176064345177],[-112.37722107561,50.6171798543335],[-112.377332256499,50.6170652027257],[-112.377594937363,50.6168617371848],[-112.377908902148,50.6166786198394],[-112.378681756923,50.6160604824579],[-112.379108578854,50.6157756393035],[-112.379259584755,50.615692378632],[-112.37944912928,50.6156315318782],[-112.379604279109,50.6155454694029],[-112.379635083238,50.6155330080664],[-112.379782525523,50.6154719764262],[-112.379981252626,50.6154163169696],[-112.380468661432,50.6151890204114],[-112.380756904755,50.6150053818382],[-112.380927931409,50.6149287432878],[-112.38112942173,50.6148719790831],[-112.381294362298,50.6147936679094],[-112.381884924647,50.6145907557136],[-112.382168644055,50.6144932540344],[-112.382608300216,50.6143421873658],[-112.382761864519,50.6142617064019],[-112.382958741992,50.6141957755339],[-112.383298579155,50.6140411601181],[-112.383477813716,50.6139747273244],[-112.383758446512,50.6137881763333],[-112.38429325672,50.6135695368388],[-112.384834975871,50.6133668399625],[-112.385397799142,50.6131686733701],[-112.385606621513,50.6131199176618],[-112.385788288711,50.6130523281164],[-112.387055845713,50.6127368912827],[-112.387524750122,50.6126600592149],[-112.388077817689,50.6126319935468],[-112.38854006109,50.6127034610689],[-112.389038034982,50.6127388493488],[-112.389243663842,50.6127925174277],[-112.389589792805,50.612939275076],[-112.389796242726,50.6129919790044],[-112.390467389346,50.6133031258151],[-112.39059898984,50.6134049188348],[-112.391052946282,50.6136627863543],[-112.391386113455,50.6138244610096],[-112.392388739313,50.6144756070137],[-112.392999580232,50.6148178676298],[-112.393273265458,50.6150062756081],[-112.393576113591,50.6151587908053],[-112.394080726032,50.6154129385716],[-112.394083085008,50.6154210223303],[-112.394115777396,50.6155323138066],[-112.394313533421,50.6157426911869],[-112.394332565129,50.6157629238092],[-112.39458640657,50.6159510800543],[-112.394602578042,50.6159630459547],[-112.394757519462,50.6160471605675],[-112.395047573789,50.6162308087534],[-112.395357442257,50.6164056208182],[-112.395879801815,50.6166224488226],[-112.396437917914,50.6168063883043],[-112.396636533627,50.6168104021349],[-112.396500137027,50.6167159225604],[-112.39648838347,50.6165605904042],[-112.396926949077,50.6166159851729],[-112.397713338768,50.6168381831679],[-112.39794565927,50.6168685906697],[-112.398119194919,50.6169407055256],[-112.398263147248,50.6170300377135],[-112.398959560782,50.6173161186742],[-112.399360634302,50.6174291896944],[-112.400382758093,50.6178742318488],[-112.400762845172,50.6179972275567],[-112.400936342192,50.6180306300697],[-112.40132145265,50.6181855720729],[-112.401741512063,50.6182849070905],[-112.40209492816,50.6184258915287],[-112.402901210145,50.6186458455819],[-112.403068233008,50.6187213945795],[-112.40325682981,50.6187798839691],[-112.403460521902,50.6188910101893],[-112.403603592086,50.6189454070657],[-112.4044776834,50.6192728875853],[-112.404804147344,50.6194344340973],[-112.404997680389,50.6194961793053],[-112.405190173185,50.6195575955706],[-112.405282872136,50.6195909496695],[-112.405556768466,50.6196894980382],[-112.406422036527,50.6200643409595],[-112.406948157331,50.6202965616267],[-112.40709078195,50.6203911696545],[-112.407212269211,50.6204970771191],[-112.407836465383,50.6208409427441],[-112.408344971123,50.6210707350825],[-112.409042893826,50.6215550643345],[-112.409333041578,50.6217496751721],[-112.4097550692,50.622044631872],[-112.409886864629,50.6221497907279],[-112.410329462773,50.6224232533752],[-112.410452527475,50.6225280409395],[-112.41048207576,50.6225649440703],[-112.410838587452,50.6230364971034],[-112.411074168838,50.6232567305042],[-112.411352055485,50.6234539034267],[-112.411449723018,50.6235507864237],[-112.411864091604,50.6238812365317],[-112.412261027483,50.6241859940256],[-112.412382812086,50.6242968390519],[-112.412831091176,50.6245685687145],[-112.413189386024,50.6247054584718],[-112.413352296399,50.6247883008473],[-112.413890531883,50.6249887664141],[-112.414034350363,50.6250642852765],[-112.414412821372,50.6252216927843],[-112.414950584342,50.6254367112381],[-112.415252948284,50.6256033500915],[-112.415624487892,50.6257396219399],[-112.416086276745,50.6259973608608],[-112.416223265335,50.6260919004328],[-112.416339254007,50.6262018582367],[-112.4164916505,50.6262910742465],[-112.416606884588,50.6264026961696],[-112.416742246329,50.6264773875932],[-112.416760804624,50.6264879990906],[-112.416967556378,50.6265350398906],[-112.417445629891,50.6267888156099],[-112.417579329748,50.6268857407439],[-112.418036148223,50.6271405910344],[-112.418163092749,50.6272413215252],[-112.418271266079,50.6273558332149],[-112.418549815682,50.6275454720015],[-112.419286586929,50.627815785616],[-112.419447826437,50.6278959328193],[-112.420460786515,50.6281547979047],[-112.420883692689,50.6282523117227],[-112.421435549328,50.6284196061751],[-112.421316775878,50.6283126372663],[-112.421171158072,50.6282250713777],[-112.4210017942,50.6281485330069],[-112.421003579152,50.6280238685481],[-112.421226475429,50.6279785558803],[-112.421741025033,50.6280069212496],[-112.421953073255,50.6280510098561],[-112.422129723362,50.6281168905308],[-112.422261908659,50.628214709865],[-112.422358940185,50.6283381948091],[-112.422355991016,50.6285136245993],[-112.422519081054,50.6285864418793],[-112.423077704702,50.6285682428409],[-112.423288775556,50.628584055952],[-112.423563877425,50.6286113627605],[-112.423824284653,50.6286151328311],[-112.424648771895,50.6285889548812],[-112.42490301668,50.6286077807372],[-112.425416143354,50.6288328641549],[-112.426047961731,50.6289812522051],[-112.426277709458,50.6290128223001],[-112.426810218182,50.6290258088732],[-112.427364436491,50.6290049089793],[-112.427877953034,50.6289533871709],[-112.428183562588,50.6288963447163],[-112.428337407165,50.6288676488076],[-112.428467751815,50.6288496373549],[-112.429064194536,50.6287687994223],[-112.430226034202,50.6285589663832],[-112.430667219296,50.6284720220823],[-112.432191052173,50.6282863052897],[-112.434529970526,50.6280594703916],[-112.434753919628,50.6280152342023],[-112.435009238798,50.62798803133],[-112.435231294251,50.6279410563766],[-112.435480227298,50.6279084632511],[-112.436299630974,50.6278650155928],[-112.436552551643,50.6278417423244],[-112.437176885257,50.6276845584221],[-112.438350083221,50.6274861780509],[-112.438616949336,50.6274631598902],[-112.438900455843,50.6274586061761],[-112.439432646563,50.6274801638003],[-112.439694974389,50.6274539071483],[-112.439900349924,50.6274026868037],[-112.440081420641,50.6273246409621],[-112.440174122287,50.6272040510864],[-112.440643263851,50.6271242685534],[-112.441015015461,50.6270829138358],[-112.441465066029,50.6270613463418],[-112.44170985874,50.6270809005206],[-112.442279286426,50.6270667919256],[-112.443368749728,50.6269969087857],[-112.443847432298,50.6269315832966],[-112.444328100146,50.6268540176371],[-112.44565798855,50.626737584853],[-112.446822488128,50.6267247834236],[-112.447634416923,50.6267528834228],[-112.448211867462,50.6267423967855],[-112.448702001756,50.6267914250148],[-112.449823567252,50.6269764655884],[-112.450256765425,50.6270672244494],[-112.450643916855,50.6271911392314],[-112.450977817951,50.6273323898771],[-112.451336080459,50.6274781208697],[-112.451620589486,50.6275938497602],[-112.451728451101,50.6276377261987],[-112.452039476598,50.6278187317458],[-112.452315182135,50.6280060773036],[-112.452627369154,50.6281920499245],[-112.452917843893,50.628379056647],[-112.454174946302,50.6288761080565],[-112.454522012208,50.6290308279919],[-112.454908145847,50.6291680700223],[-112.455594854881,50.6294854212735],[-112.455822898504,50.6295494303259],[-112.456220778513,50.6296611140327],[-112.4564568926,50.6297258664713],[-112.457236567385,50.6299349951267],[-112.458142044937,50.6300812696416],[-112.459016518035,50.6302704210647],[-112.459601271878,50.6303674854653],[-112.460631731137,50.6305154395986],[-112.461259556502,50.6306615647251],[-112.46180830497,50.6307504087303],[-112.462995493297,50.6309260990414],[-112.463042298218,50.630931573238],[-112.463474405836,50.6309820415742],[-112.464172660916,50.6310793210338],[-112.465459272084,50.631144005421],[-112.465726159758,50.6311505137986],[-112.465598077965,50.6310523410214],[-112.465797724943,50.6310555490618],[-112.466034599006,50.6310849724239],[-112.466637099965,50.6312353266167],[-112.466872339094,50.6312653356302],[-112.467094540972,50.6312535622301],[-112.467479026202,50.6313728767458],[-112.467886723001,50.631461949039],[-112.468029955779,50.6315206624713],[-112.468552066504,50.6317644921476],[-112.468736905653,50.6318224194443],[-112.46962881056,50.6319618783978],[-112.469874717182,50.6319810083163],[-112.470066384426,50.632031526238],[-112.470210301721,50.632112065114],[-112.471058576352,50.6323062681606],[-112.472856169915,50.6326277702507],[-112.474459392304,50.6329067274092],[-112.474743743227,50.6329562084602],[-112.475068843529,50.6330127730648],[-112.475713249099,50.6331556785434],[-112.476697133406,50.633427464699],[-112.478094104403,50.6338034014865],[-112.478626366988,50.6340118020626],[-112.480122941387,50.634528739282],[-112.480295542787,50.6345996106012],[-112.481073622164,50.6348271267216],[-112.481629934446,50.6350166009078],[-112.482151415452,50.6352346649527],[-112.482931338171,50.6354765262222],[-112.484418733585,50.6357691064037],[-112.485334270471,50.6359388217652],[-112.486029610518,50.6360272928653],[-112.486170451084,50.6360686385758],[-112.486412880328,50.6361398158082],[-112.487130833666,50.6364204021116],[-112.487430540391,50.6365977172244],[-112.487544253631,50.6366935134159],[-112.487808714955,50.6369163179007],[-112.488074289293,50.6371209945402],[-112.488474099781,50.637615637562],[-112.488640465975,50.6378899406309],[-112.488860758036,50.6382725035158],[-112.489083363258,50.6384999141209],[-112.48912244177,50.6386628741427],[-112.489106777846,50.6388272806822],[-112.488976638013,50.6393468613865],[-112.489054678255,50.6400829744467],[-112.488989589024,50.6418397356349],[-112.488992571431,50.6420097042311],[-112.489033916392,50.6421172253237],[-112.489101749975,50.6422062772578],[-112.489125344226,50.6421159942502],[-112.489282230499,50.6418669601156],[-112.489321316197,50.641714170924],[-112.489513534108,50.6416831323276],[-112.489692851314,50.6421337323019],[-112.489876938573,50.6425771666079],[-112.490008019841,50.6426795018276],[-112.490032026419,50.6432073017878],[-112.490101937806,50.6435394605833],[-112.490104436919,50.643893904264],[-112.490099894139,50.6439049886324],[-112.490046341073,50.6440350021874],[-112.489936991848,50.6441503678961],[-112.48992723345,50.6443118203965],[-112.490094446755,50.6443118226751],[-112.490217182674,50.6440227437917],[-112.490335542001,50.6441171200838],[-112.490343477718,50.6444609269044],[-112.490380118202,50.6446261118063],[-112.490377894871,50.644796794913],[-112.490497100411,50.6449044167215],[-112.490421314941,50.6450121590478],[-112.490394743673,50.6451285887257],[-112.490472105687,50.645262863787],[-112.490512317872,50.6454295861696],[-112.490596422641,50.6455614718871],[-112.490787047839,50.6455171587466],[-112.490845170634,50.6456651608955],[-112.490764321361,50.6457908113172],[-112.490804832685,50.645948149431],[-112.490886691665,50.6460850105471],[-112.491099421708,50.6468953045156],[-112.491182496108,50.6472201347669],[-112.491255202154,50.6477316709299],[-112.491329619491,50.6480613427432],[-112.491396216094,50.6491540176385],[-112.491330156683,50.6499916766675],[-112.49121021183,50.6502695323009],[-112.491175502724,50.6505936124463],[-112.491280549018,50.6509026741835],[-112.491398080997,50.6510113602023],[-112.491632212503,50.6509804376741],[-112.491633105428,50.6511980090187],[-112.491633593213,50.6513170160336],[-112.491465190538,50.6513950687469],[-112.491397081172,50.6515292353392],[-112.491351554553,50.6518538854672],[-112.491448115362,50.6519748370009],[-112.491450324319,50.6521317027479],[-112.491368761783,50.6524379100208],[-112.49110028948,50.6529826548569],[-112.490592629055,50.6537464320113],[-112.490264675705,50.6544381360916],[-112.490074476308,50.6546798979662],[-112.49001109747,50.6548198939341],[-112.489707624109,50.6553485615834],[-112.489393246099,50.6562264016331],[-112.488952849725,50.656862528274],[-112.488838512156,50.6569683421952],[-112.48844969525,50.6572793893907],[-112.487897861069,50.6576568039953],[-112.487488764696,50.6579497330017],[-112.487414559362,50.6580837140142],[-112.487288720662,50.65818707413],[-112.486933094709,50.6583262561068],[-112.486655275436,50.6585144402173],[-112.486643283825,50.6585303320928],[-112.486564526727,50.6586345294965],[-112.486427273135,50.6587121059279],[-112.486418154337,50.6587172585511],[-112.486420100986,50.6587121435134],[-112.486420505228,50.6587110683417],[-112.486488737663,50.6585311618233],[-112.486517279835,50.6584587138263],[-112.486630719987,50.6583528861784],[-112.486509233625,50.6583736915875],[-112.486380954202,50.6584742577688],[-112.486325433826,50.6585320217361],[-112.486177856795,50.6587016349623],[-112.486168399331,50.6587144367952],[-112.485612181372,50.6594454800169],[-112.485334597458,50.6597321018723],[-112.485195367572,50.6598315205243],[-112.48482900765,50.6601535740554],[-112.484387849505,50.6604248755102],[-112.483777889834,50.6607851488414],[-112.483214551828,50.6611601145557],[-112.482832165062,50.6614619147063],[-112.482681992798,50.6615538785478],[-112.482379940572,50.661915469438],[-112.482147627256,50.6621390830891],[-112.481995610751,50.6622283083359],[-112.481875851849,50.6623326911422],[-112.481557726067,50.662673070524],[-112.4814305902,50.6627715302983],[-112.481148870442,50.6631457831785],[-112.480577838365,50.6642183600906],[-112.480405389679,50.6648230869873],[-112.480259091848,50.6650891144524],[-112.480232537648,50.6652463725618],[-112.48021818257,50.6659391434287],[-112.480244586751,50.6660543038943],[-112.480291892932,50.6662648725886],[-112.480496882192,50.6666940695619],[-112.480798487955,50.6670595148292],[-112.481205264879,50.6673582206779],[-112.481305282404,50.6674786238402],[-112.481554135501,50.6680150853624],[-112.482253879988,50.6685471697995],[-112.482584709744,50.6687001877246],[-112.482896234705,50.6688661397228],[-112.483525072472,50.6690168552895],[-112.484277880443,50.6692222250666],[-112.48521645732,50.6695533453523],[-112.485343412626,50.6695219402695],[-112.484839726348,50.6692839134267],[-112.484647388062,50.6692170143838],[-112.48465106846,50.669101768302],[-112.4848627331,50.66905593841],[-112.485112792634,50.6690361671205],[-112.485681294157,50.6690424561747],[-112.485953726233,50.6690589571093],[-112.486113701812,50.6690891503542],[-112.486155886698,50.6691043423357],[-112.486352293453,50.6691750003855],[-112.486488687358,50.6692668295583],[-112.486657199627,50.6693427805885],[-112.487782625185,50.6695564773193],[-112.488521327809,50.6696425468321],[-112.489919279766,50.6696528764384],[-112.490403310007,50.6696013052458],[-112.490670552516,50.6696182392549],[-112.490887209095,50.6696666682213],[-112.491166282416,50.6696688448221],[-112.49215457745,50.6695754940078],[-112.493550360874,50.6695714812656],[-112.494400802242,50.6695995653291],[-112.496926889075,50.6696620622309],[-112.497191530961,50.6696505592089],[-112.49755791963,50.6695961794374],[-112.497544042455,50.6730826503276],[-112.497538524105,50.6812229931143],[-112.497533242011,50.6884445648643],[-112.497533353402,50.6886254602826],[-112.497538848396,50.695852595889],[-112.497545070128,50.7030501699952],[-112.497527553878,50.7102740768731],[-112.497533948985,50.7175106814498],[-112.497520539833,50.7249261081751],[-112.497526801988,50.7321609981405],[-112.497519233682,50.7393951215995],[-112.497517852972,50.7432718732454]]]},"properties":{"NAME":"Eastern Irrigation District"}}]}