{"type":"FeatureCollection","features":[{"type":"Feature","geometry":{"type":"Polygon","coordinates":[[[-118.00043976906053,58.078532200362922],[-118.0007806914987,58.078524929233438],[-118.00078098489055,58.071301890673006],[-118.00078262050714,58.064078141937323],[-118.00078493363624,58.056855271211504],[-118.00078559384886,58.049723128427374],[-118.00078561359832,58.049452219047076],[-118.00078633209901,58.042229690235629],[-118.00078736024791,58.035009050611762],[-118.00079041555588,58.027786327881167],[-118.00079081880004,58.02065324389244],[-118.0007908310502,58.020382340974543],[-118.00078893686994,58.013158708657592],[-118.00078866305969,58.005936649591533],[-118.00078547993353,58.00000659815781],[-118.00078478219973,57.998711708003071],[-118.00078108246878,57.991487668741819],[-118.00078099188238,57.991307055635453],[-118.00078002728353,57.984084346469309],[-118.00077908121874,57.976861177710148],[-118.00078145849771,57.969637997291898],[-118.00078022262801,57.962413629336396],[-118.00078019622096,57.962233016807623],[-118.00077930275042,57.955009093152221],[-118.00077834477882,57.947782744603032],[-118.00077717321616,57.940558196006833],[-118.00077602737981,57.933333595835997],[-118.00077600250101,57.933152983565328],[-118.00077547655718,57.925929563798014],[-118.00077501410669,57.918706163488977],[-118.00077470088316,57.911482737452907],[-118.0007745231691,57.904259324673951],[-118.00077452280544,57.904078704924629],[-118.00077505584593,57.896854718012953],[-118.00077856791026,57.889630065709852],[-118.00078113972312,57.88240588455389],[-118.00078172900018,57.87518361352052],[-118.00078174131846,57.875003007250598],[-118.00078595751472,57.867778336204822],[-118.00078821282879,57.860552774911994],[-118.00079018277651,57.853327735820969],[-118.00078691538866,57.846194489981706],[-118.00078678624421,57.845923574170115],[-118.00027871514077,57.845926902872939],[-118.00001761805939,57.845928612594086],[-117.99534433954287,57.845959162105025],[-117.99483626241833,57.845962478106578],[-117.98150051666677,57.846048815072514],[-117.96799408194573,57.846134649114894],[-117.96748600536226,57.846137842791592],[-117.95415244057386,57.846220961282071],[-117.94064206298471,57.846301311621353],[-117.94030334008109,57.846301510994167],[-117.92679586141783,57.846308771645752],[-117.91328785782477,57.846314237809672],[-117.91294913525044,57.846314379346033],[-117.89944156431388,57.846319265103034],[-117.88593504576434,57.846324841437514],[-117.88559631646316,57.846324899231327],[-117.87209090052731,57.846326540359961],[-117.85858551608662,57.846326741638791],[-117.85824678803382,57.846326729006329],[-117.8447406814841,57.846325453309305],[-117.83123327298306,57.846323803180553],[-117.83089454306368,57.846323700408576],[-117.81739079866307,57.846318657431297],[-117.80388703446197,57.846312220306395],[-117.8035483043264,57.84631204625795],[-117.79004850130148,57.846304241485718],[-117.77654395112367,57.846297185096873],[-117.77654395045001,57.846477797785518],[-117.77654396145842,57.853700224454265],[-117.77620516731092,57.85370025022808],[-117.76267909919306,57.853700612821186],[-117.76268402533989,57.860914716221046],[-117.74917700937023,57.860923737812925],[-117.7488381451215,57.860923912239137],[-117.73533152911303,57.860930152781251],[-117.72182106237925,57.860936341536636],[-117.72148219779977,57.860936425772252],[-117.7079783233026,57.860939092080095],[-117.69447086867795,57.860942997047495],[-117.69413200457883,57.860943067510583],[-117.68062776913666,57.86094533406748],[-117.66712216592862,57.8609454521239],[-117.66678329524906,57.86094545862462],[-117.65327818906864,57.860945131813722],[-117.63977227608126,57.860941294120771],[-117.63943341149951,57.860941223806527],[-117.62592625424443,57.860937844924941],[-117.61241852260312,57.860930169524572],[-117.61241191832234,57.85370517570086],[-117.61240797348925,57.846481762119076],[-117.6124078756871,57.846301143146313],[-117.61240665289058,57.839074549068727],[-117.61240008919691,57.831849555277657],[-117.61239357563774,57.824624568294112],[-117.61238708210026,57.817399568060573],[-117.61238692007061,57.817218955145897],[-117.61239595556482,57.809994367130976],[-117.6124050040205,57.802769754245894],[-117.61240994292515,57.795542844302247],[-117.61241488050297,57.788315921485029],[-117.61241500332309,57.788135302035421],[-117.61241559325825,57.780907012006168],[-117.61241622285543,57.77368374717237],[-117.61241626473797,57.766462901696016],[-117.61241522903616,57.75923659155621],[-117.61241520296429,57.759055972716297],[-117.61207729373211,57.759056068709967],[-117.59856356675199,57.759059084005017],[-117.58505724852135,57.759066247274248],[-117.58471933794011,57.759066447366315],[-117.57121376221239,57.759073751855077],[-117.55770177103656,57.759077682691121],[-117.55736386120408,57.759077805249369],[-117.54385660031048,57.759082020041973],[-117.53034914574258,57.759084802862098],[-117.53034687198938,57.751858324729241],[-117.53034382895279,57.744634653807715],[-117.5303407932543,57.737409911673574],[-117.53033924902682,57.730185111475073],[-117.53033920971426,57.730004491825596],[-117.52983276511104,57.730004485850856],[-117.51649389711221,57.730003636294029],[-117.50298529494542,57.730001327784315],[-117.50247884908056,57.730001212353244],[-117.48913924028291,57.729997517219545],[-117.47562748907642,57.729992350962313],[-117.47512104257578,57.72999213234381],[-117.46178710458162,57.729985572417711],[-117.44827489487197,57.72997749720377],[-117.44776844940083,57.729977819043192],[-117.43443031783856,57.729985678908861],[-117.42092156669902,57.729992190922736],[-117.42041512172619,57.729992410467005],[-117.40707846716954,57.7299975280064],[-117.39357288407024,57.730001323602025],[-117.39306643085314,57.730001432949074],[-117.379727558211,57.730003712556901],[-117.36621894919993,57.730004617830225],[-117.36571249638689,57.730004617697219],[-117.35237431372418,57.730004019224047],[-117.33886651088595,57.730001988906956],[-117.33836005867553,57.730001879300715],[-117.32502217855831,57.729998280986209],[-117.31151501435419,57.729993186578071],[-117.3110085624902,57.729992960320246],[-117.2976687981522,57.729986452533737],[-117.28415878888003,57.729978415572482],[-117.28365233077727,57.729978737961019],[-117.27031115292594,57.729986565571657],[-117.25680202159108,57.729994019273271],[-117.25629556324273,57.729994251963269],[-117.24295901096147,57.729999614440807],[-117.22945127284493,57.730003532494464],[-117.2289448216,57.730003655608726],[-117.21560690329045,57.730006076260842],[-117.20209668672842,57.730007097527789],[-117.20159023506021,57.730007149841249],[-117.18825008339563,57.730007732219931],[-117.17474031323606,57.730002320925301],[-117.17423385506737,57.73000219826843],[-117.16089453000863,57.729998160998697],[-117.14738433982163,57.729994762892929],[-117.14687788037317,57.729994634169039],[-117.14213204597769,57.729993326950151],[-117.14210025381557,57.730173970306211],[-117.14202201598323,57.730618621899502],[-117.1420595648752,57.731296493136526],[-117.14207133833105,57.731910428462804],[-117.14217864193962,57.732898144887947],[-117.1421221535152,57.73384078966393],[-117.14215270055229,57.734162415492669],[-117.14228439180287,57.734477473530475],[-117.1422876106769,57.734639434635795],[-117.14219164441516,57.735000751190896],[-117.14197246389665,57.736046932114725],[-117.14183174668547,57.736446293165834],[-117.14158845107335,57.737394815717074],[-117.14157604541013,57.73744321587278],[-117.14130476793773,57.738226648446606],[-117.14089375504025,57.739018764473698],[-117.14048798711937,57.739556486797959],[-117.14013241911186,57.740161609731437],[-117.1397559428125,57.740566016190826],[-117.13956209797311,57.740849112798706],[-117.13935311111537,57.741150028817088],[-117.13814437545047,57.742300649013679],[-117.13759736184555,57.742762229304205],[-117.13653382756519,57.743642042075884],[-117.13576487972973,57.744486623521844],[-117.13561649755178,57.74460335237859],[-117.13503052357525,57.745064300432418],[-117.13446002832652,57.745630978535097],[-117.13404293727913,57.745965513984345],[-117.13357443387299,57.746263468984189],[-117.13347116288033,57.746338707421586],[-117.13294572394415,57.746721526706708],[-117.13248719595222,57.747009314041343],[-117.13223746008138,57.747124707905044],[-117.13128042177378,57.747617579104464],[-117.13048327221662,57.747958043210687],[-117.12971310537303,57.748345082587136],[-117.12918004141156,57.748572895116105],[-117.12763615070965,57.7493134890207],[-117.12687460801754,57.749723746922449],[-117.1263413956368,57.749954108638427],[-117.1262709315323,57.750006766996172],[-117.12617644015043,57.750077372741103],[-117.12534527330662,57.750411244571936],[-117.12475361463525,57.750707031526829],[-117.12391962086831,57.751124147372792],[-117.12241993736426,57.751716115445383],[-117.12214754352945,57.751814664057292],[-117.12039534977497,57.752448554269534],[-117.12005020747527,57.752542257712605],[-117.12000309116337,57.752552809793457],[-117.12001800452884,57.759054251329282],[-117.12001784407973,57.75923487092016],[-117.12001146682429,57.766457432691773],[-117.12000610286505,57.773680929407305],[-117.12000368493085,57.780879335455985],[-117.12014862194764,57.78090599424447],[-117.12017747970788,57.780912472222717],[-117.1205949967618,57.781006181182114],[-117.12148915043934,57.781265749326465],[-117.12223200245397,57.781459304243832],[-117.12314528055366,57.781842452412761],[-117.12439777155679,57.782406806883827],[-117.12487530074232,57.782617877983782],[-117.12593431395234,57.783208277508834],[-117.12640594076214,57.783447554866676],[-117.12706408343337,57.783835464168313],[-117.12769145049211,57.784151044795955],[-117.12874685753016,57.784954703329646],[-117.12890884485132,57.785115909803608],[-117.12904144427999,57.785289619499714],[-117.12934871623362,57.785789186926515],[-117.12946311632182,57.785936986638347],[-117.12960054821825,57.786231548574349],[-117.12982665969851,57.786835554951573],[-117.13002956873251,57.787297941279732],[-117.1300432523618,57.78735274151758],[-117.13009697595477,57.787779341606843],[-117.13008251700663,57.788141464300445],[-117.13007168548097,57.788412509808509],[-117.13006640832124,57.78854491566716],[-117.1300843050992,57.788699341606126],[-117.13014130493369,57.788838774366496],[-117.13026156314235,57.788960948150475],[-117.13044578963147,57.789047857405002],[-117.13114880858534,57.789279470959507],[-117.13230085384031,57.789716651246358],[-117.13303718932823,57.789958915452061],[-117.13352482844087,57.790151850972762],[-117.13534467463941,57.79087183165187],[-117.13734543014824,57.791755527804206],[-117.13778181813491,57.792038056538743],[-117.13877570202068,57.79270470884925],[-117.13917210860146,57.79302532109358],[-117.13985181310467,57.793726979440329],[-117.14004643160841,57.793960379223996],[-117.14041456237145,57.794465836806914],[-117.14072216204517,57.794962804819853],[-117.1409542597992,57.795552566292379],[-117.14103855586755,57.79584538595698],[-117.14113809873201,57.796005863385801],[-117.14135485953381,57.796244765847597],[-117.14183364628457,57.796674262994017],[-117.14189430471811,57.796844578810664],[-117.14200622239872,57.797786540110934],[-117.14200409930412,57.797961288402234],[-117.14212324123666,57.798235069350682],[-117.14204284158069,57.798928120841893],[-117.14203753272915,57.799426676123836],[-117.14207026060465,57.799694359658744],[-117.1421310367367,57.800833637094605],[-117.14222755864307,57.80155695301471],[-117.14217075284942,57.802778463280241],[-117.14216268830016,57.802951837721508],[-117.14205233332382,57.803428657060202],[-117.14192512056403,57.803722799024982],[-117.14173248176047,57.804074644067278],[-117.1416755992379,57.804187759938884],[-117.14141170258297,57.804894159796184],[-117.14125582456438,57.805182824753068],[-117.14085489051402,57.805944218306855],[-117.14053912808014,57.806406785961677],[-117.14017785766876,57.807111160207],[-117.13995385841332,57.807417044001809],[-117.13942123858332,57.808462244497157],[-117.13917251647338,57.809148238026317],[-117.13876443316367,57.809845289527011],[-117.13866676775974,57.810001340989452],[-117.13834279521782,57.810519057445582],[-117.13801187181666,57.810970231410757],[-117.13781882075719,57.811101703123484],[-117.13753551741814,57.811566270271733],[-117.13708894397061,57.812018722495623],[-117.13675672464117,57.812259122504109],[-117.13663568608307,57.812396547972092],[-117.13593530433012,57.813054296822436],[-117.13571615609219,57.813357664390679],[-117.13548327955775,57.813642890017007],[-117.1351260466222,57.813906148592629],[-117.1347048983356,57.814322877829703],[-117.13399278924568,57.81503189024977],[-117.1335416408282,57.815320896794297],[-117.13344258319418,57.815384354835828],[-117.13325666044568,57.815496458159799],[-117.13251489982106,57.815981516828089],[-117.13221909348776,57.816273735738669],[-117.13187951905741,57.816575735909829],[-117.13167190002139,57.816709594429682],[-117.13100700231631,57.817198091231631],[-117.13096254433358,57.817219780920773],[-117.13079086016687,57.817303575136087],[-117.13053846736904,57.817352116455403],[-117.13037078357038,57.817450439452784],[-117.13032115750873,57.81749026484119],[-117.13020658902391,57.81758222657318],[-117.12987898258025,57.817825232763759],[-117.12844370604158,57.818667349479817],[-117.12808064860599,57.818953652404289],[-117.12786326048868,57.819089962196465],[-117.12761276981531,57.819210478570248],[-117.12669711294623,57.819703807653042],[-117.12575398396312,57.820160833359424],[-117.12480880892103,57.82054842771057],[-117.12438148743439,57.820754311215907],[-117.12397925493812,57.820934775768563],[-117.12324726033962,57.821170582707488],[-117.12280546731985,57.821376292243905],[-117.12182119038062,57.821776259939945],[-117.12063720280022,57.822230498719463],[-117.12003491281779,57.822437240805513],[-117.11952691940337,57.822611595632232],[-117.11822419535658,57.823058737950539],[-117.1165425245124,57.82354834458777],[-117.11548071179219,57.823836867095558],[-117.11492211225402,57.823951254925646],[-117.11378635707077,57.824161809684902],[-117.11297727266661,57.824394093946253],[-117.11244387335037,57.82448048743322],[-117.11146265366169,57.824619551434303],[-117.11113569264113,57.824665893539731],[-117.11084282716988,57.824760191020843],[-117.11057958194174,57.8248368357348],[-117.10980646630271,57.825012977673794],[-117.10928258884293,57.825102036056599],[-117.1082220911002,57.825236300789996],[-117.10738542022978,57.825316604090453],[-117.10618722059895,57.825493836261835],[-117.10604774960461,57.825514468400655],[-117.10549169692243,57.825564584738125],[-117.10434147848609,57.825654081875598],[-117.10376772323819,57.825665436412365],[-117.10329132353448,57.825770436790222],[-117.1029810517979,57.825818249799219],[-117.10076579309903,57.826034165841968],[-117.09919117350437,57.826134121223596],[-117.09837172823241,57.826145160119822],[-117.09805748359099,57.826172346858755],[-117.09781023185371,57.826210592414498],[-117.0973186180014,57.826333392485324],[-117.09709039947799,57.826377005285451],[-117.0963031871246,57.826424392854427],[-117.09386161108991,57.826753225555933],[-117.09267829621866,57.826824400040586],[-117.09217026228983,57.826854967344566],[-117.09167860514071,57.826884535337044],[-117.0898839008466,57.826945825645822],[-117.08885399135896,57.827036581215886],[-117.08744397141481,57.827115187685038],[-117.08657852019033,57.827189877885651],[-117.0846241131687,57.8272672009128],[-117.08432343504491,57.827315084334515],[-117.08297795880367,57.82746378140115],[-117.08244259084967,57.827478052520455],[-117.08162108688641,57.827537794293889],[-117.08013567452173,57.827574304970845],[-117.07883038979313,57.827553633751798],[-117.07823868605655,57.827544253132174],[-117.07601372461687,57.827638827679195],[-117.07543116232972,57.827629382288073],[-117.07488871120056,57.827581853708843],[-117.0745754012605,57.827585866342034],[-117.07400320837012,57.827674201751407],[-117.0737082921801,57.827698995629305],[-117.07199845878466,57.827686486025826],[-117.07188568482619,57.827702924723091],[-117.07105649767115,57.82768816424673],[-117.06842029611671,57.827477919476934],[-117.06759840063044,57.827450641360208],[-117.06585922565665,57.827464803304373],[-117.06532143806253,57.827419693610082],[-117.06481339223475,57.827377080692564],[-117.0647640831353,57.827372945229023],[-117.064334373984,57.827381338885381],[-117.0635749082611,57.827456480660075],[-117.06142175987573,57.827473326788123],[-117.05930965599494,57.827537617200171],[-117.05811217194581,57.827616984617087],[-117.05699681121861,57.827758740120196],[-117.05542324244846,57.827886805008369],[-117.05283313891312,57.828196166715117],[-117.05147358432903,57.828404031435113],[-117.0510659379748,57.828466353409233],[-117.05038368127421,57.828606624453691],[-117.04974564826367,57.828729456872026],[-117.0487411252093,57.828910554071882],[-117.04818506112272,57.829047082994094],[-117.04781758339753,57.829151922280559],[-117.04748717118491,57.829225089298234],[-117.04646558942943,57.829406935260621],[-117.04560125342996,57.829647309251328],[-117.04431564029431,57.829903399914031],[-117.043403543377,57.830135432233199],[-117.04183161566785,57.830497110263657],[-117.04094749891331,57.830743671235098],[-117.04062575658992,57.83081075544181],[-117.03850873143951,57.83137301326628],[-117.03796465301191,57.831553065529654],[-117.03775934327871,57.831621013826748],[-117.0375325049521,57.831714839934008],[-117.03745655005608,57.831739214057308],[-117.03708219552479,57.831859335880594],[-117.0363305754897,57.832100529791788],[-117.03527288599106,57.832432562034597],[-117.0344414781533,57.832593142756501],[-117.03373975678873,57.832756420422307],[-117.03265782780359,57.833137079235669],[-117.03217670498366,57.833382537160311],[-117.03063285336493,57.834008640367443],[-117.02953617546395,57.834471240578402],[-117.02865087783447,57.834908414742316],[-117.02723135588062,57.835649893052462],[-117.02659096960053,57.836087299459692],[-117.0260852470682,57.836473609314574],[-117.02552147230978,57.836972570577082],[-117.02471619540404,57.837827370028677],[-117.02458116298845,57.837978377102459],[-117.02420917580029,57.838554383695815],[-117.02411689219244,57.838677415951707],[-117.02386164140675,57.839017712467168],[-117.02382471139975,57.839082035055611],[-117.02349420224239,57.839657770282948],[-117.02314455116769,57.84068466766233],[-117.0229294619801,57.841686105985268],[-117.02291744213822,57.843633048773476],[-117.02305885016897,57.844368428611752],[-117.02343719165046,57.845652816272306],[-117.02368193515345,57.846306545091721],[-117.023728644515,57.846431357572868],[-117.02382181256418,57.846577622844386],[-117.02391972211394,57.846731287081418],[-117.02411415499756,57.847006538444859],[-117.02421128308477,57.847144041392774],[-117.02444565189128,57.847431202762849],[-117.0247225228304,57.847923351226882],[-117.0252198459051,57.848569435581702],[-117.02596189078368,57.84931568071574],[-117.02652728562678,57.849754318907344],[-117.02697266659509,57.85016722854742],[-117.02750929304862,57.850590467684313],[-117.02843896324913,57.851293331447131],[-117.02894673801789,57.851739602839238],[-117.02993890001663,57.852452757738099],[-117.03071093997131,57.852914647568333],[-117.03160755994519,57.853484253994665],[-117.03191777231834,57.853713053691379],[-117.03235531447966,57.85403577603644],[-117.03325710820535,57.854513137497513],[-117.03514676657799,57.855621653578019],[-117.03604844599791,57.85615279543763],[-117.03638902598369,57.856342692052721],[-117.03718543979345,57.856748208478976],[-117.03745690326696,57.856911059630988],[-117.03785693598353,57.857151027184237],[-117.03796540098274,57.857206917413336],[-117.03877332333433,57.85762325273511],[-117.03962274389582,57.858003175783423],[-117.04010269874188,57.858203446512903],[-117.04086089900385,57.858565343151142],[-117.04192152600167,57.859042794875513],[-117.04260311318798,57.859320084641489],[-117.04302533941254,57.859545891069345],[-117.04354850683747,57.859769226610936],[-117.04421100402313,57.860015762501263],[-117.04495979062276,57.860336632987192],[-117.04566052742281,57.860657478295444],[-117.04642013928711,57.860938581250537],[-117.04661112129737,57.861009264939412],[-117.04754723720104,57.861384084339278],[-117.047960122151,57.861540716457746],[-117.04842570248795,57.861756303281588],[-117.04951079935555,57.862151729043632],[-117.05057176150503,57.862588122589692],[-117.05140236199398,57.862911599644512],[-117.05147418651862,57.862930806162723],[-117.05193069102982,57.863052922538351],[-117.0531264396688,57.86343561251806],[-117.05371715670039,57.863612850973276],[-117.05485519555987,57.864026205859126],[-117.05540271811046,57.86419060585893],[-117.05563327891321,57.864244586531889],[-117.05592157567808,57.864283238407715],[-117.05616638920822,57.864406399797851],[-117.05639694413786,57.864473180417512],[-117.05635517668178,57.864481819099694],[-117.05709346106462,57.864642812432358],[-117.05781386080153,57.864873934676467],[-117.05855833866212,57.865092257509126],[-117.05905789335611,57.865228418262006],[-117.05958132507131,57.865423508282795],[-117.06075828085696,57.865708766983829],[-117.06103694534622,57.86576277301964],[-117.06159892660601,57.865934824419533],[-117.06211773327968,57.866068430578125],[-117.06262706160139,57.866150786016334],[-117.06285281718574,57.866225243569801],[-117.06361669490096,57.866394888750122],[-117.06430381742284,57.866510663008853],[-117.06449103637574,57.86661070164201],[-117.064813857245,57.866669740036066],[-117.065067623871,57.866716159851478],[-117.06532246335777,57.866781172135774],[-117.06559127634365,57.866849746883339],[-117.06622845042205,57.866946707572708],[-117.06640683817807,57.867025494889972],[-117.0673419737025,57.867195487885446],[-117.06783947106297,57.867296591667028],[-117.06884341286141,57.867488378379385],[-117.06977343860768,57.867653327074017],[-117.07173464501535,57.86805825544802],[-117.07214843223645,57.868130113440152],[-117.07228743893756,57.868160920135743],[-117.07317400758613,57.868357391165979],[-117.07402267305429,57.868528925999854],[-117.07477802171823,57.86874579743067],[-117.07604102789229,57.86899686745214],[-117.07701507994331,57.869245570480423],[-117.07747797722631,57.869331899572309],[-117.07810388059623,57.86948189336524],[-117.07851390555734,57.869569190507832],[-117.07883104154025,57.869669273927116],[-117.08037164178383,57.870155454408888],[-117.08106477106284,57.870450383644751],[-117.08166141120223,57.870667583469881],[-117.08292184966187,57.871393138179684],[-117.0837945984519,57.871930944398805],[-117.08419061841171,57.872098001884162],[-117.08486627615802,57.872418873266355],[-117.08604478047239,57.872920201987341],[-117.08635261950717,57.873063246980479],[-117.08746210319511,57.873686402043859],[-117.08909561380369,57.874371607801777],[-117.08965484698764,57.874530479288545],[-117.09058190464526,57.874792794719411],[-117.09150444690003,57.874985923857466],[-117.09153479578163,57.875006820719726],[-117.09164162090077,57.875080362747219],[-117.09206964723377,57.8751626274694],[-117.09217060155667,57.875190040129056],[-117.09265294436806,57.875321039907995],[-117.09267933179503,57.875328149745222],[-117.09287165970981,57.875379924035634],[-117.09324103421147,57.875479356292132],[-117.0937728026849,57.875650633688878],[-117.09447552570251,57.875876975380187],[-117.09520981595288,57.876135149660961],[-117.09592142875978,57.876414271483718],[-117.09624610774181,57.876592884290019],[-117.09656421634669,57.876817788321262],[-117.09688408817361,57.876996478056178],[-117.09721981137216,57.877123587403311],[-117.09758871347663,57.877242375288297],[-117.09834751375858,57.877579594551435],[-117.09909444998243,57.87795549052526],[-117.09987801191684,57.878302503183143],[-117.1004303347507,57.878574310428739],[-117.10103530842675,57.878914387509923],[-117.10120192137268,57.879031813253519],[-117.10152681853259,57.879212980965896],[-117.10157691592165,57.879292290764148],[-117.1016916120861,57.879448425789114],[-117.10181258654657,57.879530800013924],[-117.10223230936857,57.879689677446443],[-117.10275522637092,57.880026142144054],[-117.10339561367375,57.880391186684683],[-117.10355195517651,57.880498554401022],[-117.10408564699641,57.881070793851201],[-117.10433894254737,57.881260986577118],[-117.1045184917257,57.881355089772782],[-117.10475322029238,57.88140967690412],[-117.10491116922884,57.881468289950348],[-117.1055723317684,57.882220231752477],[-117.10579597053452,57.882544354426798],[-117.10600923541408,57.882779702674689],[-117.10618800236422,57.882977005860354],[-117.1064244159046,57.883237915452654],[-117.10686164118842,57.883660625202722],[-117.10723164233241,57.88415897362858],[-117.10755130072282,57.884842941543965],[-117.10760972619539,57.884998302406316],[-117.10804190064736,57.885708360604369],[-117.10839525553564,57.886245496031599],[-117.10859275381277,57.8864649345212],[-117.1088972625481,57.88670031586441],[-117.10926190858846,57.887116689382474],[-117.10953041895344,57.887463038464197],[-117.10978094713769,57.887755863857585],[-117.10993032223975,57.888048024867132],[-117.11007219311024,57.888445489793256],[-117.11081583866124,57.889421579725671],[-117.11114269010528,57.889702708791702],[-117.11138620126466,57.890001611742534],[-117.11142053615471,57.890043753892989],[-117.11216918144768,57.890876102341871],[-117.11255182009796,57.891199779736944],[-117.11299809879048,57.89168387013256],[-117.11332995028442,57.89196746336615],[-117.11380918342527,57.892512470129844],[-117.11397256947684,57.892724857234029],[-117.11444622125799,57.893185321084069],[-117.11482276505036,57.893488598887593],[-117.11512183525382,57.893785631248925],[-117.11639673368302,57.894851727585106],[-117.11671239691985,57.895035591841506],[-117.11688536616838,57.895101598442203],[-117.11797165702315,57.895493069229673],[-117.1183911467165,57.895644237581365],[-117.11891117352769,57.896230488370293],[-117.11952757375528,57.896785036834366],[-117.12003661281834,57.897242991743838],[-117.12018177385167,57.897373579378659],[-117.12080127806294,57.897851798436839],[-117.12244289792685,57.899429036496109],[-117.12323520751346,57.900114313916134],[-117.12387474302217,57.900530591085271],[-117.12452667947532,57.900915843370207],[-117.12509895784281,57.901189745969042],[-117.12561985453505,57.901487700961056],[-117.12663318345697,57.901945636338567],[-117.12749654593642,57.902393565424184],[-117.12780191379321,57.90256521647747],[-117.12990018547735,57.903479745573833],[-117.13057364317417,57.903873816485387],[-117.13147987565735,57.904452410038353],[-117.13156243126134,57.904505106293783],[-117.13194395438789,57.904725216210103],[-117.13269992138265,57.905161332417073],[-117.13315369610176,57.905467339200733],[-117.13396083962294,57.90610299695475],[-117.134469380415,57.90639288657114],[-117.13477987889179,57.906559499609294],[-117.13595356902216,57.907298660614352],[-117.13627478129993,57.907479576695138],[-117.13645228493873,57.907596596132635],[-117.13742416930783,57.908237274028181],[-117.13823265477107,57.908800808869721],[-117.13883504187169,57.909167473213571],[-117.13961226771502,57.909774892940725],[-117.13987860405997,57.909989751236907],[-117.14015804945939,57.910181944685071],[-117.1411170814674,57.911004686465283],[-117.14166606938338,57.911414944395744],[-117.14230053433013,57.911949473380417],[-117.14237022423856,57.912008182892528],[-117.14293393494171,57.912386028134286],[-117.14369687633651,57.912986634209204],[-117.14458434235368,57.913508917881529],[-117.1448375681173,57.913731305181479],[-117.14516798069177,57.914176556547858],[-117.14544209137793,57.914724260101018],[-117.14624560072635,57.915623995417938],[-117.14693246570637,57.916300556860023],[-117.14738420129301,57.916695356925388],[-117.14798035771247,57.917392853677825],[-117.14832635135654,57.917879072283888],[-117.14879130003568,57.918661310936322],[-117.14901837715954,57.919169743874825],[-117.1490284815753,57.919192356121158],[-117.14917308042232,57.919453756807243],[-117.14992099786316,57.920552072089528],[-117.15043037184675,57.921300026957525],[-117.15067573976705,57.921660336666619],[-117.15153612210351,57.922880930579012],[-117.15212210875431,57.92361717544825],[-117.15268301986377,57.924378362518574],[-117.15332909083806,57.925037684856044],[-117.15387608444566,57.925734749572094],[-117.15426956308723,57.926197284739473],[-117.15440934388238,57.926394401062872],[-117.15461473728728,57.92668399473898],[-117.15522302165105,57.927397969047732],[-117.15557668607913,57.927870652482746],[-117.15597655790268,57.928317536645721],[-117.15649751308182,57.929038497244939],[-117.15672298387258,57.929257626519522],[-117.15712649339446,57.929717859108081],[-117.15817755934128,57.930820259233421],[-117.15853072824082,57.931303130087926],[-117.15868449524913,57.931563897551229],[-117.15877267582255,57.931845316778897],[-117.15883287634294,57.932808504165543],[-117.15881705719565,57.93313094879737],[-117.15875121266576,57.933416439474115],[-117.15865089060877,57.933619904136734],[-117.15855110276375,57.933690903795203],[-117.15849239251727,57.933757891426303],[-117.15853507702927,57.933890917313988],[-117.15864456142944,57.934232181593003],[-117.15900363225718,57.934710697672465],[-117.15927889799825,57.935231000988573],[-117.1599320327995,57.936199026768179],[-117.16037111134852,57.936955316924298],[-117.16077160129049,57.937389852413951],[-117.16110549842371,57.937867600986543],[-117.16122105351259,57.938151890462386],[-117.1614609698109,57.938872078035047],[-117.16168366747246,57.939240458600715],[-117.16198826181569,57.940033194181439],[-117.16220486110643,57.940874129977381],[-117.16221253950681,57.941025761617013],[-117.16223772601856,57.941523845736548],[-117.16208259773782,57.943381459067325],[-117.16196161231663,57.944004471729578],[-117.16191405033103,57.944381535997408],[-117.16181094071761,57.944860910580452],[-117.16171723162688,57.945350613809659],[-117.16174548316874,57.945584419903291],[-117.16185757390716,57.94594714944126],[-117.16187652957377,57.946165478113407],[-117.16181752891477,57.946616917248015],[-117.16176071006237,57.947586942338866],[-117.16171892262913,57.947922968945292],[-117.1616146584096,57.948250058517814],[-117.16146329821687,57.948724774623315],[-117.16127820779208,57.948995665289019],[-117.16100770412643,57.949407161982613],[-117.16080033090178,57.950006498005187],[-117.16058663312423,57.950464587758347],[-117.16036823964204,57.951120323451811],[-117.15992144044192,57.952038936450165],[-117.1595740797294,57.952634762366721],[-117.15926489205948,57.953248808188704],[-117.15852583592397,57.9544735239825],[-117.1579941776279,57.955301717455441],[-117.15795211922875,57.955473588763681],[-117.15790323606286,57.955673350383528],[-117.15739379063392,57.956784073056873],[-117.15708019683842,57.957377550566981],[-117.15668294560939,57.958237453500821],[-117.1564473334458,57.958597834042507],[-117.15570192121953,57.95967616362767],[-117.15515289567801,57.960416937945396],[-117.15497303817445,57.960667305520836],[-117.15452006987236,57.961429273492548],[-117.15385185123648,57.962305298867044],[-117.15363597391183,57.962696860727526],[-117.15347899330959,57.962967854247353],[-117.15303001910949,57.963742505722053],[-117.15259439332392,57.964383912456938],[-117.15203634936185,57.965294060888993],[-117.15114018099847,57.966402144363208],[-117.15064206537659,57.967027718781864],[-117.15043052922942,57.96737933161463],[-117.15017909753259,57.967797306529604],[-117.1499205107575,57.968200067551891],[-117.14932077631772,57.969134112830261],[-117.14893906695937,57.969737377837042],[-117.14876807238144,57.970101952003496],[-117.14875063394572,57.970139138974424],[-117.14862990521107,57.970336003385064],[-117.14811033819694,57.971246383995933],[-117.14727953177288,57.972637280918001],[-117.14723350591561,57.972742216436281],[-117.14690530538023,57.973327868214518],[-117.14681122819623,57.973422210421795],[-117.14676602945705,57.973551816742841],[-117.14672816474874,57.973660391178278],[-117.14660631925764,57.973903448541812],[-117.1464546742405,57.974379912990685],[-117.14625094625697,57.974812378005602],[-117.14595503573612,57.975259623261607],[-117.14522220430098,57.976589551945615],[-117.14486182451148,57.977303339347557],[-117.14484520520298,57.977328849351771],[-117.14454059777096,57.977796616960532],[-117.14412377859155,57.978445829919579],[-117.14386312173018,57.978831688031327],[-117.14342540457265,57.979544946340823],[-117.14235201854009,57.980959817437558],[-117.14209728985574,57.981299507645041],[-117.14168138706215,57.981751101640867],[-117.14164255400262,57.981864766266533],[-117.1414252763775,57.982227533833388],[-117.14029878819213,57.984126734374705],[-117.1400548068829,57.984430630504995],[-117.13994020112706,57.984556133765444],[-117.13986954850834,57.984633508547674],[-117.13966502642691,57.984954953040386],[-117.13933905864724,57.9854990951522],[-117.13899852921503,57.986043412014254],[-117.13822064017752,57.987017405657397],[-117.13767093707452,57.987888353394077],[-117.13750209231492,57.988137340825304],[-117.13693017626264,57.989057444585342],[-117.13645186052912,57.989672799561241],[-117.13626814978781,57.989909122125184],[-117.13582531781351,57.990673328487695],[-117.13503120871555,57.991611470600994],[-117.1349450669194,57.991783302530052],[-117.13480918416099,57.992054405755354],[-117.13456160248556,57.992548360562679],[-117.13423491286559,57.993426967574877],[-117.13407686159223,57.994051438406252],[-117.13383699098989,57.994805522628702],[-117.13362100411817,57.995551613063832],[-117.13343870173236,57.996292148491179],[-117.13311043668232,57.997134741732779],[-117.1329171412011,57.997844534998208],[-117.13265043696529,57.998537187349932],[-117.13232258607168,57.999189509439205],[-117.13231484505786,57.999204923052716],[-117.13197706333443,57.999608355184407],[-117.13174352277788,57.999914012893342],[-117.13173387095713,57.999935051957173],[-117.13170089645268,58.000006941742434],[-117.13166619934998,58.000082606741451],[-117.13159424441515,58.00014969651297],[-117.13153963866637,58.00026692928251],[-117.13131520592623,58.000891794021157],[-117.13099538000723,58.001456568313834],[-117.13084523904543,58.001805568268296],[-117.13053344605207,58.002388761296928],[-117.13038809692397,58.002761723312311],[-117.13031905908471,58.002865523137977],[-117.13005523961507,58.003178845375302],[-117.12957430981535,58.003657568290301],[-117.12945848519755,58.00385133613274],[-117.12914249201012,58.004147677892384],[-117.12893864046676,58.004335433055097],[-117.12828050439072,58.004864465215576],[-117.12791216898557,58.005096485029782],[-117.12745729727509,58.005581458788193],[-117.12713920769328,58.005990291669825],[-117.12693440155468,58.006172465866484],[-117.12673097611247,58.006416530219617],[-117.12580073729903,58.007503265845024],[-117.1254906532688,58.008212884948662],[-117.12523771232739,58.008670498497899],[-117.12457478936966,58.01007225935895],[-117.12435331959384,58.010528362775496],[-117.12382753176041,58.011436246394375],[-117.12378853922728,58.011559136990968],[-117.12356746129663,58.011879898350472],[-117.1234014161725,58.012231581955014],[-117.12281354547471,58.013093001555973],[-117.12230286291286,58.01384129220704],[-117.12215646870577,58.014055795073652],[-117.12196313391438,58.014238273238433],[-117.12190017778306,58.01434964695445],[-117.12173484362745,58.014548724784937],[-117.12145132068802,58.014839640305468],[-117.12102860455504,58.01533479585337],[-117.12070048919047,58.01559539555808],[-117.12040347636385,58.015878441190836],[-117.11955060426223,58.016868131774778],[-117.119384888846,58.017087260141103],[-117.11879859866069,58.017682912532038],[-117.11856189551189,58.017993015158787],[-117.11819144987487,58.018383163846458],[-117.11802794008169,58.018594499302587],[-117.11763032246586,58.018977815277466],[-117.11704590824114,58.019694332128076],[-117.11665243741956,58.020078228314077],[-117.1164253541109,58.020265835550425],[-117.11577678736457,58.020869912237018],[-117.11547245073571,58.021141067699119],[-117.11452229695286,58.022053642286572],[-117.11404861941078,58.022401455060205],[-117.11363403270245,58.022622048219148],[-117.11340600054706,58.022802403787992],[-117.1123525679015,58.023500261397999],[-117.11190051050831,58.023868229773413],[-117.11106281398413,58.024645191241753],[-117.11070251665774,58.025045390939269],[-117.11053774260596,58.025264519750678],[-117.1093583046208,58.026455133003701],[-117.10883450369613,58.02703153970797],[-117.1082981816019,58.027549475070451],[-117.10770105275073,58.028277771939905],[-117.10715284055256,58.029036559219421],[-117.10693373794319,58.029515481632359],[-117.1066765180143,58.029956327459246],[-117.10639811810654,58.030405978508909],[-117.10628876963584,58.030634308145103],[-117.10626851779875,58.030760630165965],[-117.10635337651928,58.030660275574256],[-117.10670550584457,58.030418217093555],[-117.10699053187314,58.030117856071158],[-117.10758375606754,58.029344081534845],[-117.10832736880634,58.028555501206782],[-117.10890094950274,58.028094055563258],[-117.10930990396841,58.027733100664399],[-117.1097914731927,58.027362513963851],[-117.11223034888721,58.024968306672939],[-117.11307262014751,58.024282145694407],[-117.11380320706193,58.023616010211391],[-117.11391505197352,58.02353026170266],[-117.11395532364679,58.0235655710553],[-117.11289693692949,58.024801977287552],[-117.11250525872677,58.025197003843452],[-117.11185294310933,58.025940423159462],[-117.11145816202998,58.02633210010665],[-117.11082621362829,58.027051113120841],[-117.11041308542036,58.027467191152788],[-117.11023815038277,58.027668984987983],[-117.11002271863916,58.027981732718295],[-117.10967780145089,58.028277081672961],[-117.10883509173182,58.029087649356072],[-117.10797071116507,58.029865236905842],[-117.10752474373444,58.030238242945593],[-117.10701673726372,58.030615927299984],[-117.1061772803465,58.031196236916465],[-117.10608206724446,58.031288185209682],[-117.10592384052521,58.031492301768829],[-117.10563164123604,58.031947991888373],[-117.10476869268534,58.033369740294091],[-117.1040556424969,58.034197998546993],[-117.10362293311005,58.034861798806844],[-117.10338373333056,58.035178527508549],[-117.10313671321651,58.035503469871301],[-117.10290006817232,58.035814759681763],[-117.10269101612634,58.036148372984968],[-117.10252750164943,58.036351347030511],[-117.10233497770389,58.036534095568712],[-117.10220887487698,58.036757876499479],[-117.10211468832657,58.036850379794707],[-117.10205369470125,58.037018811394347],[-117.10170714650765,58.037347224366549],[-117.10147119153957,58.037658959996314],[-117.10126417830993,58.037829947564916],[-117.10085780383244,58.038346837915022],[-117.10043770730118,58.038867547659152],[-117.1002108821758,58.039193818607387],[-117.09934363829564,58.040218909455845],[-117.09860075382484,58.041055361057765],[-117.09831901168246,58.041342328338054],[-117.09810568372957,58.041674773996043],[-117.09746603211025,58.042383683964935],[-117.09710919290055,58.042729515605906],[-117.09656480689844,58.043257096241973],[-117.09638539288656,58.043463883631887],[-117.09599075419123,58.043991961386702],[-117.09596273539182,58.044137187196228],[-117.09589642624699,58.044252645253586],[-117.09573472320889,58.044358710001568],[-117.09519723220055,58.044802715894633],[-117.09489492884087,58.045092697181587],[-117.09468610907997,58.045330806261333],[-117.09463390422245,58.045390342234313],[-117.09449176841187,58.045461981092544],[-117.09386723850584,58.045871277688413],[-117.09264023342615,58.046581393717346],[-117.09206746532693,58.047030517071541],[-117.0916984518074,58.047265742742468],[-117.09125105865577,58.047475516756123],[-117.09095163905469,58.047637626440292],[-117.09033422565146,58.047895439880122],[-117.08990003286577,58.048128117083742],[-117.08909671021969,58.048436142750482],[-117.08839898834779,58.048661807560414],[-117.08782010345863,58.048937084885402],[-117.08731057505466,58.049148730035967],[-117.08606229629105,58.049538956434105],[-117.08496036202089,58.049956291767145],[-117.0842587607825,58.05022742134571],[-117.08386573553788,58.050445808573897],[-117.08340245116955,58.050658240975139],[-117.08273190293144,58.050887318346945],[-117.08257191016665,58.05095772459822],[-117.08218161239776,58.051197305386509],[-117.08172139374562,58.051411944534443],[-117.0812153296685,58.051565809093809],[-117.08019214264186,58.051817827808854],[-117.07984323291704,58.051931737931078],[-117.07951191038423,58.052054099012402],[-117.07880063183261,58.052255595720524],[-117.07837952174829,58.052314563841676],[-117.07782831020273,58.052453532016031],[-117.07723123155706,58.052578867748601],[-117.07630180558229,58.052825964080128],[-117.07578359896364,58.052994622067168],[-117.07540670344213,58.053089428573472],[-117.07452014138119,58.053235970521435],[-117.07382310204891,58.05331557720524],[-117.07209288953425,58.053463487226963],[-117.07101818646714,58.053460784593533],[-117.0703039463808,58.053504106739709],[-117.0692355086329,58.053501422882228],[-117.06847302999435,58.053542229962318],[-117.06757888239237,58.053538500736018],[-117.06706760490864,58.053536365708368],[-117.06659885036157,58.053534411147751],[-117.06445100963475,58.053707140408022],[-117.06258423026937,58.053801204487385],[-117.06165584889567,58.053881850174307],[-117.06088479604264,58.053903843935991],[-117.06017795824785,58.053958624359602],[-117.05966745450645,58.053978108420218],[-117.05854378402101,58.054098482880931],[-117.05761640977722,58.054174096039866],[-117.05592429911772,58.054280567367158],[-117.05546116397814,58.054326153931832],[-117.05526060909557,58.054360895842755],[-117.05394554998693,58.054436870566747],[-117.05359482107066,58.054471489666199],[-117.05277551809645,58.054531070816608],[-117.05232921436973,58.054583870619432],[-117.05208233669852,58.054589697009185],[-117.05089967840253,58.054679980352809],[-117.05038493659615,58.054693864249998],[-117.04900382123689,58.054818871290507],[-117.04797749118708,58.05484382591947],[-117.04608053649095,58.054975974865698],[-117.04507732231086,58.055013143056172],[-117.04481678092073,58.055016730024526],[-117.04458139302834,58.055001362012987],[-117.04332715549424,58.055054343182512],[-117.04306236694806,58.055050130140927],[-117.04286890372704,58.055006317519812],[-117.04263036760348,58.054993729699504],[-117.04182878046764,58.055000601179643],[-117.04134437433108,58.054971530104055],[-117.04032939891496,58.054946839735265],[-117.03995397917986,58.054966252981629],[-117.03944269527045,58.054992672580745],[-117.03883778035895,58.055023950148986],[-117.03656873393837,58.055110627989492],[-117.03415756576075,58.05510660837875],[-117.0331059210687,58.05511865377423],[-117.03239481732662,58.055171615367996],[-117.03116052064134,58.055230583663253],[-117.03070888035916,58.055273286218394],[-117.02968670737933,58.055296416147058],[-117.02930346814266,58.055378041664703],[-117.02817759107292,58.055507635392104],[-117.02597440925091,58.055790732471799],[-117.02532931176718,58.055873616379124],[-117.02408175152398,58.056086790625926],[-117.02275946069787,58.056261036026143],[-117.02193713806149,58.056391436138007],[-117.02033634427615,58.05653913363102],[-117.02014209795007,58.056577713920653],[-117.01990784659289,58.056595146079005],[-117.01929870472119,58.056693062497608],[-117.01864542050694,58.056778765419999],[-117.01818115731699,58.056821436355044],[-117.01650038192435,58.056932940358365],[-117.01580289738102,58.057000282081454],[-117.01508330357869,58.057048701356102],[-117.01369886609544,58.05718501164985],[-117.01261179392297,58.057350992202871],[-117.01233741989159,58.05740500556211],[-117.01182612373123,58.057504638039475],[-117.01096396806888,58.057625792732082],[-117.01050069748392,58.057669540581813],[-117.00965312324858,58.057803225324157],[-117.00940835450631,58.057820651232724],[-117.0087676522504,58.057919102902396],[-117.00831279985219,58.05795838669043],[-117.00788006504905,58.05802272194255],[-117.00710185143492,58.058181399565257],[-117.00616620550615,58.058417593661623],[-117.00492186382834,58.058758683511059],[-117.00341177300952,58.059138903052791],[-117.00300106964502,58.059205439116795],[-117.00261984386242,58.059286981246359],[-117.00246235408515,58.059346116522825],[-117.00138799276792,58.059586755396829],[-117.00015308890301,58.059800903669853],[-117.00001752128418,58.059824413697449],[-116.99988194685302,58.059849594550386],[-116.99835776633321,58.060132697603933],[-116.99780416651366,58.060209923176544],[-116.99713391412013,58.060280491331781],[-116.99634197906298,58.060433549826364],[-116.99578212172933,58.060569194710602],[-116.99363234089583,58.061175227021607],[-116.99189110739776,58.061705814603371],[-116.99151823706997,58.061799021303266],[-116.98957628198073,58.062353627870877],[-116.98898068829675,58.062466995507314],[-116.98821282927814,58.062642809132875],[-116.98736929502523,58.062772454240147],[-116.98677575894556,58.062901402145116],[-116.985865023568,58.063134093324329],[-116.98536724869948,58.063309202357324],[-116.98471964224572,58.063511667129823],[-116.98450388780451,58.063571383087201],[-116.98420831408852,58.063681383273597],[-116.98349453337789,58.063906576817601],[-116.98256799732539,58.064155403166929],[-116.98188537821831,58.06439408036151],[-116.98135677705423,58.064553274387443],[-116.97936684926678,58.065392674560123],[-116.97924504255279,58.065467358221525],[-116.97850464321381,58.065793474737539],[-116.97791860316299,58.066059939130945],[-116.97698088192674,58.066561022874232],[-116.97684432032065,58.066612868419327],[-116.9766475593444,58.066758384574456],[-116.97651288818093,58.066826842423019],[-116.97454657133486,58.067727346530916],[-116.97408024270278,58.06791561748841],[-116.97380769326618,58.068053062461438],[-116.97291475886153,58.068575940114258],[-116.97220070693109,58.068952784896972],[-116.97182164904997,58.069227062631761],[-116.97152629336144,58.06938964962977],[-116.97112299062664,58.069659559379481],[-116.97073895944163,58.06987641154344],[-116.9700695064503,58.070293818011322],[-116.96980564982823,58.070454611233998],[-116.96898346823841,58.070766663009856],[-116.96846622986807,58.07092335323042],[-116.96789270667077,58.071199444117347],[-116.96724906216306,58.071584921241879],[-116.96706673222303,58.071630134172409],[-116.96682307509577,58.0716460380198],[-116.96660804296555,58.071680760424329],[-116.96637053210384,58.071787831426704],[-116.96601873965257,58.071960205945992],[-116.96581103036358,58.071993277011103],[-116.96565364258826,58.071932037848683],[-116.96543922994378,58.071933889908927],[-116.96526234628209,58.071994102319508],[-116.96445865509529,58.072442521886444],[-116.96415752610021,58.072569457895391],[-116.9638773386542,58.072856167643799],[-116.96353607537596,58.072969328686405],[-116.96330175221298,58.073142276958308],[-116.96314801738809,58.073205199749538],[-116.9629668100681,58.073255960948934],[-116.96254611402541,58.073321489915472],[-116.96239657744668,58.073383858147693],[-116.96192505532723,58.073420632209618],[-116.96168422952536,58.073578554574581],[-116.96151995899504,58.073640922188552],[-116.96130275804477,58.073671760939689],[-116.9611310099087,58.073723077563628],[-116.9608979844179,58.07374949637191],[-116.96061942985668,58.073751580820641],[-116.96013556399092,58.073724870883289],[-116.95995864801755,58.073783451235172],[-116.9589627520626,58.074422961476785],[-116.95886184938955,58.074509103495345],[-116.95859680932921,58.074665987401403],[-116.95749082330057,58.075163884172632],[-116.95710065539923,58.07537996202803],[-116.95658924825936,58.075646729412021],[-116.95619386126633,58.075863452578304],[-116.95574970606646,58.076075007496186],[-116.95510483501384,58.076462658844171],[-116.95511308743671,58.076534452027744],[-116.9553038870678,58.07649259411513],[-116.95658952669056,58.076049394367494],[-116.95710095224192,58.075812671363124],[-116.95785475271457,58.07551903877799],[-116.95915035253495,58.075135767486238],[-116.96016794583775,58.074800767872269],[-116.96090772092256,58.074611070502925],[-116.96106471960303,58.074554245272118],[-116.96129484273624,58.074548425249553],[-116.96019044331122,58.075001780289831],[-116.9594242807392,58.075352013301568],[-116.959098887366,58.075475690761884],[-116.95858937234689,58.075671839384363],[-116.95843779715086,58.075739225992983],[-116.95831376472546,58.075824871105546],[-116.95816107569453,58.075890000570105],[-116.95792368728011,58.075904207033922],[-116.95776791991962,58.075973799967663],[-116.9575578041383,58.076153864529523],[-116.95741144893297,58.076219523073945],[-116.95710128740572,58.07629494898729],[-116.95686229375039,58.076357368271388],[-116.95671064844214,58.076420826145913],[-116.95658977884571,58.076439116300023],[-116.95649973944947,58.076452748928624],[-116.95635653338708,58.076517851839554],[-116.95626099756323,58.076613962135781],[-116.9562055910632,58.076723904015651],[-116.9554431785517,58.077042361734591],[-116.9550527467361,58.077265374719644],[-116.95434973976941,58.077630407406247],[-116.9535728937534,58.078233497951707],[-116.95298190086616,58.078647130319759],[-116.95260502384899,58.079021168666145],[-116.95260496257036,58.079021227127654],[-116.95659179931901,58.07901956148735],[-116.95710319221283,58.079019342135346],[-116.95933899169242,58.079018348487509],[-116.95933910961256,58.079018271175627],[-116.95962663097364,58.078840548821113],[-116.95989010231025,58.078639135346378],[-116.96157570286604,58.077158387283859],[-116.9618580115211,58.076867754353465],[-116.96271121774193,58.076082251225735],[-116.96307717966765,58.075674928374603],[-116.96428163123268,58.074488282869716],[-116.96441660432765,58.074273373798633],[-116.96462302974984,58.073804231569589],[-116.96472697892835,58.073711425454036],[-116.96471677819056,58.073820051162343],[-116.96461670091459,58.074052077214752],[-116.96431788777163,58.07461235402841],[-116.96416810109133,58.074821702324094],[-116.96392368280024,58.075112173590526],[-116.96360957349334,58.075378960779446],[-116.96331784314533,58.075669631678402],[-116.96292447533584,58.07607034190476],[-116.96141999309799,58.077818909590711],[-116.9598860833042,58.079018026312141],[-116.95988600926371,58.079018099354215],[-116.97074358208356,58.079012669941996],[-116.98421522461273,58.079004642481898],[-116.98472661779695,58.079004306795994],[-116.99836207298196,58.079016175753267],[-117.01183244893325,58.07902357380452],[-117.01234384336125,58.079023825554927],[-117.02598334890767,58.079027901252488],[-117.03944481129621,58.079033247343922],[-117.03995619868938,58.079033421572923],[-117.05359938086906,58.079035232690437],[-117.06706777236884,58.079035579421586],[-117.0675791648632,58.07903556623419],[-117.08121956264183,58.079035486958077],[-117.09468682915173,58.07903223323261],[-117.09519822270165,58.079032084835305],[-117.10883764496657,58.079027650948902],[-117.12230361667453,58.079022088201313],[-117.12281501024955,58.079021848657938],[-117.13645161251837,58.079013247133275],[-117.14992267465871,58.079003458231817],[-117.15043406727906,58.079003058335573],[-117.16407144397004,58.079009495500316],[-117.17754258912693,58.079015293598097],[-117.17805398412749,58.079015480225486],[-117.191690682794,58.079017072486181],[-117.20515808634414,58.079021334535419],[-117.20566947921489,58.079021470505808],[-117.219307178964,58.079023236279568],[-117.2327746721478,58.079024737439688],[-117.23328606081719,58.079024763458904],[-117.24691977888142,58.079023922698141],[-117.26038633018511,58.079021133704536],[-117.26089771797815,58.079020998495722],[-117.27453578526816,58.079017951072444],[-117.2881701630006,58.079015710310983],[-117.28851109727744,58.07901563931749],[-117.30215254683388,58.07900805719288],[-117.31562074196498,58.079000094340408],[-117.31613213045178,58.078999765112371],[-117.32976905505193,58.079008201384426],[-117.34323723890452,58.079013554536964],[-117.34374862577165,58.079013729241979],[-117.35738589403677,58.079018739926219],[-117.37085433514883,58.079022138391878],[-117.37136572323065,58.07902223449927],[-117.38500419590338,58.079023813927726],[-117.39847334203979,58.079024424618851],[-117.398984728277,58.079024424196184],[-117.41262187292102,58.079022177228701],[-117.42608887655555,58.079020252692679],[-117.42660026372204,58.07902014940511],[-117.4402392669104,58.079016263973266],[-117.45370863176426,58.079011694916524],[-117.45422002514412,58.079011494034233],[-117.46786053705461,58.07900556386042],[-117.48133086898373,58.078998277918224],[-117.48184225573604,58.078997967988549],[-117.49548144087548,58.079004649828498],[-117.50895019230798,58.079009854583902],[-117.50946158547083,58.079010028661472],[-117.52310035515416,58.079013723462751],[-117.53656626190835,58.079016109277269],[-117.53707764888827,58.079016173429011],[-117.5507160138262,58.07901862983374],[-117.56435238413366,58.07901964082734],[-117.56469331345193,58.079019647362415],[-117.57833469635477,58.079020039289233],[-117.59179933302731,58.079018991555948],[-117.59231071887676,58.079018927312724],[-117.60594873587442,58.07901797712271],[-117.61941562858932,58.079012827221533],[-117.61992701584082,58.07901260074852],[-117.63356550297819,58.079003612352103],[-117.64702698965699,58.078998817016654],[-117.64753837618453,58.07899860996428],[-117.6611733341353,58.07900750464961],[-117.67464026032665,58.079013671288791],[-117.67515164725313,58.079013877385833],[-117.68878778540736,58.07901863021646],[-117.70225602139642,58.079021531625642],[-117.70276740734481,58.079021608802577],[-117.71640521076199,58.079024439804385],[-117.73004625961362,58.079025295715191],[-117.73038719501299,58.079025295180244],[-117.74402566209758,58.079024648718331],[-117.75749354862575,58.079022569667409],[-117.75800493623026,58.079022466202524],[-117.77164311356184,58.079019173725968],[-117.78511084551448,58.079014494407133],[-117.78562223186698,58.079014288078845],[-117.79925816451264,58.079007718341117],[-117.81272603767928,58.078999774318518],[-117.81323741932977,58.078999445428146],[-117.82687653183369,58.079005773174302],[-117.84034162536572,58.079010596992177],[-117.84085301844731,58.07901075113444],[-117.85449173765883,58.079014130609799],[-117.86796140558896,58.079016044417124],[-117.86847279214324,58.079016089507832],[-117.88211249184792,58.079017397242708],[-117.8957527473578,58.079017247366473],[-117.89609367540187,58.079017228285579],[-117.90973320098607,58.079015561274289],[-117.92320232643041,58.079012514671213],[-117.92371371380368,58.079012372795447],[-117.93735309698467,58.079008286853892],[-117.9508240937115,58.079003188316875],[-117.95133548169811,58.079002968674118],[-117.96497536088545,58.078996986335589],[-117.97844428118675,58.078988958720977],[-117.97895566812574,58.078988622690709],[-117.99258454837826,58.078699504760309],[-118.00001773029945,58.07854118788822],[-118.00043976906053,58.078532200362922]]]},"properties":{"METIS_NAME":"Paddle Prairie","METIS_CODE":"0412"}},{"type":"Feature","geometry":{"type":"Polygon","coordinates":[[[-116.03653051278037,56.072490104269548],[-116.03685351407032,56.072489910422007],[-116.03685378091383,56.065263148402835],[-116.03685405581724,56.058036368186471],[-116.03685430424551,56.050809599725937],[-116.03685453393726,56.043673128777513],[-116.03685453959203,56.043402148110353],[-116.03685475653545,56.03617534793964],[-116.0368549467124,56.028948546940214],[-116.03685513178745,56.021721714366379],[-116.03685530334353,56.014585223718626],[-116.0368553083112,56.014314243610563],[-116.03685546748366,56.007087404442274],[-116.03685559940699,56.000006784620055],[-116.03685560655128,55.999860571577251],[-116.0368554939725,55.992633842246313],[-116.0368553945648,55.985407100060819],[-116.03685538661017,55.985226442323295],[-116.03685352631496,55.978002874258749],[-116.03685376247036,55.970778770635334],[-116.03685423608044,55.963556034803801],[-116.0368519631126,55.956461608843469],[-116.0368518783964,55.956190621608386],[-116.03685064330521,55.948965086075646],[-116.03684809795534,55.941742504465132],[-116.03685068845627,55.934523523697074],[-116.03684964142072,55.927392768187978],[-116.03684960253419,55.927121781120206],[-116.03684919249552,55.919899103566422],[-116.03685060937694,55.912680381012315],[-116.03684538755692,55.905455380389206],[-116.03684028009799,55.898229470733703],[-116.03684015244737,55.89804881241384],[-116.0368322911151,55.890827793259795],[-116.03682973952471,55.883606998921913],[-116.0368199946043,55.876378850667379],[-116.03681030051786,55.869150708117175],[-116.03681006287103,55.868970049893832],[-116.03679889860248,55.861747081909861],[-116.03679916647461,55.854517597307556],[-116.03678909276681,55.84729815891383],[-116.03677922514314,55.840081016310755],[-116.03677897991298,55.839900358220504],[-116.03677089252493,55.832679886803163],[-116.03676282622712,55.825459409664496],[-116.03676586743256,55.818229654332619],[-116.0367582583613,55.810781828479328],[-116.03675806525926,55.810595550761875],[-116.03183831491893,55.81059674444051],[-116.02355460430859,55.810594765402278],[-116.01906933223027,55.810593456010189],[-116.01906836052771,55.803151268705072],[-116.01906992591566,55.795928436130424],[-116.01907215526705,55.788703480870325],[-116.01907721729404,55.78147315145636],[-116.0190773399033,55.781292487176316],[-116.01907756905878,55.774064745005269],[-116.01908206325743,55.766836486343728],[-116.0190903246471,55.759607356628528],[-116.01909430901948,55.752377208606148],[-116.01909441077565,55.752196543664375],[-116.01910566727567,55.74496710440765],[-116.01911080573885,55.737737762420132],[-116.01912707425657,55.730510162639959],[-116.01913172265569,55.723280600447957],[-116.01913183857722,55.723099936351218],[-116.01881172929815,55.723099865179393],[-116.00611151288278,55.723096479932181],[-116.00001625330438,55.723099203035218],[-115.99341281305419,55.723102158361343],[-115.99309270372113,55.723102235909593],[-115.98031333968449,55.723104689699994],[-115.96752997523632,55.723106833356709],[-115.96720987275259,55.723106897333764],[-115.95445475399528,55.723108750489487],[-115.94167942843849,55.723109288395193],[-115.94135932460975,55.723109262541698],[-115.92859567716407,55.723107605843033],[-115.91583198419977,55.723106097466164],[-115.91535183513089,55.72310601391866],[-115.90274805169143,55.723103176888053],[-115.88998417726368,55.723098978609961],[-115.88950402896093,55.723098797616075],[-115.87690031659241,55.723093302511828],[-115.8641365135488,55.723086414301079],[-115.8636563594229,55.72308640738693],[-115.85104722176185,55.723085608766652],[-115.83827788887196,55.723083469235718],[-115.83779774093702,55.723083694703824],[-115.82518752436141,55.723089051267927],[-115.81241721302231,55.723093150065893],[-115.8119370639549,55.7230932789506],[-115.79932677167491,55.723095983884036],[-115.78655641972182,55.723097391729993],[-115.78607627127305,55.723097424020438],[-115.77346591358722,55.723097457472612],[-115.76069549198273,55.723096175451289],[-115.76021534259687,55.723096104865618],[-115.74760499775046,55.723093499611771],[-115.73483473751837,55.723089553305797],[-115.73435458893762,55.723089378936166],[-115.72174430276145,55.723084141952725],[-115.70897400229356,55.723077504780392],[-115.70897403590301,55.723258169529188],[-115.70897533524931,55.730482201593141],[-115.70897661563053,55.737706201974902],[-115.70897785040191,55.744930195998734],[-115.70897916851392,55.752154176629141],[-115.70897922693111,55.752425164342739],[-115.70898064385787,55.759558835191925],[-115.70898206479471,55.766782848524585],[-115.70898348124922,55.774006836388345],[-115.7089853420074,55.781230830354772],[-115.70898537509585,55.781501816943866],[-115.70898625562791,55.788635488002512],[-115.70898761831852,55.795859449825841],[-115.70898893238271,55.803083417900034],[-115.7089902565795,55.810462109125517],[-115.70850902435758,55.810462192632315],[-115.69746388119098,55.810463555537559],[-115.69589662222617,55.810463671212567],[-115.68425387093689,55.810463880000327],[-115.68312385195672,55.810463841114704],[-115.68264261947205,55.810464040949334],[-115.67136470008121,55.810468184669745],[-115.67003027479862,55.81046860439578],[-115.65815478788582,55.810471644459454],[-115.65725773569825,55.810471825422759],[-115.65677650377874,55.810471922249086],[-115.64526577210991,55.810473620404302],[-115.64416442439193,55.810473730249342],[-115.63205342786,55.810474247297577],[-115.63139196864827,55.81047424134772],[-115.63091074384774,55.810474235134826],[-115.61916191494991,55.810473500520771],[-115.61829579136385,55.810473398026105],[-115.60594953804143,55.810471315322239],[-115.60552045944904,55.810471218932491],[-115.60503924043651,55.810471115960752],[-115.59305797947694,55.810467839896702],[-115.59242436747493,55.810467633031209],[-115.57984448079286,55.810462821677284],[-115.57964897761902,55.810462738203086],[-115.57916775171761,55.810461996499647],[-115.56695156142324,55.810442591747375],[-115.56655262639181,55.810441940011152],[-115.5537771191502,55.810420277229916],[-115.5537255126612,55.810420309113006],[-115.55329588744038,55.810420574131655],[-115.54512766355968,55.810425275229179],[-115.54467304025161,55.810731142509056],[-115.54418769196054,55.810961336447939],[-115.54336606616845,55.811255485081332],[-115.5428089311541,55.811609226672438],[-115.54211907278679,55.811896111015834],[-115.54106384040665,55.812015000806866],[-115.54081069101686,55.812162111085684],[-115.54061858822149,55.812273749954372],[-115.5403266276784,55.812556879119683],[-115.54023334379841,55.812647343002929],[-115.53971507253632,55.812968943025467],[-115.53893247840774,55.813221581720221],[-115.53806384596054,55.81346558844978],[-115.53732662730756,55.813599891727598],[-115.53676792987073,55.813530433742933],[-115.53543878177628,55.813954873148575],[-115.5349980070457,55.813976434617871],[-115.53418648503107,55.813988989186662],[-115.53332563248274,55.814075344000791],[-115.53251090370016,55.814254950405363],[-115.53184578711918,55.81450410565381],[-115.53135765188502,55.814735679942999],[-115.5305615164163,55.815063608788833],[-115.52937547754401,55.815259802373163],[-115.52811628974823,55.815400229067329],[-115.52755756726842,55.815512273849734],[-115.52713841278205,55.815596338607754],[-115.52593874140099,55.815750584367905],[-115.52504364431675,55.815750428816131],[-115.52475129595338,55.815892842403322],[-115.52478732797692,55.8162541649628],[-115.52460202483638,55.816798764381637],[-115.52428074891949,55.817315558658031],[-115.52403134883993,55.817831474164535],[-115.52408129008208,55.818114029429225],[-115.52412409079689,55.81835621696014],[-115.52418081344979,55.818882074953535],[-115.52405351689337,55.819272100263142],[-115.52401852392842,55.819593939423093],[-115.52372683277515,55.819822526424936],[-115.52310803248912,55.820253971548155],[-115.52228698770566,55.820503564868154],[-115.52186361285956,55.820731300522084],[-115.52149278852562,55.820964810259916],[-115.52143241343822,55.82123799742498],[-115.52112844540584,55.82160399108448],[-115.52042946582657,55.821971539724927],[-115.52004441330408,55.822199532950762],[-115.52002121391105,55.822649495061405],[-115.51950900708852,55.823012785255763],[-115.51896995630156,55.823280314110725],[-115.51845805286192,55.823747378538712],[-115.51797273100806,55.824081191936209],[-115.51670813041557,55.824844088295514],[-115.51592283973039,55.825213766682197],[-115.51517113087318,55.825337069157968],[-115.51466418159364,55.825308063211075],[-115.51445617543314,55.825296159940216],[-115.51418256806349,55.82531592166395],[-115.5138040267868,55.825343269969359],[-115.513494858489,55.825365598494706],[-115.51336571630584,55.825343360401945],[-115.51243081321564,55.825182347144754],[-115.51134585241877,55.824848101976215],[-115.51034248313157,55.824502180070802],[-115.50934583129249,55.824063321587523],[-115.5086527089901,55.823647960445697],[-115.50802117367752,55.823506508896649],[-115.50754222499351,55.823518251369343],[-115.50699220490945,55.82361179292144],[-115.50623872695076,55.82393986450812],[-115.50553297291268,55.824280348598869],[-115.50400707601615,55.824930915989064],[-115.50368272088653,55.825345006908336],[-115.50360170884201,55.825448464912839],[-115.50359389521795,55.826194941778013],[-115.50382571489396,55.8269321676229],[-115.50418085077797,55.828444987654734],[-115.50436234854514,55.829064670804144],[-115.50472028365935,55.829481980599446],[-115.50512089166004,55.829801200537624],[-115.50562955496881,55.829866432748169],[-115.50704911800842,55.82987541957808],[-115.50818164644127,55.829990399364917],[-115.50920077587513,55.830388961298603],[-115.50998209301022,55.830951806116445],[-115.51064625393531,55.83162568970674],[-115.51109365474279,55.832366986509903],[-115.5111178736684,55.832570464261373],[-115.51119008766487,55.833177463725121],[-115.51115226190345,55.833756638455533],[-115.51125062390038,55.834227528622826],[-115.51125531292782,55.834474154238279],[-115.51121524351142,55.834804025202352],[-115.51156292688725,55.835021844986002],[-115.51233419090555,55.835370295819928],[-115.51418362390747,55.836368560375021],[-115.51466541123688,55.836628612551259],[-115.51489298060022,55.836751431546169],[-115.51573603775677,55.837225644576115],[-115.51656014210171,55.837816985955584],[-115.51716666519602,55.838386728258946],[-115.51754025856211,55.838874179579086],[-115.51778285308838,55.83908053412609],[-115.51801697500932,55.83935146965392],[-115.51875748585047,55.839688940817332],[-115.51889242700538,55.839795308458207],[-115.51923628578214,55.840066334375969],[-115.5194484658182,55.840233579166323],[-115.51998935703556,55.840739598779933],[-115.52051879545972,55.841339843978822],[-115.52113759614348,55.84165633392319],[-115.52200678309725,55.841909702099052],[-115.52277959744492,55.842192088918353],[-115.52318673221022,55.842559765992625],[-115.52338559639631,55.842799521121805],[-115.52383804926066,55.843054314691884],[-115.52424030057536,55.84342737274374],[-115.52468848218219,55.843781849526998],[-115.5252472698109,55.844355295287919],[-115.52564018491745,55.84496413353034],[-115.52585601187897,55.84543975305683],[-115.5263274512736,55.84619864958681],[-115.52654096098836,55.846429023515867],[-115.52712914710665,55.846847675305291],[-115.52756033586265,55.847129759285274],[-115.52766767067736,55.847199985168366],[-115.52848910379232,55.847737365958643],[-115.52890762627118,55.847894875618422],[-115.52968577437576,55.847910462131168],[-115.53054265852778,55.848190642462733],[-115.53154367889047,55.848324790704083],[-115.53273870458054,55.848458822827361],[-115.53388155627023,55.848566920082625],[-115.53503396406323,55.848801648578799],[-115.53619435704948,55.848996074687065],[-115.53751802910452,55.849169880770475],[-115.5399037326592,55.849421577512118],[-115.54029355799585,55.849496596926222],[-115.54077548089025,55.849589358160308],[-115.54114713326022,55.849660879840641],[-115.54238857825574,55.850002583520954],[-115.543434494682,55.850423944951118],[-115.54433625058118,55.850872706003742],[-115.54521030281303,55.851390034651146],[-115.54608583812094,55.851958589107404],[-115.5466545675291,55.852538744250936],[-115.54709254207347,55.852938898973562],[-115.54758579995735,55.853203292977703],[-115.54824687130819,55.853588595264036],[-115.54893223877555,55.853829866921714],[-115.54939837523729,55.854135879132023],[-115.54998663349149,55.854319944203844],[-115.5502173631594,55.85441965341527],[-115.55023851150686,55.854428788678931],[-115.55060600849673,55.854502885677917],[-115.55086357575888,55.854419491786786],[-115.55107602797706,55.854350717578491],[-115.55169725362686,55.854312640360568],[-115.55222593696729,55.854419176263093],[-115.5528070343186,55.854536253087645],[-115.55371772464051,55.854799472334548],[-115.55511586066635,55.855203581729974],[-115.55625435817018,55.85555796909],[-115.55745865452096,55.855984201025898],[-115.55869041036648,55.856221930347608],[-115.56005365628137,55.856603245624029],[-115.56132970836943,55.857037935870018],[-115.56337562525056,55.858076800234677],[-115.5645269420931,55.858524206498153],[-115.56559581987135,55.858895638961798],[-115.56575225189151,55.858988187155056],[-115.56646806511118,55.859248064951352],[-115.56661616218418,55.859301825506108],[-115.56694987865907,55.859398935780433],[-115.56744791002694,55.859543858404507],[-115.56979269826266,55.860760877067733],[-115.57020872370906,55.861004670436799],[-115.57130176964647,55.861643799382698],[-115.57206493152233,55.862023231846862],[-115.57293717021631,55.862413676602699],[-115.57382551985721,55.862709935191013],[-115.57509071265073,55.862969218628997],[-115.57650297836747,55.863314270074333],[-115.57767775265596,55.863674108482215],[-115.57984601227675,55.864162437596811],[-115.5802073858205,55.864243817448937],[-115.58144653465926,55.86462689535032],[-115.58223461839678,55.865038378789627],[-115.58337156735442,55.865376365839026],[-115.58425769025133,55.865803243415883],[-115.58516803326006,55.866083295065174],[-115.58570688551347,55.866367998122726],[-115.58646375634791,55.866656630280168],[-115.58711918156582,55.867122552691292],[-115.59006886037828,55.868877255151986],[-115.59021120975667,55.868961919734026],[-115.590402474792,55.869058119633863],[-115.59113515885203,55.869426636423796],[-115.59188652708625,55.869893061525715],[-115.59257437115255,55.870430590803871],[-115.59274244337841,55.870537887662387],[-115.5930639718233,55.870743146012266],[-115.59316208797385,55.870805784417726],[-115.59379297211338,55.871310642379406],[-115.59459286372292,55.871885100030184],[-115.59509276015994,55.872212713206032],[-115.59545954739673,55.87261360944639],[-115.59743788330904,55.873908841742811],[-115.59803256776047,55.874437725511065],[-115.59861996238126,55.874834474354493],[-115.59875359421724,55.874934041819955],[-115.59885158756528,55.875007048596899],[-115.59895258161718,55.875082287024775],[-115.59905091665651,55.875155525692456],[-115.599405401542,55.875419609428022],[-115.60073233020928,55.876292157862878],[-115.60132114984366,55.876610725655354],[-115.60213670588587,55.877125996255621],[-115.60293961506203,55.877676170695601],[-115.60358270009347,55.878186435289045],[-115.60442497123074,55.878681550487187],[-115.60499195940862,55.879157725027184],[-115.60559281114941,55.879615092796847],[-115.60595839840353,55.880036396325785],[-115.60600640394502,55.880091731246537],[-115.60653272745624,55.880564912271851],[-115.60668354843851,55.880741270351031],[-115.61880458749647,55.880744337330135],[-115.61912588957591,55.880742722021317],[-115.62352154989505,55.880743011421288],[-115.63201654889801,55.880744640888096],[-115.6363752288194,55.88074466119118],[-115.64490762494492,55.880740713393145],[-115.64522900151809,55.880743524031239],[-115.6492118354128,55.880740564536715],[-115.65812014087469,55.880742707200106],[-115.66205699898705,55.880739577901124],[-115.6620587184527,55.883512655752391],[-115.66206161700238,55.888263290544941],[-115.66206283513587,55.890213881109631],[-115.66206303654148,55.890577931493944],[-115.66206321464604,55.890735236719259],[-115.66206556845374,55.895189234615522],[-115.6620671457642,55.897953317855738],[-115.66206714846584,55.897959300862475],[-115.66206720771916,55.898133095803246],[-115.66206800584457,55.89876680811215],[-115.66206796932593,55.898766824488504],[-115.66206749874607,55.899117585179695],[-115.66206797198474,55.899117377688306],[-115.66206876954921,55.900632004967207],[-115.66206902618489,55.900793803970416],[-115.66207007554193,55.902525704868559],[-115.66366968999989,55.901551777077628],[-115.66488820694873,55.900912176636083],[-115.66615540023562,55.900210163000054],[-115.66678886489852,55.89994610484306],[-115.66755115576814,55.899744299011303],[-115.66865474296105,55.89965820184554],[-115.66971401997688,55.899708607728655],[-115.67082011115274,55.899807156631361],[-115.6709506662589,55.899826543730931],[-115.67127249842896,55.899874343111414],[-115.67206528540913,55.899992097726283],[-115.67415179523674,55.900417897416659],[-115.67482649842027,55.900619762542931],[-115.67553235095349,55.900910304096968],[-115.6773861316087,55.901332652210307],[-115.68037692037565,55.901838322980609],[-115.68138531407961,55.901867477487023],[-115.68232767560831,55.901850012597997],[-115.68310171436502,55.901730231974447],[-115.68377436623659,55.901587044960323],[-115.6841756759729,55.901587200017197],[-115.68468363052193,55.901587400024184],[-115.68552983053095,55.901563992936254],[-115.68637997292387,55.901508199723835],[-115.68729672119889,55.901344089908811],[-115.68813326937698,55.901052508958628],[-115.68878510226402,55.900673631204754],[-115.68948305623447,55.90031588897935],[-115.68988153518431,55.899972818732017],[-115.69004501208249,55.899542850387469],[-115.69048799169224,55.898631992722009],[-115.69077497266795,55.898246753609136],[-115.69091863066537,55.898135062914037],[-115.69112732140188,55.89797283085786],[-115.69116373958835,55.897954230612761],[-115.69190570807966,55.897575334262797],[-115.69318468211017,55.897022875449125],[-115.6934751798043,55.896897392121701],[-115.69432877987427,55.896620507761121],[-115.69535129485379,55.896467482363711],[-115.69641121830425,55.896281791319289],[-115.6970876242343,55.896231720616029],[-115.69735915341359,55.896211623794109],[-115.69740949570175,55.896210198001505],[-115.70010352276604,55.896133997722877],[-115.70125723848533,55.896219687595604],[-115.70231161223047,55.896179546020164],[-115.70344602664548,55.895999907090307],[-115.70424413609801,55.895715312736712],[-115.70483036807182,55.895313977588039],[-115.70609095505461,55.893885176912747],[-115.70642666491317,55.893446906214855],[-115.70702834204624,55.893087228951991],[-115.70838222010713,55.892726080456249],[-115.70901615566737,55.892546970255012],[-115.70941621258727,55.892390234964829],[-115.70972677398626,55.892320382801365],[-115.71033112946856,55.892072279731387],[-115.71191577411909,55.891421705927513],[-115.71316242565115,55.891127815235187],[-115.71338498680764,55.891045924718512],[-115.71349819409831,55.891023873275046],[-115.71392709075657,55.890834344121856],[-115.71413955472248,55.890721673240108],[-115.71439814238882,55.890584530717398],[-115.71497345209566,55.890324388591083],[-115.71559495578735,55.890072182214851],[-115.71575625259644,55.890029891898962],[-115.71638958805741,55.889921479261034],[-115.71722129130009,55.88983469149322],[-115.7181255886844,55.889822478663497],[-115.71897154268126,55.889843575892023],[-115.71935893656402,55.889889562466699],[-115.71940607188168,55.88992364021815],[-115.71981178928181,55.889893814139889],[-115.7207257051441,55.889944588085157],[-115.72088580172175,55.889938659325317],[-115.72115021536379,55.889904013645712],[-115.72150634399279,55.889834007657925],[-115.72166961411766,55.889824407063699],[-115.72216558843604,55.889737801124035],[-115.72252370487591,55.889740439254666],[-115.72323696395091,55.88981122618349],[-115.72340037628159,55.889827439675301],[-115.72355822839316,55.889886787730823],[-115.7242657117079,55.890152716322419],[-115.72495844737828,55.890479484140343],[-115.72514736394682,55.890625504084568],[-115.72527719065738,55.890717671913187],[-115.72571803530974,55.891030593601506],[-115.72609595802791,55.891382354858038],[-115.72621529409233,55.891821207174949],[-115.72658230782805,55.892229523337484],[-115.72671181666522,55.892541981468185],[-115.72677594692662,55.892924303767252],[-115.72662131317227,55.893237122695844],[-115.72632501703242,55.89353223283458],[-115.72621443011704,55.893864768465576],[-115.72618243699205,55.894176413092836],[-115.72582764309412,55.894441026677391],[-115.72561067563792,55.894742143030463],[-115.72564050788729,55.895121962180276],[-115.72593903124498,55.895500755844409],[-115.72641414786092,55.895934530003217],[-115.7269273539934,55.896442161822307],[-115.72795208410989,55.897565187760428],[-115.72828072893063,55.897944878144038],[-115.72843730403474,55.898125761894264],[-115.72858190407044,55.898292826552087],[-115.72910194893038,55.899040252278539],[-115.72977405911513,55.900076123054433],[-115.73013062163415,55.900810193619861],[-115.7302750346801,55.901420813002922],[-115.73021032536452,55.902018451760433],[-115.72994491784007,55.902559903630618],[-115.72954535792877,55.903109329096772],[-115.72835277063359,55.903783059025521],[-115.727646370678,55.904000903851582],[-115.72706892417452,55.904198774885671],[-115.72668002797828,55.904617343045018],[-115.72627341485769,55.905173536331731],[-115.72623093122827,55.905350581496577],[-115.72612951179828,55.905773214209475],[-115.72573829268001,55.906365684979853],[-115.72519165482412,55.906714110971599],[-115.72505002266809,55.906804388442616],[-115.72353087317505,55.90746906571308],[-115.72339317706208,55.907529317525494],[-115.72320931927615,55.907642795012613],[-115.72262664782484,55.908002427060282],[-115.72181149358943,55.908454401453668],[-115.72104075731821,55.908608091918268],[-115.72047688743476,55.908865105381885],[-115.72022753204713,55.909301285934447],[-115.71991861533098,55.909752827410784],[-115.71972004769444,55.910374550844459],[-115.71945737166834,55.911021105458097],[-115.71910102249734,55.911664414807028],[-115.71859193314901,55.912081344317833],[-115.7181588034492,55.91257826086801],[-115.71813617079358,55.912604215331918],[-115.71743566295994,55.913729015871468],[-115.71667247507568,55.915188635024322],[-115.71623989416834,55.915599480317681],[-115.71561456548027,55.916067260704025],[-115.71548916615225,55.91647671917363],[-115.71573162493411,55.916563525217448],[-115.71573134693347,55.916812893084135],[-115.7163777791387,55.916843602446967],[-115.71733726930732,55.916739486480296],[-115.71824401230643,55.916723441169729],[-115.71926838696108,55.916965092664555],[-115.72022965736772,55.917269343986199],[-115.72114967772181,55.917641292137517],[-115.72201308380356,55.917962544149532],[-115.7228568650801,55.918181511529241],[-115.72322607773917,55.918248911469526],[-115.72354808504598,55.918307705631044],[-115.72373016191149,55.918340944053348],[-115.72466331758027,55.918580653461362],[-115.72523253615928,55.918748376319535],[-115.72560476993712,55.918858053265822],[-115.72657427907806,55.919109601747245],[-115.72737628011843,55.919378808105513],[-115.72790589918735,55.919803505065886],[-115.72788206073724,55.92037842049249],[-115.72766995736892,55.920942291469004],[-115.72714397797594,55.922039995035938],[-115.72670619724956,55.92251827942188],[-115.72615490083798,55.922802131276306],[-115.72561576439432,55.923007724250553],[-115.72525004237175,55.922992137348643],[-115.72485636417956,55.922975350240854],[-115.72403716992106,55.923037854095988],[-115.7235557713075,55.923148718566296],[-115.72323391898495,55.923222828221554],[-115.72309991167627,55.923253692712677],[-115.72217115110986,55.923517956978728],[-115.72125567363346,55.923827905298047],[-115.72026969279608,55.924019892923248],[-115.71929647305906,55.923982641865564],[-115.71867143455103,55.923691609719192],[-115.71809337626796,55.923363776807648],[-115.71724689851754,55.923221628766669],[-115.7168851429111,55.922988918807512],[-115.7160269108622,55.923028841978009],[-115.7158804465045,55.923198570644622],[-115.71545900678555,55.92314966800091],[-115.71524176913893,55.923450809549863],[-115.71531994391654,55.923672480708554],[-115.71573145286091,55.923710648548919],[-115.71540195664613,55.924031623051704],[-115.71519627851376,55.924059067618984],[-115.71502173057814,55.923824693552348],[-115.71491796865674,55.924150441834577],[-115.71445731787681,55.924503526335052],[-115.71383759555108,55.924833790285263],[-115.71321191128258,55.925296094024468],[-115.71313596924966,55.925672790548731],[-115.71350857527136,55.926037481282599],[-115.71376160829891,55.926676816896133],[-115.71356713744737,55.927035132995293],[-115.71346900213517,55.927215971212171],[-115.7134419178322,55.927265874473989],[-115.7128872222509,55.927432429205233],[-115.71256000210889,55.927493281371312],[-115.71205195120554,55.92769715861894],[-115.71205720835772,55.927843016378816],[-115.71208001579818,55.928016320097264],[-115.71265318898004,55.928169003840949],[-115.7134657063143,55.928466507238468],[-115.71386797700556,55.928860584138071],[-115.71381344871801,55.929317945464391],[-115.71364803512164,55.929843642720343],[-115.71334059755972,55.93035577804666],[-115.71281661032195,55.930852281755996],[-115.71216974552202,55.931248778252808],[-115.71127865491439,55.931580035970264],[-115.71033395811207,55.931837952900757],[-115.71029450626038,55.931848720733761],[-115.7094843647982,55.932156353131063],[-115.70870515203517,55.932369320848288],[-115.70808137775369,55.932734617800882],[-115.70760591279469,55.933164630252527],[-115.70730160301545,55.933533856167131],[-115.70723108089918,55.932720410963945],[-115.70738814437746,55.932322823935273],[-115.70710551830182,55.932086759219288],[-115.70629712528013,55.932198862833864],[-115.70606185492503,55.932547301323133],[-115.70581093834744,55.932763765929032],[-115.70620354466526,55.932636366523035],[-115.70679382225913,55.932361695080118],[-115.70668855107986,55.932636191473392],[-115.70602052532361,55.932962734293085],[-115.70665344205054,55.933190411675483],[-115.70649221666633,55.933438476017038],[-115.70638053224938,55.933479849548412],[-115.70611560958794,55.933625011531142],[-115.70519669990985,55.933389030510348],[-115.70502568598414,55.933280017519323],[-115.70499285386236,55.933396230419447],[-115.70457753255717,55.933397114907223],[-115.7040211963575,55.93324828933951],[-115.70380573111096,55.932748779702173],[-115.70328678969065,55.932475682413084],[-115.70247282154369,55.93255956667165],[-115.70198516975393,55.932899315351172],[-115.70186567944457,55.933355876683564],[-115.70206321544333,55.933641276625067],[-115.70236668595287,55.93385025021616],[-115.70203807992459,55.933950101925092],[-115.70136937602504,55.933643218352103],[-115.70078255025196,55.933258792951342],[-115.70091193772511,55.932899172818395],[-115.70064714307851,55.932611695972184],[-115.7005966075139,55.932345282952944],[-115.70035283413659,55.932123676078078],[-115.70014369080394,55.931851895495846],[-115.70038463317698,55.931445470407056],[-115.70102398252359,55.931035637855885],[-115.70130544540558,55.930707050644322],[-115.70105527808109,55.930427521126838],[-115.70049961925999,55.930038785691281],[-115.70013105120728,55.929644392279549],[-115.69983812336328,55.929380089567367],[-115.69987885797217,55.928940340750223],[-115.70025434892342,55.928539527981563],[-115.70080112191604,55.928431037650135],[-115.70165513502883,55.928493753524904],[-115.70251068386862,55.928528095656347],[-115.70319734957843,55.928704101831798],[-115.70371185258047,55.928470514356988],[-115.70418700669786,55.928203630915291],[-115.70463000018634,55.927726701645042],[-115.70483874167866,55.927222539910915],[-115.70487305167715,55.92713966279662],[-115.70490569045405,55.927041727137507],[-115.70507480045843,55.926534120614114],[-115.70509477453599,55.925865520447815],[-115.70533132195385,55.925391752715456],[-115.7057592057495,55.924976914598744],[-115.70612900525994,55.924461591907878],[-115.70570291516279,55.924069075308111],[-115.70488746393778,55.923745927465582],[-115.70399763055113,55.923335888296236],[-115.70329448280506,55.922906630278511],[-115.70271602368608,55.9223833207475],[-115.70223660453924,55.921708192115005],[-115.7017391645596,55.92125158572901],[-115.70099088010632,55.920923837167457],[-115.70004886754465,55.920882114648869],[-115.69894531979399,55.920990031112609],[-115.69770137031097,55.920967076047305],[-115.69741474391958,55.920966663107237],[-115.69709281552613,55.920966199381112],[-115.69676286671911,55.920965715458308],[-115.69562958920513,55.920864953598716],[-115.69446841410146,55.920884347656525],[-115.69341813112901,55.921009302397053],[-115.69236696246131,55.921189477352009],[-115.6913010528251,55.921181102938142],[-115.68999080157822,55.921190961198825],[-115.68870315595885,55.921238341728746],[-115.68624827137849,55.920815922908439],[-115.68509920007962,55.920572349233517],[-115.68419648939307,55.920334310153933],[-115.684074199478,55.920302064779889],[-115.68292250808692,55.920139349527823],[-115.68176989563476,55.920119504428932],[-115.68079137984161,55.920057736710774],[-115.6795333276349,55.92013173651241],[-115.67848292711413,55.920344130690331],[-115.67734109403035,55.920546524113277],[-115.67621164376946,55.920673311580416],[-115.67405934554198,55.920877485815176],[-115.67184442339861,55.921164292244832],[-115.67130493483957,55.921195942041329],[-115.67131908323532,55.927046809457359],[-115.6713191018747,55.927227466929509],[-115.67131987903774,55.934456190122454],[-115.67132204980585,55.941684280666315],[-115.68421875008811,55.941674827433928],[-115.69711542315122,55.941664025393109],[-115.69743733349061,55.941663735520379],[-115.71034583928046,55.941655991433869],[-115.7232542949581,55.941646919570736],[-115.72357620325644,55.941646673781072],[-115.72357420727602,55.948872126184888],[-115.72357224828065,55.956098461671537],[-115.72357220375959,55.956279119408109],[-115.72357039407176,55.963508391061232],[-115.72356858959243,55.970737611134098],[-115.72356683860434,55.977966875524949],[-115.72356509939142,55.985196095489954],[-115.72356509285288,55.985376753057388],[-115.7235647539717,55.992602805613593],[-115.72356443336979,55.999828876638432],[-115.72356442170221,56.000006824583849],[-115.72356389470922,56.007055025047542],[-115.72356338217791,56.014281186487175],[-115.72356336277194,56.014552167131853],[-115.72356290147356,56.021687994029016],[-115.72356242622118,56.028914135567682],[-115.72356202323272,56.036140265599286],[-115.72356161393434,56.043366388181092],[-115.72356160106945,56.043637368420455],[-115.72356122309307,56.050773149811299],[-115.7235608771124,56.057999265830041],[-115.72356056467844,56.065225357089453],[-115.72356027660409,56.072451447014977],[-115.73645239002668,56.072464839651097],[-115.74918294736403,56.072476727581332],[-115.74966743167072,56.072477153649096],[-115.76256006533937,56.072482236403211],[-115.77529122383261,56.072485924379677],[-115.77577570824053,56.072486040340912],[-115.78866833659436,56.072488387395083],[-115.80139942979849,56.07248936610754],[-115.80188391334417,56.072489379607042],[-115.81477649660268,56.072488996593314],[-115.8275075318298,56.072487292065361],[-115.82799201593103,56.072487202194175],[-115.84088448390511,56.072484025764695],[-115.8536153379498,56.072479501326065],[-115.85409982229383,56.072479301793763],[-115.86699214664569,56.072473351965108],[-115.87972291126424,56.072466149956249],[-115.88020740224172,56.072465847008765],[-115.89309915920938,56.072483335671834],[-115.90582936789438,56.072499295392667],[-115.90631385216682,56.072499875208443],[-115.91920559019363,56.072505222657036],[-115.93193644487923,56.07250893633546],[-115.93242092946353,56.072509053229076],[-115.94531364168719,56.072511432044571],[-115.95804488317603,56.072512462648248],[-115.95852936666675,56.072512475279083],[-115.97142204042659,56.072512138231744],[-115.98415320589466,56.072510472131547],[-115.98463769617652,56.072510381334929],[-115.99753029897823,56.072507302604976],[-116.00001639634034,56.072506469492758],[-116.01026128183416,56.072503029668106],[-116.01074576607064,56.072502842736824],[-116.02363816145348,56.072497137629149],[-116.03653051278037,56.072490104269548]]]},"properties":{"METIS_NAME":"Gift Lake","METIS_CODE":"0410"}},{"type":"Feature","geometry":{"type":"Polygon","coordinates":[[[-116.50643176075263,55.985230465329259],[-116.50675403203074,55.985230290778127],[-116.50675488644289,55.978008794320175],[-116.50675455467047,55.970788664578457],[-116.50675126085551,55.963566625831248],[-116.5067482711063,55.956347593304095],[-116.50674820053173,55.956166934958603],[-116.50674127403565,55.948945411832256],[-116.5067407754149,55.941724141090589],[-116.50673957925525,55.934501353469898],[-116.50673825996925,55.927282927565351],[-116.50673822717756,55.927102269757334],[-116.50674114721429,55.919884307971131],[-116.5067399182262,55.912661371790165],[-116.50674692716073,55.90543799064973],[-116.50675389317183,55.898214719840574],[-116.50675406754675,55.89803406139459],[-116.50674845030002,55.890812371210188],[-116.50674858990396,55.883588776792806],[-116.50674578744095,55.87636564105852],[-116.50673502247412,55.869144240913251],[-116.50673475133171,55.868963576333606],[-116.50676150941895,55.861741776074318],[-116.50677388796333,55.854527118248136],[-116.50677655569321,55.847307904720289],[-116.50676832709213,55.840076930223447],[-116.5067681207493,55.839896265848502],[-116.5067376664198,55.83267434939664],[-116.50675548215173,55.825466658178776],[-116.50677074405945,55.818249574207989],[-116.50677732861254,55.810741496254138],[-116.50677747683963,55.810573205908312],[-116.49797524833495,55.810577968490129],[-116.49355792496875,55.810577395336544],[-116.48484723299897,55.810575809086764],[-116.48484100377424,55.803060376779122],[-116.48483526634539,55.795836079384642],[-116.48483525637063,55.788614105173117],[-116.48482862175639,55.781391220407912],[-116.48482845360995,55.781210556381843],[-116.4848367924819,55.773988478664926],[-116.4848333887017,55.766766827001319],[-116.48483245090867,55.759546348531195],[-116.48482977700174,55.752326109621052],[-116.48482971179052,55.752145445347246],[-116.48483233477886,55.74492166411158],[-116.48483096493952,55.737697625580161],[-116.48451073853803,55.737697851012342],[-116.47170429046152,55.737706058940958],[-116.45889792636108,55.737712951260072],[-116.45857770046644,55.737713332025294],[-116.44581808580031,55.737727998514984],[-116.43305854126091,55.737741341336552],[-116.43273831511785,55.737741735645528],[-116.41997738297175,55.737756705098299],[-116.41996932071481,55.744978782587921],[-116.40722566077436,55.744991887608492],[-116.40721598013317,55.737771035576927],[-116.40689575483546,55.737770899519248],[-116.39412988641629,55.737764804493594],[-116.38136638038624,55.737754839014443],[-116.38104615594672,55.737755045496833],[-116.36825895240658,55.73776269236869],[-116.35547221351045,55.737763080405017],[-116.35515198821045,55.737763093532493],[-116.34237849495186,55.737762830972052],[-116.32961097047382,55.737760013135848],[-116.32961352895913,55.730532535531637],[-116.32961703424127,55.723308928572997],[-116.32961712602388,55.723128264308926],[-116.32929701530286,55.723128321860095],[-116.31651485161962,55.723129968974341],[-116.30373431921596,55.723135860968974],[-116.30341420970197,55.723135873517613],[-116.29063631714516,55.723135707840378],[-116.27785786244009,55.723146432060389],[-116.27753775931674,55.723146509245659],[-116.26475334982726,55.723149052923766],[-116.25198715971123,55.723151454637204],[-116.2516670506125,55.723151460858205],[-116.23887788595081,55.723150965743223],[-116.22610039390935,55.723147980452481],[-116.22578029030485,55.723147870603427],[-116.21302299698783,55.723142969041433],[-116.20023961941934,55.723138783505028],[-116.19991950974006,55.723138590133431],[-116.18714113235781,55.723130385440584],[-116.17436350436699,55.723122954896503],[-116.17404339554309,55.723123116589306],[-116.16126566943871,55.723128814750659],[-116.14852037647883,55.723132758059911],[-116.14820026663946,55.723132855103366],[-116.13542265159165,55.723136108141198],[-116.1226450802653,55.72313801979066],[-116.12232497716646,55.723138096978694],[-116.10954292991711,55.723140376512916],[-116.09676602346177,55.72313935168269],[-116.09644592033263,55.723139222985949],[-116.0836720014217,55.723133276494828],[-116.07088812121,55.723132400812112],[-116.0705680108897,55.723132258673907],[-116.05779551793167,55.723126047481131],[-116.04501532082406,55.723119861859352],[-116.04469521899716,55.723119636039279],[-116.03191278960041,55.723109986383797],[-116.01913183857722,55.723099936351218],[-116.01913172265569,55.723280600447957],[-116.01912707425657,55.730510162639959],[-116.01911080573885,55.737737762420132],[-116.01910566727567,55.74496710440765],[-116.01909441077565,55.752196543664375],[-116.01909430901948,55.752377208606148],[-116.0190903246471,55.759607356628528],[-116.01908206325743,55.766836486343728],[-116.01907756905878,55.774064745005269],[-116.0190773399033,55.781292487176316],[-116.01907721729404,55.78147315145636],[-116.01907215526705,55.788703480870325],[-116.01906992591566,55.795928436130424],[-116.01906836052771,55.803151268705072],[-116.01906933223027,55.810593456010189],[-116.02355460430859,55.810594765402278],[-116.03183831491893,55.81059674444051],[-116.03675806525926,55.810595550761875],[-116.0367582583613,55.810781828479328],[-116.03676586743256,55.818229654332619],[-116.03676282622712,55.825459409664496],[-116.03677089252493,55.832679886803163],[-116.03677897991298,55.839900358220504],[-116.03677922514314,55.840081016310755],[-116.03678909276681,55.84729815891383],[-116.03679916647461,55.854517597307556],[-116.03679889860248,55.861747081909861],[-116.03681006287103,55.868970049893832],[-116.03681030051786,55.869150708117175],[-116.0368199946043,55.876378850667379],[-116.03682973952471,55.883606998921913],[-116.0368322911151,55.890827793259795],[-116.03684015244737,55.89804881241384],[-116.03684028009799,55.898229470733703],[-116.03684538755692,55.905455380389206],[-116.03685060937694,55.912680381012315],[-116.03684919249552,55.919899103566422],[-116.03684960253419,55.927121781120206],[-116.03684964142072,55.927392768187978],[-116.03685068845627,55.934523523697074],[-116.03684809795534,55.941742504465132],[-116.03685064330521,55.948965086075646],[-116.0368518783964,55.956190621608386],[-116.0368519631126,55.956461608843469],[-116.03685423608044,55.963556034803801],[-116.03685376247036,55.970778770635334],[-116.03685352631496,55.978002874258749],[-116.03685538661017,55.985226442323295],[-116.0497458481062,55.985235563148436],[-116.062478044088,55.985241780435722],[-116.06296143258028,55.985241993331428],[-116.0758516474111,55.985246198657677],[-116.08858699909888,55.985249673922731],[-116.08907039271165,55.985249777206299],[-116.10195916993631,55.985251853275265],[-116.11469108254671,55.985251251257537],[-116.1151744751695,55.985251206345787],[-116.12806503889006,55.985250443349592],[-116.14079444833922,55.98524793864307],[-116.14127784199901,55.985247821926798],[-116.154171774457,55.985244891101168],[-116.16690375126055,55.985239147583414],[-116.16738714431301,55.985238908712979],[-116.18027885042537,55.985232132889351],[-116.19317365365396,55.985223602212223],[-116.19349592522923,55.985223376504159],[-116.20638787525533,55.985229981129862],[-116.21911758878949,55.985235218414402],[-116.2196009754465,55.9852353924216],[-116.23249350100599,55.985240417226422],[-116.2452261095812,55.985242666958534],[-116.24570950411257,55.9852427250215],[-116.25860004864771,55.985242387556305],[-116.27132961245688,55.985246463195985],[-116.27181300640717,55.985246592395676],[-116.28470634409821,55.985241319744695],[-116.29743528957347,55.985240595223267],[-116.29791868233031,55.985240537560323],[-116.31081670586693,55.985237290207643],[-116.32353766238097,55.985234566437619],[-116.32402106246819,55.985234436896597],[-116.33691075569283,55.98522818449478],[-116.34980138389052,55.985221143879549],[-116.35012365515314,55.985220956351306],[-116.3630122005231,55.985228903473725],[-116.37573840933024,55.985236430965948],[-116.37622180283307,55.98523668829116],[-116.38911327656461,55.985241138224836],[-116.40184445478464,55.985245768773858],[-116.40232784824337,55.985245917427044],[-116.41522157958468,55.985239115926028],[-116.42794949877083,55.985245004315288],[-116.42843289143624,55.985245204321508],[-116.44132284306397,55.985249783141477],[-116.45405589794159,55.985247684611778],[-116.45453929109721,55.985247581758536],[-116.46743549452518,55.985245367284101],[-116.48016552872994,55.98524186863682],[-116.48064892322543,55.985241707416108],[-116.49354066774869,55.985236763809333],[-116.50643176075263,55.985230465329259]]]},"properties":{"METIS_NAME":"Peavine","METIS_CODE":"0413"}},{"type":"Feature","geometry":{"type":"Polygon","coordinates":[[[-115.52188862062177,55.810435667234167],[-115.51480843328802,55.810437952831343],[-115.51468887926714,55.810437991129831],[-115.50203279247894,55.810441057763256],[-115.50155156044535,55.810441141424164],[-115.50146283784423,55.810441160695312],[-115.49870786254263,55.810441634341181],[-115.49870972646396,55.81062187132131],[-115.4989165977952,55.811148574685866],[-115.49920676007812,55.811664542146403],[-115.49931683676824,55.811916335900882],[-115.49938115981212,55.812263154959801],[-115.49939273411363,55.812506960916934],[-115.49933347693101,55.812722199919463],[-115.49933091587472,55.812870535957579],[-115.49969799934556,55.813088780837084],[-115.49992629040619,55.813309122308056],[-115.49996077958149,55.813354297183523],[-115.50001618609436,55.813426864419249],[-115.50007161836631,55.813499432423761],[-115.50009729607898,55.813533045549988],[-115.50036815520346,55.813994052031504],[-115.50067661373205,55.814845432075593],[-115.50065878143259,55.815175947977615],[-115.50080489048574,55.815328793506559],[-115.5010525030678,55.815451786668142],[-115.50109834299371,55.815466142244631],[-115.50122450306634,55.815505645201995],[-115.50134415556163,55.815543109793943],[-115.50144932919507,55.815556800020197],[-115.50185487241792,55.815609574162785],[-115.50221992991845,55.815532644563632],[-115.50244785241055,55.815542735125334],[-115.50271598184004,55.815642483834836],[-115.50296477583808,55.815789734872432],[-115.50318660752558,55.815874031998149],[-115.50353117580426,55.815969954246974],[-115.50392265283834,55.816046296027849],[-115.50426223351462,55.816139599310709],[-115.50454450406664,55.816334870866179],[-115.50485087856859,55.816585044374975],[-115.50509130462484,55.816857741844643],[-115.50523225424577,55.817103676584964],[-115.50509718859983,55.817537070233008],[-115.50520602828199,55.8177107156448],[-115.5052964341498,55.817799644924612],[-115.50542967305871,55.81788255444485],[-115.50590037632855,55.818013005914565],[-115.50620415175418,55.818056973289224],[-115.50648019648492,55.818121541682217],[-115.50686929884655,55.818297670101188],[-115.50739192493972,55.818563470390295],[-115.50794625520449,55.8186899024982],[-115.50927560302694,55.819152470102864],[-115.50966739804619,55.819234186602685],[-115.5106293013408,55.819270908432038],[-115.51103817884605,55.819309212190902],[-115.51127310826436,55.819364998454148],[-115.51148090730962,55.81945488875057],[-115.51153849385514,55.819156082581372],[-115.5120870557283,55.818206889070851],[-115.51218679067367,55.818116972755313],[-115.51233496602464,55.817983398477175],[-115.51258721652243,55.817850179610367],[-115.51332695239869,55.817596378940138],[-115.51418179756925,55.81738646301401],[-115.51447744274996,55.817271630895725],[-115.51466329424299,55.817146127364062],[-115.5149271516742,55.816911649461773],[-115.51508865633117,55.816733927034726],[-115.51562340320743,55.815949391330825],[-115.51600868715698,55.815444784806225],[-115.51612348758721,55.815242191185682],[-115.51618239782017,55.815021565555959],[-115.51630647528822,55.81476223052978],[-115.51661437728094,55.814292488579511],[-115.51686252525307,55.814024501294405],[-115.51712158985906,55.813834585167918],[-115.51729544181052,55.813664772003719],[-115.5174170417843,55.813254468670728],[-115.51755924176106,55.813023165391478],[-115.51782030628206,55.812825081850868],[-115.51860629381379,55.812391242795087],[-115.51955090656608,55.811919958510913],[-115.51962897728073,55.811800126865492],[-115.51956075197474,55.811675810183132],[-115.51954154461308,55.811525126769219],[-115.51956416460111,55.811396700409183],[-115.5196587514978,55.811272591235522],[-115.51992556380715,55.811144526170708],[-115.52038130668063,55.811013603777752],[-115.52133760265406,55.810787422721639],[-115.52147107401429,55.810708700643758],[-115.52164959691866,55.810603422748791],[-115.52188862062177,55.810435667234167]]]},"properties":{"METIS_NAME":"Gift Lake","METIS_CODE":"0410"}},{"type":"Feature","geometry":{"type":"Polygon","coordinates":[[[-116.30896303887612,55.287263666920296],[-116.30927962600343,55.287263467150176],[-116.30928682205682,55.28003338920108],[-116.30929281358915,55.272791794739803],[-116.30929692083124,55.265573375266371],[-116.30929916304004,55.258342884469947],[-116.30929921443648,55.25816220719495],[-116.30930145600406,55.250931639695644],[-116.30929938979203,55.243695593676172],[-116.30929919903068,55.236470328614445],[-116.30929775165895,55.22924007015645],[-116.3092977121341,55.229059386741355],[-116.30929565071628,55.22182771498597],[-116.30929295165834,55.214597844497305],[-116.30929576912746,55.20736624337821],[-116.30929060430843,55.200132727454722],[-116.30929047577116,55.19995204327374],[-116.30929834307479,55.192731481889872],[-116.30930078630375,55.185502126554866],[-116.30930883412421,55.178273713396322],[-116.30931694754702,55.171047035512146],[-116.30931715409687,55.17086635140555],[-116.30931771326523,55.163635642053016],[-116.3093260459258,55.156400499460631],[-116.30932765480705,55.149180189759157],[-116.30933105961088,55.141954711762253],[-116.30933114272163,55.141774034451089],[-116.30933212798256,55.134549479420755],[-116.309331853983,55.127333182256123],[-116.30933093479447,55.120107691828174],[-116.3093275904212,55.112883742307147],[-116.30932746725091,55.112616994286583],[-116.30208824711765,55.112545111366835],[-116.29635298007098,55.112487854012763],[-116.28953723705419,55.112419454898898],[-116.28906443715302,55.11241975176015],[-116.28369404918944,55.112422997376925],[-116.27666990472727,55.112426882480896],[-116.27069967174417,55.11242987056864],[-116.26411776748208,55.112432819450888],[-116.26364497343209,55.112433013092215],[-116.25802165000236,55.112435232671793],[-116.2512504359383,55.112437556487265],[-116.2450169301794,55.11243937673018],[-116.23869834292417,55.112440899737976],[-116.23822554880962,55.112440996517499],[-116.23232787066949,55.112442101059592],[-116.22583106289231,55.112442979041873],[-116.21937213784511,55.112443515283573],[-116.21327900802669,55.112443703539689],[-116.21280621400082,55.112443703458133],[-116.20673155526866,55.112443568247841],[-116.20041798611499,55.112443104498517],[-116.19372861587628,55.112442266907301],[-116.18787219611578,55.112441235658459],[-116.18739940233237,55.112441138764794],[-116.18104097558221,55.11243966199099],[-116.17501121938554,55.112437959240815],[-116.16801908909433,55.112435592404275],[-116.16246550596973,55.112433432652018],[-116.16199271334723,55.112433103183477],[-116.15531256274041,55.112428271858903],[-116.14960460648601,55.112423859968729],[-116.14235398586889,55.112417873656923],[-116.13705893982655,55.112413229066021],[-116.13705567965317,55.104992331698405],[-116.13705249480057,55.097764080179829],[-116.13704929248155,55.090535853799402],[-116.13704613523008,55.083397911245314],[-116.13704601286366,55.083126891822303],[-116.13704297077115,55.075898672330347],[-116.13703991637382,55.068670440165825],[-116.13656763851891,55.068670775673276],[-116.12417094547762,55.068678892975711],[-116.11161716997056,55.068685804797127],[-116.11114489181988,55.068686036296597],[-116.09874854660109,55.068691567312428],[-116.0861947774589,55.068695865884592],[-116.08572249939391,55.068696001467167],[-116.07332603168189,55.068698957761129],[-116.06077195758016,55.068700681793835],[-116.06029968756003,55.068700720491194],[-116.04790287739512,55.068701103007115],[-116.03534871396846,55.068700194776454],[-116.03487644274861,55.068700136670493],[-116.02247967907221,55.068697924915988],[-116.00992552134426,55.068694384533309],[-116.0094532444018,55.068694230561832],[-116.00001599713283,55.068690579679064],[-115.99705651911444,55.068689438153882],[-115.98450219280458,55.068683272469492],[-115.98450216472961,55.075909897780413],[-115.98450214170224,55.083136530854929],[-115.98450214753619,55.083407544077311],[-115.98450233075837,55.090543911853743],[-115.98450252781144,55.097770602603774],[-115.98450271113079,55.104997299473538],[-115.9845028818943,55.112419661275744],[-115.9886635652628,55.112421150826322],[-115.99705699317481,55.112423730703043],[-116.00001601401135,55.112424466076703],[-116.00163083963254,55.112424872212898],[-116.00163084710788,55.112690091266622],[-116.00163101718184,55.120108536496836],[-116.0016311877984,55.127335221396692],[-116.0016313522777,55.134561892589055],[-116.00163148270576,55.141788563789554],[-116.00163149017337,55.142059576732983],[-116.00163161557043,55.149195899638819],[-116.00163172140152,55.156422538825204],[-116.00163180080276,55.163649170767108],[-116.0016318749754,55.170875764724293],[-116.00163187547467,55.171146778261011],[-116.00163191087707,55.178282965289071],[-116.00163193234889,55.185509475326221],[-116.00163194809291,55.192735991437381],[-116.00163193829782,55.199962476027125],[-116.01425757347582,55.199970532780497],[-116.02672534310967,55.199977201814136],[-116.02719917548734,55.199977427141533],[-116.03984777936496,55.1999828518464],[-116.05233849698109,55.199986914685233],[-116.05281233016385,55.199987050389517],[-116.06547948123898,55.199989815977325],[-116.0781465616538,55.199991266589002],[-116.07846245213364,55.199991285310638],[-116.09113093764769,55.199994309378411],[-116.10379695303489,55.199993211558315],[-116.10411285074734,55.199993172768806],[-116.11677503976685,55.199990719522532],[-116.12944217925244,55.199986956168253],[-116.12975807584209,55.199986846468633],[-116.14242436854906,55.199983154963441],[-116.1550876036052,55.19997674026817],[-116.15540350072517,55.199976565934783],[-116.15540363006386,55.200157243939032],[-116.15540883155204,55.207383772540446],[-116.15541222883704,55.214610114879044],[-116.15541374063432,55.221836322067162],[-116.15541463426709,55.229064257481021],[-116.15541465391925,55.229244934793506],[-116.15541553410397,55.236472877143648],[-116.15541580749429,55.243698723131246],[-116.15541786177411,55.250926613561703],[-116.15541792348384,55.258151839982105],[-116.15541800011709,55.258332516822669],[-116.15542110608089,55.265562866376563],[-116.15542419899246,55.272791923979923],[-116.15542480852112,55.280020098695381],[-116.15542728260725,55.287249937669337],[-116.16809329839508,55.287256736662997],[-116.18076002327443,55.287262244566996],[-116.18107661048381,55.287262367334606],[-116.19373743342199,55.28727107487618],[-116.20640134473993,55.287275679953176],[-116.20671793887178,55.287275782917085],[-116.21938179958566,55.287279026884306],[-116.23204573189277,55.287280992594063],[-116.23236231888814,55.287281030932654],[-116.24502621151937,55.287283713968833],[-116.2576899563737,55.287285079611664],[-116.25800655001088,55.287285092742842],[-116.27066561769995,55.287281594235147],[-116.28332476110343,55.287276760796445],[-116.2836413554931,55.287276618441886],[-116.29630217797613,55.287270797562961],[-116.30896303887612,55.287263666920296]]]},"properties":{"METIS_NAME":"East Prairie","METIS_CODE":"0407"}},{"type":"Feature","geometry":{"type":"Polygon","coordinates":[[[-112.12302698226654,54.587368347482943],[-112.13547376588191,54.587370036127425],[-112.14791813556754,54.587370454202123],[-112.14822927789862,54.587370447913329],[-112.16067192007509,54.587371207333653],[-112.17311470376342,54.587370703346089],[-112.173425845677,54.587370670850532],[-112.18587206759091,54.58737006878421],[-112.19831832821062,54.587368216398254],[-112.19862947010549,54.587368151393356],[-112.21107596424493,54.587363459770685],[-112.22352248282417,54.58735750311142],[-112.22383362474504,54.587357335445418],[-112.23628020202295,54.58735005642697],[-112.23627401921642,54.580079888399702],[-112.24871254466397,54.580073880896876],[-112.24902362878329,54.58007371244905],[-112.24903790197698,54.587341261771542],[-112.26148431714954,54.587331343997221],[-112.27393073943067,54.587320129430438],[-112.27424188204611,54.587319832915391],[-112.27424859511001,54.580095348609078],[-112.27425106466995,54.57287363194061],[-112.27424782998109,54.565648057363184],[-112.27424462070142,54.558422437940791],[-112.27424453611974,54.558241727499762],[-112.2742431458859,54.551015160028207],[-112.27424088652118,54.543787940236953],[-112.27423501866912,54.536563764955787],[-112.27424425568972,54.529334242013505],[-112.2742444879319,54.529153538938026],[-112.27424017474561,54.521928996525318],[-112.2742446045411,54.51470336380671],[-112.27424635060798,54.507474925140109],[-112.27424811632729,54.500246453200724],[-112.27424816054058,54.500065743408662],[-112.27424255759934,54.49284429808818],[-112.27423364627745,54.485616555551751],[-112.27421906252997,54.47838745234408],[-112.27420449277905,54.471158393915736],[-112.27420412508391,54.470977684041507],[-112.27419739346242,54.463762593418849],[-112.27418889360354,54.456538140921154],[-112.27417651012604,54.449315102302918],[-112.27416296645019,54.442091050346363],[-112.27416262412731,54.441910340361844],[-112.27414907364627,54.434686301077107],[-112.27413557436552,54.427462275043879],[-112.27411906833649,54.420235700024406],[-112.27410658793914,54.413234442217806],[-112.27410631707301,54.413084003074985],[-112.2633174380428,54.413082010862695],[-112.2613425464727,54.413080411158305],[-112.25097136953063,54.41307146425283],[-112.25097316061259,54.406054496189057],[-112.2509739771106,54.398826385652868],[-112.25097154300182,54.391599940136437],[-112.25096911510299,54.38437390717219],[-112.2509690494569,54.384193204544623],[-112.25096711809928,54.376964842889159],[-112.25096516687915,54.369736474056218],[-112.25096238365927,54.362514351257197],[-112.25095960177006,54.355292209178735],[-112.25095953070893,54.35511149945507],[-112.25095672175372,54.34788237028895],[-112.25095387337907,54.340653208308169],[-112.25095040694957,54.333427356103549],[-112.25094690753056,54.326201517104209],[-112.25094682290943,54.326020807293489],[-112.25063766145232,54.326020962583804],[-112.23830765823158,54.326026447533089],[-112.22598824276498,54.326030668656877],[-112.22567908161724,54.326030900220609],[-112.21334074307086,54.32603933436868],[-112.20101854067578,54.326035735383122],[-112.20070937846405,54.32603576792885],[-112.18838669860094,54.326036499043973],[-112.17605566298795,54.326035964659823],[-112.17574650301412,54.326036023140389],[-112.16342662787197,54.326037559686178],[-112.15109781951985,54.326032161006374],[-112.15078865160525,54.326032103079285],[-112.13846549287264,54.326029221114766],[-112.12614234165254,54.326032022519755],[-112.12583317407444,54.326031841186648],[-112.11350755843037,54.326024036688096],[-112.10118193674037,54.326014967197437],[-112.10087278186704,54.326014818346977],[-112.0885306104574,54.326008329685699],[-112.07617842039286,54.325988808388644],[-112.07586926018038,54.325988447717641],[-112.06352696690583,54.325973449308492],[-112.05118469215071,54.325957191955752],[-112.05087553805019,54.325956914792769],[-112.03852670279164,54.325945161583356],[-112.02617852553389,54.325932136865568],[-112.02586936997454,54.325931640766029],[-112.01350809705899,54.325911306398631],[-112.00117886091188,54.325897288639077],[-112.00086970031974,54.325896901840764],[-112.00001482255313,54.325895792099246],[-111.98851560723575,54.325880851458336],[-111.97614737735942,54.325840368642574],[-111.97583821729656,54.325840162259958],[-111.96348770373127,54.325831254296659],[-111.95116668201653,54.325808332954729],[-111.95116660440631,54.325989043415738],[-111.9511635998463,54.333209385386006],[-111.95116061635755,54.340429663185596],[-111.95115758548886,54.347649928155299],[-111.95114374285556,54.354866644741946],[-111.95083436330791,54.354866612368426],[-111.93881289600392,54.354864620494148],[-111.93864925569153,54.354865508233573],[-111.93915954739897,54.355045452587795],[-111.93926219808773,54.355083749616668],[-111.93954797241696,54.355190374833249],[-111.94039014836122,54.355700129855364],[-111.94142623828239,54.356118161777907],[-111.94227495533671,54.356501987476932],[-111.94260152898953,54.356633464966919],[-111.9427515484102,54.356758491415739],[-111.94284659967076,54.356890781093782],[-111.9432000134826,54.357671619706821],[-111.94361688561131,54.358755194612435],[-111.94378849221968,54.359062246078928],[-111.94442763430494,54.359936619678187],[-111.94504231867661,54.360694348725765],[-111.94515352404355,54.360776058719956],[-111.94547966025644,54.361190916483622],[-111.94562910496107,54.361287820200502],[-111.94591490620914,54.361379188029808],[-111.94629366046587,54.361427865061614],[-111.9464489774878,54.361489438946847],[-111.94663103544384,54.361853987919147],[-111.94671822849256,54.362186265022693],[-111.9467119449579,54.362282490830935],[-111.94668100993009,54.362756239026396],[-111.94650076514307,54.363691774821348],[-111.94649092613368,54.363851709925861],[-111.9465815775435,54.364189452720453],[-111.94622926245594,54.366357568749137],[-111.94657047603552,54.366746671881806],[-111.94689850763402,54.367350807316633],[-111.94698878570577,54.367676116993259],[-111.94698431524766,54.368469362189032],[-111.94684414154689,54.369126471724542],[-111.94693554772343,54.369505555384769],[-111.94697538566145,54.369803897360001],[-111.94679892827955,54.37019168472483],[-111.94649610975321,54.370526201075201],[-111.94619630238118,54.370729330099195],[-111.94597485717809,54.370814691279541],[-111.94550305764527,54.370927613871451],[-111.94520512189273,54.370920427507478],[-111.94495610300901,54.37087556944519],[-111.94474501138075,54.370789633127238],[-111.94452994145506,54.370668511286588],[-111.9443737867288,54.370617995189782],[-111.94407143189009,54.370585310856114],[-111.94374239169719,54.370569536750963],[-111.94321359828,54.370484227379983],[-111.94288876561615,54.370457130221091],[-111.94265048281166,54.37042054955235],[-111.94217895296299,54.370255511027949],[-111.94199484368994,54.37020891735385],[-111.94169881179218,54.370201208324659],[-111.94139095897343,54.370271169034567],[-111.94124408145548,54.370325208072749],[-111.94109414718916,54.370427311069555],[-111.9408755465698,54.370699259764962],[-111.94081254630777,54.370867040124054],[-111.94077821076282,54.371098504930913],[-111.94085512790737,54.371368995698205],[-111.94102243008187,54.371669492505895],[-111.94127373480849,54.371892846567896],[-111.9414311857373,54.371997447336746],[-111.94221611533476,54.37223969865407],[-111.9427475214316,54.372287743412052],[-111.94294423171034,54.372279892280915],[-111.94344515376217,54.372179304882692],[-111.94385663135128,54.372027601470812],[-111.94453838713851,54.371817808194649],[-111.94579993499734,54.371377704037968],[-111.94602095436119,54.371322640326859],[-111.94684609057906,54.371242072431464],[-111.94751040009552,54.371258574807889],[-111.94811234800602,54.371323891359516],[-111.94860676816452,54.371433000825832],[-111.94879492303677,54.371493155766132],[-111.95011494291784,54.372183071990321],[-111.95066740087871,54.372404981003754],[-111.95080181328125,54.372495084926811],[-111.95111111095468,54.372702413562024],[-111.95130617601514,54.372833168544204],[-111.95261587250612,54.37348638785371],[-111.9528010728808,54.373655458220988],[-111.9529149772152,54.374392639603457],[-111.95294144073348,54.374881278281464],[-111.95294018370224,54.374935284234503],[-111.95293850521134,54.375007200360159],[-111.95293809312481,54.375025690949897],[-111.95293641615844,54.375097607113339],[-111.95292949314567,54.375169561661998],[-111.9528516154903,54.375978897526764],[-111.95277869964373,54.376141116984058],[-111.95237311324875,54.376495187555086],[-111.95201909294957,54.376730129706793],[-111.95190935702365,54.376802955671749],[-111.95110258110552,54.377496453716688],[-111.95110235729344,54.377496645950693],[-111.95096768617661,54.377612420032065],[-111.95079206821191,54.377822310294235],[-111.95063521589363,54.378009749030518],[-111.95047662221103,54.378328588127133],[-111.95037696528848,54.37871916202635],[-111.95037315857444,54.378994375280641],[-111.95044143553599,54.379337175405659],[-111.95047232598034,54.379708078928168],[-111.95078717213762,54.380475343401727],[-111.9510955146673,54.38122672992899],[-111.95109572862202,54.381227252551291],[-111.95129048762445,54.381701827323411],[-111.95156214594907,54.382117439590026],[-111.95169939764048,54.382261730577198],[-111.95167994017078,54.382577252508284],[-111.95109133634037,54.383613781361078],[-111.95109112719351,54.383614149369173],[-111.95085539167118,54.38425753033588],[-111.95078486400195,54.384617698061263],[-111.95079766392507,54.384999691752014],[-111.95108990284022,54.385770878682393],[-111.95109012433062,54.38577125847354],[-111.95143104500559,54.386353607852207],[-111.95177183178856,54.386715111220916],[-111.95190157465306,54.38681980114729],[-111.95225014893306,54.38702620151934],[-111.95237945860961,54.387140626970087],[-111.95235221896036,54.387317066254113],[-111.95212452883561,54.387627297803228],[-111.95108923486339,54.388523033206283],[-111.95108898116682,54.388523253469579],[-111.95090915491043,54.388660053057535],[-111.95077911662038,54.388778511500604],[-111.94939969677054,54.390035001439756],[-111.94924978736613,54.390135679101157],[-111.9490944975006,54.39023158897848],[-111.94870594943808,54.390595092605054],[-111.94808491022029,54.390997286288005],[-111.94797247077152,54.391046415245782],[-111.94755880643383,54.391075343709502],[-111.94731610324571,54.391115485966985],[-111.94709204601168,54.391194847500081],[-111.94690240749107,54.391349867090753],[-111.94682765884018,54.391410976726739],[-111.94635509065246,54.391976002620339],[-111.94609920637677,54.392418828073765],[-111.94600455487161,54.39277811195273],[-111.94592543945583,54.393708151010252],[-111.94610512380807,54.394171602797833],[-111.94629879489442,54.394423835073212],[-111.94707593026472,54.394957409046746],[-111.94747637561369,54.3951444086237],[-111.94750579583723,54.395254273507092],[-111.94747549799294,54.395436602674373],[-111.94715184671351,54.396049312230907],[-111.94687218336959,54.396463667432357],[-111.94662791139315,54.396670421781586],[-111.94629873105721,54.39691955123152],[-111.94520673044913,54.397595305909341],[-111.94482509846709,54.397757738803001],[-111.94428191147307,54.398031292969101],[-111.94286504728777,54.398565796807461],[-111.94286482959649,54.39856586325206],[-111.95077702924715,54.398576582551534],[-111.95108673976318,54.398576989082528],[-111.96343669781028,54.39860522659626],[-111.97578751978428,54.398632167184729],[-111.97609722864486,54.3986328251289],[-111.97610977403009,54.405859328906459],[-111.97610876902235,54.41299504540784],[-111.98421099725971,54.41300436040418],[-111.98847601814474,54.413009043598613],[-111.99695563964659,54.413014468353467],[-111.99695589124521,54.413182901071728],[-111.9969665518047,54.420330804516354],[-111.99697805713035,54.427555127831383],[-111.99697673772786,54.434767418023881],[-111.99699980488958,54.441991057384946],[-111.99699999801854,54.442171760626131],[-111.99700783303614,54.449387303264196],[-111.99701722857613,54.456616644967973],[-111.99702548269659,54.463843503525965],[-111.9970316601871,54.471067588551811],[-111.99703164646425,54.471248291406759],[-111.99703113352483,54.478461356739295],[-111.99703200617472,54.485685079381824],[-111.99700077721886,54.492900640832211],[-111.99698794071139,54.500143848138656],[-112.00001488288682,54.500142931503021],[-112.00942420782894,54.500140085102764],[-112.02185615908381,54.50014009008504],[-112.02216663681571,54.50014007717818],[-112.03460615009259,54.50014026314107],[-112.04703995270017,54.500139009509311],[-112.04735043661951,54.500138964354782],[-112.0597940847848,54.50013638928236],[-112.07223920337719,54.50013010341074],[-112.07254968176557,54.500129929442849],[-112.08499439425576,54.500122327685219],[-112.09743273868966,54.500120623210464],[-112.09774321568213,54.500120565199893],[-112.11018440540484,54.500113576593471],[-112.12263003482356,54.50010886539286],[-112.12294051289557,54.500108736304831],[-112.12294073240108,54.500289439243453],[-112.12294956642789,54.507516103905992],[-112.12295717564612,54.514742865973439],[-112.12296355868466,54.521971428067083],[-112.12296992300537,54.529202356799871],[-112.122970155122,54.529383060279017],[-112.12297941540315,54.53660626746516],[-112.12298865719727,54.543834357925093],[-112.12300084020303,54.551063358199464],[-112.12300345565214,54.558288430243223],[-112.12300373299219,54.558469133239953],[-112.12301493609027,54.565697237062579],[-112.12301899604621,54.572925598807828],[-112.12302303081907,54.580144986042001],[-112.12302698226654,54.587368347482943]]]},"properties":{"METIS_NAME":"Kikino","METIS_CODE":"0411"}},{"type":"Feature","geometry":{"type":"Polygon","coordinates":[[[-112.27424188204611,54.587319832915391],[-112.28668540087638,54.58732019891724],[-112.29912900349458,54.58731927489643],[-112.29944014684091,54.587319236414018],[-112.31188791085387,54.587318234871603],[-112.32433570743056,54.587315949421239],[-112.32464684920076,54.587315878394918],[-112.33709224570364,54.587311064153155],[-112.34953793182049,54.587304972177193],[-112.34984907458919,54.587304803922713],[-112.36229698652595,54.587298783504799],[-112.37474493139706,54.587291485541662],[-112.37505607351557,54.587291291963218],[-112.38750108225346,54.587282690457094],[-112.39994624702636,54.587272817391714],[-112.40025738975808,54.587272553565064],[-112.41270579876849,54.587261344906921],[-112.42515584015584,54.587248872947825],[-112.42546697537854,54.587248543177964],[-112.43791290792153,54.587251258650511],[-112.45036278107605,54.587250224302615],[-112.45067391641841,54.587250179509049],[-112.46312390098242,54.587247835977884],[-112.47557321282153,54.587245969753354],[-112.47588435507663,54.587245905187245],[-112.48833366814185,54.587249032946794],[-112.50078297980247,54.587250895729319],[-112.50109412226966,54.587250921871245],[-112.5010940101716,54.580024463352295],[-112.51354029084358,54.580024829244621],[-112.51353424877941,54.572799990055003],[-112.5135213684535,54.565575861169314],[-112.52596770720226,54.565571917575483],[-112.5262786817559,54.565571801590295],[-112.53873025827448,54.56556166406434],[-112.55118784187765,54.565550236867438],[-112.55149881620366,54.565549933681773],[-112.56394478134163,54.565550525638614],[-112.57639819056341,54.565549840402461],[-112.57670916413329,54.565549801496608],[-112.57670760048883,54.558329149571072],[-112.57670756136598,54.558148446209934],[-112.57670838448038,54.550920801125493],[-112.5767061818985,54.543694400384496],[-112.57670396103292,54.536469360911582],[-112.57669990054494,54.529236077280814],[-112.57669979727535,54.529055373712715],[-112.57670053548904,54.521837231108861],[-112.57670186182898,54.51461395346255],[-112.57670135078779,54.507387972499863],[-112.57670199251862,54.50016444291326],[-112.57670200588312,54.499983740065133],[-112.57670343601283,54.492759107388366],[-112.57670509065866,54.485532468345674],[-112.57669966917828,54.478306228825979],[-112.57669858303775,54.471081409123002],[-112.57669855738745,54.470900699376756],[-112.57669997367667,54.463675814625752],[-112.57669689308591,54.456447059764585],[-112.57638675079608,54.456447182695094],[-112.56392092931057,54.456451428983236],[-112.55145699770034,54.456456081927165],[-112.551146855285,54.456456043775482],[-112.53870338190288,54.456454045059211],[-112.52626021091687,54.456449704884115],[-112.52625664715553,54.449225033591404],[-112.5262559609873,54.442000264856922],[-112.52625594817363,54.441819561434436],[-112.52625762280452,54.434592528748972],[-112.52625558162083,54.427370483429712],[-112.52623703698906,54.420145954186509],[-112.52621469932097,54.413212972768235],[-112.52621404693649,54.413011134066238],[-112.52605796288954,54.413011108375095],[-112.5257481496225,54.413011256643912],[-112.51344490267503,54.4130165484138],[-112.51340137285221,54.41301656192163],[-112.50106104153581,54.413017930997206],[-112.50098520206535,54.413017962790796],[-112.5007512220087,54.41301804731966],[-112.48840634769283,54.413021958089743],[-112.48820300670738,54.413021971333173],[-112.47605978358904,54.413022178840734],[-112.4757499711788,54.413022146562788],[-112.47573795776277,54.413022147174289],[-112.46340239297886,54.413020380615926],[-112.46295890909748,54.413020290088475],[-112.45105486753887,54.413017317724425],[-112.45074504867785,54.413017259763841],[-112.45048990093919,54.413017214390671],[-112.43839804574743,54.413014318980174],[-112.43770731667004,54.4130139062664],[-112.42605080442151,54.413006281536987],[-112.42574098480456,54.413006255573102],[-112.42523787516967,54.413006210884419],[-112.41339269860377,54.413004586268073],[-112.41248836908515,54.413004490233966],[-112.40103825600431,54.413002697616108],[-112.40072844433436,54.413003149010947],[-112.40004537242821,54.413004156013848],[-112.38836493129926,54.413020705727142],[-112.38728699462813,54.413022002384174],[-112.37602190296838,54.41303495919324],[-112.37571208325026,54.413035352460916],[-112.37486216004608,54.413036435978242],[-112.36335941486026,54.413050489485649],[-112.36209898247799,54.413051650688978],[-112.35102155446634,54.413061284101545],[-112.35071174160562,54.413061580930368],[-112.34967188303298,54.413062587522987],[-112.3383528542785,54.413072930598503],[-112.33693579077546,54.413073724307935],[-112.32600371067063,54.413079255364771],[-112.32569389015435,54.413079396926527],[-112.32448145813896,54.413079952266578],[-112.31334497788785,54.413084443375638],[-112.31172977739347,54.413084882855294],[-112.30098542645568,54.413087245595079],[-112.30067560072328,54.413087245426986],[-112.29929762699078,54.413087206540858],[-112.28832708854277,54.413086381878209],[-112.28655901020564,54.413086149941428],[-112.27597857574685,54.41308424771151],[-112.27566875665859,54.413084209537296],[-112.27410631707301,54.413084003074985],[-112.27410658793914,54.413234442217806],[-112.27411906833649,54.420235700024406],[-112.27413557436552,54.427462275043879],[-112.27414907364627,54.434686301077107],[-112.27416262412731,54.441910340361844],[-112.27416296645019,54.442091050346363],[-112.27417651012604,54.449315102302918],[-112.27418889360354,54.456538140921154],[-112.27419739346242,54.463762593418849],[-112.27420412508391,54.470977684041507],[-112.27420449277905,54.471158393915736],[-112.27421906252997,54.47838745234408],[-112.27423364627745,54.485616555551751],[-112.27424255759934,54.49284429808818],[-112.27424816054058,54.500065743408662],[-112.27424811632729,54.500246453200724],[-112.27424635060798,54.507474925140109],[-112.2742446045411,54.51470336380671],[-112.27424017474561,54.521928996525318],[-112.2742444879319,54.529153538938026],[-112.27424425568972,54.529334242013505],[-112.27423501866912,54.536563764955787],[-112.27424088652118,54.543787940236953],[-112.2742431458859,54.551015160028207],[-112.27424453611974,54.558241727499762],[-112.27424462070142,54.558422437940791],[-112.27424782998109,54.565648057363184],[-112.27425106466995,54.57287363194061],[-112.27424859511001,54.580095348609078],[-112.27424188204611,54.587319832915391]]]},"properties":{"METIS_NAME":"Buffalo Lake","METIS_CODE":"0406"}},{"type":"Feature","geometry":{"type":"Polygon","coordinates":[[[-111.93874810451113,54.398560081239985],[-111.94001512009361,54.398561876009786],[-111.94001498769396,54.398561790797025],[-111.93976355661992,54.398365938614667],[-111.93936029712206,54.398179758650542],[-111.93874762591743,54.398029700034776],[-111.93874757440416,54.398029687933729],[-111.93874810451113,54.398560081239985]]]},"properties":{"METIS_NAME":"Kikino","METIS_CODE":"0411"}},{"type":"Feature","geometry":{"type":"Polygon","coordinates":[[[-110.00568324270266,54.064001448608707],[-110.00568349450613,54.06418448167539],[-110.00568519988838,54.071414160203716],[-110.0056868988604,54.07864384441411],[-110.0056847537282,54.085875663845975],[-110.00568261449425,54.093107451689058],[-110.00568221618902,54.100521645290407],[-110.00568183206479,54.107755124009508],[-110.00567605979792,54.114984194987954],[-110.00567026310982,54.122213247547108],[-110.00566278097526,54.129627402401233],[-110.00565544829352,54.136860848262437],[-110.00565229562469,54.144096519225606],[-110.00564909855775,54.151332204225668],[-110.00563839719399,54.158740436350612],[-110.00562792918622,54.165967985713834],[-110.00561818894089,54.173203695725334],[-110.00560846352582,54.180439418681672],[-110.00561867876914,54.187840838280017],[-110.00562862228536,54.195061528986855],[-110.00562452169298,54.20229181969561],[-110.00562040118947,54.209522111067962],[-110.00562197792485,54.216935530662084],[-110.0056235102647,54.224168221181671],[-110.00562798395244,54.231397421921827],[-110.00563244428018,54.238626607335284],[-110.01797220963414,54.238635716121195],[-110.03031201343347,54.238643566537526],[-110.03062052998087,54.23864374734724],[-110.04296033270161,54.238650300652139],[-110.05530018112522,54.238655595966897],[-110.05560869112279,54.238655712220442],[-110.06794853799623,54.238659697892409],[-110.08028841328171,54.238662438446873],[-110.0805969289724,54.238662489752379],[-110.09293782949966,54.238663475668396],[-110.10527901900021,54.238663061321184],[-110.10558753564852,54.238663034880226],[-110.11792757069857,54.238661562858084],[-110.13026950269905,54.238658838716475],[-110.13057801929108,54.238658755196376],[-110.14291594463553,54.238654998776759],[-110.15525403171797,54.238649990670581],[-110.15556254674362,54.238649849130226],[-110.15555787428701,54.231421777537896],[-110.15555327146238,54.224193396545033],[-110.15554548913242,54.216965156717102],[-110.15553948639771,54.209737434294333],[-110.15553933816587,54.209556718006255],[-110.15553842576934,54.202333046204252],[-110.15553747442023,54.195103955956093],[-110.15553145916161,54.187873806618128],[-110.15553315352575,54.180658967260484],[-110.15553319942272,54.180478257641376],[-110.15552474504888,54.173244225101513],[-110.15552078040851,54.166016554071263],[-110.15551697210577,54.158793082353576],[-110.15550719603449,54.151563126737663],[-110.15550695046608,54.151382417710771],[-110.16786066275984,54.15138379010709],[-110.1802002724887,54.151386949763456],[-110.1805081366046,54.151387014089593],[-110.19286158586662,54.151399412970449],[-110.20291514081086,54.151407002209702],[-110.20291518165905,54.151406940832203],[-110.20455419938908,54.148946250563213],[-110.20486461244394,54.148573585979904],[-110.20503670955635,54.14849129534791],[-110.20520742015977,54.148466579446904],[-110.20528661305795,54.1484551276113],[-110.20551542006343,54.148459811048518],[-110.20589022583016,54.148467494964592],[-110.20613009745527,54.148506817992434],[-110.20634333008933,54.148569217921711],[-110.20646975460417,54.148623230940181],[-110.20678273669051,54.148697172106843],[-110.2070568400099,54.148722088920195],[-110.20731143315601,54.148682571995131],[-110.20749579508198,54.148606217448275],[-110.20852271722278,54.148075430760471],[-110.20879908528026,54.147864243279557],[-110.20925607128667,54.147386443396485],[-110.20940823264822,54.147284565316255],[-110.20961948424659,54.14720811433061],[-110.20984598185561,54.147158340185193],[-110.21013438208233,54.14714221035365],[-110.21038181461525,54.147186359412601],[-110.21061553673363,54.147250804521235],[-110.21100025923914,54.147394333292176],[-110.21121707924048,54.147450120234573],[-110.21169689838283,54.14753524909856],[-110.2128295239673,54.147623204357899],[-110.21553561472045,54.147885990728298],[-110.21571146632546,54.147879648952241],[-110.2160928149201,54.147908371402949],[-110.21724908635218,54.148151958020044],[-110.21745850700533,54.148214294139557],[-110.21786328706494,54.148406861185485],[-110.218169300551,54.148552448373522],[-110.21831785572928,54.148655055454228],[-110.21843408732123,54.148769242075851],[-110.21858986804955,54.149048338643993],[-110.21877806176717,54.149123377843743],[-110.21928188834882,54.149189235216127],[-110.21974695242511,54.14927710680427],[-110.22032003611706,54.149304351574763],[-110.22113037174648,54.149381803021065],[-110.22210600395709,54.149557338543737],[-110.22229423059834,54.149626345294898],[-110.22282407601784,54.149883396676529],[-110.22293103039657,54.150006371089155],[-110.2229603723068,54.150359325938169],[-110.22304054719287,54.150686893518099],[-110.22311062474961,54.150831951100876],[-110.22322043720661,54.150955512287382],[-110.22335705728406,54.151064654549778],[-110.22351759870564,54.151153016250895],[-110.22424684388268,54.151410106031229],[-110.22424706346261,54.151410183168565],[-110.23021528547022,54.151410002443548],[-110.23052314935946,54.151409982377338],[-110.23472967303827,54.151407407854379],[-110.2347297570342,54.151407317574602],[-110.23533854965716,54.15074766639578],[-110.23561090562472,54.150524395030352],[-110.23611167230722,54.150257813943995],[-110.23815800925749,54.149408897670412],[-110.23857007244305,54.149252110942157],[-110.24003815083879,54.148597961834973],[-110.24078271239284,54.148133342332969],[-110.24115184113855,54.147785471882763],[-110.24169512494277,54.147003780908619],[-110.24217727888741,54.145995548393955],[-110.24235516291763,54.145499400333783],[-110.24222667237191,54.14550004533416],[-110.24201904736238,54.145563445653117],[-110.24177360156709,54.145525884025737],[-110.24159614355428,54.14542895518575],[-110.24153340818501,54.145280594427192],[-110.24152999454857,54.145113890819133],[-110.24156919555298,54.144932748858473],[-110.24169320784665,54.144820058330922],[-110.24284300823449,54.144189922941152],[-110.24287121509479,54.144180232337568],[-110.24288856277518,54.144174264805002],[-110.24324504626978,54.144051755376921],[-110.24413547995739,54.143824696484614],[-110.24431860149585,54.143742309776094],[-110.24486427209325,54.143311490088699],[-110.2452098730609,54.14313698085239],[-110.24595107898159,54.14264612231046],[-110.24616256933736,54.142408348030692],[-110.24654404720671,54.14208222536687],[-110.24660704748672,54.14193705151358],[-110.24664005376448,54.141595232104713],[-110.24658185302972,54.141439212807995],[-110.24655687205049,54.141264399629655],[-110.24659360073127,54.141107341769143],[-110.24673073039108,54.141001147629915],[-110.24719110533107,54.140906386417974],[-110.24734142730175,54.140811586835433],[-110.24757227266863,54.140561676725632],[-110.24771983997286,54.140284328219586],[-110.24784385318331,54.140172728245822],[-110.2481510211377,54.13998363841803],[-110.24857090432153,54.139861206112961],[-110.24875496276316,54.139779902388391],[-110.24891086673095,54.139684521564334],[-110.2490198276583,54.139564793061439],[-110.24910156903911,54.139429360366151],[-110.24940314409805,54.139054999358471],[-110.24955897577127,54.138771018828713],[-110.24965573686593,54.13846004384407],[-110.2496390010441,54.138276482701606],[-110.24955874326018,54.13795657305721],[-110.24935003261666,54.137514334870581],[-110.24922280826047,54.136946531184797],[-110.25525003494633,54.136946095280898],[-110.25555778894808,54.136946062612466],[-110.26790326400902,54.136947919319923],[-110.28024890541876,54.136948576420998],[-110.28055666601574,54.136948576121206],[-110.29289167531583,54.13694174891517],[-110.30522717590013,54.136933431053784],[-110.30553493085841,54.136933205275668],[-110.30553533403304,54.129705636790568],[-110.3055390033378,54.122479643090351],[-110.30553909416869,54.122298927312187],[-110.30554124542726,54.115067087391814],[-110.30554197960313,54.107845822753859],[-110.30523443691681,54.10784599069747],[-110.29290886656743,54.107851934012025],[-110.28058452165556,54.107853715931455],[-110.28027698528891,54.107853729147514],[-110.26792129847748,54.107853530042306],[-110.25556565628015,54.107852067312223],[-110.25556721572561,54.10062807941285],[-110.25556727187288,54.093404653110447],[-110.25556727162683,54.093223937489661],[-110.25556586880271,54.085989775446393],[-110.25557080775008,54.078770420439859],[-110.25526348643258,54.078770304558027],[-110.24288237288762,54.078765080271147],[-110.24291090545778,54.071533589122502],[-110.24293954287513,54.064269278837017],[-110.24294027069745,54.064083542937176],[-110.240951547799,54.064082737454456],[-110.23062205597815,54.064078073943648],[-110.22872609436283,54.06407711957938],[-110.2284188813025,54.064077151268172],[-110.21797974208822,54.064077636531835],[-110.21618831621763,54.064077630626784],[-110.20564474604649,54.064073496085783],[-110.20396113325454,54.064072754270889],[-110.2036539125845,54.06407271580467],[-110.1930023558386,54.064070961634854],[-110.19142975487128,54.064070626582456],[-110.18066725023861,54.064067757249511],[-110.17920561747614,54.064067292619214],[-110.17889839705526,54.064067196032326],[-110.16802436271264,54.064063145505322],[-110.16667425933566,54.064062577883682],[-110.15568872733625,54.064054431179159],[-110.15444748879814,54.06405345007196],[-110.15414026876847,54.064053347567125],[-110.14303427299131,54.064049187545322],[-110.14189526519061,54.064048696807198],[-110.1306870829136,54.064043350145909],[-110.12965029461519,54.064042801913715],[-110.12934307619579,54.064042943681841],[-110.11803265287358,54.064047622726719],[-110.1170962213356,54.064047964392984],[-110.10568547582385,54.064052430216996],[-110.10484513388147,54.064052714358745],[-110.10453792078388,54.064052740470466],[-110.09303092452375,54.064053244524324],[-110.09229998204623,54.064053238451734],[-110.08068388285406,54.064054291155905],[-110.0800577276287,54.064054317393513],[-110.07975051556041,54.064054149398721],[-110.06803030623534,54.064047144229228],[-110.06749973716622,54.064046796151963],[-110.05568396641954,54.06404970675478],[-110.05524563223442,54.064049791109653],[-110.0549384182015,54.064049571944068],[-110.04303017026776,54.064040372868398],[-110.04270300856376,54.064040102138208],[-110.03068359342612,54.064030219236976],[-110.03045658004847,54.064030025908629],[-110.03014936733385,54.064029742257617],[-110.01802990026145,54.064018040740493],[-110.01792477772361,54.064017936806216],[-110.00568324270266,54.064001448608707]]]},"properties":{"METIS_NAME":"Elizabeth","METIS_CODE":"0408"}},{"type":"Feature","geometry":{"type":"Polygon","coordinates":[[[-110.24294027069745,54.064083542937176],[-110.25317685420782,54.06408717400015],[-110.25348407437839,54.064087264485366],[-110.25556828805524,54.064086277333182],[-110.26571119238005,54.064080953500238],[-110.26790956148812,54.064080947352345],[-110.27793255119337,54.064080404136071],[-110.27823976966388,54.064080371627604],[-110.28055847360024,54.064079745612254],[-110.29045355433928,54.064076550516226],[-110.29290021993936,54.064079227525532],[-110.30268715108173,54.064089446086463],[-110.30299436338026,54.064089749459505],[-110.30299081228739,54.056797800845821],[-110.30298728732075,54.049569438687911],[-110.30302300838231,54.042348728585267],[-110.30302803720937,54.035126076270934],[-110.30302816665294,54.034945360027564],[-110.30303438306066,54.027899882200167],[-110.30304076186464,54.020671507444867],[-110.30304663638938,54.013444397206975],[-110.30305488612893,54.006215351913227],[-110.30305509299056,54.006034558306887],[-110.3030597167561,54.000007377519104],[-110.30306084456009,53.998538067816234],[-110.30307468160863,53.991315254355108],[-110.3030778595901,53.984088395923763],[-110.30308300490412,53.976845143622825],[-110.3030831340382,53.976664427689535],[-110.31531417612476,53.976689864415846],[-110.32752771477436,53.976697269383742],[-110.32783428904635,53.976697443905394],[-110.34007789106897,53.976694229532768],[-110.34699349729678,53.976704578521904],[-110.34654391302907,53.976416635127521],[-110.34621423489477,53.976046331732725],[-110.34579211258065,53.975738441575309],[-110.34504995128036,53.975419815629003],[-110.34445899607675,53.975182900321698],[-110.34367055663209,53.974899964834322],[-110.34322996303911,53.974798687063149],[-110.34319960853992,53.974789532656366],[-110.34251537521357,53.974668938592714],[-110.34227242140128,53.974604686995967],[-110.34151166579416,53.974501655229368],[-110.34125262691717,53.97449123563797],[-110.34006625898428,53.974473196960901],[-110.33847826450908,53.974449016784568],[-110.33754768442496,53.97447982960707],[-110.33699798112906,53.974530726410428],[-110.33640338643497,53.974527436268794],[-110.33552025156278,53.97445064907437],[-110.33492678619649,53.97437545590661],[-110.33387625110268,53.974279753047028],[-110.33335903168981,53.97420497903434],[-110.33278083110446,53.974129875027707],[-110.33200471519265,53.974035681953431],[-110.33148764356135,53.97395191459551],[-110.3312598170149,53.973896714258842],[-110.33078848877317,53.973813210971308],[-110.33057604975984,53.973749108163261],[-110.33039469452879,53.973649230334324],[-110.33021274613968,53.973585295386897],[-110.32998448889256,53.973557062862419],[-110.32958839122358,53.973536875590995],[-110.32887270020312,53.973478959255722],[-110.32814335853803,53.973322089257088],[-110.32781942336472,53.973224334135494],[-110.3277185129328,53.973193875773589],[-110.32751239775914,53.973142830942223],[-110.32705030084351,53.973028360347627],[-110.32662530085275,53.972909134053793],[-110.32638224142028,53.972853837229273],[-110.32595740326367,53.972725631090967],[-110.32577575773564,53.972643720974339],[-110.32538154516114,53.972506682387042],[-110.32469796418938,53.972350057321023],[-110.32427328697207,53.972212844163423],[-110.32409178948807,53.972121947139541],[-110.32379008597474,53.97192251487995],[-110.32306398318624,53.971567889550819],[-110.32283632437225,53.971503701836838],[-110.32241136375647,53.971384457086515],[-110.32218341439868,53.971338231409902],[-110.3215923570161,53.97111919279088],[-110.32065359504425,53.970718418365927],[-110.32036731037385,53.970510070233267],[-110.31988415554561,53.970219721577628],[-110.31959640114039,53.970101250467827],[-110.31929268405324,53.970027625016634],[-110.3188989739932,53.969863605589808],[-110.31835411637715,53.969617844699158],[-110.31794838110991,53.96945887717326],[-110.31739973562031,53.969243922226127],[-110.31699021323136,53.969115760927558],[-110.31679335450465,53.969033748182241],[-110.31617157371475,53.968832476957964],[-110.31585439358358,53.968650909358566],[-110.3157482642188,53.968614354572352],[-110.31546025124855,53.968513851187396],[-110.31527777373157,53.968465457875652],[-110.31435216636793,53.968219915491083],[-110.31335153340473,53.967881644942935],[-110.3127758105523,53.967662651818245],[-110.31215364314656,53.967488315845181],[-110.31124257243779,53.967267387153399],[-110.3110304936621,53.967185277877462],[-110.31066703675515,53.967039380951917],[-110.31007594549355,53.966829270976817],[-110.30987911330065,53.966747245627388],[-110.30968198365348,53.966683200161164],[-110.30892546802727,53.966337309596589],[-110.3085312416986,53.966209206444276],[-110.30815283474533,53.966045252127728],[-110.30778997096652,53.965863393642906],[-110.30635262207591,53.965207974635142],[-110.30618658907396,53.96510814869518],[-110.30593104753115,53.96489095580673],[-110.30529727962742,53.964500813662674],[-110.30470984019155,53.964074974667142],[-110.30424509092859,53.963604910165486],[-110.30415574320787,53.963478561773535],[-110.30397776853572,53.963180929871889],[-110.30366636919887,53.962657819861541],[-110.30362317510414,53.962504768585191],[-110.30353411082848,53.962360439734105],[-110.30349261971713,53.962213387603811],[-110.30349093590878,53.962207400845095],[-110.30346314948194,53.962045452616472],[-110.30338978119354,53.961874252441852],[-110.30336169754386,53.961730284445345],[-110.30338336151151,53.96134392310686],[-110.30349483916154,53.961056955211504],[-110.30346958768069,53.960742219552166],[-110.30341116127777,53.960589090752933],[-110.30335574218036,53.96025620738228],[-110.30328222559842,53.960094006657542],[-110.303116521809,53.959976200493855],[-110.30302393528179,53.95995018778526],[-110.3027170249934,53.959863987226697],[-110.3026917226281,53.959856884208278],[-110.30244818026443,53.959837497133968],[-110.30217385034466,53.959835904032552],[-110.30185423097615,53.95980708446546],[-110.30165761925018,53.959716064965384],[-110.30102680466973,53.959155142895845],[-110.30093747000807,53.959028787722204],[-110.30078926948595,53.9587762651784],[-110.3006879916077,53.95845209736266],[-110.30045135318032,53.958019297059828],[-110.30030645571465,53.95756905220788],[-110.30021743072962,53.957424722879388],[-110.29995648155077,53.956623271559046],[-110.29982383679567,53.956352852405331],[-110.29960591952347,53.955713433290285],[-110.29936455768591,53.954989497312432],[-110.29934471364051,53.954929955729312],[-110.29918190051309,53.954641381431998],[-110.29913873257533,53.954488342535846],[-110.29891737084141,53.95405562620261],[-110.2988742225871,53.953902574447312],[-110.29876995139615,53.953758155317267],[-110.29853366066902,53.953307374619548],[-110.29844435173078,53.953181013678581],[-110.29831157693566,53.952919594543474],[-110.29809022809633,53.952486877733833],[-110.29785651882757,53.951883310381362],[-110.2975461762076,53.951306258359125],[-110.29744192465647,53.951161839515215],[-110.29736921511058,53.950954684728494],[-110.29731233072465,53.950711678027808],[-110.29731520181123,53.950540923173072],[-110.29704877594931,53.950071988007842],[-110.29664914285458,53.949368581439181],[-110.29660599454529,53.949215529479403],[-110.29659347863462,53.949053671312718],[-110.29653539381408,53.94888255520452],[-110.29637292921522,53.948576013182425],[-110.29625587150004,53.948287716348709],[-110.29615465234667,53.947963549284403],[-110.29606914920578,53.947765091261061],[-110.29602266512627,53.947657181048228],[-110.29600415501675,53.947584322879848],[-110.29573683200462,53.946532000311166],[-110.29553441865242,53.945883671192611],[-110.29546684531773,53.945370955156456],[-110.29547275370547,53.945020458844198],[-110.29544545122012,53.944831549163091],[-110.29545149571987,53.944472065335034],[-110.29548499294235,53.944292497044195],[-110.29567552142269,53.943835219249827],[-110.29589606327241,53.943405084172028],[-110.29602578656124,53.942938464505744],[-110.29607481732276,53.942741019583679],[-110.29631043062436,53.942319955175279],[-110.29640410107136,53.942185690713401],[-110.29663985645504,53.941755632194244],[-110.29676686336941,53.941450787314935],[-110.29692734042727,53.940966374504214],[-110.29717832069731,53.940536406679399],[-110.29724181764841,53.940383987372613],[-110.29724798511002,53.940357070818415],[-110.29735688815644,53.939881328895481],[-110.29742355853317,53.939540167258059],[-110.29752008134203,53.939235141913812],[-110.29767723685134,53.938948438733306],[-110.2979888229284,53.938536812273227],[-110.29822137914512,53.93829548974503],[-110.29890079127362,53.93775118061906],[-110.29931748816389,53.937430045060538],[-110.29980957809585,53.93715428354033],[-110.30007214689942,53.936940102411015],[-110.30036770754137,53.936573309297351],[-110.30063340384319,53.936170393048641],[-110.30122211413135,53.935580605287512],[-110.30143955220241,53.935330205522114],[-110.30153319096732,53.93519592194265],[-110.30178363576621,53.934792921323584],[-110.30192551323032,53.934506128375844],[-110.3020193006663,53.93436286377554],[-110.30223672634628,53.934112456863012],[-110.3022085127832,53.933977476586527],[-110.30210398466086,53.933851037775888],[-110.30180295875047,53.933633566362225],[-110.30143995176846,53.933478669820964],[-110.30098438367931,53.933395121650207],[-110.30077250037044,53.933312999029326],[-110.30060675151867,53.933204173675541],[-110.30046333251734,53.933129618056768],[-110.30027451896483,53.933031470179891],[-110.29998858984526,53.9328230764973],[-110.29977941608361,53.932579173743925],[-110.29960100267742,53.932317483235408],[-110.29954262863909,53.932164340756245],[-110.29936407391139,53.931911638022655],[-110.29927493749025,53.931776296079533],[-110.29921642781058,53.931632147218885],[-110.29901026045152,53.931208502248133],[-110.29863853717961,53.930667050384159],[-110.29838322796773,53.930449850829419],[-110.29827858175805,53.930332392880999],[-110.29820468535628,53.930197134848662],[-110.29786027290915,53.929844592395142],[-110.29778638775892,53.929709334500991],[-110.29774325281039,53.929556283009873],[-110.29773360718956,53.929223669719875],[-110.2976939423806,53.928863921604091],[-110.29768789713619,53.928315612255751],[-110.29773673571667,53.928127140560086],[-110.29775468443086,53.927965456948662],[-110.2977276773311,53.927758579793846],[-110.29750316852501,53.927523572854604],[-110.29732177515697,53.927441618231349],[-110.29709395521461,53.927404334886887],[-110.29685044523951,53.927393921539043],[-110.29625606436572,53.927417405349843],[-110.29596701869036,53.927397741095525],[-110.29572456757386,53.92732441253132],[-110.29522276717711,53.927276528544091],[-110.29464362520213,53.927300095838305],[-110.29397369589446,53.927287166953846],[-110.29344174732907,53.927221122009605],[-110.29301747635535,53.927092799525234],[-110.29256243721478,53.926982264304399],[-110.29236582466432,53.926900212652299],[-110.29183708311741,53.926645431637716],[-110.29140060564164,53.926337257653358],[-110.29093339130665,53.926046883282517],[-110.29077217843269,53.925904806263716],[-110.29054323708755,53.925703025458184],[-110.29049519202165,53.925649102665076],[-110.29033400490579,53.925468109381619],[-110.29002335301951,53.924926987178125],[-110.28998024958724,53.924773928964974],[-110.28989132711544,53.924629592856043],[-110.28980528811176,53.924314502597362],[-110.28981091367707,53.923981979974123],[-110.28995360315848,53.923650257840286],[-110.28995892556887,53.923335709064503],[-110.28999242941708,53.92315614764064],[-110.29021017058172,53.922887793334262],[-110.29025828705024,53.922744263740618],[-110.2902974155857,53.922232180523316],[-110.29020878991251,53.922069864156832],[-110.29010433908212,53.921943412083117],[-110.28984912631243,53.921726193477362],[-110.28950166163379,53.921562347524066],[-110.28888071939743,53.921360935080813],[-110.28869951868957,53.92126998662642],[-110.28844433148465,53.921052761306271],[-110.28820483428433,53.920808664219315],[-110.28814620853959,53.920673496284316],[-110.28807526700089,53.920367470605498],[-110.28808138334684,53.920007986579115],[-110.28803890474902,53.919818980413702],[-110.28794998241496,53.919674651507698],[-110.2874987055912,53.919348399380759],[-110.28727429123597,53.919113380332391],[-110.2870806401063,53.918860560676627],[-110.28689391812239,53.918677380270836],[-110.28672118767709,53.91850789674659],[-110.28670392963384,53.918496554429012],[-110.28655553643372,53.918399051193461],[-110.28638943305802,53.918317167196619],[-110.2861925680901,53.918253083835282],[-110.28560596853463,53.917827154645458],[-110.2848225424009,53.917337135415316],[-110.28447496738066,53.917182270431013],[-110.28382381261174,53.916971664330504],[-110.28339952190088,53.916852283788536],[-110.2829909035586,53.916706038575839],[-110.28232347658346,53.916558238784724],[-110.28173372222641,53.916321019095378],[-110.28090423821055,53.915857658150799],[-110.28064927630845,53.915631419910824],[-110.28048643766998,53.915360800024615],[-110.28031177212324,53.914892361187469],[-110.28018619785954,53.914226490307328],[-110.28019578511581,53.913669270734736],[-110.28012275897183,53.913489071231602],[-110.28000343707488,53.913344541712625],[-110.2795521463423,53.913027244927598],[-110.2793556292593,53.912945173881496],[-110.27899290099423,53.912790193500022],[-110.27870721735258,53.91258174841483],[-110.27849842280163,53.912328819678343],[-110.27831872533062,53.912156464992258],[-110.27824380958326,53.912084607099246],[-110.27800871883376,53.911882755288055],[-110.2778537512369,53.911749697245874],[-110.27774920949643,53.911632219781872],[-110.27764760311615,53.911343987655002],[-110.27763034480041,53.911267083969911],[-110.27746383565808,53.910524955481904],[-110.27745260820288,53.909410342107869],[-110.27749284030449,53.908844322505928],[-110.27743550550647,53.908637252065688],[-110.27709176960471,53.908266658394716],[-110.27689855691848,53.907995851420807],[-110.27669289830143,53.907563174660353],[-110.27663822793258,53.907203316169642],[-110.2766511170618,53.906457374238279],[-110.27668450403853,53.906286800301295],[-110.27670578138185,53.905936380690136],[-110.27675423973824,53.90577488349814],[-110.27681775593003,53.905622464304351],[-110.2768511489455,53.905451890576153],[-110.27683903370968,53.905272051901861],[-110.27679616911641,53.905110006672217],[-110.27680237414624,53.904750509358045],[-110.27689914212728,53.904436502903131],[-110.27699294207865,53.904293257855429],[-110.27726489154618,53.904038180431229],[-110.27736427858349,53.90394494822722],[-110.27767565854383,53.903542348166518],[-110.27779960114238,53.903417257655164],[-110.27789187073363,53.903340257821434],[-110.27793858691709,53.90330124523372],[-110.27819402638849,53.903044999405601],[-110.27829483923561,53.9029438576828],[-110.27851241273774,53.902684509476906],[-110.27879039425315,53.902452483375448],[-110.27920735515086,53.90210444446479],[-110.27997760636883,53.901569767397774],[-110.28068726489609,53.90101674718742],[-110.28117967170255,53.900705101960341],[-110.28131849680052,53.900598076128972],[-110.28193372993347,53.900224250457597],[-110.28285748395528,53.899609579521638],[-110.28348805869702,53.899226850761373],[-110.28414921360161,53.898835308137613],[-110.2845173683248,53.898666727401057],[-110.28467107809747,53.898577760203068],[-110.28493362690632,53.898354611326013],[-110.28516604639641,53.898113314629676],[-110.28544365222126,53.897899249777353],[-110.28582685880734,53.897739740156105],[-110.28598041397856,53.897659760008594],[-110.2864272520402,53.897338843186489],[-110.28678016816656,53.897170165750182],[-110.28707282624002,53.896965172127359],[-110.28716757423351,53.896813314525417],[-110.28722927835253,53.896714430273875],[-110.28726215503514,53.896570811070674],[-110.28714317465942,53.896408313935751],[-110.28702326558457,53.896299746554313],[-110.28698052271686,53.896128714643673],[-110.287028774069,53.895976198006494],[-110.28723103847378,53.895716739969252],[-110.28733954232051,53.895600533662261],[-110.2876172707785,53.895377475268077],[-110.28774114266891,53.895252378909966],[-110.28801872255242,53.895038301317051],[-110.2881425876482,53.894913204314044],[-110.28852867067793,53.894582926654692],[-110.28877609738271,53.894350694636138],[-110.28892994789109,53.894252733237792],[-110.28917723272639,53.894029494980316],[-110.28922547161446,53.893876978041739],[-110.28931890324839,53.893751694867987],[-110.28958140003162,53.893528539195898],[-110.28985878650532,53.89332344928485],[-110.29019978731247,53.892956946392694],[-110.29026848415505,53.892905436121779],[-110.29061596098921,53.892644817027495],[-110.2907697929185,53.892546855417045],[-110.2908934908294,53.892430739452607],[-110.29097201953815,53.892287391150361],[-110.29100548983489,53.892107822957698],[-110.29100838123678,53.891937061796767],[-110.29095008987723,53.891783913702199],[-110.29102861249505,53.8916405651443],[-110.29113740040869,53.891506384740424],[-110.29141509011544,53.891283313224072],[-110.29161865760474,53.890942971040495],[-110.29177689672638,53.890584371551611],[-110.29179530251528,53.890395725871414],[-110.29187365113943,53.89026136469856],[-110.2920125614793,53.890145338894719],[-110.29219939910445,53.889894764983232],[-110.29227805094634,53.88974242972634],[-110.29220410953215,53.889616158011044],[-110.29218258655156,53.889597410060411],[-110.2919752567477,53.889416681025281],[-110.29193418680488,53.889380868470809],[-110.29186068270906,53.889227635932009],[-110.29190907005156,53.889066132899941],[-110.29203275995604,53.888950016568238],[-110.29250072802854,53.888269661624356],[-110.29257922421311,53.888126313001443],[-110.29269135447311,53.887794403075375],[-110.29303196666363,53.8874458682807],[-110.29324952125832,53.887177499882633],[-110.2934818308309,53.886936183682785],[-110.29387095958104,53.886417151810171],[-110.29406122646945,53.886216670133905],[-110.29034821056226,53.886206977642978],[-110.27927564039105,53.886177416315327],[-110.27873410879771,53.886175944187244],[-110.27799599470458,53.886173934409868],[-110.26888459861834,53.886152250848696],[-110.26558921107997,53.886143999923306],[-110.2614139207362,53.886133653181894],[-110.26034771510614,53.886130987448041],[-110.2598614361201,53.886129768171735],[-110.25986033911349,53.886671575000989],[-110.25985992029322,53.88687850224197],[-110.25971915182781,53.886903536108065],[-110.25933610013172,53.887053975213476],[-110.25906177067652,53.887079246132359],[-110.2588499000932,53.887015019738733],[-110.25847559708382,53.88667115558701],[-110.25829413822873,53.886607116687649],[-110.25806706084691,53.886542794506113],[-110.25768910662779,53.88640563354349],[-110.25731163490622,53.88624150415815],[-110.25685744806862,53.88611285871346],[-110.25629615072341,53.886019497990119],[-110.25549078204691,53.885960581502459],[-110.25482186705864,53.885929465684711],[-110.25433584023997,53.885881504439205],[-110.25409322163205,53.885835052507268],[-110.25368485946092,53.885697691688527],[-110.25319585919672,53.885476233234407],[-110.25314151813426,53.885451627204816],[-110.25291787941165,53.885386124279144],[-110.25288860125195,53.885377543355013],[-110.25270256211765,53.88532305970746],[-110.25217171133308,53.885229872439751],[-110.25165509817471,53.885190698740757],[-110.25136572268477,53.885206872686112],[-110.25112135632516,53.885259278779188],[-110.25082201350452,53.885336066067808],[-110.25031014305586,53.885528362946069],[-110.25013544612976,53.885620208591405],[-110.250012574658,53.885684801476394],[-110.24988970422301,53.885749395183112],[-110.24980325179838,53.885794846515729],[-110.24922127199913,53.88600693066703],[-110.24902203865092,53.886086576212371],[-110.2488077559161,53.886157143581791],[-110.24840930370243,53.886316447106054],[-110.24824032985958,53.886405273131309],[-110.24794772332179,53.886601182906766],[-110.24762082862217,53.886725310948059],[-110.24762157491769,53.886480092043442],[-110.24763379909896,53.882457666749524],[-110.24763508885155,53.88203342528768],[-110.24763575916376,53.881812970929317],[-110.24764462293402,53.878894898299947],[-110.2530662248051,53.878900942689327],[-110.25987603322105,53.878908225705331],[-110.25987703354541,53.87838887713275],[-110.25988351548273,53.875163864697178],[-110.25988353208291,53.87515629990947],[-110.25306410810579,53.875164955615475],[-110.25275828137855,53.87516532973531],[-110.25260536494683,53.875165516830101],[-110.24057543322036,53.875179647491393],[-110.22839255351839,53.875192719927263],[-110.22808672104084,53.875192203450823],[-110.21581191123597,53.875170811070731],[-110.20353040469139,53.875148903382069],[-110.20322456595899,53.87514893508289],[-110.19104913831568,53.875149569026803],[-110.17886774125816,53.875149564162662],[-110.17856191494546,53.875150396457109],[-110.16636295033078,53.875182907299219],[-110.15416411546538,53.875214366887988],[-110.15417762779829,53.882448445141947],[-110.15419092707201,53.889447768044803],[-110.15388499720243,53.889448200107545],[-110.14165710420281,53.889464950243713],[-110.12942855215796,53.889464338853017],[-110.12912261767433,53.889464751427099],[-110.11689038823006,53.889480642827486],[-110.10465819828642,53.889495270797411],[-110.10435226270964,53.889495502872229],[-110.09211901410414,53.889503923775308],[-110.07990201182795,53.88950513755578],[-110.07959607019269,53.889505221360253],[-110.06737033088262,53.889507887459878],[-110.05514461924523,53.889509321315813],[-110.05483868245526,53.889509333804476],[-110.04261546028677,53.889509419628126],[-110.03039227624629,53.889508239861264],[-110.03008634810978,53.889508137092086],[-110.01785447417787,53.889503351019172],[-110.00564190831055,53.889483185450295],[-110.00564372882931,53.896893786879104],[-110.00564549309912,53.904123658158163],[-110.0056462249955,53.911349923882554],[-110.0056469942331,53.918576169211498],[-110.00564546102136,53.925978911597959],[-110.00564395467656,53.933200950949917],[-110.0056424277888,53.940422963910748],[-110.00564086878347,53.947644970703337],[-110.00564211661981,53.955051894572748],[-110.00564335086233,53.96227809501093],[-110.00564311488725,53.969501314446859],[-110.00564287858958,53.976724508325937],[-110.00564846200167,53.984135786350805],[-110.00565392211271,53.991366328456316],[-110.00565221431752,53.998593703534517],[-110.00565117839771,54.005820897418133],[-110.00565316765694,54.013227968558418],[-110.00565509906686,54.020454337358132],[-110.00565701115879,54.027680679794365],[-110.00565891680088,54.034907028810828],[-110.00566297831058,54.042320028709881],[-110.00566692786842,54.049552313413102],[-110.00567508537142,54.056776881662067],[-110.00568324270266,54.064001448608707],[-110.01792477772361,54.064017936806216],[-110.01802990026145,54.064018040740493],[-110.03014936733385,54.064029742257617],[-110.03045658004847,54.064030025908629],[-110.03068359342612,54.064030219236976],[-110.04270300856376,54.064040102138208],[-110.04303017026776,54.064040372868398],[-110.0549384182015,54.064049571944068],[-110.05524563223442,54.064049791109653],[-110.05568396641954,54.06404970675478],[-110.06749973716622,54.064046796151963],[-110.06803030623534,54.064047144229228],[-110.07975051556041,54.064054149398721],[-110.0800577276287,54.064054317393513],[-110.08068388285406,54.064054291155905],[-110.09229998204623,54.064053238451734],[-110.09303092452375,54.064053244524324],[-110.10453792078388,54.064052740470466],[-110.10484513388147,54.064052714358745],[-110.10568547582385,54.064052430216996],[-110.1170962213356,54.064047964392984],[-110.11803265287358,54.064047622726719],[-110.12934307619579,54.064042943681841],[-110.12965029461519,54.064042801913715],[-110.1306870829136,54.064043350145909],[-110.14189526519061,54.064048696807198],[-110.14303427299131,54.064049187545322],[-110.15414026876847,54.064053347567125],[-110.15444748879814,54.06405345007196],[-110.15568872733625,54.064054431179159],[-110.16667425933566,54.064062577883682],[-110.16802436271264,54.064063145505322],[-110.17889839705526,54.064067196032326],[-110.17920561747614,54.064067292619214],[-110.18066725023861,54.064067757249511],[-110.19142975487128,54.064070626582456],[-110.1930023558386,54.064070961634854],[-110.2036539125845,54.06407271580467],[-110.20396113325454,54.064072754270889],[-110.20564474604649,54.064073496085783],[-110.21618831621763,54.064077630626784],[-110.21797974208822,54.064077636531835],[-110.2284188813025,54.064077151268172],[-110.22872609436283,54.06407711957938],[-110.23062205597815,54.064078073943648],[-110.240951547799,54.064082737454456],[-110.24294027069745,54.064083542937176]]]},"properties":{"METIS_NAME":"Fishing Lake","METIS_CODE":"0409"}}]}