{"type": "FeatureCollection", "features": [{"type": "Feature", "geometry": {"type": "Polygon", "coordinates": [[[-52.65531819489848, 47.56310142796541], [-52.656733711551674, 47.55750132267695], [-52.680606903750814, 47.56093657257753], [-52.691835473855015, 47.56237380142775], [-52.704761606856415, 47.5549009414216], [-52.710509318250935, 47.55157674102084], [-52.7121202878647, 47.55261968973295], [-52.712254939779186, 47.55270684779921], [-52.71231650578865, 47.55337180827092], [-52.71235360412688, 47.5534843861857], [-52.7123977497795, 47.553625747541886], [-52.712537794606604, 47.55404330364187], [-52.71272851126741, 47.55439249416463], [-52.71282049642022, 47.554560983489935], [-52.71309937749276, 47.55496180089314], [-52.713429203696904, 47.555289655988226], [-52.71360769912641, 47.5554671099864], [-52.71386829019219, 47.555715095409035], [-52.713896098613084, 47.55575068844334], [-52.714265987499935, 47.55608710740712], [-52.7143215003132, 47.55615830555889], [-52.71460100831433, 47.556576995609305], [-52.71464820244092, 47.55680120221764], [-52.714602106330275, 47.55701789242782], [-52.714402701821626, 47.55742579670718], [-52.71506911069207, 47.55747880321018], [-52.71568287918884, 47.55755060140555], [-52.716777682259625, 47.557696201210135], [-52.71756448572206, 47.55777439895768], [-52.71916521254074, 47.5579122105073], [-52.72005730325148, 47.557988992231294], [-52.72001287941814, 47.55804169988832], [-52.71971181395091, 47.558399091452564], [-52.71832921225612, 47.56002149470435], [-52.71736267555367, 47.56112503467434], [-52.717227100856654, 47.56127980993483], [-52.718315493338444, 47.56122749010406], [-52.718965985184205, 47.56119969415582], [-52.72012199827429, 47.561182410033126], [-52.722132480480305, 47.56112014195084], [-52.72249615953677, 47.56111411136176], [-52.72268803444067, 47.561137534817675], [-52.72290432130037, 47.56108881534836], [-52.723782178676345, 47.56091150027426], [-52.724840997893935, 47.56076958655997], [-52.725315803854585, 47.56065439733597], [-52.72549155495679, 47.56059353655461], [-52.725723321349015, 47.560513297764565], [-52.72614109745693, 47.56028208386805], [-52.72721881210269, 47.55950100468095], [-52.72768849064122, 47.559232991745276], [-52.7281745108061, 47.55905470940162], [-52.72857099814266, 47.55898570592872], [-52.729708697703984, 47.558815589341705], [-52.73040988296086, 47.55871500145184], [-52.73093165472769, 47.558618112487416], [-52.73112229022275, 47.55855129309143], [-52.732096299948225, 47.55825769675604], [-52.73400267983028, 47.557617004244854], [-52.73560320297894, 47.55737680942116], [-52.73630171604186, 47.557195298756234], [-52.73670740955044, 47.55700009933246], [-52.737266204374855, 47.55661378777693], [-52.73787919030145, 47.55706340128409], [-52.73857698624252, 47.557664692610665], [-52.74043939460623, 47.556502589042374], [-52.74147680171738, 47.556117991794835], [-52.74271521554895, 47.55578420333186], [-52.74360329284585, 47.555707689147084], [-52.7445583825623, 47.55564820209963], [-52.74532778226931, 47.55560050180191], [-52.74527238588043, 47.55593430482107], [-52.74522689456325, 47.55656488715562], [-52.74533062189835, 47.55716982914405], [-52.745342284832084, 47.557238000536785], [-52.745501610784935, 47.557631511476], [-52.74581029027871, 47.55812168827079], [-52.74612960254011, 47.55853070405844], [-52.74692509230606, 47.559265485557724], [-52.747296537052115, 47.559602291513556], [-52.74747114380584, 47.559795517024355], [-52.74773072916587, 47.56008280302083], [-52.747833400079394, 47.560196397385184], [-52.74811139967044, 47.56056111530807], [-52.748181383801466, 47.56066799425], [-52.74825148254555, 47.560774896541], [-52.74834981776262, 47.5607423998055], [-52.74842241795157, 47.560718399561196], [-52.74883039911662, 47.56059519342938], [-52.74958760033005, 47.560178703081746], [-52.75025239004435, 47.55983839507922], [-52.750787000609414, 47.559564812810194], [-52.751697701072246, 47.55927360802683], [-52.75207880496715, 47.559141803295766], [-52.75232719590889, 47.55908780458117], [-52.75657907782215, 47.558164200839904], [-52.757673403490216, 47.55789541428363], [-52.759424192280925, 47.557382691734034], [-52.7667039970068, 47.55526409047893], [-52.769006783072506, 47.554571802653754], [-52.76998988871621, 47.554187201024725], [-52.77074540225045, 47.553854799712795], [-52.772599171413965, 47.55303927450352], [-52.773137355391164, 47.552798878232124], [-52.77346420148074, 47.552652412040025], [-52.77390686903701, 47.55245399721494], [-52.774405678288524, 47.55223043580397], [-52.77482318424787, 47.552043295129174], [-52.77535400092006, 47.551808290874106], [-52.77549551616827, 47.55174910610489], [-52.77563080642535, 47.5516857900569], [-52.77735060301098, 47.550924391353185], [-52.7791479052823, 47.55012860358657], [-52.781522697724654, 47.549077209208185], [-52.78180830391287, 47.54895068924097], [-52.78484711009786, 47.54774730182037], [-52.78567150914177, 47.54742078944576], [-52.7879320162943, 47.54667469410553], [-52.79036247785681, 47.54584490039559], [-52.791634703384375, 47.54534809231129], [-52.79399559076968, 47.54430260104949], [-52.79916571871969, 47.54210719548763], [-52.79984651744435, 47.54181810329874], [-52.803731692732505, 47.54010739631227], [-52.80412730526699, 47.53993321122028], [-52.804624110728625, 47.53972159788453], [-52.80682529912113, 47.53878390359631], [-52.807796608633296, 47.53843570485243], [-52.80924449865483, 47.5380348947708], [-52.81057600270976, 47.537799092065555], [-52.810717111181205, 47.53777412152295], [-52.811646246600944, 47.537609565778624], [-52.81167649239901, 47.53760418743679], [-52.81191690164462, 47.537561636163446], [-52.815402097914536, 47.536944544623026], [-52.818172591503185, 47.53645389121486], [-52.81996898133178, 47.53614649937678], [-52.82052280415195, 47.5360207033317], [-52.82188967513546, 47.53570770423658], [-52.82189160537851, 47.535707312772466], [-52.824261745954004, 47.53974178389306], [-52.82534572641677, 47.54158206572723], [-52.8254553668508, 47.54233500383441], [-52.8261224351755, 47.54313277158013], [-52.826569173341916, 47.54332686252717], [-52.82794752906528, 47.54369058069776], [-52.8304718391804, 47.5443329161264], [-52.83428031601615, 47.544787446836644], [-52.83548544457482, 47.544935832402146], [-52.836006805296215, 47.544977635837], [-52.836583774075635, 47.54499677006038], [-52.83719268539466, 47.54498288636574], [-52.837525959433876, 47.5450104186618], [-52.83813499768004, 47.54495053051983], [-52.83873185665073, 47.544840585288526], [-52.83941886764166, 47.544726130573316], [-52.840234151387584, 47.54451438464185], [-52.84150051075154, 47.544046490084014], [-52.84284078282866, 47.54392719803025], [-52.84302681869652, 47.544077202972275], [-52.845019311134706, 47.543481220986756], [-52.84602440826201, 47.54342081038009], [-52.84814483338681, 47.54276946817536], [-52.84977892199981, 47.54240537981305], [-52.85158594163505, 47.54181893759978], [-52.85272773064604, 47.54128314722413], [-52.853778204044126, 47.54074825765743], [-52.853792022459686, 47.54074122286468], [-52.8544954894088, 47.54038299837985], [-52.85455487447774, 47.54036244238168], [-52.8562173306803, 47.54021240125755], [-52.8573890414038, 47.54005584667129], [-52.85887923103399, 47.5396379475383], [-52.86031308131571, 47.53873244400658], [-52.86108315931718, 47.53835269683423], [-52.86200546174368, 47.538029623205915], [-52.86295157602419, 47.5377114908542], [-52.864078822677044, 47.53743596747472], [-52.86417482675056, 47.53760376037905], [-52.86466097140061, 47.5381818055598], [-52.86539809259649, 47.53913282772582], [-52.866096675242595, 47.5397967984056], [-52.867171903411545, 47.54075709407918], [-52.86720532014253, 47.54074002878799], [-52.867211519214855, 47.54073685980617], [-52.86751533444205, 47.54095688860152], [-52.86791244329856, 47.541151641762106], [-52.87103334662339, 47.53944615253332], [-52.8711299131083, 47.53967110363722], [-52.87123279112748, 47.539850864702956], [-52.871363615385754, 47.540065709454005], [-52.8714529506743, 47.54041337460866], [-52.87157423037943, 47.54088520614237], [-52.87164927339051, 47.54132411062293], [-52.8717661656097, 47.541815622562204], [-52.871792629537275, 47.542257155551766], [-52.87086922831809, 47.54282454930824], [-52.87201645485117, 47.5434823522887], [-52.872817463636316, 47.543075731986825], [-52.87329137889817, 47.543446961664884], [-52.87388743045067, 47.5430960461752], [-52.874303229762795, 47.543443427319815], [-52.87434595884626, 47.543479115453124], [-52.87493848011874, 47.54387730323672], [-52.875719834916204, 47.54442338973906], [-52.87585252807625, 47.544499611819305], [-52.87592923950311, 47.54465942913421], [-52.876274919855156, 47.54489009191919], [-52.877074891885904, 47.54510597226004], [-52.87712747578365, 47.5451121493871], [-52.87753451561431, 47.545273137850515], [-52.87781584744856, 47.54535148846035], [-52.87841449882171, 47.545518264838336], [-52.87923878450756, 47.54569337896563], [-52.87983231008456, 47.54580207432503], [-52.88025738787757, 47.54588161906239], [-52.880084481688336, 47.5461718022326], [-52.88001921145598, 47.54628148990168], [-52.87954798871922, 47.5465995930243], [-52.87924059643898, 47.546807092192076], [-52.87912501910244, 47.54693189855844], [-52.87866479246601, 47.54742840136155], [-52.87863668229891, 47.547450309757714], [-52.87701386341906, 47.547264213477845], [-52.876737474089786, 47.54723260310472], [-52.876494130350366, 47.5472047974271], [-52.8767471501191, 47.547054989032524], [-52.87722222347022, 47.54677367206337], [-52.87663052542857, 47.5468622670546], [-52.875522555488395, 47.547028206232426], [-52.875495096688915, 47.54730477055407], [-52.875481723851955, 47.54743949012233], [-52.875693104268365, 47.54749855344026], [-52.87547871228452, 47.54828187004219], [-52.87547511744842, 47.54837889215023], [-52.87552050933823, 47.54844439464907], [-52.87562771873309, 47.5485283730653], [-52.87571444671032, 47.54856967560773], [-52.87588146765365, 47.54862725751952], [-52.8754439460588, 47.5502181071365], [-52.87539030970397, 47.550182163072094], [-52.87484772754787, 47.549934172801095], [-52.87469593491026, 47.54986188415724], [-52.87460242634734, 47.54990512404707], [-52.874573918606934, 47.549979319668395], [-52.87457797308381, 47.55006902260857], [-52.874623334525694, 47.550134511287624], [-52.87471747690258, 47.55021264203978], [-52.87475672607786, 47.55026194455426], [-52.87486614869757, 47.55035694114887], [-52.87504880113883, 47.55053931809311], [-52.87594527551389, 47.55143438572249], [-52.87541454883975, 47.551653619042014], [-52.875198665429004, 47.55174278744077], [-52.8746296652602, 47.55197784104028], [-52.87515143363317, 47.55251774190891], [-52.87539867753264, 47.55273690172847], [-52.87524158577661, 47.55281055823411], [-52.87505268957019, 47.55318298943898], [-52.8749369929384, 47.553411079341096], [-52.87485657775085, 47.55398594780563], [-52.87517988736601, 47.554109574821226], [-52.87804456207729, 47.553935353882615], [-52.878046683751016, 47.5539388628966], [-52.878387532836264, 47.553916463584606], [-52.878562843765906, 47.554137462130896], [-52.88162848500916, 47.5580016360969], [-52.88281417145884, 47.55949593181637], [-52.882772910005386, 47.55980177999362], [-52.88272091569273, 47.56270108234822], [-52.883215474870056, 47.564755480240706], [-52.883399414123865, 47.5655195353998], [-52.883688108506355, 47.56685631303209], [-52.884151053000934, 47.56899975492418], [-52.88445595634789, 47.57041120776484], [-52.88706104782796, 47.57440557844165], [-52.89034997115287, 47.57799237994032], [-52.89300030848255, 47.580776945487244], [-52.89301435065553, 47.58093017056221], [-52.89328254812711, 47.581526580089324], [-52.89348658292516, 47.58172619803584], [-52.893811602985174, 47.58224709140542], [-52.894521358569605, 47.58273118361185], [-52.89462934720839, 47.58291937582889], [-52.89466023094613, 47.58297282451013], [-52.89493091206891, 47.583129766727325], [-52.89568031758633, 47.58355652033849], [-52.89619549621128, 47.58377036292842], [-52.89670418990367, 47.58407940424074], [-52.89676841167813, 47.584040204704245], [-52.89691129449078, 47.583843400402294], [-52.896984602842885, 47.583575999346415], [-52.897109905963674, 47.58353998853629], [-52.897209692175046, 47.58346788768038], [-52.89711828077833, 47.58332900135132], [-52.89742008973514, 47.583023292754966], [-52.89738901773536, 47.5829047948073], [-52.89768138910036, 47.58265091075868], [-52.897538007941286, 47.58238249610462], [-52.8975648131899, 47.58227200357612], [-52.898119503579366, 47.581804792201325], [-52.89853189192033, 47.58112658980887], [-52.8986409046749, 47.581104695960306], [-52.89869438308359, 47.580985496969475], [-52.89866672419324, 47.58093689588724], [-52.89890810292945, 47.5807127054205], [-52.89894298892587, 47.58059509626114], [-52.89914259382587, 47.58045088606754], [-52.89909651524843, 47.58019979995794], [-52.89915008734592, 47.57997870920144], [-52.89940998720661, 47.579752899092774], [-52.89932910065256, 47.57961961529321], [-52.899571698894235, 47.579350693732486], [-52.899913896862984, 47.57911158806171], [-52.9000497006291, 47.57897920101276], [-52.900646814032854, 47.57792220159347], [-52.900798895125206, 47.577775603169236], [-52.90083840260846, 47.57768308770097], [-52.90074940649768, 47.57745478942031], [-52.90083199986935, 47.57723760753766], [-52.90118839122094, 47.57676800776423], [-52.90145280548938, 47.57666930603364], [-52.901707001876126, 47.57636119132291], [-52.90186480426975, 47.576194988199724], [-52.90188348304203, 47.57609150750336], [-52.90209120290022, 47.575940205939894], [-52.90211801415912, 47.575829694069284], [-52.90220270114642, 47.57572700005697], [-52.90254609201265, 47.575443193970486], [-52.90293029834553, 47.57502218580654], [-52.903056702164, 47.57494148650006], [-52.90321090169062, 47.57490938787974], [-52.9033328132317, 47.574701699641885], [-52.90312801542507, 47.57445759417246], [-52.90313279117488, 47.574278800693435], [-52.90325809916737, 47.57414080759927], [-52.90346232074124, 47.57402169918138], [-52.90364077820758, 47.57396850380989], [-52.90406879790084, 47.57368401046961], [-52.90394280912558, 47.57345880435116], [-52.90417259938246, 47.57317188768564], [-52.904158813120205, 47.5730965981077], [-52.904082497243685, 47.57288639533855], [-52.904167282986734, 47.57268169881484], [-52.90419888827196, 47.572494307626876], [-52.903993002968804, 47.57209101572025], [-52.90399700179785, 47.57165100723408], [-52.904058616531245, 47.57152479313464], [-52.90405289202956, 47.57144240778393], [-52.904202908742526, 47.570977409372844], [-52.90408399655097, 47.57058599978722], [-52.9042279830939, 47.57034450779726], [-52.90452378938835, 47.57005830155725], [-52.905784582179095, 47.56918139685452], [-52.906155803229595, 47.568844311248405], [-52.90644452317123, 47.568724397681336], [-52.906417906845654, 47.56863111208398], [-52.90674051235676, 47.568234405798265], [-52.90705830061727, 47.56801649430244], [-52.90713249967442, 47.568010310929076], [-52.9071823990995, 47.56792318625593], [-52.907351699205506, 47.567819803998574], [-52.90746548338593, 47.567619105966216], [-52.90756401535206, 47.56759170639057], [-52.90763710549644, 47.567528194852024], [-52.90764419480815, 47.56736191323737], [-52.90744861505298, 47.567168105908415], [-52.907571709237864, 47.56691559809689], [-52.907680698822226, 47.56679168699904], [-52.9080866174989, 47.56654099856416], [-52.9081665960597, 47.566515112581634], [-52.908272103091264, 47.56642339518507], [-52.90855849852256, 47.56629098393655], [-52.90901197993796, 47.565940603753056], [-52.90908848839557, 47.56584499566877], [-52.909007784317964, 47.56550769397461], [-52.90924767474117, 47.565430203298796], [-52.909268707921306, 47.56533919077403], [-52.90944262556866, 47.56526089716037], [-52.90958859396676, 47.56523579151988], [-52.9096756033792, 47.56514570888284], [-52.9096827061266, 47.564979407802234], [-52.90958660802645, 47.564917409571855], [-52.909555481390754, 47.56479900167525], [-52.909836315644, 47.56438029958877], [-52.90981219830348, 47.56419749788041], [-52.909963999050184, 47.56415290357641], [-52.910021910045536, 47.564160802090356], [-52.91015748543304, 47.56413019325158], [-52.91017971909434, 47.56399460163312], [-52.91014959182041, 47.56393340602658], [-52.91034791581767, 47.56383390340498], [-52.91040260085348, 47.56356798612283], [-52.91033440221533, 47.56345271499216], [-52.910407492197386, 47.56328719577565], [-52.91090989543837, 47.562588711153346], [-52.91096240861532, 47.562310305039205], [-52.911145710474244, 47.56207820207484], [-52.911225592107435, 47.562052397575535], [-52.91137222214558, 47.56151749704899], [-52.91143171787878, 47.56107289780347], [-52.911670496805414, 47.56093809080051], [-52.91180770669303, 47.56045501366506], [-52.911845106222, 47.5601460081395], [-52.9120238097209, 47.55988890068583], [-52.912192285046935, 47.559320406021406], [-52.912402397821225, 47.5589776978265], [-52.91245939466541, 47.558724383191745], [-52.91259521567113, 47.558490007416815], [-52.91267048093275, 47.558438998579845], [-52.91301042424648, 47.55798349683642], [-52.91300710013096, 47.55781181133564], [-52.913127998481635, 47.557342786969045], [-52.914118005778526, 47.55550730818169], [-52.914201620626535, 47.555245398823956], [-52.914296709072154, 47.555148212649065], [-52.91434549912964, 47.555003906237886], [-52.914416401417704, 47.55487589182754], [-52.91465651538153, 47.554442501283695], [-52.914789889925345, 47.55429739471294], [-52.915048909872695, 47.55350470251666], [-52.915094320135786, 47.553395383695204], [-52.91492262824579, 47.55336412612637], [-52.91429945895409, 47.55335176415633], [-52.91366663489313, 47.54870695201302], [-52.91153461204305, 47.53791630387766], [-52.91048931397332, 47.532912558048686], [-52.910373939070084, 47.53238956283397], [-52.90992441307682, 47.53120106652115], [-52.91009655602933, 47.53127957640984], [-52.91072220262312, 47.5315007897972], [-52.91106187151768, 47.5315777424257], [-52.91137732708672, 47.53161582291857], [-52.911587531694444, 47.531677596376696], [-52.9119590296709, 47.5317860797557], [-52.91238514563076, 47.53190412615568], [-52.91293475584872, 47.53215198386632], [-52.913171255000364, 47.532297287803466], [-52.91344497716884, 47.532375600538636], [-52.913802469115616, 47.532466481171014], [-52.91440725111061, 47.53250561310757], [-52.91496106585168, 47.53248499633479], [-52.915364216565955, 47.53237630866529], [-52.91598395902104, 47.53215212797468], [-52.916703336849054, 47.5317540985311], [-52.91696192505096, 47.531489224424895], [-52.91736410883957, 47.531101450519216], [-52.91737086515176, 47.53109573620015], [-52.91763044715968, 47.53087576126612], [-52.91788511820397, 47.53077020700531], [-52.918416404030054, 47.53066237974748], [-52.91842291567839, 47.5306620122291], [-52.91852460225215, 47.53065609776064], [-52.918672228943976, 47.530647531305306], [-52.918742256394715, 47.53064347618089], [-52.91924037855095, 47.53061455329073], [-52.9200091566784, 47.530573273707255], [-52.92079469140029, 47.530422488950975], [-52.92147045394517, 47.53026865181673], [-52.92205905436037, 47.53004329089664], [-52.9224994432544, 47.52971193849609], [-52.92275343719972, 47.529420320803965], [-52.92288630498844, 47.529136612976934], [-52.922912200580356, 47.528924953517084], [-52.92292605648832, 47.528538219488105], [-52.922933222616194, 47.52787790975837], [-52.92297141606811, 47.5273743625839], [-52.923084380782484, 47.52703205916984], [-52.923217816217495, 47.52673223981463], [-52.92346808644646, 47.52628862161929], [-52.92386273175822, 47.52595466731276], [-52.92423033172773, 47.52550677465228], [-52.9246343015907, 47.52511713929223], [-52.92482232256499, 47.524912184237735], [-52.92440243837595, 47.524794710399604], [-52.9240293462474, 47.52466059736363], [-52.92366065328554, 47.52448521616286], [-52.92326459532144, 47.52426213431559], [-52.92285232979716, 47.524005305167115], [-52.922589281445106, 47.52380213179322], [-52.922273161019106, 47.523539028594335], [-52.92177096415349, 47.52309590719742], [-52.92158433404391, 47.522750057755495], [-52.921259265248295, 47.52196899803024], [-52.92070965363456, 47.5207964146605], [-52.92040653232271, 47.519669860876945], [-52.920213853335504, 47.51892333810394], [-52.92002897425017, 47.51739210604649], [-52.91952679869055, 47.51509972357248], [-52.91937228385187, 47.514394299631384], [-52.919371635898486, 47.514391369188274], [-52.91908146709326, 47.51306656587518], [-52.91877187885358, 47.51165301294377], [-52.92009526231472, 47.511318598063745], [-52.920720936094675, 47.51116312180546], [-52.92068951166444, 47.511139303298805], [-52.9206953965834, 47.51101780636531], [-52.92099989769839, 47.510781885487035], [-52.920968803778194, 47.51066339421012], [-52.92070859175948, 47.5104242004248], [-52.92064850900504, 47.51030180902643], [-52.920659010625414, 47.51010350505832], [-52.92070189617114, 47.51008071172398], [-52.92056309855303, 47.5099395911321], [-52.920277207071294, 47.50997001178537], [-52.92013151585417, 47.50989309576324], [-52.92006791651366, 47.50980289776628], [-52.91986428844942, 47.509616189869725], [-52.91958091064301, 47.50945539462474], [-52.91948840731597, 47.50936130433506], [-52.9195868927123, 47.509231901770434], [-52.91974777481808, 47.50913550221572], [-52.91958711634583, 47.50892610194097], [-52.91924129516721, 47.508732309236514], [-52.91916847815693, 47.50859189900328], [-52.91918100341915, 47.50853755244233], [-52.91918940682999, 47.50850100338614], [-52.91928431920292, 47.50840380110283], [-52.91895930926809, 47.50822100186892], [-52.91864349505233, 47.508088306886826], [-52.91824910035075, 47.50783489820813], [-52.918162297194094, 47.50782308472762], [-52.918043100004326, 47.5078395865286], [-52.91762898891158, 47.507530496603174], [-52.9173061980096, 47.507462085421814], [-52.9170865116861, 47.50728950789055], [-52.916989506341835, 47.507068406124226], [-52.91684456657789, 47.50696171303888], [-52.916663292625636, 47.506828298714034], [-52.916595179511035, 47.506713001983066], [-52.91610831992072, 47.506365493622106], [-52.91606289236496, 47.50625924531693], [-52.91354231728008, 47.50560605311924], [-52.90950864131328, 47.50455387959475], [-52.90160021362346, 47.50249040059303], [-52.90077088921833, 47.50232418994248], [-52.89991632019486, 47.502194400547275], [-52.898490909630745, 47.50206509000271], [-52.896977206599246, 47.50207210011135], [-52.89575921396509, 47.5021732042328], [-52.893990923497206, 47.502481498532106], [-52.89310890297463, 47.502693913443984], [-52.886599113953416, 47.50442618823962], [-52.886123245237705, 47.50455277425108], [-52.86945309887799, 47.508986049229804], [-52.868627507346986, 47.50920548988442], [-52.86728391008156, 47.50951539447296], [-52.86591070404797, 47.50974470878082], [-52.86466980166793, 47.509851213741776], [-52.864229325646846, 47.509888897071114], [-52.86312790236412, 47.509915895037224], [-52.86219919490095, 47.509905883184885], [-52.85725618881568, 47.50985243834463], [-52.85514298797647, 47.509829500929754], [-52.854864489335284, 47.50982500392436], [-52.854863893251164, 47.50982500077844], [-52.85465118572499, 47.5098193930833], [-52.85435919467553, 47.509824109711055], [-52.853840899914054, 47.509814513581134], [-52.85144951332611, 47.50979020072833], [-52.85004129115005, 47.50977689235348], [-52.84864819278518, 47.50981738607868], [-52.84727760473502, 47.50996522393802], [-52.84698110375055, 47.509997195247195], [-52.84657181217384, 47.51006679977549], [-52.84614503804203, 47.51013481100859], [-52.843745502347936, 47.510517212018186], [-52.841352692947396, 47.51083461146131], [-52.84014802017657, 47.51094400112171], [-52.8329410942397, 47.51146439314247], [-52.832723600527196, 47.511467858512155], [-52.831706611110185, 47.511484101822774], [-52.830495310442664, 47.511404498699164], [-52.82989451603122, 47.51131509267694], [-52.82871760533545, 47.511081896032174], [-52.827871983753276, 47.51082539681648], [-52.82706470642655, 47.51052328892007], [-52.82701983989396, 47.510502215454224], [-52.82692218618467, 47.51045628743717], [-52.82679824527099, 47.51039802955325], [-52.8265651124686, 47.51028839725877], [-52.825847195019996, 47.50988590859618], [-52.824990412356904, 47.50930559239122], [-52.82491826465772, 47.50924152647637], [-52.82426421602106, 47.508660298969055], [-52.823740780153585, 47.508119700853065], [-52.82173960106573, 47.50593789807503], [-52.81990796583577, 47.50397755651609], [-52.81943660065407, 47.503473006460425], [-52.8185734783644, 47.50270380415498], [-52.81801437688206, 47.50228080080464], [-52.817153212434214, 47.50170440303617], [-52.816845405006084, 47.501498396872236], [-52.81599318461137, 47.501043995946404], [-52.81490659048122, 47.50054360293408], [-52.81467091408194, 47.50043509689098], [-52.81448290630184, 47.50037510862159], [-52.814193083312574, 47.50005570493466], [-52.81377491383724, 47.499864400512756], [-52.813647601800454, 47.499792213070506], [-52.81339439263379, 47.499648606730226], [-52.81300298298426, 47.49942670233207], [-52.812594622982424, 47.49913619637158], [-52.81162299668113, 47.4982966983945], [-52.811282802355876, 47.498059086632416], [-52.81105290640261, 47.49793679139433], [-52.81035321140095, 47.49766890344381], [-52.81013941165876, 47.49762720296129], [-52.807374780270955, 47.49754490307212], [-52.80699099751607, 47.49750860935902], [-52.806722020858814, 47.49748319559189], [-52.805626110307145, 47.49727549569247], [-52.80561960705587, 47.49747359406108], [-52.804575900289706, 47.49723800546232], [-52.80377470130082, 47.497106687178025], [-52.803179190400705, 47.49704423999081], [-52.802655406771045, 47.49698931100378], [-52.8014987034735, 47.49694449117919], [-52.80134951736096, 47.49695042644328], [-52.800371606344385, 47.49698919092872], [-52.799259993486174, 47.49709659984956], [-52.79850694608755, 47.49723790751403], [-52.79763720435718, 47.497401108645235], [-52.796834793830826, 47.4976205844831], [-52.79644330383954, 47.497752624533646], [-52.795771485951285, 47.49797919184739], [-52.79420891912275, 47.4985584466264], [-52.792375402046375, 47.49923811146914], [-52.791755294515426, 47.49946300909304], [-52.79017178691298, 47.500037399180215], [-52.79006592700035, 47.500073911694365], [-52.78883310432322, 47.50049919475642], [-52.788832510278944, 47.500499410915715], [-52.78879359831546, 47.500508785725444], [-52.78854305824855, 47.50041273888672], [-52.787611962163275, 47.50005582461987], [-52.76739199887736, 47.492301389933026], [-52.76720562454327, 47.49426589753817], [-52.767081101668985, 47.49451069127926], [-52.76484256680671, 47.49389690300737], [-52.76483032952331, 47.49389354881688], [-52.75449939548599, 47.49105995730894], [-52.73165520767108, 47.484788951527], [-52.721153978107566, 47.48190382027919], [-52.72143942646809, 47.47991588148756], [-52.72154604707682, 47.479123402885044], [-52.72155290169319, 47.47907851773472], [-52.721947974980935, 47.47648870932756], [-52.72106798968916, 47.465886906409224], [-52.71516827528414, 47.461510591909686], [-52.71502102721653, 47.46149145965129], [-52.69688421390102, 47.459411492766506], [-52.62181671010158, 47.43740249118901], [-52.58276394294939, 47.50006116562503], [-52.58275608299434, 47.50007373686176], [-52.58229582169129, 47.500811101352994], [-52.5892331732894, 47.51056554077996], [-52.59623660779328, 47.52195399637716], [-52.605034628519235, 47.53219861183794], [-52.616314219220236, 47.54403395172967], [-52.62758610938749, 47.55305566061176], [-52.63518687525953, 47.557105418754745], [-52.64374196996704, 47.560810191019016], [-52.65531819489848, 47.56310142796541]]]}, "properties": {"FED_NUM": 10002, "ED_NAMEE": "Cape Spear", "ED_NAMEF": "Cape Spear", "REPORDER": "2023", "SHAPE_Leng": 82278.0916262, "SHAPE_Area": 195273845.265}}, {"type": "Feature", "geometry": {"type": "Polygon", "coordinates": [[[-55.50000000248764, 50.537651916393266], [-55.591390557981875, 50.516662876349436], [-55.66081199983261, 50.50007191080871], [-55.6951234395836, 50.491849331166364], [-55.79325903588651, 50.467249836306394], [-55.95004201911797, 50.427328286292365], [-56.000000007022386, 50.414654364353986], [-56.00000417081035, 50.41465329730408], [-56.00189244679133, 50.41417362735359], [-56.07398968192109, 50.3958241396454], [-56.18334228732541, 50.32181407734633], [-56.20000130267235, 50.310696643899696], [-56.29066649384826, 50.25004290622957], [-56.29323064807423, 50.248323872671094], [-56.2934913670754, 50.24808650456751], [-56.41894762513058, 50.13349159867088], [-56.43796787597815, 50.11605184683589], [-56.4380484041256, 50.115980412837146], [-56.499999982208664, 50.03595627384077], [-56.50557324919829, 50.028741004393225], [-56.52755404223169, 50.0002580713674], [-56.52772897094327, 50.000031232480644], [-56.53971557829051, 49.984481104077915], [-56.64832961385854, 49.84300954493789], [-56.6604986224728, 49.82709523580393], [-56.662729876746724, 49.82471407546387], [-56.665699104838524, 49.821544923996115], [-56.668789698763646, 49.81824562292904], [-56.700959030860815, 49.783868954645726], [-56.73034560956133, 49.75241019714968], [-56.73257571396103, 49.75002064912741], [-56.73257866332014, 49.75001749960051], [-56.73813836507647, 49.74405896166464], [-56.75409986053796, 49.71209145812137], [-56.76168293790712, 49.69688718298298], [-56.774088615850545, 49.67198968841283], [-56.79249409548799, 49.63499674264917], [-56.792388293167214, 49.63493264930442], [-56.794603532623405, 49.63238254842835], [-56.80447986213627, 49.61961590598672], [-56.7909340994489, 49.6119608066482], [-56.83442017557057, 49.539347617459704], [-56.84642699247658, 49.5192535372944], [-56.847716882506255, 49.50491846174699], [-56.86864766030809, 49.427704960495895], [-56.88171948411522, 49.37954874665005], [-56.8842111030929, 49.37033146491821], [-56.905135004963675, 49.293408099710156], [-56.917909077348185, 49.24446675605198], [-56.92482029447557, 49.219607455921626], [-56.94364953357025, 49.149367444649116], [-56.99316300913619, 48.96360741678517], [-57.06687500824478, 48.850369516439414], [-57.240750696276, 48.58078349616757], [-57.251566332494626, 48.552687510909315], [-57.26332261236488, 48.522107446949], [-57.280425424514036, 48.47754503390576], [-57.29036204600787, 48.451613335204], [-57.36719276542296, 48.250081690250255], [-57.38058921527047, 48.2147550945124], [-57.38059252467526, 48.21474640911455], [-57.412279657008575, 48.13096422021071], [-57.52013933787572, 47.843415130023565], [-57.10068987520311, 47.73610686913729], [-57.100688818047324, 47.73610661480928], [-56.985893126664664, 47.70726912676271], [-56.86391547375084, 47.67518867396903], [-56.774227724490785, 47.65157357249459], [-56.77408052110335, 47.65151565614277], [-56.77564243929861, 47.64904698848772], [-56.77313227341226, 47.643380729029516], [-56.772277966645106, 47.63611071281628], [-56.770106003176544, 47.63221208819701], [-56.7663835707997, 47.62552888402966], [-56.74941376630684, 47.622886940595514], [-56.744504148049046, 47.61975240385423], [-56.74315199723677, 47.615717704548956], [-56.750151269417834, 47.606952771634475], [-56.746892074716875, 47.599697886759685], [-56.7291199308083, 47.587527274064584], [-56.704950736894425, 47.57950085670422], [-56.70428421975324, 47.579279379453006], [-56.43873607066899, 47.439279424756876], [-56.149362119830585, 47.362775152391286], [-56.07208758560873, 47.34117474063583], [-56.04671428462995, 47.333308985654305], [-56.00000476720094, 47.317421238453946], [-55.999999993427856, 47.3174196385318], [-55.99890937007685, 47.31704825145977], [-55.998501874666054, 47.31690948406133], [-55.99704608952707, 47.31634260283043], [-55.99714623771009, 47.31003675828641], [-55.997176449674434, 47.3081329891704], [-55.99714949706001, 47.30812888462594], [-55.99719244689063, 47.301559519539104], [-55.99752920044291, 47.25000328082241], [-55.99752924769296, 47.25000079526135], [-55.99757805593143, 47.24251577037476], [-55.997922676903684, 47.21656593007707], [-55.997907611503315, 47.21656617025042], [-55.919440267709206, 47.217871522408394], [-55.81242988974531, 47.22079109703594], [-55.792257386617216, 47.22133268676692], [-55.74366735287737, 47.24238987459241], [-55.74366796041075, 47.24239743300396], [-55.72575452512457, 47.25002865112739], [-55.725752974517555, 47.250029309104725], [-55.59279276627004, 47.30648731363703], [-55.55758595154914, 47.321382845255314], [-55.500005424104174, 47.34569575123083], [-55.50000000908601, 47.34569802735493], [-55.46757929622545, 47.35936084290607], [-55.46751861575648, 47.35931821925747], [-55.37019303486226, 47.402822966963484], [-55.228635233825244, 47.4657771351849], [-55.188618999476866, 47.50005609743927], [-55.18861246495749, 47.50006168802858], [-55.109652398897616, 47.56718654471603], [-55.10978033000566, 47.567210981843374], [-55.10066324367158, 47.58728983717912], [-55.09712426005191, 47.598652440282024], [-55.09909343183167, 47.61466999579851], [-55.08058135062045, 47.635786480475666], [-55.07211839932754, 47.63731025284144], [-55.06813077597163, 47.64125396059078], [-55.06737262117647, 47.6524707595095], [-55.033787997047774, 47.676374261456886], [-55.03008915207879, 47.680180987554564], [-55.022368513127354, 47.70144563332079], [-55.02218179780594, 47.71035058818336], [-54.99275794161454, 47.730471038833656], [-54.981662512146826, 47.74795513197996], [-54.978558947380684, 47.75000919770014], [-54.96396583016135, 47.75966462659393], [-54.95217003161226, 47.776984774234336], [-54.94514916015493, 47.78295595752573], [-54.94086492531333, 47.79159144803484], [-54.76052612904267, 48.09442257059155], [-54.75268455252639, 48.10749200607167], [-54.74973088457598, 48.1124127337997], [-54.666824260005136, 48.250072835247536], [-54.62931392394018, 48.31206440618733], [-54.498341561630056, 48.52710445953159], [-54.38701942383679, 48.708172703525015], [-54.36101982388478, 48.75023766263674], [-54.321369098227706, 48.81422650156587], [-54.31899110694376, 48.8546714079318], [-54.25682584391635, 48.90567537193175], [-54.21515804599578, 48.939775766498414], [-54.21516091400896, 48.93980789606704], [-54.21516753773926, 48.93981240852519], [-54.219862794491085, 48.95800257638687], [-54.22396888287105, 48.97389808188088], [-54.25909304444391, 49.1094100515955], [-54.26958808939476, 49.14974135194264], [-54.315883864372246, 49.32678201496875], [-54.32510318280681, 49.326921147288914], [-54.34135345658144, 49.32716424781476], [-54.414234786666775, 49.328221201245945], [-54.417568109259705, 49.32837221591989], [-54.45493172806883, 49.330057126956575], [-54.45463037155128, 49.33166150416188], [-54.45220383648975, 49.349872635607476], [-54.44359073006946, 49.41439442776073], [-54.439633231413495, 49.44397823964334], [-54.43523250084448, 49.47682938632384], [-54.39999482867886, 49.4798521804526], [-54.167387397127854, 49.49947693614484], [-54.16617024709188, 49.50007131374315], [-54.1661626684804, 49.50007500254696], [-54.159686159745974, 49.50323708918776], [-54.130861541909994, 49.51963564250105], [-54.12248915464203, 49.5245662517276], [-54.074551649830966, 49.552762568396595], [-54.03390290043251, 49.57606336626528], [-54.00598219946743, 49.59266337628734], [-54.00000927094343, 49.59603386468884], [-54.00000000559582, 49.596039083603216], [-53.9999900325721, 49.59604470619298], [-53.982684663060134, 49.605805103375204], [-53.97301640785518, 49.611254883211565], [-53.94023748002012, 49.62993196172765], [-53.887025836282966, 49.66128336107834], [-53.87244799691889, 49.67016052092704], [-53.85331898053147, 49.68180043333349], [-53.84982069725536, 49.68392808192843], [-53.82533522774388, 49.69527758433077], [-53.78951878013789, 49.7115771116482], [-53.71813931665405, 49.744386690852345], [-53.70604188486103, 49.74960440224015], [-53.70556162871784, 49.75004651933064], [-53.673993747961646, 49.779083618799895], [-53.62329883629023, 49.824689340039036], [-53.57297676893158, 49.870102741431516], [-53.53320443879565, 49.90549867095816], [-53.53309844007721, 49.90559289179237], [-53.59350626967378, 49.910815673207885], [-53.693459569516016, 49.91958782614151], [-53.96390008190863, 49.94297113193585], [-54.000000002210854, 49.946272215635354], [-54.00000233771205, 49.9462724268793], [-54.00141572807593, 49.9464013938753], [-54.114533706473765, 49.95064965890282], [-54.292385028722805, 49.95730477320551], [-54.472858591069276, 49.964294685271625], [-54.47285781946694, 49.96432090532867], [-54.49999999147102, 49.96559529261334], [-54.50208410464097, 49.965692827564595], [-54.53116101527657, 49.96452145465404], [-54.59530171488111, 49.962113650338914], [-54.67313460707548, 49.95914525648457], [-54.7080465647039, 49.958020221254124], [-54.75635883978471, 49.95622644406902], [-54.76198475167401, 49.95607357373944], [-54.762046713147924, 49.956071879075374], [-54.7622507363584, 49.956066332804305], [-54.80780828613273, 49.954239741400016], [-54.85817456404847, 49.9524522805776], [-54.90161228304778, 49.95057491802014], [-54.901609845336594, 49.95053838470531], [-54.96708266425785, 49.94865179517524], [-55.00000001975961, 49.94780701276423], [-55.034044686308484, 49.94692168454601], [-55.08893678041595, 49.94118713451854], [-55.130372143452234, 49.93364142971116], [-55.17834136276655, 49.92576824744009], [-55.24063080911189, 49.91550031133189], [-55.309529232162696, 49.9041151579933], [-55.35780474073948, 49.89578066780684], [-55.36970535461258, 49.893964376178666], [-55.333057562054286, 50.00006145933457], [-55.333054497103376, 50.000070254388106], [-55.49999999645655, 50.000002275279144], [-55.499999994119264, 50.03862653241922], [-55.499999985439224, 50.047681451190456], [-55.499999992119626, 50.08634325494842], [-55.500000005429285, 50.121448823173886], [-55.50000001996253, 50.197563702308145], [-55.499999994087084, 50.250000007429804], [-55.500000010227275, 50.297949871680714], [-55.500000013423815, 50.500000008353496], [-55.50000000248764, 50.537651916393266]]]}, "properties": {"FED_NUM": 10003, "ED_NAMEE": "Central Newfoundland", "ED_NAMEF": "Central Newfoundland", "REPORDER": "2023", "SHAPE_Leng": 1116157.56585, "SHAPE_Area": 57535533683}}, {"type": "Feature", "geometry": {"type": "Polygon", "coordinates": [[[-63.99589880730891, 60.0000039571084], [-63.99997963159171, 60.00000580866295], [-63.999999971472, 60.0010266898257], [-64.00011731860755, 60.00106013681243], [-64.06774609786162, 60.05551928166993], [-64.07252146728226, 60.059356432789514], [-64.13862784066272, 60.172169799758564], [-64.15582031885698, 60.25005734174142], [-64.18486956706356, 60.37467601437599], [-64.42901418285487, 60.37769848339067], [-64.4331000902904, 60.377744012654354], [-64.49140759120894, 60.37260555973515], [-64.50000000676047, 60.36624585533545], [-64.53398458557537, 60.34106164476488], [-64.53503190103142, 60.334308256988706], [-64.51801844255357, 60.31498543386925], [-64.51617316794291, 60.307906981669376], [-64.51557103907176, 60.30559660475752], [-64.51747589882685, 60.30439820187958], [-64.52251233778065, 60.30122910026084], [-64.524763774436, 60.299812163639615], [-64.52974308799337, 60.29667785463011], [-64.56332194006286, 60.3068858649596], [-64.58122474581573, 60.30837518591955], [-64.59727115376957, 60.30061384261916], [-64.64366252679433, 60.29770541828722], [-64.65521542476806, 60.29480601086887], [-64.68097948840654, 60.29659028095103], [-64.69921223678546, 60.30254791012882], [-64.70741220570959, 60.303297109920884], [-64.72342587286526, 60.291478301512875], [-64.75353645840676, 60.28688106886565], [-64.80726078902009, 60.27584242240229], [-64.84163896844844, 60.272190811230125], [-64.85377782467286, 60.26941146186449], [-64.86225854709684, 60.25846852162848], [-64.85276567948556, 60.252664695294705], [-64.8578336762349, 60.25005990133138], [-64.8694096670157, 60.24410786439653], [-64.87338806419531, 60.23729378115258], [-64.86394126676504, 60.22819680311064], [-64.84065923840754, 60.22295954919498], [-64.78414652785072, 60.203978996189264], [-64.78024134026128, 60.196119309591396], [-64.74987957301425, 60.18815558377907], [-64.74556250617546, 60.16862804621867], [-64.73322997340539, 60.16436623657997], [-64.7058366127066, 60.1698853834908], [-64.70033176324715, 60.17099355599352], [-64.69889752005469, 60.17128223379601], [-64.69882386679481, 60.17138095081212], [-64.69787315352248, 60.17265546539194], [-64.69233139263692, 60.18008262404132], [-64.68249380707509, 60.181158826701626], [-64.6615669481103, 60.17016036732605], [-64.6412423492239, 60.167379788905386], [-64.61445531090877, 60.17084585204899], [-64.60247105314824, 60.16701462173017], [-64.60133558788061, 60.15940161770267], [-64.60251877444362, 60.15580210220769], [-64.59418647515221, 60.14949885694151], [-64.59882209028868, 60.142833075076794], [-64.59371586445997, 60.1170312731818], [-64.60339538024787, 60.10967893276131], [-64.63307286102439, 60.1054150122711], [-64.6577852809737, 60.111409952296974], [-64.67203212812174, 60.11354849818017], [-64.6811913404582, 60.10754625254379], [-64.68408296735655, 60.107547344029946], [-64.68636247153302, 60.10754815257777], [-64.70547560661988, 60.107553348031374], [-64.73530456328842, 60.10954853931915], [-64.7672961370142, 60.108353167466944], [-64.76807038732561, 60.1066922590707], [-64.76371662747032, 60.10449838957724], [-64.75747643879785, 60.1013531470991], [-64.75689286409641, 60.101227803465996], [-64.72671202449673, 60.094740999591345], [-64.70798684742267, 60.08460914463881], [-64.70633260018212, 60.07431297489737], [-64.71785690060814, 60.06407425344622], [-64.7427139867587, 60.05613113030595], [-64.78323549883531, 60.05761533433005], [-64.80409296613873, 60.05242951035724], [-64.81980617249259, 60.050482115504366], [-64.8647238728797, 60.05844114479895], [-64.89587553674968, 60.06620929326444], [-64.92040317074792, 60.06587061032876], [-64.92364329453665, 60.06146512289576], [-64.88767148653807, 60.0419751388224], [-64.88209058156939, 60.03190788795282], [-64.88009081132907, 60.02925860343772], [-64.87740164029557, 60.02569527116382], [-64.87074067025566, 60.01686541417141], [-64.86313878384557, 60.00000001900052], [-64.8609769709827, 59.99520631429046], [-64.84022843760764, 59.9703190769897], [-64.80683057343519, 59.970814004775356], [-64.80207523001798, 59.97271019346784], [-64.80026229739414, 59.97343298289426], [-64.78277649938349, 59.980401411857], [-64.74709978056309, 59.97448882793006], [-64.74163054932721, 59.96516333964873], [-64.74742055907595, 59.95472974199756], [-64.73219127727597, 59.950524521766965], [-64.70945877221814, 59.95378824128493], [-64.69312059558911, 59.95887638410443], [-64.66223046203352, 59.952553964122615], [-64.66145824000203, 59.93969934784298], [-64.669418486318, 59.93012864066685], [-64.66357922623487, 59.92769051176218], [-64.6340588549894, 59.936000958580124], [-64.62679818796764, 59.93029463008319], [-64.63703127290519, 59.91903987391529], [-64.64097704952717, 59.90744806246024], [-64.65873127469476, 59.90159292689636], [-64.66641497062372, 59.88828700687848], [-64.68377612305702, 59.87719841618855], [-64.70419216550887, 59.88370705385986], [-64.74152160062974, 59.889298937736285], [-64.75616629327116, 59.886031592833746], [-64.76655410833916, 59.86967543589009], [-64.73920147328329, 59.86196012962556], [-64.73694446300392, 59.85556836560668], [-64.77808564162294, 59.8528478905274], [-64.79695395917348, 59.84081670032421], [-64.79496113974346, 59.83412162393504], [-64.81673182555693, 59.835049424223534], [-64.82522452920952, 59.82560797866777], [-64.792115468058, 59.81218115457546], [-64.78847380192268, 59.80327346275049], [-64.79972236536867, 59.79886845394751], [-64.81398919506977, 59.79515223407975], [-64.81395766556274, 59.78303348871251], [-64.78998669481747, 59.7603040541577], [-64.79339720045932, 59.750035555284235], [-64.79723553982771, 59.73847102241074], [-64.7993372939455, 59.737048722868586], [-64.80040358147957, 59.73632705811726], [-64.81020290220711, 59.72969313252427], [-64.80153496393271, 59.724773687124326], [-64.77430830899192, 59.72514576140918], [-64.74943189720331, 59.71723937393654], [-64.76048544967361, 59.70655815855312], [-64.78756294492001, 59.6925776554124], [-64.82182502137378, 59.67737269705535], [-64.82492099235284, 59.67599759349533], [-64.87165597858674, 59.668345996812626], [-64.88950805434467, 59.662155489376836], [-64.89825949014254, 59.64178327730603], [-64.88253972247925, 59.610681972770045], [-64.85980839001343, 59.591537326096045], [-64.86870656689169, 59.586424174431606], [-64.9270597717425, 59.59317888279411], [-64.93174373990972, 59.583296119082654], [-64.9322885395762, 59.58214626975528], [-64.93309937221443, 59.580434706214405], [-64.93943923730751, 59.56704600943728], [-64.89220584889064, 59.562468700883606], [-64.86919130613701, 59.54692311426034], [-64.83962958358593, 59.55334198755023], [-64.82275527126299, 59.540659263650305], [-64.80313145084953, 59.53431028304403], [-64.80419947788712, 59.525015850902925], [-64.76414507291891, 59.51486800435358], [-64.76328718268311, 59.50001255644949], [-64.7630926073688, 59.49664075014665], [-64.7539479220479, 59.48828977524185], [-64.736924660234, 59.48068568004248], [-64.72855256355606, 59.466635403623805], [-64.71730501647983, 59.46146266979003], [-64.69443275307962, 59.458000925296915], [-64.67983493043613, 59.446905143388186], [-64.64281417069134, 59.45924760736652], [-64.63613325850613, 59.4771652142271], [-64.62676722614253, 59.4819703906197], [-64.58967262503671, 59.46618266111803], [-64.5788352434826, 59.47101014217913], [-64.56146241404745, 59.48791493121164], [-64.53224263244496, 59.49948883376884], [-64.52430647686614, 59.50002193542221], [-64.50530119361795, 59.501296407428484], [-64.50935150627954, 59.51363980948317], [-64.5030925898086, 59.52137338628533], [-64.49999997799772, 59.521529481423464], [-64.462900090828, 59.5233960819335], [-64.4495505000914, 59.53094575704886], [-64.43376621240361, 59.54197359771055], [-64.41903937904577, 59.53264385626751], [-64.38580589720425, 59.5237607279458], [-64.32406931040391, 59.512774127206136], [-64.32721230600922, 59.50005331284008], [-64.32785207239237, 59.497462765530955], [-64.33815324656986, 59.50005702900097], [-64.34965588756472, 59.50295234694397], [-64.35358037417622, 59.50006062205802], [-64.36935058892877, 59.48843421362633], [-64.38082162252562, 59.48376475589896], [-64.38696319796665, 59.473796924326734], [-64.40719904183514, 59.47780610558133], [-64.42607625491823, 59.464936944212], [-64.45802468860246, 59.45917481726885], [-64.46684551057454, 59.45020492260622], [-64.49999999414179, 59.43004147095657], [-64.51159836477589, 59.42297985279446], [-64.50000001491033, 59.42157871484231], [-64.47255907094097, 59.41825894084586], [-64.46072548888297, 59.41217710837023], [-64.49599457638534, 59.40425569533373], [-64.50000000053038, 59.404187532696064], [-64.51650034482209, 59.40390538941715], [-64.5282681098162, 59.39562821143169], [-64.52405126379163, 59.38508449814033], [-64.53833896675962, 59.37078193391539], [-64.52571750319306, 59.361580399168595], [-64.49999999586163, 59.35205774456389], [-64.49330274791805, 59.34957614296246], [-64.494423992301, 59.344323954819025], [-64.50000002254225, 59.34127914889493], [-64.51137871997483, 59.335063221556965], [-64.527792008499, 59.319978387134775], [-64.54262331472322, 59.31867428650632], [-64.54353627482661, 59.31043505879029], [-64.51696419164914, 59.27994693885246], [-64.50000001021658, 59.2662914276516], [-64.4886034688832, 59.25711006967175], [-64.49750035883247, 59.25000249384693], [-64.50000000909138, 59.24800487215029], [-64.51135058679232, 59.23893037709596], [-64.52184746056446, 59.19674112085862], [-64.50342181867316, 59.1957133490136], [-64.49999998147722, 59.194007015083194], [-64.47271469843054, 59.18039119890589], [-64.48665776612293, 59.15279903446576], [-64.49127196360241, 59.13642703922029], [-64.48398560810217, 59.118165982939985], [-64.49804875547524, 59.10641597774549], [-64.49030914093574, 59.0990750685208], [-64.450457831309, 59.1028892679085], [-64.4169613569322, 59.087603772235525], [-64.37602788740959, 59.09260755927275], [-64.36351405836244, 59.08742894941257], [-64.36084068750908, 59.06729534929605], [-64.31517598856995, 59.065629763174485], [-64.29456487642088, 59.043235846932895], [-64.27361664428857, 59.02204026740681], [-64.26179115452032, 59.01295656553329], [-64.29438255046148, 59.00049868310159], [-64.34533458530582, 59.00492536728154], [-64.38770532323048, 59.00618381432929], [-64.40266424502155, 59.00000009788828], [-64.4241710062212, 58.991684766620885], [-64.43678779982673, 58.994313803184305], [-64.46030109112066, 58.98151425325612], [-64.48129214416504, 58.98833067870854], [-64.47127167839069, 59.000000124637204], [-64.49778082576498, 59.01943269655637], [-64.49999999876212, 59.01950498660151], [-64.50678457913541, 59.019725801757936], [-64.52276076070291, 59.00256016052783], [-64.54495562765636, 59.00964432916509], [-64.57061953985081, 59.027274787651926], [-64.59578823095595, 59.035044890639014], [-64.61660051281861, 59.03407071047612], [-64.63068488537358, 59.04068963956613], [-64.65015501095225, 59.04122908716421], [-64.6702752112004, 59.03861442942588], [-64.67927314259953, 59.046966820948924], [-64.68325693103242, 59.07469538859631], [-64.72487106187269, 59.076003592290846], [-64.75249503446369, 59.07054197486542], [-64.77923880788735, 59.07495744102695], [-64.79698945724107, 59.06369791524034], [-64.8217485759904, 59.04930727956625], [-64.83200657823551, 59.03520113902347], [-64.84079297810275, 59.03248458135248], [-64.82944091313935, 59.02030371154443], [-64.84363292995393, 59.01628335520588], [-64.86501590226437, 59.01540497336811], [-64.86957351540401, 59.000000145861605], [-64.87008844980484, 58.99826121362795], [-64.86221854711061, 58.98616285931408], [-64.8403501275313, 58.980324316543246], [-64.84209843179077, 58.96698601685973], [-64.83291357337282, 58.95640768983073], [-64.84857800338628, 58.95310449367517], [-64.87944046483197, 58.95188249701664], [-64.88911146419005, 58.93838215638459], [-64.86853784886692, 58.94164078765765], [-64.85702821958131, 58.93858514976626], [-64.85631135436698, 58.9329197803632], [-64.83926968204166, 58.93699902783708], [-64.83205744924962, 58.92174831723228], [-64.82071351239634, 58.91689271972719], [-64.76573278641078, 58.92380281542399], [-64.75029198851774, 58.93411568644689], [-64.75623163118806, 58.94027821453317], [-64.73066993038792, 58.95078403662892], [-64.70258957833781, 58.946386101525526], [-64.68129963604491, 58.94798254718828], [-64.65165020089914, 58.943752041862844], [-64.6324277065066, 58.93334572073138], [-64.61476816373599, 58.90751559205455], [-64.57962855436806, 58.90471364257017], [-64.55717880504382, 58.89719402583096], [-64.55018251993712, 58.88745542958054], [-64.50891046709516, 58.887581374997055], [-64.50000000342366, 58.89191905055675], [-64.4764334752237, 58.90338283045793], [-64.45580099018427, 58.9082166715118], [-64.42639796769846, 58.90452677550552], [-64.42060266499895, 58.8902785440349], [-64.40591347804742, 58.89082099323434], [-64.40029422601366, 58.902718167418364], [-64.37870236523239, 58.903819115845586], [-64.35026167089892, 58.89187746833621], [-64.33254016408914, 58.90456276055511], [-64.28761262204458, 58.89675313030152], [-64.28741774895808, 58.88345835513082], [-64.24633661269347, 58.86900061397597], [-64.23365670918135, 58.86411334483184], [-64.22657324254558, 58.845843854535204], [-64.23024082982805, 58.82905575181286], [-64.2375284924765, 58.80504206294326], [-64.22970456845552, 58.7836484755577], [-64.20012574025617, 58.779461670750116], [-64.17878497502831, 58.78903959030708], [-64.16560795035119, 58.76891676897792], [-64.1582670339125, 58.75811917891362], [-64.14446344377232, 58.75006229267747], [-64.13779286316446, 58.74616687564391], [-64.12200557358636, 58.750063786052266], [-64.094096400973, 58.75694571156714], [-64.08714795888713, 58.75599745781678], [-64.069708783911, 58.76908619519187], [-64.07187374953247, 58.783246950956695], [-64.04630107210434, 58.78957349343411], [-64.03858609879212, 58.80207684291276], [-64.04533757307293, 58.810350373070506], [-64.01973875741004, 58.81667159718084], [-64.00000002279357, 58.814269182683994], [-63.99540275279226, 58.81370914314977], [-63.97547228542801, 58.8302532483606], [-63.95716163940071, 58.826905559679055], [-63.897871310772, 58.83736530603669], [-63.86218603455761, 58.83197721172783], [-63.85080183150593, 58.83510211663828], [-63.83528335752839, 58.84903031425741], [-63.8121379587254, 58.84706279433042], [-63.79928598313898, 58.85647384016535], [-63.77768332719867, 58.884058759519654], [-63.725463078729966, 58.87717467649815], [-63.709996841302925, 58.887053192438536], [-63.679938274884975, 58.878562729618295], [-63.680324277570094, 58.86645932579289], [-63.661121035139395, 58.85471218555989], [-63.6359550961234, 58.84869967797117], [-63.61775778013663, 58.855307949663114], [-63.59534114419433, 58.857175760304195], [-63.55078507986677, 58.836550116026714], [-63.55027983809146, 58.822365801823935], [-63.534513530484794, 58.81624278945986], [-63.51278604789183, 58.7956861121877], [-63.499999997711306, 58.778869237384555], [-63.492157355829235, 58.768545213457436], [-63.46750407352277, 58.762047079369964], [-63.494828441692384, 58.75403454491373], [-63.49904106954146, 58.75000096882424], [-63.49999999534343, 58.749082618154105], [-63.50679394948665, 58.74257462865297], [-63.55330882312378, 58.733772739199736], [-63.561708163660875, 58.72771800520822], [-63.57246987728027, 58.73149601109456], [-63.6192835316079, 58.723860622286495], [-63.62984524154095, 58.71464301815085], [-63.660684263864304, 58.72522472580129], [-63.66955400103241, 58.71706671216819], [-63.6949195848496, 58.719633170508125], [-63.71835534557911, 58.706385214727206], [-63.728822945031524, 58.70684212102469], [-63.736484538034304, 58.71454794718229], [-63.7543738734814, 58.71673706128113], [-63.78043090415376, 58.708375745125366], [-63.79427659734275, 58.70328744549293], [-63.81102069558805, 58.712202101704335], [-63.8356154047945, 58.71011866679176], [-63.84068296287669, 58.70139584223968], [-63.855096664257495, 58.696443063740205], [-63.875029198819966, 58.705758449416045], [-63.90996517656196, 58.710253500155346], [-63.9310599933654, 58.701025695447356], [-63.95025377006225, 58.685247329095404], [-63.96483729001578, 58.69028575784908], [-63.98421670541357, 58.68764247387764], [-64.00000002052278, 58.691493249257135], [-64.01615721902878, 58.6954322263819], [-64.03353811486102, 58.704457816100195], [-64.04067777526592, 58.70350358241724], [-64.0464082888651, 58.70273733967489], [-64.04722219126715, 58.702628471306575], [-64.06003134073076, 58.683633450359864], [-64.0766188244428, 58.66592896934221], [-64.07886977790255, 58.65394939464943], [-64.10792673390013, 58.6396506871241], [-64.10932978666334, 58.6199168011288], [-64.11585187167101, 58.60235055691423], [-64.09278539427261, 58.58789316701032], [-64.11105037793858, 58.581660752287966], [-64.10494346754028, 58.56323000848518], [-64.0746959060018, 58.547379028564755], [-64.06718447785818, 58.53449228919125], [-64.04693980752353, 58.53507082960326], [-64.034081680892, 58.52345041691141], [-64.00877476313164, 58.53125899529608], [-63.999999981154325, 58.53085533540401], [-63.973578986694676, 58.529636084704336], [-63.95186170097851, 58.541267722215686], [-63.94669281056438, 58.5588051655424], [-63.90736607221652, 58.57349208794634], [-63.88712911579456, 58.57165447670928], [-63.85819406325023, 58.56379764673082], [-63.86255549941942, 58.55269491031597], [-63.84971438933591, 58.54657988139766], [-63.848847092060716, 58.53345078656578], [-63.85915159122967, 58.52123132761363], [-63.85869189961415, 58.50451440780342], [-63.83692449451709, 58.500058319090066], [-63.82357677938644, 58.49732337353484], [-63.80785005026312, 58.4897461028261], [-63.82226738549959, 58.473749512533004], [-63.84309654022804, 58.46782622749147], [-63.84715403897293, 58.45001090265902], [-63.88111327541137, 58.42943966126122], [-63.91041394526231, 58.44146375670863], [-63.9242393827685, 58.444871158185045], [-63.94110481534899, 58.44017576666671], [-63.964103658000674, 58.438831651086346], [-63.9865785513278, 58.444357918331505], [-63.998477045535935, 58.42553691875174], [-64.00000002068785, 58.42537755164324], [-64.01320100613624, 58.42399525810214], [-64.02099737374922, 58.40896003654684], [-64.02856524059673, 58.389448925577426], [-64.0225389342977, 58.37101921558917], [-64.03052977593767, 58.36598379163065], [-64.06166824430795, 58.36092611939658], [-64.07213718628125, 58.36570630170536], [-64.0979964326319, 58.37683651466538], [-64.1192487284527, 58.36473816626777], [-64.13908887287921, 58.36922810038411], [-64.15850712819099, 58.37103375865628], [-64.17222267077578, 58.361873267119734], [-64.1755165023705, 58.34390923079023], [-64.18676867025249, 58.33672461537487], [-64.1782052998718, 58.3305824560418], [-64.1845691408078, 58.31705161526622], [-64.18936894560468, 58.315244035741465], [-64.1910723455244, 58.31460244125104], [-64.19819133834339, 58.31192055671436], [-64.19690950009813, 58.29357810765802], [-64.2169854258963, 58.287451727896205], [-64.20854371680431, 58.27563786765357], [-64.21714072438631, 58.26192286300852], [-64.21767404616709, 58.25002915576714], [-64.21777697694944, 58.247732199720495], [-64.24128269314434, 58.23766821889848], [-64.24750382108968, 58.22742144224699], [-64.27119704840196, 58.22108041968545], [-64.31911781280812, 58.21807812761108], [-64.37356281601913, 58.20838059678217], [-64.38953435366436, 58.19647133356387], [-64.42173251779367, 58.18667366631957], [-64.42179828691597, 58.17383523032561], [-64.43089150341436, 58.156215931256845], [-64.42506915667875, 58.13019425923873], [-64.43367251750313, 58.116315457735396], [-64.43539487917883, 58.098375319747156], [-64.42688320405763, 58.08822265212363], [-64.43309144126655, 58.06990809293412], [-64.4122832058771, 58.06115916723931], [-64.38714769866948, 58.069343780376165], [-64.3539107485395, 58.06929929769733], [-64.32050780215802, 58.061487993155], [-64.29926608883538, 58.04451941038787], [-64.27773333817233, 58.046952084097605], [-64.26925771416144, 58.06141235524968], [-64.25979825058045, 58.04968409839766], [-64.2585904498321, 58.04818593855325], [-64.250960325086, 58.03871851837879], [-64.2418725846874, 58.0403519603669], [-64.23893408774056, 58.04087997434651], [-64.23368613984454, 58.04182270153383], [-64.21850764073464, 58.03698329385222], [-64.23866798555606, 58.02503234081153], [-64.23817414182292, 58.016086763724765], [-64.23591862932554, 58.01373290866229], [-64.23490341867341, 58.01267326186803], [-64.22803282566377, 58.00550027351606], [-64.22782874573033, 58.00002108050336], [-64.22743864774993, 57.98954348282302], [-64.20466183561656, 57.973629709435436], [-64.1928775447304, 57.94058644798177], [-64.19043132462116, 57.93074790669137], [-64.18470258400568, 57.92603963595249], [-64.16252538540176, 57.92294178453634], [-64.15796935247967, 57.91629617069296], [-64.15659653847648, 57.890208815766], [-64.13741196253075, 57.85528711231094], [-64.1213670143846, 57.826285598222064], [-64.11667541154388, 57.81113939851307], [-64.10761383236688, 57.804955900565766], [-64.09764211567762, 57.80308840697431], [-64.09223245647279, 57.802682985934915], [-64.09108786064613, 57.80234316163563], [-64.09084974372016, 57.80183221745725], [-64.09187403034016, 57.8004416829312], [-64.09122929921992, 57.79737775253467], [-64.09207101832638, 57.79434302634603], [-64.07200128989284, 57.770020343216835], [-64.02595187768328, 57.764403575183216], [-64.02328432627007, 57.77846038737945], [-64.0339686752586, 57.791437375786025], [-64.02983357565995, 57.80402382338749], [-64.02087951100118, 57.809517414851896], [-64.01187753323957, 57.80248192787197], [-64.00000002399486, 57.81027444979265], [-63.997248913981046, 57.81207869105597], [-63.9723478933589, 57.799587809335435], [-63.95363550121224, 57.79968801091797], [-63.9457114545305, 57.791440395768085], [-63.938596251970274, 57.788551008977294], [-63.92737111476051, 57.79347050749859], [-63.91235557681406, 57.80112254093935], [-63.90384525471628, 57.798249068074256], [-63.90818767408752, 57.776865611878634], [-63.901141534380685, 57.76293694108064], [-63.90717835685756, 57.75137586039206], [-63.9063720618719, 57.750061525966125], [-63.88342166302802, 57.71260734521766], [-63.866083958895054, 57.71118567858297], [-63.84747641907606, 57.719022897767026], [-63.82071151307294, 57.70563213636794], [-63.81335574899814, 57.68976580165261], [-63.804225088608206, 57.68450788435049], [-63.789873064900064, 57.68751282102504], [-63.77313287839625, 57.700236581804404], [-63.75363048562313, 57.72074436948887], [-63.75139417821327, 57.699893859678674], [-63.744814166642215, 57.688637269454155], [-63.74855105830562, 57.67427957481376], [-63.735290898409225, 57.66280188104433], [-63.70277740317906, 57.66376632962777], [-63.6926120403725, 57.652696936381695], [-63.6854453102804, 57.68334252596878], [-63.68513182810275, 57.69691489572187], [-63.67243478358129, 57.69258090589997], [-63.65941721873202, 57.70181797726943], [-63.65995124422694, 57.715977888677784], [-63.66805570260363, 57.723942297591464], [-63.652505717940926, 57.73290821940771], [-63.63256587765022, 57.7289453904438], [-63.623196061897055, 57.739482252528546], [-63.59677043641736, 57.741247650343894], [-63.594870048635144, 57.71934730093318], [-63.5960235447465, 57.71291707415076], [-63.59695994858794, 57.70769522283666], [-63.609486066728024, 57.692058594122535], [-63.59449942280848, 57.68565269904003], [-63.59872732435428, 57.66384048040675], [-63.61661035480723, 57.650683325493915], [-63.6229662042231, 57.64196917234841], [-63.64492305191137, 57.63428153280098], [-63.64995148741762, 57.62006389022518], [-63.67027783908695, 57.62118546645262], [-63.68460204424699, 57.60343556874032], [-63.69950572745564, 57.61534626022171], [-63.73061361288705, 57.60112929060781], [-63.73262037828913, 57.588732024145315], [-63.74557506586583, 57.5794886825111], [-63.7582754876745, 57.59156615728055], [-63.77191590578982, 57.59244977159847], [-63.77110259446509, 57.579339665312155], [-63.765490260189225, 57.56077026107543], [-63.75116860638222, 57.53574357246075], [-63.75339404612653, 57.51529490854107], [-63.76750313083082, 57.51483145764872], [-63.772880910213956, 57.50002200643807], [-63.7752213835389, 57.49357279475173], [-63.76574069170197, 57.46461800008863], [-63.75827583549047, 57.454420916057146], [-63.76126085945319, 57.4393316686093], [-63.759389157037525, 57.438530199394066], [-63.7314571943992, 57.42656191539251], [-63.7164396302652, 57.438210140041946], [-63.710305510239074, 57.42263000383316], [-63.72344094234378, 57.39833599925336], [-63.70827208353764, 57.38449927084953], [-63.701301159438025, 57.368333581975804], [-63.71461935447086, 57.36326493917116], [-63.74197855506659, 57.357734515779526], [-63.76819247571809, 57.35817241929903], [-63.785498829770546, 57.353197420536034], [-63.797376315459914, 57.34038714397282], [-63.80172588859361, 57.332287118677876], [-63.82433510175741, 57.33916405759035], [-63.85582077677431, 57.33430121621051], [-63.865671759697946, 57.31361127865343], [-63.86938414025599, 57.29761891968458], [-63.88337348279678, 57.277620959585164], [-63.88144532650685, 57.26497962694748], [-63.87631031610543, 57.250066566580955], [-63.873733513423076, 57.242578121233336], [-63.86697540137644, 57.22612496640859], [-63.87338976208345, 57.20935543514325], [-63.8840748713414, 57.196255856750724], [-63.87238562473151, 57.19253197478737], [-63.86124339281415, 57.20146433289872], [-63.845986849588755, 57.20418962650412], [-63.8416006135414, 57.21080029876927], [-63.84471704898236, 57.22595895363473], [-63.826124016757696, 57.24109038326146], [-63.82137798120105, 57.25005433405228], [-63.81873785707401, 57.25503878673853], [-63.809136377052866, 57.2621597082083], [-63.77959970677105, 57.25938760138498], [-63.75976963041017, 57.25172601077416], [-63.75689825046216, 57.25000714450396], [-63.741466856619546, 57.24076556933106], [-63.73713740355822, 57.22159558171521], [-63.75009713018848, 57.20907812273086], [-63.77098500023853, 57.196018312876674], [-63.779365745787175, 57.1793808507911], [-63.77974826451832, 57.16179655226189], [-63.76488551051104, 57.13992562716409], [-63.78575430380389, 57.11747946153895], [-63.798718684995166, 57.10644785511153], [-63.807387151029936, 57.09099881837137], [-63.81180978969166, 57.07887881418634], [-63.82014840874356, 57.0754989111778], [-63.8397651200009, 57.08017027337942], [-63.881684263787584, 57.08797920441775], [-63.89008339998802, 57.08608305913372], [-63.8920684732076, 57.0751830321811], [-63.89151466368154, 57.06252864992181], [-63.89857204441774, 57.055137895619794], [-63.88969307920842, 57.04586928545445], [-63.891933830171965, 57.01278747506505], [-63.89193477255105, 57.012773549090305], [-63.859922832569744, 57.00006603961976], [-63.85777401308012, 56.999212411997235], [-63.88699988832591, 56.98096450182585], [-63.9078696938722, 56.98411740753479], [-63.91412947392155, 56.97763062622358], [-63.9117789494984, 56.95532172610005], [-63.914362548094445, 56.93979909904299], [-63.9080998289689, 56.927521104122675], [-63.91729433468814, 56.916826200981426], [-63.91809396700575, 56.90415758690155], [-63.90801963736283, 56.89788750219602], [-63.899927659259454, 56.90573744340192], [-63.87861937135393, 56.90393009694525], [-63.8638906205626, 56.896822904242605], [-63.86739598819668, 56.88337611165778], [-63.85714684157984, 56.87263714306611], [-63.859156243079624, 56.86874002844688], [-63.87435807927632, 56.874501031419065], [-63.89949884830091, 56.87730095160119], [-63.91881146732187, 56.87123860120243], [-63.94801964169753, 56.867719745359466], [-63.983876854943645, 56.861123452870736], [-63.99999998794773, 56.861633884665196], [-64.0034786754171, 56.86174373753384], [-64.01297796071889, 56.849846418322116], [-64.00992660677097, 56.83693468773872], [-64.00987841086759, 56.83549237479531], [-64.0089185450273, 56.80672247802886], [-64.0019786915804, 56.79758869875997], [-64.01275954499756, 56.77867686243357], [-64.07890733950765, 56.76700317314796], [-64.08538916706313, 56.760952163236354], [-64.074008178344, 56.75546202546068], [-64.0753790371829, 56.75005683603713], [-64.07628203091609, 56.7464956817983], [-64.09944313168162, 56.74362206134824], [-64.11237165904232, 56.7339003259014], [-64.11810754431673, 56.72398805349311], [-64.14531439704766, 56.69975484302663], [-64.13398126540622, 56.6950150097833], [-64.12823340044595, 56.682895067697565], [-64.09452209514387, 56.662858487494745], [-64.09083627875174, 56.65383297406583], [-64.05101748665662, 56.65754356445392], [-64.02485801886367, 56.65300798515835], [-64.03052507495168, 56.64712168145362], [-64.03994851709078, 56.64073450699569], [-64.03365057860988, 56.633233895694474], [-64.05332970785666, 56.61553454284777], [-64.05046139806632, 56.606348057344924], [-64.00401615212559, 56.591236681587], [-64.00157088096499, 56.579215868640155], [-63.999999982658686, 56.57802025617558], [-63.9825715399568, 56.56474856418614], [-63.9641799270677, 56.55741371402942], [-63.95588773399189, 56.54681280850093], [-63.931062987396, 56.53375755021995], [-63.94137985580864, 56.511445044834005], [-63.93909368161323, 56.50239901438973], [-63.940417222627744, 56.500049324014185], [-63.94432945568893, 56.493101973742334], [-63.931154321026334, 56.47497881918568], [-63.930632407098656, 56.466207040433225], [-63.92349766338117, 56.46288117599409], [-63.91275342519471, 56.46302542048531], [-63.89769343788739, 56.469028778347855], [-63.88371695799169, 56.4690642562966], [-63.88544530917793, 56.45922146159066], [-63.872916543129726, 56.44897044197273], [-63.87423019424651, 56.44196044513093], [-63.88647109514821, 56.433021943030234], [-63.901841630251674, 56.44070406785846], [-63.952012210021, 56.42142826508614], [-63.96575507623401, 56.41067526383554], [-63.980472322574855, 56.409726445726854], [-63.99301597801823, 56.408211268538324], [-64.000000009752, 56.40931735545154], [-64.011128810414, 56.411078856785714], [-64.02057364256031, 56.41793663334394], [-64.04482169061335, 56.41981822621795], [-64.06435733155887, 56.424144808313564], [-64.09550086338498, 56.424128673635956], [-64.11936031794389, 56.42882756802772], [-64.13731483305752, 56.433463619189375], [-64.15274016987559, 56.4411121167635], [-64.16432802255603, 56.43126028343063], [-64.17798487310179, 56.425243570467224], [-64.15810630554193, 56.419751074260674], [-64.14369459970453, 56.40539261014413], [-64.13278359858687, 56.40184060491326], [-64.11535587273552, 56.40210628365614], [-64.1104028133492, 56.385964024310304], [-64.1278439229055, 56.3699282150536], [-64.1158594245655, 56.366093903156774], [-64.09935213338638, 56.35191260441792], [-64.10748966402588, 56.34301249087548], [-64.09819240650914, 56.33363175306831], [-64.10943435924584, 56.32260236026445], [-64.1260228197996, 56.316994435411836], [-64.14343811378927, 56.31196639062453], [-64.14862923444711, 56.303406772970746], [-64.13038159316376, 56.30234933576137], [-64.1172625479786, 56.29674836183592], [-64.11126211924112, 56.288955697727125], [-64.09049584957614, 56.279897805139974], [-64.08737718210755, 56.25688926087317], [-64.07557809841207, 56.25602424087313], [-64.02215047265291, 56.26781327540459], [-63.9999999958108, 56.263222840458035], [-63.96710988016567, 56.256396683838105], [-63.95307406667303, 56.26521786245887], [-63.93489276699701, 56.27111929038873], [-63.91291131366496, 56.26353416079189], [-63.913861407342104, 56.25006177788938], [-63.91423395210761, 56.244776469715], [-63.91149236518227, 56.23083331028053], [-63.895384848587035, 56.22257179244171], [-63.874390256804716, 56.2247826893176], [-63.863014711831504, 56.212675723077524], [-63.86293332082898, 56.212589089258174], [-63.86293385959012, 56.212588882771804], [-63.89998348139198, 56.199162147099834], [-63.95004446075238, 56.18509816013555], [-63.9788708384523, 56.179789094192486], [-63.999999991218175, 56.174503203464106], [-64.00470346357243, 56.173325802416755], [-64.01530320787904, 56.16618451388806], [-64.01952820803493, 56.15958048944074], [-64.03596331636594, 56.154881042162], [-64.02393427166736, 56.14256452802271], [-64.00855049641322, 56.13817637506605], [-64.01418494759449, 56.12753785346357], [-64.00528919238421, 56.11933859928541], [-64.00213330872651, 56.10273030811582], [-64.01428132616587, 56.10077174682536], [-64.02273794243214, 56.09381001151192], [-64.03080753497406, 56.08659896723489], [-64.0357598155478, 56.082171901245545], [-64.03466693136217, 56.070144579088904], [-64.0180537527851, 56.06726349660175], [-64.00000001039197, 56.073461368212214], [-63.993192142268605, 56.07579723754246], [-63.9726544890828, 56.08606394332528], [-63.96933094749779, 56.0906608201592], [-63.96471526618526, 56.08996951106514], [-63.95308818710757, 56.08822713615685], [-63.94852294451485, 56.09118516181221], [-63.938352199418645, 56.097772867379256], [-63.92959718741968, 56.11162879950888], [-63.91686353940974, 56.11944520765099], [-63.9046633899666, 56.12606275138425], [-63.883694707047255, 56.1370323871058], [-63.85617876673063, 56.13713617907799], [-63.84389877876178, 56.12710267942507], [-63.842542410018105, 56.125994017314994], [-63.838266895316856, 56.122498829851864], [-63.862980650223925, 56.10879705779855], [-63.88758056675952, 56.092861414777765], [-63.88255028246443, 56.087129727953275], [-63.86387932502375, 56.092133149129225], [-63.83962808068702, 56.10062507236896], [-63.83537491172288, 56.08774482740652], [-63.81866679286052, 56.08885003014071], [-63.81105063818525, 56.08463485999826], [-63.82284021370215, 56.07378114875216], [-63.8213728956288, 56.06383905669346], [-63.837873760764545, 56.045044939111854], [-63.82327327147924, 56.04523187640546], [-63.79117565773907, 56.05292059383315], [-63.77419947999831, 56.05357674670416], [-63.75008021622085, 56.06189866329712], [-63.73126280535793, 56.07015237547733], [-63.714842199868755, 56.071684928005425], [-63.71436405680566, 56.06604138648184], [-63.696506071195145, 56.064614951337994], [-63.68303386010493, 56.05956759708534], [-63.69042493934304, 56.04387345892828], [-63.63672129297659, 56.023522707520925], [-63.61799751201745, 56.026999227885064], [-63.60327625208504, 56.03117269560479], [-63.600979408325024, 56.026143581735994], [-63.585159713572956, 56.02928601654897], [-63.57758403827088, 56.02505574973961], [-63.54859254107626, 56.031304534933525], [-63.52096581811789, 56.03901859902127], [-63.510509260244355, 56.03585336346141], [-63.49999997730689, 56.0388198634167], [-63.49577182663853, 56.04001295765845], [-63.443545120014626, 56.02951640416777], [-63.45975434305966, 56.021336419722424], [-63.4671617275202, 56.0119014376483], [-63.48637978824627, 56.01557960595996], [-63.49124315627464, 56.00988379816143], [-63.473257577810145, 56.000026300131466], [-63.47019454926224, 55.99834671237252], [-63.471991305396145, 55.987776743941595], [-63.48736042276339, 55.987478597240035], [-63.49898539669253, 55.99665145121215], [-63.500000028988296, 55.99745176852218], [-63.50177842448944, 55.99885448323332], [-63.50323538616874, 56.000003504895524], [-63.50503655160926, 56.00142391785196], [-63.5266491648541, 56.00536860584581], [-63.56300993490628, 56.005885940601864], [-63.57397821485949, 56.000717080363174], [-63.57461927380821, 56.000057653451655], [-63.58448670921692, 55.98990401563407], [-63.59939709463469, 55.9916764240604], [-63.60578837525563, 55.98780962477761], [-63.59827571017739, 55.98217607218227], [-63.612696878256116, 55.97756083007105], [-63.62714033660961, 55.973686672856026], [-63.62453729547792, 55.967472954755976], [-63.635589757088724, 55.96526994424316], [-63.65465227578654, 55.97219073328006], [-63.66807243854895, 55.96951190063694], [-63.67546806585196, 55.961550047601555], [-63.68647047758583, 55.96172066165846], [-63.681409409296585, 55.95375318476239], [-63.68809197760207, 55.948176894892654], [-63.71239593609309, 55.9535407004494], [-63.71324352245531, 55.947882903321904], [-63.703640615165774, 55.946063694474894], [-63.70660141213932, 55.94023263944338], [-63.7173589295597, 55.93757920831023], [-63.72397677803934, 55.93051543047899], [-63.733941897011455, 55.928018482085875], [-63.75083482074078, 55.93361095236752], [-63.77157878151338, 55.929195846497734], [-63.79258279943667, 55.931461707062454], [-63.809707661454524, 55.922774683170545], [-63.833396251880025, 55.919499854497616], [-63.849428229748895, 55.91676579299347], [-63.85444167069481, 55.91001243845405], [-63.82510995001715, 55.9044469585802], [-63.83006580471704, 55.89620948197738], [-63.84373495495595, 55.88771059936019], [-63.84509869500572, 55.87907340598181], [-63.813016104654466, 55.86358458208647], [-63.795478043770125, 55.86113126252575], [-63.77361258117113, 55.85605402520709], [-63.77146862990569, 55.84850198351283], [-63.75290196996453, 55.84650074094314], [-63.76662821202602, 55.83949730661436], [-63.752921214721155, 55.83327566420034], [-63.74996860536789, 55.8251391480113], [-63.75535468172863, 55.82106161545906], [-63.77281241307446, 55.82203577880825], [-63.78037725291457, 55.813026702525526], [-63.77015817235425, 55.808101429961376], [-63.777022753805284, 55.801478761156496], [-63.761282700434684, 55.79691837830945], [-63.76839884976241, 55.78999616338779], [-63.75011485323659, 55.78769443168076], [-63.74069211395763, 55.782608615978255], [-63.71714346744386, 55.780365210581344], [-63.70553319632273, 55.78718842322326], [-63.67538456815209, 55.791996808600544], [-63.666530471559724, 55.78778976511345], [-63.679475556226926, 55.77397240709965], [-63.67420058050535, 55.75932511115357], [-63.682137601786, 55.75299377126502], [-63.70541380218319, 55.75554447742326], [-63.70348103773941, 55.7500419655089], [-63.70099739774894, 55.742968635658166], [-63.714020915778825, 55.739100794763395], [-63.7258374060176, 55.73821709612261], [-63.69820682903404, 55.7315624019911], [-63.70252126203484, 55.72720356362472], [-63.72513866035343, 55.726637915047014], [-63.724215388071975, 55.72308361306939], [-63.70941043145877, 55.72132861954425], [-63.71114704708423, 55.71848550104134], [-63.72343278121419, 55.716259481218295], [-63.719601935381725, 55.70531244018653], [-63.727910697659695, 55.695408814386546], [-63.71004328846715, 55.68878887007718], [-63.70493308670164, 55.67859995617983], [-63.723102998608006, 55.679423692252215], [-63.73573718981504, 55.67288450748068], [-63.75119238916441, 55.671508337615485], [-63.75202273532918, 55.65887243474489], [-63.76515370171672, 55.6587110192971], [-63.76461577666445, 55.65158794863376], [-63.73830269083991, 55.65042444904138], [-63.715982406033056, 55.657673676316705], [-63.66849750276913, 55.6522881071784], [-63.64369009546077, 55.64157943801403], [-63.64867740588035, 55.63409688419867], [-63.6616541014677, 55.63721675344399], [-63.68022476282097, 55.635220517786884], [-63.687746419128686, 55.62547894780456], [-63.68268746531312, 55.609052231713285], [-63.6731763944331, 55.60723173870925], [-63.66264618030102, 55.59888753421377], [-63.67490453854669, 55.58968721707484], [-63.681476012596605, 55.575651215197645], [-63.66493324783437, 55.56752618605101], [-63.66620207277855, 55.559047007225246], [-63.66547280641645, 55.5459875836764], [-63.67066692068089, 55.53746355808598], [-63.684031892356735, 55.53775394868521], [-63.689085345013915, 55.52551851417914], [-63.68647700469466, 55.518570064570845], [-63.69148271059615, 55.50871130720398], [-63.71644083078542, 55.50440641968035], [-63.72009524185493, 55.50002937037952], [-63.725955885270515, 55.49300744172007], [-63.74080609177425, 55.4914911224042], [-63.75612147124029, 55.48165221055275], [-63.7754713587324, 55.48170900942416], [-63.78013083874623, 55.4737812559764], [-63.79268282497816, 55.467238604701784], [-63.780591434809175, 55.46546079787136], [-63.767380481519645, 55.454935755625115], [-63.749350576239365, 55.45486154650898], [-63.73837530975917, 55.447869229225326], [-63.736706707830415, 55.43823928737207], [-63.690899980208975, 55.4280980248564], [-63.66539705174078, 55.423050567940436], [-63.64452359492627, 55.42328934010207], [-63.63093170296014, 55.430271650436275], [-63.603980889779024, 55.42849249579891], [-63.57839122853153, 55.420457255379716], [-63.56634354114994, 55.42711803673759], [-63.54903921356643, 55.420769065875064], [-63.534376448013305, 55.42745375263801], [-63.510657230194674, 55.42027450245315], [-63.50000000659882, 55.423241989643124], [-63.47856669858446, 55.429205559226354], [-63.47097176789478, 55.419779562579166], [-63.45012109927825, 55.42072403875327], [-63.4490785717022, 55.411975866483175], [-63.43254072545104, 55.40857081699942], [-63.43491014345308, 55.400384194449785], [-63.40355474316139, 55.40765353971333], [-63.39303829326413, 55.40478096026601], [-63.3733479445792, 55.409708433839185], [-63.35179572877552, 55.418359716499445], [-63.33695631777178, 55.40987880664871], [-63.31978689370687, 55.41180634609703], [-63.32601612458576, 55.400620878025606], [-63.33366038203431, 55.38393125637639], [-63.324848694713154, 55.36604693546119], [-63.341431567486524, 55.36249104069398], [-63.3506619496596, 55.356919235858484], [-63.35783923883909, 55.362199501107554], [-63.39983435457307, 55.3545495348016], [-63.44224958007438, 55.34405973151537], [-63.4706828738722, 55.345565471403454], [-63.482010255079906, 55.349758022169006], [-63.50000000158783, 55.34822868576544], [-63.507729669752614, 55.34757066577849], [-63.529947842386996, 55.34185144186212], [-63.55192238432238, 55.34488735646276], [-63.56084099922391, 55.33885603634002], [-63.57440693866392, 55.33960169420899], [-63.580366766079685, 55.334787964389726], [-63.590728489065555, 55.333191395528], [-63.598286607502715, 55.32568773608381], [-63.59083135910577, 55.32072294263999], [-63.55387971659193, 55.32097093541131], [-63.532681192215975, 55.325496899294215], [-63.52619101099483, 55.317846408037454], [-63.526324138446284, 55.31383786598804], [-63.522555521538926, 55.30986953069413], [-63.53336659383949, 55.30619595585008], [-63.54206390302401, 55.30966719483142], [-63.55167875575721, 55.301255173057584], [-63.569509848553324, 55.297652224641084], [-63.5878847509593, 55.30264833521627], [-63.61576276849873, 55.29625683525434], [-63.64407830604023, 55.287775632300956], [-63.64011870588711, 55.27861932837252], [-63.657260251932655, 55.278126664751625], [-63.66849399344736, 55.27235742717505], [-63.67947505774644, 55.26688687946921], [-63.66354543581199, 55.2574260243563], [-63.65269844584478, 55.25191175932524], [-63.63863914375125, 55.25103332513174], [-63.630503410719534, 55.25617082719161], [-63.60123428115913, 55.25115452104116], [-63.602655767885864, 55.25006790978107], [-63.60832432763867, 55.24573403231627], [-63.622503123604126, 55.242608248965404], [-63.6240962843917, 55.23606112438471], [-63.60909388119558, 55.230144369387155], [-63.597688976946166, 55.23843163967182], [-63.57814550756781, 55.23641862197748], [-63.563312515363705, 55.24340383600926], [-63.547410472744126, 55.2254690036887], [-63.50841846033772, 55.23210489040563], [-63.49999997574264, 55.23786443877449], [-63.49036274141864, 55.24445490546469], [-63.47480622641055, 55.245351514006394], [-63.46906284144587, 55.25003042496881], [-63.46263560822977, 55.255264694963465], [-63.44589500936505, 55.251420320353176], [-63.4323685323115, 55.255259224920344], [-63.40256235171332, 55.257763882554826], [-63.40280149418746, 55.25006669841984], [-63.402834442564654, 55.249006458070426], [-63.422663455790705, 55.24303469672634], [-63.412526162816945, 55.23363303965302], [-63.42581408249489, 55.22623777070303], [-63.431871190567655, 55.21134265641669], [-63.44586648272768, 55.210763790898554], [-63.45261140663759, 55.201944599115386], [-63.489920663388794, 55.200390064676434], [-63.50000001153014, 55.202009546751405], [-63.5029562283244, 55.20248432580926], [-63.51314455765901, 55.19644560807522], [-63.53738633841174, 55.192040518992044], [-63.56291835571801, 55.187616379252994], [-63.55595642279546, 55.17285350176087], [-63.531385752702, 55.174595410532014], [-63.5239238067956, 55.16814465999418], [-63.54154997279907, 55.160097839685186], [-63.57340971327917, 55.155753130681354], [-63.56513086017243, 55.140264337885675], [-63.57369935312299, 55.13305113922276], [-63.60229646506696, 55.12873327806427], [-63.58607527317954, 55.115856376566455], [-63.58540810260034, 55.103550813692735], [-63.59160212504919, 55.09532417044361], [-63.605153095600684, 55.09829000087033], [-63.61136686487375, 55.090803776437205], [-63.602863116729814, 55.076360959016576], [-63.616055161324375, 55.06894568252977], [-63.60648809048512, 55.06119066344757], [-63.587609798890455, 55.0608054053272], [-63.57343102824845, 55.05398810224897], [-63.57549985644901, 55.04224794711763], [-63.55639199955499, 55.03444391274295], [-63.575733742238654, 55.02578178552082], [-63.59598391499368, 55.0214075255182], [-63.60612983872999, 55.00839172080994], [-63.58197278923682, 55.00361506381202], [-63.558750202153824, 55.00005077960659], [-63.55759771233352, 54.99987375723402], [-63.55753451958995, 54.989937849964264], [-63.57630295305775, 54.98810436600278], [-63.573161117419126, 54.97879530565969], [-63.586917949656936, 54.97375150711509], [-63.611005846439824, 54.9770443103204], [-63.612539413440686, 54.9690188614767], [-63.59752460162691, 54.959398131481436], [-63.599060384676534, 54.95137319856773], [-63.61134320873042, 54.948863828754014], [-63.59603940369368, 54.94577147325569], [-63.60200645125871, 54.939328909044086], [-63.59002485054703, 54.93530917669195], [-63.57787334521242, 54.929955476642554], [-63.58359342996514, 54.92381339351673], [-63.60452965905989, 54.92625153830643], [-63.61229841199167, 54.91993689521191], [-63.60442791792566, 54.90786569800563], [-63.59144370903125, 54.896592141714294], [-63.61958646716962, 54.89954061936063], [-63.63072357348863, 54.90920095099413], [-63.64578383898169, 54.90561823731509], [-63.663452901258204, 54.910455107280605], [-63.66128281597814, 54.89995248916584], [-63.6848620908774, 54.904568568506804], [-63.693805003819826, 54.909948606105914], [-63.69641866803339, 54.925339186599295], [-63.71599498792676, 54.925548200873386], [-63.72596078712669, 54.930468738250276], [-63.73850365039052, 54.93535667874871], [-63.75190029630253, 54.942308842134075], [-63.784313695317046, 54.94783235472852], [-63.79171080105048, 54.955894476637184], [-63.82051833341286, 54.94795810350875], [-63.829816889481364, 54.94205230419872], [-63.824099075512514, 54.934267497931444], [-63.79957267936152, 54.926133492806684], [-63.81269988641673, 54.91943849908219], [-63.83773353887903, 54.91451277305966], [-63.82896552049298, 54.90113412642342], [-63.84621047485689, 54.89482593077429], [-63.83802316008807, 54.883071984631215], [-63.85225098534418, 54.8851067327447], [-63.85265805153519, 54.87605608220922], [-63.84217014113005, 54.87100626526065], [-63.84903211347034, 54.86261128469871], [-63.827862645681854, 54.847323603070556], [-63.818146164559884, 54.828918025629875], [-63.81716153848613, 54.8169218650692], [-63.82957069058922, 54.812607530638324], [-63.84817183917114, 54.812360382008855], [-63.847963949427985, 54.80717418197673], [-63.86900523607641, 54.80703907493907], [-63.87181804370013, 54.80047762177085], [-63.885619403255276, 54.800738948228364], [-63.903664391093116, 54.801078014985755], [-63.890839937587096, 54.78880191440801], [-63.91006961370593, 54.78853551000098], [-63.92400933987386, 54.77840738667774], [-63.8897412348851, 54.76835877408167], [-63.895810713220726, 54.76012165799381], [-63.88446507094791, 54.75849899128568], [-63.879708321076855, 54.75500639867626], [-63.86065043208231, 54.75274533804777], [-63.85610347076934, 54.750069425003076], [-63.832835246565175, 54.736367094988005], [-63.80295971264506, 54.72564206677092], [-63.8038946561222, 54.71673649635606], [-63.768947277789735, 54.699843830339354], [-63.759710491551154, 54.685584156482875], [-63.76805869609413, 54.68310725065874], [-63.76309962507353, 54.67368483875681], [-63.74403601386401, 54.66992269684407], [-63.72384888614208, 54.65979858030366], [-63.72534472890516, 54.65177758086898], [-63.71262541368397, 54.624950763379275], [-63.727653420848476, 54.62711072915133], [-63.7325878717273, 54.623118915887915], [-63.74275793200111, 54.626399290146374], [-63.75222268462947, 54.631915169175095], [-63.76451271275159, 54.637394567642424], [-63.780455117992744, 54.64079494160938], [-63.7880271928562, 54.64384254682805], [-63.80167152452216, 54.64903855512996], [-63.81337723329083, 54.65078580303009], [-63.81713798511552, 54.645822478214974], [-63.81964808756695, 54.64067897331483], [-63.825478169823356, 54.64243657987213], [-63.83435130891863, 54.641139572515534], [-63.83520426358506, 54.637000531910395], [-63.8307490681111, 54.63286660113323], [-63.83458330202311, 54.62986733085724], [-63.848372140439295, 54.627324359017315], [-63.849636943108706, 54.62710709663472], [-63.86345155826946, 54.622632861047954], [-63.87007341231565, 54.62335202350216], [-63.87737612621255, 54.61898525668572], [-63.87344083316614, 54.61572856174391], [-63.8775076627939, 54.613028534783126], [-63.87737121091207, 54.61291032939048], [-63.883455231592336, 54.61263024380306], [-63.892842840150095, 54.6103386418146], [-63.89975778270087, 54.60559107618024], [-63.89786342354086, 54.60070382195672], [-63.90183773755976, 54.60130366576408], [-63.91143915535232, 54.60424867326693], [-63.92347148279676, 54.6059137791206], [-63.93433548240817, 54.606611480915554], [-63.94239778124834, 54.61042747330028], [-63.95431712261061, 54.61464606238427], [-63.966481781079274, 54.619252987749206], [-63.97442253623856, 54.62012023627387], [-63.97882968017674, 54.61501090670021], [-63.98487061574703, 54.60856708932036], [-63.99204479543818, 54.60485803113298], [-63.999999971715745, 54.60428360427365], [-64.00003243596225, 54.604281263868934], [-64.00400026139961, 54.60212579234686], [-64.00863280921537, 54.60225340344005], [-64.02193281648714, 54.60441296844016], [-64.02396488032319, 54.60515601092571], [-64.02904524448128, 54.60491418549335], [-64.03510220980466, 54.60703075997248], [-64.04345364670561, 54.60362882171704], [-64.04761773127487, 54.60087911503206], [-64.05427717774757, 54.60090829289979], [-64.0719447854742, 54.61701615648548], [-64.07994700791421, 54.62160957485438], [-64.08610673840072, 54.6229551042701], [-64.0932126099913, 54.617929788300614], [-64.09838050889084, 54.61254141338785], [-64.10732893486194, 54.61318661426798], [-64.10850494006057, 54.61899950041759], [-64.11178639021314, 54.62635169478871], [-64.11302518258753, 54.63347423284976], [-64.10896997195434, 54.63851835074709], [-64.10517395635142, 54.64670356361059], [-64.10276517700609, 54.6555877457147], [-64.10615476305495, 54.66038344834348], [-64.11839832096017, 54.66353163085694], [-64.1290094629505, 54.66559061659997], [-64.14184981278527, 54.66695739983626], [-64.14560947680461, 54.66991125945571], [-64.14272858153227, 54.673496410856814], [-64.14534324395956, 54.67614112383056], [-64.15857546265866, 54.6808419344938], [-64.16474130719473, 54.68670523424413], [-64.17127196693923, 54.690727351936914], [-64.18068885699148, 54.69358758521759], [-64.17818805747332, 54.69566027747659], [-64.17596968599547, 54.70120182029298], [-64.18066909475091, 54.70472924684243], [-64.18776014992568, 54.71083865862984], [-64.18350355670667, 54.714054705960514], [-64.17866450651239, 54.71695245751192], [-64.1776349461191, 54.72136055074336], [-64.18491412085008, 54.72202740525839], [-64.18661724213604, 54.72442436556461], [-64.19018908068338, 54.72797024656664], [-64.1965097593136, 54.72983195134209], [-64.20378378137106, 54.72807261410088], [-64.21532913688915, 54.72342304578809], [-64.22610932524948, 54.71937501409889], [-64.23428153740304, 54.717532974357376], [-64.23780760526932, 54.72009492938175], [-64.23673535257332, 54.7235213055016], [-64.234228358954, 54.72769296401698], [-64.23894380268442, 54.72912059264025], [-64.24993981219856, 54.729326845293286], [-64.26442022339926, 54.729013370731224], [-64.27557843784405, 54.72796893321988], [-64.28819496505957, 54.73102731407708], [-64.29578942545133, 54.735483077240325], [-64.30074808135765, 54.7414922292764], [-64.2984903622263, 54.7481520705916], [-64.29702724654705, 54.75004339536475], [-64.29452784713503, 54.75327376328327], [-64.29468167509665, 54.7533590228737], [-64.30250034999904, 54.75725938921725], [-64.30662488896903, 54.75926678468383], [-64.31286349481616, 54.7612368216807], [-64.31738593308273, 54.76274746796612], [-64.32276723938817, 54.76448743101675], [-64.33032791450381, 54.76741185583394], [-64.33613984213119, 54.7692658963573], [-64.34393357484336, 54.77255232334472], [-64.3531825294849, 54.77532272636753], [-64.36263107576883, 54.77784408424781], [-64.375772095047, 54.77982900859345], [-64.37906222247932, 54.77940147802489], [-64.38410815892567, 54.78016303940406], [-64.38583798682191, 54.78179114344696], [-64.39160598553067, 54.78822959505934], [-64.39747458248213, 54.79049295302975], [-64.40932234697759, 54.78956333111468], [-64.42178306644753, 54.787862278433636], [-64.43524522039787, 54.78794307749481], [-64.43988829577529, 54.78876047949069], [-64.44693155402679, 54.78999996653933], [-64.45450113083258, 54.79043062052262], [-64.45528880652702, 54.79013111639637], [-64.4560440986392, 54.790224325833826], [-64.45630706529913, 54.79027551305891], [-64.45654802642639, 54.790437924701344], [-64.4567672034441, 54.79045232404754], [-64.45681244879046, 54.79044077472955], [-64.45713822644761, 54.790357616533356], [-64.45735802367544, 54.79035151658987], [-64.45759683839131, 54.79042342177268], [-64.45855402463451, 54.79039161927803], [-64.45893560429813, 54.79042391798025], [-64.45999992496523, 54.7906100080704], [-64.4603259355253, 54.790604920602284], [-64.46231253386487, 54.79024322904591], [-64.4629577132179, 54.790220720460354], [-64.46382983254028, 54.790441821682236], [-64.46437380354884, 54.790492021188335], [-64.46483790609543, 54.79061102032394], [-64.46491311393243, 54.79070592916461], [-64.46539314127368, 54.790767715566496], [-64.46545422176118, 54.79085841133414], [-64.46570152080386, 54.790881209361885], [-64.46623503693425, 54.790804420750824], [-64.46677963180531, 54.79083411022545], [-64.46734093873302, 54.7910236274624], [-64.46765840378133, 54.79106752781597], [-64.46833002585029, 54.79111482500946], [-64.47905333299798, 54.79244118039146], [-64.48606927192453, 54.793435571788045], [-64.4871465056453, 54.793053633436145], [-64.49027645929141, 54.7919438389185], [-64.49026104857076, 54.791880826044384], [-64.49032512742731, 54.791611230590476], [-64.49071763651443, 54.790996817681965], [-64.49092051706546, 54.79083082577174], [-64.4912297358341, 54.79066591308993], [-64.49293324415743, 54.79053842589306], [-64.49322665953558, 54.79054111035868], [-64.4934998387336, 54.790543633609104], [-64.49393592982571, 54.79039623155902], [-64.49495833840672, 54.79031142293808], [-64.49505722270094, 54.79032050478043], [-64.49588452397344, 54.79063111602186], [-64.49601603685929, 54.79048491702883], [-64.49568114745028, 54.79030172340629], [-64.4957013498387, 54.790080917088964], [-64.4956041467729, 54.79001042505332], [-64.49539222518537, 54.78998801872761], [-64.49508652075954, 54.79003021244442], [-64.49465712601437, 54.790190009186624], [-64.49423392319324, 54.790124705065864], [-64.49381798340876, 54.78984537140868], [-64.4937888550046, 54.78982581976919], [-64.49397558567772, 54.78965994596505], [-64.49414463555061, 54.789509809493815], [-64.49413536727516, 54.789471962886516], [-64.49412554764052, 54.78943192729491], [-64.49360403220422, 54.78933702903626], [-64.49349663777926, 54.78911911262256], [-64.49348152021992, 54.78889791096041], [-64.49366451467728, 54.78876914036186], [-64.49367661628673, 54.78876061213168], [-64.49447304837734, 54.78839131933844], [-64.49460452448163, 54.78824522876775], [-64.4946972401734, 54.78822151752036], [-64.49486422304255, 54.78807572566897], [-64.49486533980668, 54.788034707437276], [-64.49505363789761, 54.78788501821408], [-64.49513284263676, 54.787836634191805], [-64.49602982457715, 54.787673021099174], [-64.4961231367007, 54.78762881048873], [-64.4963367492925, 54.787332030614344], [-64.49638338711321, 54.78731681097689], [-64.4812601193265, 54.78351150619984], [-64.47994499199153, 54.783180468193784], [-64.48054342670923, 54.77793340093027], [-64.47332093860649, 54.773566335520826], [-64.47149308711981, 54.77028173401519], [-64.48390512172999, 54.77217844677268], [-64.48547582758539, 54.77096281064942], [-64.48337683884981, 54.76725682954157], [-64.47516964171533, 54.75423115867472], [-64.474805015014, 54.752151717754025], [-64.4981301624574, 54.751466748981066], [-64.49999999929909, 54.75144720984896], [-64.51418856614617, 54.75129779738075], [-64.51981588134234, 54.75360659609574], [-64.52436099752822, 54.75702695445821], [-64.52895557567555, 54.759877129333596], [-64.53207218523512, 54.76128611008404], [-64.53418706676275, 54.761792700414645], [-64.54850999895139, 54.75004442797002], [-64.55481627287766, 54.74486891186983], [-64.54706426326132, 54.741596178642446], [-64.53649763088762, 54.7389118804149], [-64.52895692397426, 54.73749507948393], [-64.53069121688856, 54.73352538104345], [-64.53626042698191, 54.72929069372751], [-64.54703541587985, 54.72305624394592], [-64.55053555110065, 54.719904900604014], [-64.552633729659, 54.71521650728263], [-64.55688247260667, 54.71366228225549], [-64.56206953264615, 54.71550324559625], [-64.56940115781605, 54.71896073203018], [-64.57956430504328, 54.72316712404256], [-64.5862021002909, 54.72556868044004], [-64.58634499221688, 54.72558263972928], [-64.59306232242795, 54.7274353818929], [-64.59763194649383, 54.7287194746552], [-64.6003388105856, 54.7289093816869], [-64.6054544158312, 54.72785749591182], [-64.61139200151322, 54.72642157603701], [-64.61594200634474, 54.724768951990384], [-64.61968126685318, 54.72282683318726], [-64.62289935477035, 54.721874031444244], [-64.62630871080175, 54.7223242031717], [-64.63448246171427, 54.72463398763594], [-64.64094754514039, 54.726641985946145], [-64.65026018057827, 54.73059754546945], [-64.66011928879122, 54.732807504557236], [-64.67031558680868, 54.734681587253526], [-64.67996837457169, 54.735712552945515], [-64.68474536676457, 54.73347828018443], [-64.6878002797676, 54.726016277526746], [-64.69936346544013, 54.723590895177395], [-64.71112114917116, 54.72296218765641], [-64.72231754539546, 54.723814267307716], [-64.73095380721307, 54.72562116259844], [-64.73207520488882, 54.72905895256107], [-64.73489457613664, 54.735969650019726], [-64.75726154510825, 54.73079217052977], [-64.76371582014518, 54.72922936918698], [-64.76967210515026, 54.730095628631894], [-64.77808689304042, 54.73346877451539], [-64.7804388481542, 54.73559884287724], [-64.78538603010786, 54.739806157281244], [-64.78915306429656, 54.74475061821242], [-64.79328378545688, 54.74897563075827], [-64.79423794538553, 54.75004139302064], [-64.79682354867774, 54.75292900104723], [-64.80102926582056, 54.755776796592414], [-64.79999909700234, 54.756321224996036], [-64.79233793791438, 54.75454537235967], [-64.78516448170603, 54.753944009694784], [-64.78336733919994, 54.75905810759136], [-64.78208415099161, 54.76325983697125], [-64.77202717948758, 54.762483496879575], [-64.76634147538891, 54.76459923544143], [-64.75960772927225, 54.76574139327946], [-64.75232777794301, 54.76732181801619], [-64.75716861310427, 54.7698730480355], [-64.76531906011384, 54.774107092727576], [-64.76702048313179, 54.77629926327528], [-64.77252033171412, 54.782629959663694], [-64.77624522553728, 54.78814550508985], [-64.77264975466001, 54.789646814436566], [-64.7683551491023, 54.790499201590116], [-64.76838901416899, 54.791361557969836], [-64.76847984172434, 54.79367434482893], [-64.76977385987841, 54.79715610032204], [-64.76629812249043, 54.7979905725443], [-64.76334864044293, 54.798735042984276], [-64.75951316517046, 54.79970299225555], [-64.75458123658784, 54.80341449041212], [-64.75367637696527, 54.80445718240949], [-64.75030193521434, 54.80834494756702], [-64.74873900899422, 54.81084514191712], [-64.74787727795471, 54.81398543074616], [-64.74787483144955, 54.81399429532268], [-64.75211511855869, 54.81859871576152], [-64.75847085705156, 54.826667437228565], [-64.76036436430624, 54.82871666536222], [-64.7611142506887, 54.82952814447217], [-64.77148781147018, 54.83671506986914], [-64.77818406113377, 54.840342144033926], [-64.78387243825728, 54.842823082589796], [-64.78653546488844, 54.843079262971294], [-64.78911010390081, 54.84198980857701], [-64.79058863717202, 54.83962176630325], [-64.79100269530984, 54.83763637307917], [-64.79053642280519, 54.83409824460298], [-64.79280630188732, 54.83193741386099], [-64.7957261580276, 54.83137921182183], [-64.80070678231719, 54.832572237881], [-64.80314390571037, 54.83530334482242], [-64.80650699496877, 54.84025981346923], [-64.8126088709352, 54.84659308697947], [-64.81586769577329, 54.849047926816674], [-64.82159298462503, 54.8479585687831], [-64.82476587016636, 54.84622773097646], [-64.82557346606684, 54.84108645918641], [-64.82718900195407, 54.836970885240405], [-64.8301053144304, 54.83633666998571], [-64.83419622858433, 54.83728907984985], [-64.8380957226974, 54.84028545588876], [-64.83728618867943, 54.84414605074327], [-64.83929804927628, 54.84595118702777], [-64.84599620456606, 54.84409338825522], [-64.85682061158407, 54.8400550441873], [-64.86149032616328, 54.84104084865228], [-64.86432399460251, 54.8428270147111], [-64.86659623935357, 54.844815550532644], [-64.86549363225491, 54.84673806243491], [-64.86071984794759, 54.846656081215606], [-64.85840154858698, 54.848843117293654], [-64.86169197611292, 54.854936151228145], [-64.85581519469171, 54.86166282961642], [-64.85148722178707, 54.86821213945489], [-64.84692634513316, 54.873770309413366], [-64.84695364593763, 54.8739142619678], [-64.84843087454621, 54.87627321128537], [-64.85047591239301, 54.878293740377806], [-64.85288187081923, 54.88046337061677], [-64.85612473853361, 54.88290611349826], [-64.8602102162498, 54.885127669892846], [-64.8623976456892, 54.88635868513548], [-64.86514283158988, 54.88834074592121], [-64.86699264399711, 54.88975900638018], [-64.87170904632585, 54.89263980679977], [-64.87540023467166, 54.893050395732736], [-64.88014880341926, 54.892965130985374], [-64.88307477054565, 54.893010959015264], [-64.8861389291885, 54.89336805599234], [-64.88966658521367, 54.89423113075355], [-64.89287960208485, 54.895617893682875], [-64.89446467535839, 54.89713163207242], [-64.8957662775843, 54.8984550122052], [-64.90257045878785, 54.90164037712302], [-64.90473587370158, 54.905576329687676], [-64.90648041313584, 54.910565773245075], [-64.91233458425518, 54.911854815218334], [-64.91503886671882, 54.92000580002984], [-64.9269133030071, 54.921263688328615], [-64.94325854157057, 54.927839643911845], [-64.95391938026033, 54.93222792102637], [-64.97190055880246, 54.937395576202995], [-64.97195358202181, 54.93740033536543], [-64.98087494287445, 54.9360466095249], [-64.98488277716321, 54.935071626541735], [-64.98947170199287, 54.9336719054498], [-64.99333420032143, 54.93352169753994], [-64.9981512887162, 54.93246833372972], [-64.99916635600778, 54.932274940789405], [-64.9999999927067, 54.93211611474672], [-65.00167055145877, 54.93179777993433], [-65.00541847014536, 54.9314738132223], [-65.00956061616195, 54.930964233532066], [-65.01256555485261, 54.93172252740647], [-65.01262257634014, 54.931710839475585], [-65.01772136219104, 54.93262397824824], [-65.02803357532439, 54.937013724607176], [-65.03608361750774, 54.94091888675536], [-65.04024279162611, 54.94371681239186], [-65.04153050545874, 54.946583951799575], [-65.04250453588554, 54.9500797481578], [-65.04338838378094, 54.95233562476141], [-65.04815112794542, 54.955491414076654], [-65.05271807584398, 54.95596049516097], [-65.06131117475202, 54.954426960606604], [-65.07060165635855, 54.953579638188444], [-65.0717501851763, 54.955497645083554], [-65.0742506097467, 54.96110912105346], [-65.07635262596975, 54.9681381848114], [-65.07943418613816, 54.96893236119804], [-65.08581468651167, 54.969562791854194], [-65.09177905704891, 54.968463979972995], [-65.10500471690752, 54.96437008458149], [-65.1158992864738, 54.962816796118915], [-65.12644934581171, 54.961478036780576], [-65.12470919411481, 54.95555877624065], [-65.12234329860294, 54.94704657944795], [-65.12285467349824, 54.94140274272999], [-65.12826603083808, 54.93398072227814], [-65.13451733120272, 54.92819367416055], [-65.13955621326606, 54.92827465255266], [-65.14863594604695, 54.92949610821048], [-65.15993213926656, 54.93148904878772], [-65.1728928748462, 54.93360432134236], [-65.18030419243956, 54.93084914343074], [-65.1778076300158, 54.92453611345194], [-65.17363343494172, 54.91789305754321], [-65.17364250067719, 54.91424927825244], [-65.17878224923925, 54.905341258265636], [-65.18529797131353, 54.899420479779245], [-65.18987277033511, 54.893507477250864], [-65.19475682012296, 54.88696539987835], [-65.20061373036278, 54.88188869733412], [-65.20165846813717, 54.880537068995665], [-65.20220765279444, 54.87369180918381], [-65.20104050761707, 54.87065808085309], [-65.20633712473476, 54.86766558056839], [-65.20563811731965, 54.86697970237894], [-65.1995871307336, 54.86390572125575], [-65.19945986894017, 54.862252991416085], [-65.2006234834561, 54.85779342362326], [-65.20543561874089, 54.85133590811176], [-65.20962312342814, 54.84795777941905], [-65.21684959085418, 54.84677806066687], [-65.22700084738686, 54.84908251037939], [-65.24249211079665, 54.84992245716043], [-65.26719484262834, 54.848366046604184], [-65.28273320633774, 54.844355256194724], [-65.29107710008672, 54.84011887456701], [-65.29159326004276, 54.83397803514817], [-65.29156228147788, 54.8338393425424], [-65.28978254483312, 54.82980711143951], [-65.28900091382877, 54.82758001495388], [-65.28799651867949, 54.82540248630231], [-65.28873174374112, 54.82228421255602], [-65.29034210319337, 54.82067036292194], [-65.29296365609848, 54.81894241354106], [-65.29626336054845, 54.81764237513984], [-65.29631275882372, 54.81758319853673], [-65.29647232160686, 54.81756001165098], [-65.30084838018008, 54.81692456940284], [-65.30486723331067, 54.819674183751154], [-65.30949431604786, 54.82733399697451], [-65.31636846115033, 54.83526501004062], [-65.3202025417926, 54.84282173525617], [-65.32569525615611, 54.848678012752444], [-65.33579067234021, 54.85196780480623], [-65.34121981045459, 54.848312309660116], [-65.33885280823074, 54.845871869065014], [-65.3384048018872, 54.84165810095515], [-65.33922876459665, 54.83852875307576], [-65.34015001198368, 54.835272489158854], [-65.34173063606359, 54.832184907604855], [-65.34309116303032, 54.82904110810328], [-65.34537788758772, 54.82537521487207], [-65.3486438096211, 54.823174235671544], [-65.35110070438712, 54.821762356763706], [-65.3513090792649, 54.821243749322406], [-65.35583965195734, 54.81876140141115], [-65.36192505295332, 54.82041807779924], [-65.36836211823653, 54.82550116154989], [-65.37328009604916, 54.82776865167546], [-65.37858742205486, 54.82952849391508], [-65.38457398940763, 54.829944680809085], [-65.39168317237355, 54.82569277282058], [-65.40060311640063, 54.8190721665467], [-65.40754894474634, 54.81983330869275], [-65.41169205886685, 54.823114088406705], [-65.41367002202612, 54.82968393962183], [-65.41242203005119, 54.83886848306956], [-65.41137640461945, 54.84183699756284], [-65.45633571470451, 54.84924233374158], [-65.46154373355915, 54.84632232988124], [-65.46384308165672, 54.84124778811091], [-65.46924823013238, 54.83898438959728], [-65.48037113232401, 54.83817451063897], [-65.48729464273842, 54.83437679320012], [-65.48922082786716, 54.827490439319426], [-65.48665520479994, 54.820068727009044], [-65.4831389746038, 54.81664872629648], [-65.4737365047186, 54.80718406558902], [-65.46691319085477, 54.801910895018665], [-65.45603082865394, 54.79691675693595], [-65.44859264952943, 54.794516521336156], [-65.43461979700636, 54.78418346294191], [-65.43392413150525, 54.77066554602867], [-65.43106052524081, 54.75861582991237], [-65.429474501118, 54.750057562192445], [-65.42911443440015, 54.74811393711634], [-65.43168671697686, 54.74634521504365], [-65.44017630948791, 54.746895287065], [-65.4481621148911, 54.74398153126913], [-65.45061690215212, 54.74167750488401], [-65.45354787420439, 54.73737309585694], [-65.45225607764485, 54.73219354053103], [-65.45553031927467, 54.7285832460271], [-65.46335725443147, 54.727245817358856], [-65.47142173539417, 54.727888063691736], [-65.48735298793316, 54.728514092956374], [-65.49472169285482, 54.731906475861614], [-65.49775712605745, 54.734800770474884], [-65.49999997572876, 54.73533537775569], [-65.50396371148184, 54.7362800138801], [-65.51359840161483, 54.73600519181299], [-65.52902230196216, 54.73316244553556], [-65.53569951167376, 54.73011413371306], [-65.54878233322498, 54.729198715005204], [-65.55738750829646, 54.73027447040777], [-65.56242220902716, 54.73306776258855], [-65.56207054993887, 54.73974310417599], [-65.59255370118215, 54.743036009090105], [-65.59714222308871, 54.73905134339823], [-65.60160837707292, 54.73776107284727], [-65.62127895467408, 54.738506411572665], [-65.62751674614972, 54.74916905857447], [-65.62829224511428, 54.75007100144118], [-65.63206489570942, 54.754458067308384], [-65.64698452748806, 54.753186844042276], [-65.64934193347746, 54.750068344563324], [-65.65095465569897, 54.74793463118297], [-65.65096067442444, 54.74077187034122], [-65.64853383477482, 54.73521357926093], [-65.651204276637, 54.73306391726225], [-65.65636976051097, 54.72761040127795], [-65.6621203086983, 54.723919380760485], [-65.66966984488091, 54.71876649500675], [-65.69011531218408, 54.711527017342604], [-65.69317280103665, 54.70816403447159], [-65.70620972582589, 54.71791242556717], [-65.71327303420149, 54.72403242321823], [-65.72047007446842, 54.7315971518313], [-65.71955758068499, 54.73257720849838], [-65.71598607329351, 54.73500449505616], [-65.71350667121159, 54.73922023371461], [-65.71359276051008, 54.74095658881029], [-65.72397712875075, 54.75002649990035], [-65.72463294398646, 54.75059909818574], [-65.73249924779927, 54.759137099448125], [-65.73306075834398, 54.76371608895771], [-65.74297519443655, 54.76954107943208], [-65.74665557487512, 54.77530822545036], [-65.7523647230034, 54.78208973195318], [-65.7570246287859, 54.78679145731268], [-65.76569986222661, 54.78917462989389], [-65.77199519026865, 54.79680706061229], [-65.77742521960127, 54.80280964900791], [-65.78703816118234, 54.80905519160906], [-65.81906041786299, 54.82404380958617], [-65.8304494416817, 54.83072772728337], [-65.83831487531458, 54.83652753124653], [-65.85064590200948, 54.85080125980623], [-65.85307182369036, 54.85594358846786], [-65.8485508783838, 54.85824006401172], [-65.84469591964826, 54.86150946457945], [-65.8363866061767, 54.8746526540737], [-65.83664731974379, 54.881976104197825], [-65.84477076943017, 54.88582154657633], [-65.85723390553822, 54.89296768035955], [-65.85542749567901, 54.89622620087332], [-65.84408713783569, 54.90210844320412], [-65.83862044362917, 54.90795668292107], [-65.83932122538488, 54.91421755660688], [-65.83927075996705, 54.91428702565842], [-65.8498454237429, 54.927210876401936], [-65.85993523500618, 54.92589848055674], [-65.87121262120912, 54.92347042307536], [-65.88800770901153, 54.925339852146074], [-65.91357554716689, 54.935336051722686], [-65.91904797382692, 54.93760487568798], [-65.92469998893414, 54.940060671869254], [-65.92815750269156, 54.93966220264256], [-65.92821821344693, 54.939367210250516], [-65.92830660458154, 54.93926359665089], [-65.92838370157536, 54.939285507522484], [-65.92920022295833, 54.939470494670644], [-65.93100750747162, 54.93998219079707], [-65.93163384605651, 54.94028716635689], [-65.93166428773254, 54.94030200214884], [-65.93898969599081, 54.936217060492964], [-65.94600166711659, 54.93433317693294], [-65.95660131504151, 54.936765676438235], [-65.9651305854279, 54.929818082046516], [-65.97657719051848, 54.931350980875166], [-65.9865951483881, 54.93152081254709], [-65.9966154922601, 54.93098529411754], [-66.00000001383783, 54.93255756138886], [-66.00219687021338, 54.93357798326976], [-66.02339588757928, 54.94195334306166], [-66.03122199107904, 54.94248168485276], [-66.04240758452806, 54.94061899531196], [-66.04899545049004, 54.93741658731191], [-66.04630366328672, 54.93282400505028], [-66.04065996130988, 54.92820523211257], [-66.0364311002174, 54.923332166952356], [-66.03725868775514, 54.920818702898735], [-66.0408255895805, 54.919084349529975], [-66.04843486367287, 54.92036428136767], [-66.05907462928027, 54.92601747452757], [-66.06449035563772, 54.92906844218731], [-66.06891380175516, 54.9336855276581], [-66.07453952262408, 54.93950532335291], [-66.08773877345428, 54.949711549835534], [-66.09915328986588, 54.95434115341078], [-66.10670800341235, 54.959224564917925], [-66.11111928071051, 54.9636338025761], [-66.11667172543972, 54.967921396922556], [-66.12146487863757, 54.97041115124102], [-66.13700940432734, 54.97725952949662], [-66.14358133203751, 54.98229878857437], [-66.15256124147375, 54.98551485328198], [-66.16158366654437, 54.987734146028664], [-66.16074842040658, 54.97897666714353], [-66.16277024254673, 54.97484591134588], [-66.16798334133962, 54.973009325892185], [-66.17789092650838, 54.97544542066679], [-66.18860830979445, 54.98079529024529], [-66.19695202839358, 54.981335892652424], [-66.20567131881978, 54.979956337621466], [-66.21012537796223, 54.97913869809526], [-66.21488300490765, 54.981211499081724], [-66.2173212889463, 54.984525303696984], [-66.23553201772609, 54.99180698228365], [-66.23954023662138, 54.977906441119806], [-66.24227348114134, 54.97445364894685], [-66.24641601696112, 54.97546904201115], [-66.24779914834026, 54.978321819937534], [-66.2477401268441, 54.985245570030564], [-66.25054536062945, 54.99538487560933], [-66.25940477894679, 54.99974965535401], [-66.25993487597913, 55.0000107851718], [-66.26028384134592, 55.000182646957136], [-66.26797434224522, 55.01483421231801], [-66.27661891258319, 55.02454380567049], [-66.27662801009522, 55.02463789360568], [-66.27648720883687, 55.02472081167969], [-66.27642270301251, 55.025384711653295], [-66.27611060781445, 55.02546061301754], [-66.27609019734192, 55.02550580619074], [-66.2762132095559, 55.02559089456894], [-66.27661469413754, 55.02570280299962], [-66.27675251037101, 55.02581240689877], [-66.27746170460384, 55.025979487336585], [-66.27756380832108, 55.026089400964906], [-66.27802492340038, 55.026319597888616], [-66.27838208385508, 55.02669389216097], [-66.27879499117549, 55.02700228615496], [-66.2793060011395, 55.02757208864735], [-66.27977878199613, 55.02835510523857], [-66.28001219288018, 55.02860329846373], [-66.28014951197532, 55.028692415149365], [-66.28044151225319, 55.029018015493044], [-66.28082529170605, 55.02929789367646], [-66.28129901221874, 55.02978600416816], [-66.28121288808724, 55.03009788984488], [-66.28137549910348, 55.03036698590326], [-66.28212221764896, 55.03095159852373], [-66.28253861680092, 55.03108789596108], [-66.28291021856295, 55.03146619768226], [-66.28304318340106, 55.03168639160035], [-66.28310409087334, 55.03186620434383], [-66.28291460330246, 55.03200669634399], [-66.28290240539978, 55.032105101884255], [-66.29406554480416, 55.0339302730711], [-66.30359716611038, 55.03550316690938], [-66.3101618277394, 55.040824831050166], [-66.31352868806505, 55.04526513677957], [-66.32171971308908, 55.05691284188555], [-66.33314598811499, 55.06703520671485], [-66.34611269897353, 55.07531885014975], [-66.354994999548, 55.08320920332929], [-66.37234828006955, 55.09315715782505], [-66.38460066153274, 55.10266567173521], [-66.40210266506872, 55.113143695385105], [-66.41133237374447, 55.122013591497264], [-66.4196570024316, 55.131164869905746], [-66.43413384113015, 55.135073068712515], [-66.44470741937924, 55.1409474945026], [-66.45256186501723, 55.14837262900805], [-66.46642624676421, 55.16026240874579], [-66.47239940365782, 55.16763167403159], [-66.48048937330942, 55.17832354835223], [-66.4821085149969, 55.18303333430566], [-66.48828694883184, 55.19728002010236], [-66.49274859424571, 55.20337788025908], [-66.49533797570845, 55.205106902442985], [-66.50000002212023, 55.20571124022106], [-66.5025520217425, 55.206041958637066], [-66.50740405975606, 55.2047001751355], [-66.51156545756393, 55.200480365018315], [-66.5123042863078, 55.19423106424426], [-66.51641656769584, 55.195322129656354], [-66.51910864336517, 55.200489514098656], [-66.52203701857064, 55.20581404134469], [-66.52954514789113, 55.215654744192], [-66.5318866855662, 55.21963231932939], [-66.54074387308148, 55.22979564476315], [-66.54559502013078, 55.23537989511358], [-66.5558008266913, 55.23512099423387], [-66.56568894198901, 55.23839930736531], [-66.57875362663343, 55.25006055434404], [-66.58107416577174, 55.25213092444174], [-66.59094739214383, 55.260220494921846], [-66.60279262793438, 55.268981383349896], [-66.60747041011739, 55.27481951695597], [-66.61803494102121, 55.27815132980466], [-66.62224469044119, 55.273136338155275], [-66.62179950903483, 55.268713884926704], [-66.62657286567924, 55.266042173753156], [-66.63438634628956, 55.2676103459489], [-66.63957143365214, 55.268448979374845], [-66.64442669273416, 55.267101021531055], [-66.65382251215716, 55.25620141953568], [-66.65863745630452, 55.25514478974677], [-66.66446681039511, 55.26205651664978], [-66.66977348310994, 55.2694447315993], [-66.68958206069699, 55.280794343771156], [-66.69742029165529, 55.286174922489025], [-66.70063362623674, 55.28995062957672], [-66.69941917286188, 55.29257054222171], [-66.69694018258873, 55.30532309210517], [-66.70028803484477, 55.31204010751157], [-66.7085477423544, 55.31661578987063], [-66.72098350908452, 55.318372203146424], [-66.72761458348658, 55.318445257481976], [-66.73456882366159, 55.32120275647494], [-66.7400361080577, 55.327919198593946], [-66.7548381386137, 55.335348100656745], [-66.76262275190892, 55.34010515031942], [-66.76637274643633, 55.34460581128457], [-66.77477372801425, 55.35020957559317], [-66.77846228213936, 55.35238815154819], [-66.78926219818285, 55.3525421258814], [-66.80784293048518, 55.35674402776711], [-66.81874149041127, 55.35531398326569], [-66.81832948758097, 55.348398841722315], [-66.81500510243178, 55.34089427969851], [-66.80252243846016, 55.331720417817294], [-66.80059377058241, 55.327854206732674], [-66.79988869178467, 55.3232753768561], [-66.80067150364074, 55.32295208066995], [-66.81416858894687, 55.324789089166465], [-66.81415189617354, 55.32458994069147], [-66.81425060463341, 55.32453542287322], [-66.81437910524443, 55.32450934057225], [-66.81449450933073, 55.32452032747263], [-66.81477867703764, 55.32462763459383], [-66.81486108973306, 55.32472092957625], [-66.81519458857683, 55.324920807177904], [-66.82843769582948, 55.32681719247836], [-66.82766429906953, 55.32494592988864], [-66.82302679257305, 55.313721128106856], [-66.82372582244672, 55.30696976463141], [-66.8205625796837, 55.304315441216595], [-66.8090116877348, 55.29315574381464], [-66.79612017162889, 55.28167518935469], [-66.78635720705321, 55.27314058603675], [-66.7802553219398, 55.268983656892715], [-66.76718344083994, 55.261865262574055], [-66.75695898098355, 55.256625227673425], [-66.74410759622987, 55.25065781714316], [-66.74314847321477, 55.2500074867443], [-66.7402322023597, 55.24802997916417], [-66.7265319288609, 55.23553850367436], [-66.70723085962905, 55.22712308769461], [-66.70465612007769, 55.22440214138477], [-66.68941205398782, 55.20972743390443], [-66.6850683692335, 55.20246992248671], [-66.67184691977062, 55.181451530498194], [-66.67036329828584, 55.17748502936315], [-66.67161118769481, 55.17577741434124], [-66.67486894841855, 55.176356461538724], [-66.68358412348418, 55.18506205852746], [-66.69310305776366, 55.19195217750972], [-66.71063369711831, 55.205167222077584], [-66.71971727183083, 55.20954196737402], [-66.74890041761972, 55.21569894259039], [-66.75520153438744, 55.21499427692561], [-66.7570444341443, 55.21342792700405], [-66.75531366290996, 55.20569603206476], [-66.73940857397045, 55.19408299628791], [-66.73810325423331, 55.1910641889962], [-66.74196208612456, 55.18817426754748], [-66.74910470844017, 55.18727077799113], [-66.76062702748557, 55.1878118988232], [-66.7570180517354, 55.17712611582533], [-66.7569680768535, 55.171900699674566], [-66.75433139469774, 55.168063576637834], [-66.7467350473728, 55.15853104436752], [-66.74572936639659, 55.15317764194769], [-66.74857701933897, 55.14854360698036], [-66.75210707485635, 55.14898511348543], [-66.75975167904407, 55.15050848027548], [-66.76769444023964, 55.149696384910406], [-66.77608170179447, 55.14417819280359], [-66.77971972306885, 55.13893110284239], [-66.76921838836205, 55.13652686421202], [-66.76760260707458, 55.135138958731844], [-66.77558851810356, 55.128724135908904], [-66.78596884496976, 55.122379383424985], [-66.7886729916933, 55.11841379304712], [-66.77965143561296, 55.11084958685029], [-66.77165636766902, 55.114153804000914], [-66.76759583413741, 55.11468819273495], [-66.76276517752629, 55.11483807248935], [-66.75494165324788, 55.11357129005543], [-66.75014894343195, 55.10981994847905], [-66.74126120310966, 55.1032848934129], [-66.73576457312, 55.09786023660034], [-66.73283840658468, 55.09274911066751], [-66.72372123543417, 55.087259111773676], [-66.70745276064372, 55.07814988441894], [-66.69486279912108, 55.069517366520216], [-66.69229518403976, 55.06248402928908], [-66.69444180779169, 55.061695218872785], [-66.699250686077, 55.063249344931606], [-66.72094042273199, 55.07546448577192], [-66.73135649193517, 55.08156695926826], [-66.74085750216918, 55.08845134760508], [-66.74678826121584, 55.09207489042525], [-66.75362656126433, 55.09060185721615], [-66.75555010035198, 55.086751199185116], [-66.74994261640903, 55.0785943229805], [-66.74658171560661, 55.074081625353934], [-66.74704216934754, 55.06767602180955], [-66.74591397415031, 55.066102996792495], [-66.73507821524483, 55.060101677527044], [-66.73287204744199, 55.058571056460636], [-66.73337133501896, 55.053076739032214], [-66.73514631352886, 55.04919115487929], [-66.73503765266356, 55.04405267662142], [-66.73272034013775, 55.04339744549099], [-66.72439324243093, 55.041402676133906], [-66.721061222624, 55.039501486413265], [-66.71827634404195, 55.03612720893118], [-66.71644455142179, 55.03408406984054], [-66.71052321338571, 55.03286483449234], [-66.7060412537433, 55.03038630536332], [-66.69788038609019, 55.02792708060935], [-66.692599759742, 55.02966779772035], [-66.68748283311923, 55.029743064965416], [-66.68206866572692, 55.02974672771773], [-66.67637336597261, 55.02797786362875], [-66.67168358923014, 55.02554762360676], [-66.66475842820343, 55.02067438665651], [-66.65965531775312, 55.015937605188874], [-66.65915712262229, 55.01230778846705], [-66.65640742119959, 55.00793588144738], [-66.6529715018992, 55.00570534448457], [-66.64398356263625, 55.00006898222876], [-66.64362921352819, 54.99984670349894], [-66.64349605912513, 54.999752143725594], [-66.63615708888808, 54.99453734515052], [-66.62850880110683, 54.98741649744306], [-66.62705751430313, 54.98486015872857], [-66.62994693045286, 54.98304891724138], [-66.63429555097926, 54.9813886352998], [-66.63870597798002, 54.979801226625284], [-66.64452718961252, 54.97793197751688], [-66.6481356068044, 54.977134914069275], [-66.65633588693693, 54.98117612917863], [-66.66440380080839, 54.9878715273485], [-66.67263614100794, 54.99088489751199], [-66.68341817661492, 54.995336830722415], [-66.68601355335717, 55.00005379180718], [-66.68937815705021, 55.00005188610688], [-66.69976817704428, 55.000045348624845], [-66.70880545031767, 55.004644375330706], [-66.7124029953685, 55.00003609701912], [-66.73690770528974, 55.000014028933535], [-66.73825648792376, 55.0022032966857], [-66.74004067096736, 55.0071761118726], [-66.74744145887927, 55.00936249379871], [-66.75040247560634, 55.006766374184906], [-66.74936834351988, 55.00000069992518], [-66.75000001354597, 55.00000001286825], [-66.76599037157187, 55.00001691611646], [-66.76563999991997, 54.99975401870039], [-66.76022674054809, 54.99569188055575], [-66.74849168150283, 54.98957523502738], [-66.74022852747198, 54.98511539175532], [-66.73492722157705, 54.97805945444239], [-66.73554053427223, 54.97572746651139], [-66.7397483374636, 54.97487744155963], [-66.74222369831517, 54.9694802096023], [-66.73804373676455, 54.96682488365118], [-66.72484318279736, 54.96076457556991], [-66.71322623178607, 54.955495374624746], [-66.71488532474073, 54.95320801749766], [-66.71122268329367, 54.94736934236517], [-66.70302750815037, 54.940853920837775], [-66.6945296665119, 54.93426450772474], [-66.68656829775517, 54.928422826617805], [-66.68140817898893, 54.92366778499093], [-66.68268979104789, 54.91943032692141], [-66.68651411132709, 54.91663169192244], [-66.68807286910082, 54.91349428728501], [-66.68815489235645, 54.910414641946446], [-66.68724355926824, 54.90771571732362], [-66.6890342130354, 54.90277473122158], [-66.68965363220687, 54.89796505059576], [-66.68446995110757, 54.89423699980812], [-66.67725138881784, 54.89084461365517], [-66.66962932100495, 54.88652763033384], [-66.6636119666729, 54.881976854384355], [-66.65897185076545, 54.8765178793648], [-66.65624055543222, 54.87089918952674], [-66.65573281938062, 54.86811145472769], [-66.65462314245627, 54.861811002172864], [-66.65114194140335, 54.85768261633489], [-66.65314046788947, 54.85196581843674], [-66.65172294258105, 54.84997031021326], [-66.64260224524953, 54.849213534771955], [-66.63769822902269, 54.849061777913214], [-66.633284278604, 54.84675487416086], [-66.63342840931247, 54.84162303108856], [-66.63200016598067, 54.83569772141991], [-66.62321475070006, 54.82757920288374], [-66.61833224741021, 54.822470760997895], [-66.60766785550187, 54.81596169587715], [-66.60265109790355, 54.81350631070359], [-66.60349572989313, 54.811850699839724], [-66.60708915472894, 54.80838078607994], [-66.60962186898244, 54.8034139114279], [-66.61345946807087, 54.802070084661764], [-66.62209581982947, 54.800028276984136], [-66.62567760201176, 54.79903559138143], [-66.6198841705258, 54.78729971260192], [-66.62403518080461, 54.789958383548196], [-66.63353548628476, 54.79411841149322], [-66.6382266284369, 54.79504715786662], [-66.64325839176288, 54.79254535506709], [-66.64598303332839, 54.7892787073569], [-66.64726401862312, 54.78504296368234], [-66.64438547684365, 54.78062721434979], [-66.64461920953389, 54.77882419732324], [-66.65416761712484, 54.77452320614901], [-66.65942839757709, 54.77021777453601], [-66.66831927981782, 54.774227460569186], [-66.6900805352681, 54.787129258377725], [-66.70713996826731, 54.79765007333692], [-66.72448952354725, 54.80679038417991], [-66.73288818253182, 54.81149879285705], [-66.73738060331027, 54.81320040347356], [-66.73999720248507, 54.809080860273916], [-66.73372145383685, 54.8052841201839], [-66.72776183486432, 54.79868516027085], [-66.72111884816638, 54.79254024367387], [-66.71693668208987, 54.78843380283944], [-66.71782842404743, 54.78472489410077], [-66.72641828788417, 54.783033590837974], [-66.72793817148614, 54.780044051509265], [-66.72634990917027, 54.76789015731348], [-66.71809452954749, 54.76078226448389], [-66.71143060990069, 54.758386536396415], [-66.69974415301766, 54.754969870104894], [-66.68775095937451, 54.750053154621064], [-66.68624478813268, 54.74943548184983], [-66.67951291787693, 54.7449159298924], [-66.67499261848285, 54.73783226263953], [-66.67287816141906, 54.73667373539619], [-66.6628148573026, 54.72886712721247], [-66.66651499565708, 54.72338668564117], [-66.6658700267541, 54.7178598875964], [-66.66878485730236, 54.71567112567525], [-66.66700919078598, 54.71316464372694], [-66.66728177273566, 54.71104806103573], [-66.66911298085807, 54.709672749210974], [-66.67248976921694, 54.70818671690349], [-66.67529611189457, 54.70922998691495], [-66.68238800238, 54.715069037450405], [-66.69175497791275, 54.72182119180765], [-66.69631218004548, 54.7259541798528], [-66.69771904389135, 54.73101409994048], [-66.69792518959208, 54.73377597482712], [-66.69801219365105, 54.734941933158304], [-66.70086819689011, 54.736261942430325], [-66.70401594652154, 54.736235534510286], [-66.70841098299455, 54.73485749761753], [-66.71207140521243, 54.73393155546644], [-66.71702472143198, 54.73514113168637], [-66.72075528557491, 54.73814077034728], [-66.73267845022366, 54.74663267140208], [-66.73589591247958, 54.750346954098475], [-66.74986224012824, 54.758481712245775], [-66.75433196350582, 54.75925116649898], [-66.75710183685008, 54.75847654940515], [-66.75448924884084, 54.754651641012444], [-66.75174597847592, 54.75166126809623], [-66.75173800621943, 54.75000196147488], [-66.75173086920019, 54.74851006165737], [-66.75241102064564, 54.74665957154775], [-66.75363029337629, 54.746545287980396], [-66.75535750696187, 54.746383373056425], [-66.75782879886698, 54.74860545188011], [-66.76093291073455, 54.75134682075624], [-66.76880255294193, 54.75617450665126], [-66.77023497356478, 54.76211851167383], [-66.77323770383977, 54.7659944831187], [-66.78762759930972, 54.76981997218966], [-66.79492324674027, 54.77377299307058], [-66.79506797434794, 54.77381509945356], [-66.79994009022853, 54.77644560558494], [-66.80874637400838, 54.77848012007959], [-66.81271745032316, 54.77939724085737], [-66.82322219243673, 54.7858232250687], [-66.8283774121494, 54.78897564982828], [-66.83444775649936, 54.79176556626492], [-66.84090557463733, 54.79737486030742], [-66.84292675123181, 54.79948115467576], [-66.84590358302984, 54.80046788510995], [-66.85929681275726, 54.80718568879857], [-66.87093993207321, 54.81286284138535], [-66.87511912170395, 54.815647074702795], [-66.87566332704192, 54.816009608217186], [-66.87723112299996, 54.81539127517648], [-66.88132543519772, 54.813776269411484], [-66.88735222498373, 54.810764429276524], [-66.8957299712112, 54.80921653813793], [-66.89772039346539, 54.80940886909759], [-66.90252665565743, 54.80987317493783], [-66.9112656664086, 54.80937924192184], [-66.91347068533665, 54.80474053126661], [-66.91850555089943, 54.80239249145392], [-66.92704515201426, 54.80217296558071], [-66.93111089617321, 54.805080993307136], [-66.93447076798009, 54.809757059655794], [-66.93942927635791, 54.816105672442944], [-66.9478466706581, 54.82231051364903], [-66.96051348839411, 54.827267677190086], [-66.9770057503416, 54.833133827351396], [-66.98852741831632, 54.83813610735765], [-66.99698736312962, 54.84273091314386], [-66.9999999828845, 54.844913135702065], [-67.0036212907139, 54.84753580580614], [-67.01301303420287, 54.8539634440193], [-67.0213953611541, 54.857891139695255], [-67.03304304385233, 54.86194778244558], [-67.03900804453012, 54.867319277671854], [-67.03985465863407, 54.868081494264025], [-67.04059023874619, 54.875676707114366], [-67.04135335264262, 54.88166530366207], [-67.04893058649573, 54.88830170798287], [-67.04973927272705, 54.88900985222659], [-67.05651050443085, 54.89493770907053], [-67.06614674337244, 54.899478729011555], [-67.07412981519745, 54.90412240276623], [-67.07643531183827, 54.905463182297574], [-67.0850931670629, 54.91138277284484], [-67.10100394466258, 54.92127344465567], [-67.11836175598563, 54.93150165732067], [-67.13005987803494, 54.941035131231594], [-67.13925519724069, 54.95094361245675], [-67.15718459742769, 54.95645834904738], [-67.16669667548146, 54.9651470475586], [-67.17346248129765, 54.97060852077529], [-67.1877855213684, 54.98042531956705], [-67.19826608844522, 54.98224349752488], [-67.20922818303337, 54.98417348830654], [-67.21521919726064, 54.99073786186208], [-67.2181517551509, 54.995294443180924], [-67.21918696378344, 54.99978919735202], [-67.21924254161861, 55.00003048355399], [-67.2192505768311, 55.00006534273655], [-67.22718847100712, 55.00547319115219], [-67.23274323031269, 55.00870963159771], [-67.24214645034439, 55.01284739613298], [-67.2496094824961, 55.0181410830237], [-67.2574846089391, 55.0212741952286], [-67.27279210665976, 55.02421156507709], [-67.27343484570022, 55.027262358532624], [-67.2686945341632, 55.02840951849323], [-67.26274249618407, 55.034429758284254], [-67.26201206802146, 55.03941573565161], [-67.26329640476965, 55.04551765498606], [-67.25730525767118, 55.04605009343395], [-67.24371902049784, 55.04383760199306], [-67.2362838269861, 55.044030829867175], [-67.23397883833417, 55.051227871893694], [-67.24373025697386, 55.05963544969918], [-67.25380766191127, 55.06521645241363], [-67.26310323496581, 55.071902430044396], [-67.27281181618105, 55.07642725365363], [-67.28621592342336, 55.07891286466462], [-67.29565948958796, 55.081439186954995], [-67.30972934891493, 55.08536547392664], [-67.32283786754577, 55.08906531443395], [-67.33569149571588, 55.089159577510124], [-67.3458612748287, 55.08669465766993], [-67.3561846037371, 55.08877489935878], [-67.3684385923927, 55.09130281144559], [-67.38112260601372, 55.088453279144105], [-67.388785655909, 55.0847584689176], [-67.39526360520574, 55.08433088820122], [-67.40259120654967, 55.08667666316328], [-67.40963252886566, 55.08863323742585], [-67.41931468033823, 55.08604963213089], [-67.42812296426206, 55.08390677975442], [-67.43801746553767, 55.0778296686529], [-67.4413410552246, 55.07151705693015], [-67.44321674193101, 55.0648689464965], [-67.44786364387565, 55.06304886036723], [-67.455004782319, 55.06406035221112], [-67.46370387188603, 55.06285691722917], [-67.46875594875299, 55.05726740191962], [-67.47063445508691, 55.049011625326195], [-67.46303142166022, 55.044674584197054], [-67.44916491109613, 55.038883969068], [-67.4396490466303, 55.032490850163235], [-67.43910451544973, 55.026891591170966], [-67.44434997108503, 55.02102693942409], [-67.44535180438298, 55.014821237991356], [-67.44587182125699, 55.00850382813372], [-67.43758423029175, 55.00754496322188], [-67.42756598560044, 55.00586127401668], [-67.42402253797447, 55.00214025090841], [-67.42248808346908, 55.000060406661184], [-67.42227940370367, 54.99977753689097], [-67.42172906242891, 54.99903151583372], [-67.41634283728553, 54.99713518476102], [-67.4143369129537, 54.99441494500437], [-67.40886002501124, 54.991853023136606], [-67.40194049025929, 54.98895486501976], [-67.40292570345645, 54.98596439604574], [-67.40960302135832, 54.98204504270824], [-67.41436579737622, 54.97607044645109], [-67.41333408388677, 54.97196703183232], [-67.40458608221452, 54.96928668166034], [-67.39893064265551, 54.96539389579992], [-67.3977063214291, 54.961567064485], [-67.3997556735095, 54.95785895861101], [-67.39303796829181, 54.95468385693817], [-67.38449031503121, 54.951725423035285], [-67.37586563778497, 54.94649406324952], [-67.37032059306839, 54.94165821053771], [-67.35772691131105, 54.939684440539125], [-67.35439175288705, 54.93568521300485], [-67.3540565364571, 54.9298102778902], [-67.34698608733329, 54.923971675917166], [-67.33993207652847, 54.91652580150976], [-67.33471025404094, 54.90886338164316], [-67.33514320388628, 54.90348976562623], [-67.315699466388, 54.89539549384572], [-67.31400659117813, 54.89145602740166], [-67.3091524383302, 54.8864536374463], [-67.31065288408966, 54.880363469217166], [-67.30424155402159, 54.877572318203256], [-67.29238027456694, 54.87221383370115], [-67.2827232703495, 54.867692858838176], [-67.28296838581062, 54.86259630123567], [-67.27161124131348, 54.85574152697018], [-67.26706882104455, 54.84951989022131], [-67.26809592948956, 54.843318295329475], [-67.26343185997995, 54.839644785188035], [-67.25917646375962, 54.83381191051904], [-67.25449651198245, 54.83174472964452], [-67.24472981081188, 54.82976888856417], [-67.24361437822908, 54.82660672731917], [-67.23508981909059, 54.825244218897595], [-67.22798212293758, 54.825825717387985], [-67.2213719568207, 54.82491291609503], [-67.21843310503863, 54.82196479997017], [-67.21762281476937, 54.81758480743976], [-67.22187852904513, 54.81472115401543], [-67.22588878251783, 54.80825537598329], [-67.22214043922337, 54.80092770891408], [-67.21341853149157, 54.79274881424846], [-67.20570369792595, 54.7886729589725], [-67.19323308025957, 54.781861892328806], [-67.18018115936306, 54.77587789952506], [-67.17592503900845, 54.771649037681094], [-67.17644522367249, 54.76854923953784], [-67.17746409279127, 54.76395601919353], [-67.1704104423939, 54.76132106651766], [-67.16342268528619, 54.760957099389394], [-67.15808468971586, 54.75904930880592], [-67.1572608374378, 54.7562758317876], [-67.14962389538526, 54.75446778938536], [-67.13780935479026, 54.75007030761989], [-67.1377156192769, 54.75003541138012], [-67.13155888840511, 54.74535280121825], [-67.12490315532445, 54.7421630219073], [-67.11068958723253, 54.732343559999116], [-67.0979992110671, 54.72352732105886], [-67.08601236140564, 54.712941069206316], [-67.07322385459514, 54.705063353894985], [-67.07416883550127, 54.699806715581516], [-67.07077546383898, 54.69674218665324], [-67.06290081383706, 54.692933110177975], [-67.06765634327544, 54.68858361356857], [-67.07745281609724, 54.68575638449003], [-67.08279226598623, 54.680578678564856], [-67.07825226783902, 54.677563820521485], [-67.07152851379828, 54.67370627386072], [-67.07673091887582, 54.67107587993883], [-67.08870660293296, 54.66909018283659], [-67.10546550734333, 54.666629202775034], [-67.11700987660306, 54.661315378679895], [-67.12900346540047, 54.657719418609226], [-67.12887834400982, 54.65317761738609], [-67.12606979620502, 54.64928732285493], [-67.12345684250576, 54.645121024894415], [-67.13267588929547, 54.64151111277094], [-67.14258639317022, 54.636131656307555], [-67.14114145239581, 54.63031021213088], [-67.13855100997591, 54.624538659832844], [-67.14497364448314, 54.62252037711254], [-67.15347027695273, 54.622283401105115], [-67.15764418665357, 54.61715287668492], [-67.16013688440329, 54.61605625148661], [-67.16029291489212, 54.61582033572529], [-67.16081441249268, 54.61575814004274], [-67.16810648325121, 54.61254926547791], [-67.17577872737634, 54.609538170030305], [-67.18528916275646, 54.61179509331707], [-67.19382908754736, 54.615431400788545], [-67.20641043430932, 54.61648139189541], [-67.2202255660135, 54.61814409879189], [-67.22951596026319, 54.61519109657014], [-67.23489286821557, 54.612277482840724], [-67.23442295335785, 54.60347133639102], [-67.2317698158427, 54.593826170952745], [-67.23117571894744, 54.58756692621986], [-67.23283325820168, 54.58441737526393], [-67.24168983468991, 54.58522707117094], [-67.25195515811444, 54.587979328327336], [-67.26822747404773, 54.59086324544923], [-67.28032699547349, 54.59179226063379], [-67.27991824561595, 54.58525714044671], [-67.27581162044437, 54.57688188905255], [-67.27045750995256, 54.56949879054907], [-67.2685026599968, 54.56517305902073], [-67.27444959937266, 54.561429448091964], [-67.28103055104354, 54.56073292631706], [-67.2925728444862, 54.55927783417236], [-67.30200443086812, 54.5592540712359], [-67.3027042947555, 54.5558790427017], [-67.29710682799364, 54.55359044480073], [-67.28998002307793, 54.55190534887527], [-67.27782181033534, 54.548707292195], [-67.26906128462807, 54.54856528066203], [-67.26227134071915, 54.551142714347876], [-67.2631681461359, 54.54749189028014], [-67.26779330463663, 54.54247057361888], [-67.26631503058246, 54.5382575573171], [-67.25950908487687, 54.533748152504074], [-67.24917049260631, 54.53033230103201], [-67.24110104558551, 54.5284190601454], [-67.234437606082, 54.52844845403883], [-67.2278120260901, 54.52526656491278], [-67.22683247885249, 54.519560394466666], [-67.22934893432671, 54.5159719442978], [-67.2370651013298, 54.51522729476377], [-67.24458754906239, 54.51475819794433], [-67.24834994309705, 54.51017767465776], [-67.24745527370446, 54.50513654544234], [-67.24494465165482, 54.500033909961644], [-67.244981378676, 54.50000563144784], [-67.2497416791757, 54.496343204903354], [-67.25639931129261, 54.49631290526358], [-67.26275844369401, 54.49749896283185], [-67.26887111900847, 54.495085482243255], [-67.2696069811598, 54.48850061184321], [-67.27257438112565, 54.48662917292584], [-67.2820757026332, 54.48727172915373], [-67.28660898028157, 54.4902767716066], [-67.28807130107951, 54.496094337719626], [-67.28798030615384, 54.50003684000001], [-67.28790136070928, 54.50345640926397], [-67.29343895166659, 54.50645504548709], [-67.30351356081464, 54.511979007212204], [-67.31545288995055, 54.511425001532466], [-67.32051118531102, 54.50972484324291], [-67.32407091992738, 54.50541797228117], [-67.33070220766372, 54.503927526795536], [-67.33430647660657, 54.50510097740078], [-67.3322756143439, 54.50880390498489], [-67.32947320425679, 54.51361164913835], [-67.32962244111258, 54.518151636166124], [-67.33530584205221, 54.52110301079789], [-67.34321366307798, 54.52007463516043], [-67.34923525258063, 54.51699195219044], [-67.35779600157873, 54.51740379779232], [-67.35767975663703, 54.51995006847785], [-67.3641996994876, 54.52567032034225], [-67.36864164799043, 54.529613111833086], [-67.37796314723691, 54.530523686012536], [-67.38289451155275, 54.53297242572064], [-67.3837302712284, 54.535742677270285], [-67.38646706878151, 54.53896072357771], [-67.39407103894091, 54.54075138232091], [-67.393945505372, 54.544903339992835], [-67.40607889130081, 54.5529050991374], [-67.41573118897801, 54.553795692400655], [-67.42309606465577, 54.55787141332103], [-67.42342841728066, 54.56534656209189], [-67.42902526183532, 54.56923438560481], [-67.4483315782667, 54.57569677739934], [-67.46763612430455, 54.58376152674865], [-67.49174875482512, 54.584909514600746], [-67.49999999930006, 54.57875262022503], [-67.50093080922431, 54.578057905905], [-67.51303848562101, 54.57735548558981], [-67.5189196203772, 54.57637968253135], [-67.5242922982035, 54.575487937821016], [-67.52688242248365, 54.57095109690435], [-67.52337064030682, 54.56723704597079], [-67.51691133372371, 54.56219023475712], [-67.5160038757887, 54.555959146472595], [-67.51147330076259, 54.552512991808456], [-67.50206471372344, 54.547738144767294], [-67.49762165972075, 54.54533983171757], [-67.48930394608693, 54.54494359932697], [-67.48470255507081, 54.545430450929736], [-67.48266360669163, 54.54351725164641], [-67.47724153561981, 54.53435221374946], [-67.4737073934923, 54.530391704496225], [-67.47311297794633, 54.52010192235262], [-67.48093283632193, 54.51679370715176], [-67.49351827698507, 54.51138885580693], [-67.49962527560352, 54.507357027454], [-67.50000001784521, 54.50694097093718], [-67.50000001914471, 54.499999995495], [-67.49999998288327, 54.49461329114383], [-67.49911520844529, 54.49373827423113], [-67.49495448588738, 54.48858376832079], [-67.4962096398917, 54.484378647989224], [-67.49999998856026, 54.48178416802591], [-67.50040551931677, 54.48150655397989], [-67.50981714193293, 54.48146492349579], [-67.5182726231157, 54.48280505999593], [-67.52653158051758, 54.48602639393716], [-67.53193609169423, 54.49018474469202], [-67.54259451152838, 54.48754003532581], [-67.55087137013952, 54.48594359702839], [-67.55238469840765, 54.48854687785473], [-67.56844152273143, 54.49326741093122], [-67.5816578549436, 54.49410852785786], [-67.5863267532363, 54.48973879572219], [-67.58168284311287, 54.4828713003371], [-67.58644402779686, 54.479166021061864], [-67.58651245977585, 54.47916915063883], [-67.58646954684588, 54.47886479218789], [-67.5885645602787, 54.474614053761975], [-67.59263963255671, 54.46900314605546], [-67.60048424300729, 54.46609644762582], [-67.60947444059414, 54.46576618112071], [-67.62094230072658, 54.46820109537817], [-67.6278774602044, 54.47358685800038], [-67.63189914327104, 54.481087052287556], [-67.6324629143195, 54.48505027097226], [-67.63700560531186, 54.49225416815993], [-67.63871236278062, 54.49939558341793], [-67.63902410648552, 54.50007058253286], [-67.64111087605278, 54.50458834607821], [-67.64270200022118, 54.50803227424758], [-67.64743037135244, 54.509387174546006], [-67.64805628262174, 54.509565897770365], [-67.64807238883016, 54.50947969568573], [-67.64841899589484, 54.509149586941696], [-67.64837990489666, 54.508716609093106], [-67.64849900940946, 54.50858741197369], [-67.64865029601766, 54.50852709634484], [-67.64883489063457, 54.50831478511245], [-67.64889398223768, 54.50799859982503], [-67.6492411074827, 54.50779940677993], [-67.64922571339609, 54.50753370344328], [-67.64984328384209, 54.50690369533413], [-67.64988562103987, 54.506784201286564], [-67.65012919521445, 54.506497085531365], [-67.65021850515616, 54.506339813570825], [-67.6502286899496, 54.50615139030493], [-67.65038951466914, 54.50601319644748], [-67.65044671338582, 54.50578700505719], [-67.65061289081522, 54.505619999483685], [-67.65060879205507, 54.50542779976001], [-67.65053260453824, 54.50532691378013], [-67.65053270152242, 54.505085508928516], [-67.65083579555666, 54.50485450569284], [-67.65095020573396, 54.50464349916612], [-67.6511550077375, 54.50453719349893], [-67.65135918669147, 54.50430001025098], [-67.65149079928312, 54.50426460967884], [-67.65154968801814, 54.50418981083618], [-67.65158860901731, 54.5037676152223], [-67.65183271529861, 54.503611389289006], [-67.65193039753383, 54.50335570681729], [-67.65216081332694, 54.50308520603929], [-67.65216140763901, 54.502974708358735], [-67.65245149733963, 54.50251890105754], [-67.65269020540998, 54.50239139286902], [-67.65309259301343, 54.502297589179065], [-67.65326340428183, 54.502212412604884], [-67.65342480776557, 54.50196369393138], [-67.65370641637831, 54.5018476971268], [-67.65400519881231, 54.5016657899881], [-67.65432658256307, 54.50163090825739], [-67.6544664954367, 54.501497191405825], [-67.65472421811663, 54.50145530611888], [-67.65483680559656, 54.501334391236476], [-67.6548385956247, 54.50124429726662], [-67.6549248959855, 54.50115668989485], [-67.65514990014135, 54.501156407773685], [-67.65534569250245, 54.501258885827305], [-67.65552780655094, 54.50124720670266], [-67.65585339804583, 54.50116300878872], [-67.65600810533498, 54.50116411211481], [-67.6562546264898, 54.5010486934652], [-67.65662119455962, 54.501066094673114], [-67.65700748087498, 54.50081700814924], [-67.65729680383684, 54.50071310408485], [-67.65745040417644, 54.500693797320935], [-67.65807000864227, 54.500346000296624], [-67.65821889058678, 54.50000000487074], [-67.65831049444955, 54.499887009183915], [-67.65823920796076, 54.49962649128767], [-67.658233878147, 54.499172397949124], [-67.65837319190643, 54.49866629359571], [-67.65857619492107, 54.49840860984642], [-67.65912862014446, 54.49799260449945], [-67.65937200644166, 54.497705488843266], [-67.66002379736335, 54.49718519357095], [-67.66041778733486, 54.49670679875139], [-67.66056360156334, 54.49667529430131], [-67.66079992530628, 54.496748393234846], [-67.66139379588388, 54.49656478822033], [-67.66159850653672, 54.49645848933471], [-67.66179081681918, 54.49601680106406], [-67.6618020889232, 54.495848798919106], [-67.66169620915497, 54.49571998917408], [-67.6617997059757, 54.49556651134751], [-67.6620027043225, 54.495550207738816], [-67.66222168221638, 54.49568919876631], [-67.6625829074133, 54.495493802687236], [-67.662903088205, 54.49543839633822], [-67.664331884122, 54.49546751041648], [-67.66457940860266, 54.49537261330542], [-67.66495197584958, 54.49500920260392], [-67.66496558483091, 54.49488210323932], [-67.66479128627361, 54.494664509821455], [-67.66504781188716, 54.49411930405163], [-67.66529468790337, 54.49389348328103], [-67.66558688976016, 54.49371989356123], [-67.66641817934725, 54.49362980138249], [-67.66643370259153, 54.49341259040924], [-67.66613849587246, 54.492931503725984], [-67.6661283028747, 54.49263710776603], [-67.6662062915865, 54.49216490357719], [-67.66600690955246, 54.491759594742234], [-67.66569451327815, 54.49134429250461], [-67.66570699231615, 54.49119681095154], [-67.66560348925886, 54.49110880200953], [-67.66560048195085, 54.49093700255978], [-67.66549577893792, 54.490828508467786], [-67.66541302179229, 54.49025319437455], [-67.66552791716336, 54.49017320795599], [-67.6655451085206, 54.490107308059706], [-67.66563731098842, 54.48988051537254], [-67.66572597803402, 54.48983370703244], [-67.66573550912196, 54.48975580832228], [-67.66613888114627, 54.4894408984507], [-67.66641618402389, 54.489132598436306], [-67.66689809184736, 54.488476503851366], [-67.66718478049728, 54.487848797789205], [-67.66759878602893, 54.486993589719596], [-67.66782009033165, 54.486690491030146], [-67.66781300287539, 54.486567892334925], [-67.66792131561873, 54.48649619630933], [-67.66793370914256, 54.486348614355165], [-67.66804741808625, 54.48624809267778], [-67.66806518307118, 54.48607179198312], [-67.66815150012162, 54.48598419680938], [-67.6681431261293, 54.485841094115095], [-67.66821749644149, 54.48579059241574], [-67.66825669129337, 54.48574070820354], [-67.66825789997364, 54.48551969291778], [-67.66836620878998, 54.485447996634186], [-67.66837327850604, 54.485329201708275], [-67.66855362532873, 54.4851659950889], [-67.66896941049879, 54.48494499162359], [-67.66897352067555, 54.484895802632195], [-67.66906748432734, 54.48482028793435], [-67.66906928060646, 54.48473020705741], [-67.6689682012631, 54.48468308972054], [-67.66874448316948, 54.48470390930156], [-67.66865760449416, 54.48466060468906], [-67.66866689715039, 54.48453427970015], [-67.6665615186657, 54.47930290453107], [-67.66239631219642, 54.468953142940826], [-67.6709484155868, 54.46452473989497], [-67.67360843517106, 54.46225508061978], [-67.6650569800558, 54.458657598581986], [-67.66781166997055, 54.45384196380367], [-67.67768925124427, 54.44908100444802], [-67.68576093789576, 54.446146137368], [-67.6966809337796, 54.44387408186942], [-67.70665340946334, 54.44459019318978], [-67.7080840850474, 54.44973720011336], [-67.70343454663296, 54.45411169090541], [-67.70546690383699, 54.45625283213031], [-67.72749666128767, 54.457399279672124], [-67.7279901285427, 54.45242633016892], [-67.73431809241848, 54.444338622113726], [-67.74051716530296, 54.44146262580813], [-67.75047059879331, 54.44085180036666], [-67.76391626406783, 54.444253094775235], [-67.77225824866292, 54.44171900133565], [-67.77639035065565, 54.43527984896309], [-67.77089565073032, 54.423701297438846], [-67.76896791507754, 54.419553375336484], [-67.76298755619723, 54.4153299728614], [-67.75482035700796, 54.41279118533224], [-67.75102276995835, 54.411908753905806], [-67.75096495670356, 54.41071008469728], [-67.749058948733, 54.407058825931855], [-67.74107371662589, 54.39942721027142], [-67.73157841076089, 54.39400985123145], [-67.72469836607357, 54.38685578728998], [-67.7259240417293, 54.38264912702889], [-67.73151039171066, 54.37849522799794], [-67.73017232916317, 54.3724085841432], [-67.72959661510133, 54.36842447784539], [-67.7319582211614, 54.36416188769439], [-67.73933768795882, 54.35818048436387], [-67.74803672392135, 54.350260855628086], [-67.73372222615234, 54.34468193051055], [-67.73254267518188, 54.34247716983888], [-67.72509843841321, 54.33885447117687], [-67.71322388963509, 54.33547497104558], [-67.70784659861434, 54.33382756752068], [-67.69701630294105, 54.3306450092391], [-67.68904914738248, 54.32786755458116], [-67.6825906819629, 54.32452433130689], [-67.67636616713146, 54.31852430270687], [-67.6799563470472, 54.31192349586012], [-67.67910450296931, 54.30792390603684], [-67.67902436455459, 54.30082852117579], [-67.67679283518142, 54.29370824699553], [-67.6766866170982, 54.29318862033868], [-67.67282850805879, 54.28792459549337], [-67.67227965737143, 54.28511177374275], [-67.67464245695471, 54.280411690733175], [-67.67465763216671, 54.279711972450826], [-67.67458716205573, 54.27958247889587], [-67.67458654362929, 54.279210267489866], [-67.67452135390604, 54.27905208409719], [-67.67450925159174, 54.27788257007424], [-67.6748463644032, 54.2774300787856], [-67.67486675177958, 54.27646026602535], [-67.6747956418048, 54.27595867194586], [-67.67487905760365, 54.27583016840347], [-67.67510913605186, 54.275821479466785], [-67.67519672596687, 54.275885172672744], [-67.675305737295, 54.27655788455449], [-67.67562714382059, 54.276915482608565], [-67.67621763318003, 54.27721456126672], [-67.67663104230822, 54.27699358353303], [-67.67646174807702, 54.27672706792101], [-67.67655283728425, 54.27661068072151], [-67.67677582663147, 54.27647947772763], [-67.67677103409586, 54.27639777984357], [-67.6763148691757, 54.27612467307293], [-67.67628573407664, 54.27574486901577], [-67.6763898504414, 54.27561187149529], [-67.67667206756168, 54.27553677017999], [-67.67691564001686, 54.27540096276806], [-67.67691505647227, 54.27527018846511], [-67.67670675665686, 54.27505346794127], [-67.67688063914039, 54.274919075146755], [-67.6767894646888, 54.27479407754947], [-67.6765871270874, 54.27467957715158], [-67.67657995995414, 54.27455696539808], [-67.67625875929488, 54.27444066918254], [-67.67621783434912, 54.27433926771236], [-67.6764598644196, 54.274293578468296], [-67.67658643074748, 54.2743073848482], [-67.67690644762183, 54.27416187511214], [-67.6777352500078, 54.272795679121344], [-67.67774706308464, 54.27251737114766], [-67.6775415534793, 54.271989773907706], [-67.67649113234755, 54.27039106045259], [-67.67647085927713, 54.27004387763544], [-67.67652502642085, 54.269294277727816], [-67.6768962332849, 54.2684688811549], [-67.67709962101114, 54.26836257895081], [-67.6774805602688, 54.268424463703404], [-67.67787104725817, 54.26864987054125], [-67.6786178339659, 54.26971466126536], [-67.67866773240962, 54.27008997542011], [-67.67874944567706, 54.27029276955202], [-67.6790192543594, 54.27060647702348], [-67.67911763990993, 54.27109527981678], [-67.6795087408566, 54.27145147952308], [-67.67970523717682, 54.27170517093788], [-67.67969525736194, 54.27189357077044], [-67.67937425934377, 54.2722598756407], [-67.67937126359459, 54.27232948414323], [-67.6795334568105, 54.272473483212416], [-67.67974474724933, 54.272861860108634], [-67.68002055559566, 54.27303637404117], [-67.68041925798113, 54.2731633643062], [-67.68146595105607, 54.27373548483984], [-67.68178914625824, 54.27424438281935], [-67.68232185627895, 54.274749075109135], [-67.6823929718018, 54.27500937018038], [-67.68279116217344, 54.275246778616236], [-67.68304553461108, 54.275294884539136], [-67.68524025382783, 54.27505867723784], [-67.68558206192465, 54.274929184167185], [-67.68595935020689, 54.27468846644853], [-67.68625073947354, 54.2742940775548], [-67.68653993148725, 54.27410016802914], [-67.68820142045475, 54.273133186240784], [-67.68489675546752, 54.26340217448342], [-67.68310040519941, 54.2581104960437], [-67.6813021441968, 54.251914477897316], [-67.68112314517268, 54.25005742561621], [-67.6808275651604, 54.24699079474571], [-67.67733039852214, 54.241680312732825], [-67.67052903778497, 54.23719984535211], [-67.66401258646924, 54.23310627553992], [-67.65976368648298, 54.22890182989654], [-67.65579886434806, 54.225084491011316], [-67.65491584979445, 54.22484333183111], [-67.65176234458511, 54.22152268207901], [-67.64394164685177, 54.21782207360695], [-67.63522914747544, 54.21601060632523], [-67.628302652046, 54.21275146535315], [-67.62309842291627, 54.208426259812775], [-67.63060634377986, 54.208262754411194], [-67.63815793102258, 54.205222380723974], [-67.63589561549233, 54.202124053974295], [-67.63146309974509, 54.19979951418545], [-67.62099233691102, 54.19830231952189], [-67.6156181010085, 54.195755535378964], [-67.61713230045929, 54.19193941018169], [-67.6243020752947, 54.191057221967114], [-67.63316606166656, 54.19410246466824], [-67.64429743042916, 54.193828481735736], [-67.65335475006287, 54.18857483108204], [-67.65561950635407, 54.18365204513089], [-67.65184915319233, 54.17795437587735], [-67.65345441843694, 54.169989500353424], [-67.64808202012198, 54.16744447160364], [-67.6406377965726, 54.16312882409825], [-67.64440918559441, 54.16080652178852], [-67.6570383370861, 54.16152709595674], [-67.675321973747, 54.1587612218868], [-67.69634132613588, 54.16240753160786], [-67.70595361051136, 54.16113210139948], [-67.72177632792929, 54.153934476302], [-67.72959282117034, 54.151275140985966], [-67.73440160133215, 54.15304205057267], [-67.74826339103743, 54.15756761607229], [-67.76503657165532, 54.15700019276787], [-67.78178403090887, 54.148410273659636], [-67.80114111132323, 54.13433919186056], [-67.81025241624639, 54.12813290962873], [-67.8035464472587, 54.12272173022099], [-67.79816490857002, 54.118580628122416], [-67.79974222102717, 54.11221861070241], [-67.80546108351935, 54.10618316541316], [-67.79950849971523, 54.09966502144364], [-67.7918731086688, 54.095637228897594], [-67.78190092456624, 54.09586976063346], [-67.77400371200719, 54.09786893912168], [-67.7677053629809, 54.09992134943225], [-67.76101894171276, 54.097715422147324], [-67.75808670737469, 54.09157952800203], [-67.76183525767235, 54.086046093014694], [-67.77566116270278, 54.08575622306818], [-67.78835837498156, 54.0855211987226], [-67.78523547833258, 54.07966293027385], [-67.77881526127562, 54.0714303251717], [-67.78086424109453, 54.065179462018776], [-67.78582540157988, 54.05864890990436], [-67.79408220296622, 54.0544920662651], [-67.79349345318835, 54.047304319252824], [-67.79103001429156, 54.0412801133836], [-67.79844427218526, 54.03916997651313], [-67.80800914687458, 54.034678871199354], [-67.81466773487682, 54.03207101668284], [-67.82168528783798, 54.02570234706161], [-67.82062847993319, 54.02000882214638], [-67.81600639376194, 54.01476277965547], [-67.80660992308019, 54.012563964163355], [-67.79721455556607, 54.01036434351757], [-67.78913863780245, 54.00943407080411], [-67.78312868648989, 54.00866680978887], [-67.78732437417175, 54.000036751445734], [-67.77659225827928, 54.000027500747734], [-67.78083130877475, 53.99434952214519], [-67.77622756344617, 53.99230876061784], [-67.7664740206033, 53.99386648361296], [-67.76231990366385, 54.000013555576714], [-67.75450912523415, 54.000005131466516], [-67.74761032457245, 53.99200295674516], [-67.74337598777882, 53.986201025791054], [-67.73895913964881, 53.982278845771674], [-67.73360787679037, 53.97973927510029], [-67.72516326326011, 53.97775410567241], [-67.71690897903733, 53.97709504245298], [-67.70809320496423, 53.97726485132477], [-67.6998393289348, 53.97660448315985], [-67.68727069545342, 53.97428595059143], [-67.68126769552305, 53.971909820430895], [-67.68454673744574, 53.96627028091686], [-67.67666947175046, 53.96184880417946], [-67.66748160440396, 53.956155375711305], [-67.66195152994506, 53.95228565951264], [-67.6643883470527, 53.95029555992688], [-67.66841804167888, 53.948360611252134], [-67.6768514277725, 53.94554062859165], [-67.67755545728335, 53.94156891238471], [-67.67090193579251, 53.93615212446699], [-67.66724781724746, 53.93112187472127], [-67.66260854199682, 53.92807305589172], [-67.65333580283392, 53.92812779049648], [-67.64293812421708, 53.92983987182716], [-67.63713029881708, 53.93039137153558], [-67.63242786751445, 53.92502752637716], [-67.62708877329187, 53.925689161514306], [-67.61818992229927, 53.92679128690077], [-67.6110969352306, 53.92551721630534], [-67.60595015291908, 53.922695393425194], [-67.59630593997039, 53.92169476613957], [-67.59818941881342, 53.915726028823144], [-67.60269466741659, 53.90909555699826], [-67.60916460779238, 53.901968571927696], [-67.60280548968547, 53.89853812410858], [-67.59382598989737, 53.89576893877479], [-67.59457967457519, 53.893061013344486], [-67.60056728498812, 53.893838568871026], [-67.61273074396232, 53.89511633819262], [-67.61573105603473, 53.89069586936437], [-67.61424164587164, 53.88489157833721], [-67.60797990590302, 53.88052200946808], [-67.6052720783105, 53.87731483728073], [-67.61079442408554, 53.874775242492646], [-67.60911892719216, 53.86924736699264], [-67.5992167895347, 53.863051683558886], [-67.59276684159732, 53.86216330153679], [-67.58528046734418, 53.86519786912925], [-67.58050486882836, 53.86823409066989], [-67.57639471075524, 53.8662963714153], [-67.57949259235394, 53.860937769372576], [-67.57351456061248, 53.858556326282354], [-67.56425882700074, 53.85860341187519], [-67.5602466244291, 53.85572567537346], [-67.56745371373816, 53.85230577417619], [-67.57148974325168, 53.845566762189456], [-67.56907096838607, 53.84114335510357], [-67.55590572511015, 53.83737282466772], [-67.54581284363337, 53.83785959561667], [-67.53664793018119, 53.84017030141573], [-67.52814825191574, 53.83910982137679], [-67.51778817226005, 53.836001374313454], [-67.50938724788845, 53.834000068725224], [-67.50395469561727, 53.837197465490746], [-67.49999999223428, 53.83687243008038], [-67.49779003373297, 53.836690725279006], [-67.49491390509118, 53.832154511913565], [-67.4996083151593, 53.826856404666366], [-67.49999999783907, 53.826645687395505], [-67.51159126376709, 53.82040825860306], [-67.5220676550209, 53.816167377318315], [-67.5293788351911, 53.808605902573895], [-67.53603301935546, 53.80120909741289], [-67.5450972658703, 53.79823548927291], [-67.55938152120532, 53.79714517960168], [-67.58729058109228, 53.79672668056448], [-67.60222661528631, 53.79546535580287], [-67.60419506873392, 53.79016161012055], [-67.59123127151764, 53.786119739041034], [-67.57584351317419, 53.782461182944154], [-67.56427538042918, 53.78195374089402], [-67.55728254201254, 53.78028929348032], [-67.55906920695251, 53.77526265837528], [-67.56747609737434, 53.77085005451177], [-67.586138187008, 53.76727364123036], [-67.59929029170083, 53.766232525519065], [-67.60330621827687, 53.76269856050558], [-67.5996752148146, 53.75927068732375], [-67.5922190285935, 53.75749782397712], [-67.5800053076225, 53.75715740738988], [-67.56676844703188, 53.75593063775655], [-67.55651030324732, 53.756694394226365], [-67.5482112240516, 53.75696202304949], [-67.53897509966491, 53.75860926472468], [-67.52806807793509, 53.75793295088914], [-67.5167019481105, 53.75554202233476], [-67.50737431387714, 53.75652336384276], [-67.50000001395223, 53.7572673510849], [-67.49999998968524, 53.750000003470106], [-67.49999998232444, 53.74603589925711], [-67.50574618531772, 53.74458632065565], [-67.5175269439363, 53.735210316613426], [-67.51596821333827, 53.72874389012982], [-67.50573656627816, 53.72469603994989], [-67.50631906432348, 53.719061533663634], [-67.50000001038651, 53.717551255232074], [-67.49747956839936, 53.71694872385289], [-67.48305937364786, 53.713499972436495], [-67.46510927710293, 53.70888259325309], [-67.44631378298317, 53.70630470166641], [-67.4337421395373, 53.70649941996605], [-67.43277308299284, 53.712685036518884], [-67.43599885053635, 53.7182720039796], [-67.44062096393328, 53.724193370946985], [-67.42580689213696, 53.72449296907635], [-67.41779098085914, 53.72513786491513], [-67.4194159018576, 53.718787927716626], [-67.42746057094512, 53.71333639458469], [-67.42556246440354, 53.704216413165646], [-67.42160817417825, 53.69652834264585], [-67.41382863665375, 53.69048872910093], [-67.4033307554508, 53.687646259509826], [-67.39684971288173, 53.68287930144349], [-67.39633093294279, 53.677298445149184], [-67.40424856174772, 53.67599212977897], [-67.41421138496779, 53.67485573918421], [-67.41314778357533, 53.666898450083444], [-67.40399403118462, 53.65892193922915], [-67.39578364570848, 53.64956623420986], [-67.38942149845286, 53.64225865359706], [-67.39260420983022, 53.639173462689016], [-67.39142336613827, 53.63535911732902], [-67.387195558124, 53.62888562721914], [-67.3899251911875, 53.62408718950217], [-67.39507217880944, 53.61890819038989], [-67.39473092293797, 53.61465430703219], [-67.38324035683239, 53.61092412961915], [-67.37369386445327, 53.60830265664831], [-67.3738062194526, 53.60576227397382], [-67.3793164739339, 53.60163468749397], [-67.37693580742408, 53.59720979061899], [-67.36283488395573, 53.59573498109508], [-67.35336785980124, 53.59537650696496], [-67.34734531450319, 53.59392283239534], [-67.33994729791873, 53.59053158506457], [-67.33496728499829, 53.586760714320434], [-67.3253289433749, 53.585073726069915], [-67.31354977333861, 53.58415206067623], [-67.31320310296216, 53.58149990258995], [-67.31799323793328, 53.575274702332656], [-67.32159570254782, 53.56683649959012], [-67.3237071862997, 53.55900107598657], [-67.31866077312239, 53.55296532996779], [-67.30815176461786, 53.54624864816889], [-67.29835234708817, 53.5432334438343], [-67.28629654088441, 53.543522822316476], [-67.27845590461062, 53.548685870868525], [-67.27239395504824, 53.55203251175899], [-67.26429241298952, 53.55520555952582], [-67.25740588112691, 53.5573885757187], [-67.25033202639806, 53.55117615943793], [-67.24086349804608, 53.54373897814843], [-67.22908766736835, 53.53573948150451], [-67.21876905944809, 53.53034033608945], [-67.21161101079338, 53.532132588960735], [-67.20621600842718, 53.53371102377548], [-67.19743655965338, 53.531574547459115], [-67.18907995615689, 53.532752601916926], [-67.18899961916256, 53.53915812745888], [-67.19041035745956, 53.54496292392071], [-67.18913237683942, 53.55075586575472], [-67.18001528643194, 53.55303439044016], [-67.16944678581069, 53.54564101715308], [-67.15768545007185, 53.53763360994211], [-67.14134983813894, 53.532363877920154], [-67.12988668986284, 53.530208659821106], [-67.12339846235604, 53.5302312252682], [-67.11875741282935, 53.53070460007664], [-67.11432887071417, 53.52930131729351], [-67.09990848531186, 53.52674105364629], [-67.09480590000292, 53.527100529817375], [-67.08430381382377, 53.52903201428623], [-67.08047864921457, 53.53066784387913], [-67.07206854671486, 53.535039437545315], [-67.06202481720365, 53.53708177933792], [-67.05623827676062, 53.53373554110601], [-67.05370980647349, 53.529579363769265], [-67.04282211376925, 53.526589698483605], [-67.03592805184341, 53.52875828254179], [-67.03030823871188, 53.52673705370118], [-67.02751161218424, 53.52219213847251], [-67.02042783980238, 53.51370071020377], [-67.01141985986743, 53.509559632043675], [-67.00849209863941, 53.502086988721324], [-67.00665317746342, 53.500007582641224], [-67.00000000083811, 53.50000000741999], [-67.00000001932953, 53.49596300655038], [-66.98562927018087, 53.49614597606775], [-66.98384275396734, 53.49249017319674], [-66.99271447981421, 53.48823939151338], [-66.99629644456586, 53.484617518697185], [-66.99898731950556, 53.47370153533981], [-66.99582222429166, 53.464240000132705], [-66.985361124405, 53.46456040468478], [-66.97107643985377, 53.46651141041783], [-66.96426956185516, 53.46933811022014], [-66.95447786412234, 53.47335932779311], [-66.94452408696273, 53.47605339908374], [-66.93791595196201, 53.47313734674979], [-66.9343238925555, 53.46742561944469], [-66.93463732172441, 53.46074678375206], [-66.93044503156396, 53.457460400395796], [-66.92495217748163, 53.45449611948452], [-66.93059973561014, 53.449455557881606], [-66.93500637049053, 53.441535300697524], [-66.93176726966064, 53.43687533517057], [-66.92730961625305, 53.43442148333087], [-66.92563470126726, 53.43089941620417], [-66.92565462276517, 53.4231411284887], [-66.92444786028233, 53.418660877898866], [-66.91628159803355, 53.415677808236886], [-66.90789449235305, 53.4145696208605], [-66.89990323721419, 53.41677607206667], [-66.89447930630443, 53.419939071511], [-66.89009088794195, 53.41306146015487], [-66.8905368399398, 53.409310613610906], [-66.90320486569887, 53.39957523271521], [-66.90670779154445, 53.39529422071163], [-66.91198463773512, 53.39466919124824], [-66.9144093330759, 53.39816421361955], [-66.92287244918728, 53.3999348581052], [-66.92883031793107, 53.3975471806181], [-66.93328011577405, 53.391891769615846], [-66.93809651572923, 53.391151895131884], [-66.94631966644563, 53.39093165923898], [-66.9534733857982, 53.383692886134], [-66.95414208194263, 53.372601801998066], [-66.95890524129041, 53.369597468348836], [-66.96610332272344, 53.36462176199776], [-66.9735914134977, 53.36389784775744], [-66.97610012340354, 53.36805407288741], [-66.98469173057894, 53.372746148248176], [-66.9960466337994, 53.37265246980164], [-66.99999998822764, 53.37073868725834], [-67.00572718283716, 53.36796564913637], [-67.013675858693, 53.36188744905422], [-67.00932591480284, 53.35727929176235], [-66.99999999392195, 53.357179463532056], [-66.99705696139921, 53.357147806036245], [-66.9969517868977, 53.35262092546839], [-67.00000000317395, 53.35135833285797], [-67.00522171630669, 53.34919509198276], [-67.02129783458771, 53.34222841199213], [-67.02705061694667, 53.334646127649336], [-67.02534829419999, 53.326191229135574], [-67.01881419950493, 53.3200805262808], [-67.00196233774221, 53.321409710639045], [-66.99686217981012, 53.32219776456127], [-66.99234959511257, 53.32289477488361], [-66.98382003382744, 53.32046719226224], [-66.96533729434016, 53.31300660267386], [-66.95841549869571, 53.30645033537578], [-66.95745734387143, 53.29849654505972], [-66.95337047638593, 53.290411634109496], [-66.95432675891588, 53.2835747357332], [-66.96472538822087, 53.2739308957183], [-66.96927214396987, 53.26187523657303], [-66.9743063138957, 53.250027167401235], [-66.9761924520448, 53.24558622792844], [-66.97560989968498, 53.2370845538139], [-66.97672734095924, 53.22611108223545], [-66.97806167144358, 53.21326331303584], [-66.97360889289104, 53.20026806623593], [-66.96339603281014, 53.19098689906798], [-66.95961727029926, 53.181692800510696], [-66.96744702089906, 53.18042046632698], [-66.98264783736057, 53.17776082351773], [-66.99400090048367, 53.17446788663071], [-67.00000000878245, 53.17150504127326], [-67.0061330133011, 53.168475256101544], [-67.00659011535099, 53.168588436716206], [-67.01352979762787, 53.16002495796938], [-67.01412280674954, 53.15213959614189], [-67.0071909211802, 53.14431829280971], [-67.00000001270642, 53.14080501563838], [-66.99518234751558, 53.138450619016325], [-66.97438718899137, 53.136827613792924], [-66.95869543482522, 53.13711026313797], [-66.95996500747687, 53.1329261811189], [-66.97297337635491, 53.128764359937875], [-66.98490601566054, 53.123049500565166], [-66.99087320734259, 53.1174610824648], [-66.9901012143354, 53.10923709418887], [-66.98683190829009, 53.10232114935863], [-66.98595281967118, 53.09503447290306], [-66.98442990896616, 53.08790930112882], [-66.98953142849291, 53.08435675413662], [-66.99999999675885, 53.08437383308158], [-67.00125687278296, 53.084375829279864], [-67.01156100104527, 53.081792474667715], [-67.01749083676741, 53.07780253828], [-67.0239830499806, 53.078448792855234], [-67.04160760975124, 53.076072141371604], [-67.05676684613358, 53.078863014432656], [-67.06849067441324, 53.0788746366736], [-67.06787845913246, 53.08289754711112], [-67.06530970969213, 53.089005422094075], [-67.06716643907116, 53.093318197807925], [-67.06897385754812, 53.10082993031441], [-67.06404007828742, 53.10571120840859], [-67.05306332296215, 53.11006113047696], [-67.0467859849911, 53.11846430070757], [-67.0508998547962, 53.124942221979005], [-67.052517774999, 53.13272963263354], [-67.04892262666476, 53.13954918047785], [-67.06117802862418, 53.141936674414964], [-67.07525539546408, 53.13931289929035], [-67.08271292045883, 53.13152086764421], [-67.0886671395749, 53.12592680584153], [-67.10197551445368, 53.118937646356414], [-67.11527901184064, 53.11194697114002], [-67.11620190655825, 53.10511194543125], [-67.11991484333691, 53.10827523061335], [-67.12066929705419, 53.11969733564005], [-67.1250880036548, 53.12496031438413], [-67.14108218806867, 53.128902003400995], [-67.13921020938736, 53.131650883860324], [-67.13274508424703, 53.134873225977394], [-67.13444653878705, 53.13786062126466], [-67.1460190216593, 53.14359985805542], [-67.1542279803429, 53.14722548088299], [-67.17476605057337, 53.14842576669075], [-67.20495046376527, 53.14878173421829], [-67.21769474601915, 53.149663774878114], [-67.22518336690203, 53.15278438029764], [-67.23675609274021, 53.160113686506755], [-67.24899501641242, 53.165679122436046], [-67.24975661249884, 53.17164025254842], [-67.2543685466909, 53.17822330223438], [-67.26296834624732, 53.181290568994136], [-67.27390894551282, 53.18011770746786], [-67.28418277902763, 53.17204524332812], [-67.29399441887995, 53.16386003634402], [-67.30266983154317, 53.158925027258086], [-67.29677939487922, 53.151071217553216], [-67.2872146026477, 53.14392134830737], [-67.2880760850186, 53.14028361409287], [-67.29314079421795, 53.13831563457212], [-67.30442523240151, 53.138189111617166], [-67.31798447865414, 53.12995999589123], [-67.33206747440683, 53.12410288705485], [-67.34275803083459, 53.11773733662665], [-67.34061578611447, 53.12170232415185], [-67.337530677403, 53.12864310164471], [-67.34639793040625, 53.13209014644779], [-67.34998618171417, 53.130721837697976], [-67.36500481961947, 53.12188446053687], [-67.36332228912615, 53.125961569177925], [-67.36189884712292, 53.13202526995753], [-67.37141237870205, 53.135306588096775], [-67.38537895814724, 53.13197943417699], [-67.39233682881795, 53.12085503795716], [-67.3918263589526, 53.115282609277656], [-67.38839712259389, 53.107716984760614], [-67.39302884155978, 53.10083429058887], [-67.3925411894866, 53.092063163844095], [-67.39074620539843, 53.08681879287404], [-67.39054266694346, 53.0768353726651], [-67.38701877725995, 53.07020784586999], [-67.38407483305433, 53.059555838693065], [-67.38078607912162, 53.04625595962211], [-67.37444031127198, 53.038297423657355], [-67.36901022891325, 53.03056180225816], [-67.36392743967652, 53.02547404189545], [-67.36305220342216, 53.02045333350878], [-67.35926702415242, 53.013439111272206], [-67.35537138390897, 53.008961172498665], [-67.35896048091732, 53.0059939058676], [-67.36886174302975, 53.002327567346974], [-67.36686472360306, 53.00007378734123], [-67.36342536108539, 52.99619146939106], [-67.35381363689605, 52.98678975790016], [-67.34536261572576, 52.98119546155671], [-67.32318525573656, 52.97864481073234], [-67.30830199739547, 52.977878797317466], [-67.29411445833958, 52.98080743215684], [-67.2833002106359, 52.98424269036147], [-67.27044016662329, 52.982044995276716], [-67.2553037050693, 52.97928554872342], [-67.24452137184836, 52.97951884972203], [-67.24848762353801, 52.97600568030738], [-67.26372240925906, 52.9691724431648], [-67.2758321378769, 52.96381433770321], [-67.28824646132891, 52.964300464139235], [-67.29745717668226, 52.965601064256454], [-67.30692401824949, 52.968886671877314], [-67.32147637386682, 52.96540624665494], [-67.33266569926244, 52.95981815494484], [-67.34006309995368, 52.94881424153996], [-67.34422894258795, 52.94182503406783], [-67.35193706406085, 52.93666575096678], [-67.35574290049871, 52.928627777534246], [-67.35077420151266, 52.92260390805048], [-67.34211572640935, 52.91606312369954], [-67.33871254822542, 52.916043541154465], [-67.33290860775082, 52.907219641463946], [-67.34185734656496, 52.89621403639575], [-67.33614504975223, 52.889625200440065], [-67.3248103174292, 52.88212581426666], [-67.3245800553988, 52.87782552754118], [-67.31682445995955, 52.87544768006456], [-67.30726980573347, 52.87922842390627], [-67.29984503539383, 52.88447599201618], [-67.26853269607587, 52.877710714927524], [-67.25986421228156, 52.87321602073583], [-67.2524213587707, 52.8678625405619], [-67.2399116490129, 52.858860187219996], [-67.24090416684663, 52.853915990356704], [-67.23188610320857, 52.84779274159619], [-67.22747230011291, 52.84177083388675], [-67.22198913896145, 52.84120519533875], [-67.21484729040166, 52.8435831368049], [-67.2071765173422, 52.83853009776089], [-67.20396321104182, 52.83556517054238], [-67.19502878402399, 52.833354890613265], [-67.18552486531833, 52.831989202613386], [-67.17541067285566, 52.82139433813512], [-67.16755928202764, 52.818067587277135], [-67.16112912014012, 52.817460379782396], [-67.15490018639112, 52.82282314030661], [-67.1552634285503, 52.83771481122127], [-67.15593342268754, 52.846367367219216], [-67.15555165052744, 52.84982530101261], [-67.14949478169368, 52.8544428352862], [-67.14034373436141, 52.851582264681966], [-67.13418765345527, 52.85104259210943], [-67.12259782425998, 52.86238076360295], [-67.11211678521512, 52.86431952218349], [-67.11144378931407, 52.86444395693401], [-67.10618784262115, 52.86541567389233], [-67.0956397163553, 52.86990466620389], [-67.07425222907818, 52.87545180978197], [-67.06315078021044, 52.87545679279485], [-67.05412877522889, 52.86807761951781], [-67.05592523186287, 52.85726712591208], [-67.0483670105977, 52.84630076139503], [-67.04767168771016, 52.83724020746163], [-67.0547673164327, 52.82775051105125], [-67.06225284532027, 52.8181611073521], [-67.06197049927135, 52.81473387501665], [-67.05784719094866, 52.806400638853155], [-67.06093051914888, 52.791767040246], [-67.06267555519054, 52.78390896760863], [-67.06881170415821, 52.77773782728518], [-67.06700674305897, 52.77511624892265], [-67.04918507852224, 52.77402980683079], [-67.03961664451005, 52.767495955915344], [-67.0386957427015, 52.75877509683145], [-67.03830143536636, 52.75551726375146], [-67.0357242235897, 52.75003651405939], [-67.03430408222708, 52.74701563194517], [-67.0310155881683, 52.7500323927345], [-67.02482794193078, 52.755707260715894], [-67.01975286642565, 52.75503188281287], [-67.01711748524575, 52.75220102094826], [-67.01885060695831, 52.750020788564285], [-67.02157008057287, 52.74659925383466], [-67.01613646680642, 52.74405644619045], [-67.00967593552936, 52.750011096923394], [-67.00000001900484, 52.75892538237305], [-66.9996141855241, 52.75928073924154], [-66.98983719592863, 52.76216865489171], [-66.97904036365233, 52.75314598402635], [-66.97641218193716, 52.753574184877046], [-66.96151787734462, 52.75593520232767], [-66.949575038358, 52.75949048897994], [-66.94926524160964, 52.75958268636331], [-66.94896668532746, 52.75003488092331], [-66.94887918705949, 52.74723627193066], [-66.94387519736888, 52.7368932543063], [-66.93783264239244, 52.731426009452804], [-66.92944542682132, 52.72892605475253], [-66.91731068029426, 52.71520898149167], [-66.901711695441, 52.687971220792186], [-66.90257424319688, 52.68384106746977], [-66.894460114792, 52.676661706202324], [-66.88628542217648, 52.67518119597758], [-66.88606779981644, 52.67514176639386], [-66.87967352432145, 52.67689096359619], [-66.87794863700624, 52.67942086536954], [-66.87259354626687, 52.680901517476144], [-66.87233838831699, 52.68097207306619], [-66.86908925550883, 52.67620078070946], [-66.86347608993076, 52.673616548129445], [-66.86339813586596, 52.673580655912744], [-66.85087908487276, 52.67477247123804], [-66.84908448361755, 52.677877745655096], [-66.85760186372667, 52.69208230689391], [-66.8719841841245, 52.70914555068113], [-66.87653011195292, 52.71345220705807], [-66.89758103252673, 52.72744309807742], [-66.89532742571771, 52.731224468216986], [-66.89134740403041, 52.73249283382864], [-66.89116726555523, 52.73255023615682], [-66.88138574599971, 52.727323367309], [-66.8667624088218, 52.71870190945964], [-66.85597943886191, 52.71733263349505], [-66.85567934275547, 52.71729451515376], [-66.85370000649013, 52.72114481834081], [-66.85846001642831, 52.73657654144039], [-66.86006467754626, 52.748050753667584], [-66.86108100754547, 52.75006005319678], [-66.86602425225709, 52.75982986117656], [-66.86610568370473, 52.764001752424065], [-66.8599968705016, 52.76827061248942], [-66.85986494575894, 52.76836278845823], [-66.8545069424643, 52.76523543772948], [-66.84879221624871, 52.75786600506865], [-66.84063882110526, 52.7500553542245], [-66.83619446113761, 52.7457963235374], [-66.83428176274379, 52.73859202974844], [-66.82601479233061, 52.72306324551474], [-66.81686677530678, 52.71129732375865], [-66.81683540626419, 52.711256964648044], [-66.80458084771503, 52.712417017767905], [-66.80430271175045, 52.71244333589572], [-66.80103738776681, 52.70865265217222], [-66.79204210655874, 52.684232915334654], [-66.79111240232513, 52.678461229865455], [-66.78604788187984, 52.67302794125021], [-66.77322341555056, 52.66800335148417], [-66.76493450287506, 52.66628848746993], [-66.76467600821304, 52.66623500474072], [-66.76007972674661, 52.66961973926749], [-66.75753881908113, 52.673327281831426], [-66.76042740578357, 52.678607590835824], [-66.76565090447983, 52.684280917718226], [-66.77212673750934, 52.69620359866927], [-66.76355120318118, 52.70016515496399], [-66.74757526912916, 52.70304430542879], [-66.75011777751945, 52.70883094714759], [-66.75044080725162, 52.71405572186339], [-66.75548259822163, 52.72047451674519], [-66.7549503586532, 52.73596691493382], [-66.75386246645823, 52.74999099539923], [-66.75374631367312, 52.75148810248766], [-66.77494047180626, 52.77523996783661], [-66.77969666765144, 52.78732010837521], [-66.78679535428027, 52.797418933150276], [-66.78175258283939, 52.79963764807162], [-66.7816514540999, 52.79968215489256], [-66.77286556579648, 52.79726762511252], [-66.76505335833461, 52.7915369137215], [-66.75768346325533, 52.781366562919615], [-66.74624048210335, 52.77333089905949], [-66.7193573597588, 52.76356219406103], [-66.69319660644832, 52.76221693974502], [-66.69289090657333, 52.762201191662406], [-66.68631179518911, 52.7637000951578], [-66.68483944411813, 52.77104584752408], [-66.68636894022112, 52.78350715531717], [-66.68395017889017, 52.78843637454258], [-66.68019121184511, 52.79104668965156], [-66.67385647845325, 52.79114974980106], [-66.67358648849454, 52.79115413342036], [-66.66678007909725, 52.78824062463389], [-66.66016782138604, 52.78220824106203], [-66.6510857361266, 52.78067225528556], [-66.65081208044684, 52.78062594653177], [-66.64709680914069, 52.78364248459059], [-66.64606237877022, 52.7889234682233], [-66.65123228789196, 52.79657100763136], [-66.66156434030574, 52.80810068648819], [-66.66486418451277, 52.81467853553216], [-66.6647796140303, 52.83089156452061], [-66.65635799803688, 52.84024124359554], [-66.64786767620232, 52.84779195091313], [-66.64504509706732, 52.85281915394345], [-66.6474009378016, 52.85698061876116], [-66.65312391177993, 52.8610049292111], [-66.65561728284575, 52.86638889159152], [-66.65147317749222, 52.870487856719386], [-66.64508110739509, 52.87263119212927], [-66.64915452127946, 52.877623716184935], [-66.65671413449596, 52.88231032885111], [-66.66369843112768, 52.885464283988114], [-66.66329190906504, 52.89031187740114], [-66.65407875739201, 52.89510928174357], [-66.64936834405653, 52.89958128937677], [-66.6493027863421, 52.89964350706926], [-66.64207109317765, 52.89741961210811], [-66.64201232766051, 52.8974015429702], [-66.6324146054441, 52.89754533291277], [-66.6321020062153, 52.9008332478968], [-66.64212526196505, 52.91426501101104], [-66.65028770692837, 52.921876295052684], [-66.64818651304284, 52.924909708812336], [-66.63291108706676, 52.93134368233853], [-66.63213791035851, 52.94758930380971], [-66.62559085560369, 52.95420578102412], [-66.62555377300188, 52.95424326388181], [-66.60174082177889, 52.94979803610634], [-66.59360947614238, 52.94119862117882], [-66.58477546808334, 52.93975112797885], [-66.57705296194682, 52.93680858541802], [-66.5769959726905, 52.936786871865806], [-66.56996998779678, 52.936985543341855], [-66.56290380197875, 52.94054258076679], [-66.55617556295515, 52.941785966434715], [-66.55612751193205, 52.94179485143808], [-66.5480589655674, 52.94108648550825], [-66.54777945064001, 52.94106194703843], [-66.53752642425617, 52.94400668656318], [-66.53054426105918, 52.94837695748032], [-66.52918144431567, 52.954572148404864], [-66.52611570890981, 52.96132593269466], [-66.52018303199648, 52.963872718102934], [-66.52002445545473, 52.96394078099427], [-66.51427064860258, 52.96089186787321], [-66.51024983604046, 52.956300675665936], [-66.50700827762495, 52.95012304347217], [-66.50094761092869, 52.946460725092585], [-66.50077364009513, 52.946355589436166], [-66.4996855593755, 52.94705614945084], [-66.49481437009077, 52.95019193761114], [-66.49015760562168, 52.95733417627471], [-66.48832063798454, 52.96043569232816], [-66.4893291841054, 52.96604623897773], [-66.4898075305562, 52.97429799249553], [-66.49234537404709, 52.97771987993554], [-66.495280188603, 52.981044340131064], [-66.49383912677168, 52.98404871885985], [-66.48872690441374, 52.98572262470041], [-66.48822327952978, 52.99114700333575], [-66.492699370683, 52.997441469030505], [-66.4847232621895, 52.99791183411833], [-66.48447154762249, 52.99792666152123], [-66.46981696443198, 52.99106758471934], [-66.46961209028362, 52.99097166470639], [-66.46621547590443, 52.99347848510829], [-66.46196133787055, 53.00002319483473], [-66.46190149724448, 53.00011528187039], [-66.4668761395904, 53.00475364988634], [-66.46783918140915, 53.009957349645276], [-66.47432089316933, 53.02231707895363], [-66.46996147349846, 53.028546940214525], [-66.47108696344641, 53.03399037081853], [-66.47289442500823, 53.03794173469795], [-66.47498908910208, 53.04252002548348], [-66.46644125068929, 53.04391683038809], [-66.46172985139387, 53.046884202921056], [-66.46026535772069, 53.052264537888846], [-66.45925931396538, 53.055052387502464], [-66.45921624947319, 53.055171749421994], [-66.45247012349701, 53.05184723639714], [-66.44673561476404, 53.04902046370035], [-66.44270153305311, 53.047410264784524], [-66.4426196036024, 53.047377567255616], [-66.4321018936907, 53.04818215265479], [-66.43183464116834, 53.04820259681057], [-66.42358193781713, 53.042131862362055], [-66.40607511169932, 53.0281438090233], [-66.39352618538521, 53.02117107347196], [-66.38284696871776, 53.01980851472453], [-66.3826524366894, 53.019783676178335], [-66.3732266146522, 53.02055121960335], [-66.37040100395315, 53.02457173136312], [-66.37027025290438, 53.02475775358205], [-66.36077104399118, 53.01439036697188], [-66.35491795955738, 53.000115639805685], [-66.35490014693276, 53.00007218178141], [-66.35489398501679, 53.00005714833749], [-66.35279669050824, 53.00005671597729], [-66.35020777920235, 53.00005613899027], [-66.35011111790404, 53.00005611371337], [-66.3501000201774, 53.00005610107083], [-66.34981129397043, 53.0000560355241], [-66.34979625348934, 53.00005603170294], [-66.34484106699847, 52.993337280051854], [-66.34299558395453, 52.98769719179113], [-66.3388652920125, 52.983132890679876], [-66.32668273947134, 52.97262890815858], [-66.32547605374037, 52.968259063750786], [-66.32700131942282, 52.963482223141845], [-66.32677726095734, 52.95641140989485], [-66.32505325716647, 52.95190896689263], [-66.32337935105403, 52.94298988930589], [-66.32195414162433, 52.93893309052985], [-66.3155026734996, 52.93377084647898], [-66.31162677148447, 52.926685234977114], [-66.30389829201596, 52.92377762572139], [-66.29505289532072, 52.918551742863514], [-66.28877794984027, 52.91010920761763], [-66.28034479136768, 52.905171559108126], [-66.27274461286868, 52.89601679566832], [-66.27615948520204, 52.88378982977755], [-66.2697618300268, 52.87900463792976], [-66.2608596571087, 52.87431188239327], [-66.25781762582189, 52.86909763096188], [-66.25975871830862, 52.865905892011924], [-66.27018721798105, 52.86582391185896], [-66.28292279593443, 52.862458968226676], [-66.2832228835898, 52.86247787339128], [-66.290515610193, 52.86293705687765], [-66.290521552308, 52.86293298834017], [-66.29462932391733, 52.86012014188827], [-66.29291944885519, 52.8569118062853], [-66.28807901371376, 52.85382024706046], [-66.27859842110585, 52.850825091061296], [-66.27371611186906, 52.84606050757307], [-66.27501784496334, 52.84030523366476], [-66.27978346790174, 52.83525816901069], [-66.28323641247825, 52.83337951342504], [-66.28348298142099, 52.833431220733374], [-66.29093919054598, 52.83499458400786], [-66.30499817046913, 52.84101289385106], [-66.31620997789399, 52.85109360696885], [-66.32054977755215, 52.85663787360801], [-66.32831225070305, 52.86121618013255], [-66.33963909540431, 52.86375694851738], [-66.3397306998886, 52.863722280875066], [-66.35125620044536, 52.85936031789017], [-66.35663375155458, 52.85908039528813], [-66.35671542042411, 52.859107573339294], [-66.3687455698335, 52.86311035736733], [-66.37311623360674, 52.866444778707724], [-66.37440397286714, 52.87157086296762], [-66.37942045285072, 52.8774681947274], [-66.3985623569938, 52.87886757882997], [-66.3985754629966, 52.87886059423354], [-66.41071410327108, 52.8723886841246], [-66.41627932700426, 52.85832310547401], [-66.41388278172222, 52.84867394545265], [-66.40806005612289, 52.84349459263382], [-66.40328169401366, 52.83987306694631], [-66.38834742752918, 52.82682372856902], [-66.38421988896962, 52.82096998446467], [-66.37747347483952, 52.81407482939791], [-66.37854894817265, 52.80992473630844], [-66.38029788017356, 52.807422997591765], [-66.38475727270317, 52.8032196551174], [-66.38550388065215, 52.799538711528704], [-66.38152804218495, 52.79453074414096], [-66.3814585531144, 52.79444318182252], [-66.3543377774455, 52.8025115268393], [-66.35417960033972, 52.80255854851658], [-66.3477623751154, 52.79998665524509], [-66.3442768187101, 52.795401276571695], [-66.34559756015214, 52.788731747063146], [-66.35126947169465, 52.784103752034014], [-66.34740991217663, 52.77831557243919], [-66.33084112624954, 52.761139582688216], [-66.32726898153781, 52.753210233334855], [-66.32849834629822, 52.750049185463304], [-66.33183213316357, 52.74147443738044], [-66.32644216659102, 52.73658107099184], [-66.30833176111955, 52.728591075532755], [-66.30820281450607, 52.72486852910847], [-66.31662990560926, 52.72150868740726], [-66.32098393641199, 52.71875826026543], [-66.3234833204461, 52.71257851457984], [-66.33736627590365, 52.70140422549317], [-66.33833375733629, 52.69741214410972], [-66.33608320360896, 52.688902167374174], [-66.33877266814835, 52.68461678383968], [-66.33714463689665, 52.682168454295734], [-66.32856829894973, 52.676636439351356], [-66.31371716464804, 52.6696673083137], [-66.30778051384854, 52.66296973066174], [-66.3114989598621, 52.65895089847094], [-66.30707996499437, 52.654858264775015], [-66.29998427731077, 52.650257678777464], [-66.29673623851224, 52.64536026395202], [-66.30198855481133, 52.640447801650495], [-66.30365777353536, 52.63719093051115], [-66.29580920581883, 52.63461062458684], [-66.29576936985598, 52.63459752287696], [-66.27769627155848, 52.634452317079685], [-66.27738007263153, 52.63444974532401], [-66.28085253693855, 52.62428184383823], [-66.27990734744614, 52.617397162675985], [-66.28457222522601, 52.60421932633579], [-66.29077466591104, 52.60009698935408], [-66.30321397309021, 52.60270981022371], [-66.30633160104787, 52.60474446908005], [-66.30930252235723, 52.604590122536486], [-66.31997617368819, 52.613436550914756], [-66.31943438557828, 52.61759077055578], [-66.32382134635942, 52.621947224730896], [-66.34077234957712, 52.64544991095455], [-66.3508315921833, 52.65041539621354], [-66.35550183811833, 52.65552951111646], [-66.35575061778022, 52.6555894858732], [-66.36317412798878, 52.660014603733295], [-66.36626400766887, 52.66581681014682], [-66.3661316710998, 52.66739658173726], [-66.37485226038191, 52.674674439563375], [-66.38292042516593, 52.68007019352334], [-66.38865738287431, 52.682284201803306], [-66.39472344045411, 52.67923668088891], [-66.40224299297032, 52.67453544744852], [-66.40523102501962, 52.66719415800832], [-66.41115471336778, 52.66042409272589], [-66.417570122258, 52.65120075358649], [-66.41636229033087, 52.642044214089665], [-66.42379444959039, 52.64137606342572], [-66.43275775631388, 52.6398112547652], [-66.44027591727273, 52.6364004272904], [-66.43893762746757, 52.63537513377685], [-66.4287112203934, 52.627527291937476], [-66.42699740771477, 52.625771890194294], [-66.42647978449749, 52.625377597071505], [-66.42599960833826, 52.6248729938143], [-66.42555660684855, 52.62423791257966], [-66.42444579146535, 52.62364940514046], [-66.42432119985378, 52.623471410992074], [-66.42446171907353, 52.623189297317275], [-66.42473588696302, 52.622906088774066], [-66.42470870756672, 52.6226051044568], [-66.4245566782653, 52.62239890845271], [-66.42405858368375, 52.621980002973345], [-66.4235592923696, 52.62179309977507], [-66.4225814074547, 52.62116259690967], [-66.42213071783749, 52.620767700353525], [-66.42126250441149, 52.620250307214626], [-66.42006291667953, 52.61985780666717], [-66.41837711057812, 52.61926200628871], [-66.4179358017826, 52.618980910019225], [-66.41759291117847, 52.618617591777], [-66.41743171982108, 52.61835363099216], [-66.41740508664817, 52.61830999360042], [-66.41692759784777, 52.61790711300654], [-66.41693389953494, 52.61760589726894], [-66.41683168796143, 52.617525387652776], [-66.41662561060866, 52.6175759965327], [-66.41656977902807, 52.617478801402115], [-66.41687389867784, 52.61732561051658], [-66.41729951385159, 52.61722830894872], [-66.41733749249296, 52.617138409758795], [-66.41725850246206, 52.6169030031704], [-66.4178926057254, 52.61685679886456], [-66.41795060715187, 52.61676271033792], [-66.41756560881939, 52.61659919161604], [-66.41738641570238, 52.61665770860635], [-66.41701179948734, 52.61664878594918], [-66.41698937816676, 52.6165512995314], [-66.41709139540505, 52.616338802905794], [-66.41706210828944, 52.616229104644816], [-66.41682380963576, 52.61604810088811], [-66.41669661872173, 52.61604099072654], [-66.41637870629359, 52.61616999231411], [-66.4162476834242, 52.61600020109868], [-66.41635571057131, 52.61575910374888], [-66.41604009121687, 52.61513100716568], [-66.41600891543484, 52.61494000306222], [-66.41571120052387, 52.614791997408496], [-66.41552508137045, 52.61483839469641], [-66.41525120350019, 52.61484890291001], [-66.4151698985006, 52.61480479533804], [-66.41516608818219, 52.614642091479], [-66.41522412013315, 52.61454789915658], [-66.41507119365572, 52.61430099013015], [-66.41490820970381, 52.61419249415633], [-66.41458598578305, 52.614138300896016], [-66.41448327696625, 52.61403750272347], [-66.4139011066489, 52.61401808958675], [-66.41350451363144, 52.613638995746996], [-66.41423840744356, 52.61357160345751], [-66.41507330033866, 52.613250999222316], [-66.4155696129915, 52.61331579906211], [-66.41587929278305, 52.61340678923182], [-66.41617678376721, 52.61326169845571], [-66.41633220375128, 52.613044690165616], [-66.41648681207462, 52.61308000478042], [-66.41637369889496, 52.61339030365783], [-66.4163895961039, 52.613495905901274], [-66.41623690793314, 52.61354198876971], [-66.41628111924123, 52.613716700863634], [-66.41715149292669, 52.61377009737057], [-66.41750229582873, 52.61418630016929], [-66.41787788724254, 52.614235901026056], [-66.41799018012193, 52.61417800553824], [-66.4178193134605, 52.6140167042972], [-66.41786139723786, 52.61381689839739], [-66.41750840777799, 52.61359200210994], [-66.41720021847361, 52.61356220563094], [-66.41718098429355, 52.61331409525218], [-66.41765109890704, 52.61311870680615], [-66.41798420027196, 52.61278210659594], [-66.41775430615792, 52.61267420335136], [-66.4177218816897, 52.61271519913532], [-66.41751238932474, 52.61262338678033], [-66.41748908256275, 52.61248519413697], [-66.41736750393022, 52.61242930867592], [-66.41719859016173, 52.61264239053775], [-66.41705698899347, 52.61259069371294], [-66.41723769514768, 52.612027512683476], [-66.4172300849199, 52.611702001883764], [-66.41706781665518, 52.61134119185317], [-66.41656300806189, 52.61091008997781], [-66.41630601286562, 52.610501290125704], [-66.41573171914453, 52.61024170253204], [-66.41526838223903, 52.61015619615362], [-66.41504871438416, 52.609909800762054], [-66.41502139310549, 52.609315897064626], [-66.41482399179522, 52.60916700404463], [-66.4142469921108, 52.609078390777114], [-66.41397578565096, 52.608917999644035], [-66.41417349475279, 52.608794089335795], [-66.41437999587701, 52.608763903174975], [-66.41449091084546, 52.608644912663266], [-66.41440818605355, 52.608539801388574], [-66.41350510500494, 52.60879990516063], [-66.41337480634617, 52.60894351611796], [-66.41293812437381, 52.60913859252705], [-66.41281471289238, 52.60929430899379], [-66.41196840066388, 52.60912659281413], [-66.41167030271066, 52.60895819556772], [-66.41189651019066, 52.60833771184097], [-66.41073999902628, 52.60776568638259], [-66.40962050116445, 52.606770108589856], [-66.40925010951844, 52.60665119558574], [-66.40878730480759, 52.6065859958914], [-66.40853521358717, 52.606380595406286], [-66.4082876175483, 52.60608559403604], [-66.40739779746592, 52.60576360162043], [-66.40703671496085, 52.6057586100144], [-66.4065521839856, 52.60590929063891], [-66.40585691233548, 52.60590710394507], [-66.40537729171639, 52.60540250238187], [-66.40535119401804, 52.60514230304372], [-66.40579390523752, 52.6049186943763], [-66.40576459219903, 52.60480909232681], [-66.40550280527248, 52.604762514120104], [-66.4055300914965, 52.60449769042242], [-66.4049184205369, 52.6043482978148], [-66.40472009856224, 52.60415870886699], [-66.40466758925665, 52.6039109008539], [-66.40441508739866, 52.60368519169181], [-66.40358151001813, 52.603480704732746], [-66.40359118491648, 52.60332189078723], [-66.4037424084665, 52.603214790568884], [-66.40440600475078, 52.60300558780158], [-66.4044983042355, 52.60265890724366], [-66.40473488411159, 52.60248589070393], [-66.40469958933045, 52.60240478323648], [-66.40434778284734, 52.60222070267285], [-66.40388549212399, 52.60188278495424], [-66.40321899208021, 52.60167678642095], [-66.40280410634406, 52.60165598765832], [-66.40248848888483, 52.60188660665156], [-66.40232801177515, 52.60187981060356], [-66.40129198171134, 52.601302599714835], [-66.40142978591317, 52.60119159422057], [-66.40213748110934, 52.60115700308758], [-66.40233418501496, 52.60099260324417], [-66.40226360718631, 52.600537415096404], [-66.40165739610217, 52.60004600075925], [-66.40129900869114, 52.599577000696], [-66.40021437909213, 52.598914799983504], [-66.39976139983025, 52.598397697797], [-66.39951627433649, 52.597911406731995], [-66.39936172539993, 52.59787609249338], [-66.3987222841563, 52.597971094958], [-66.39847498574157, 52.597969098027896], [-66.39833159195747, 52.59783609971429], [-66.39818480806478, 52.5972675888064], [-66.3976038139602, 52.59699579840593], [-66.39713327819999, 52.59687770605308], [-66.39681640023024, 52.596754189872186], [-66.39629898861195, 52.59663250710401], [-66.39591150084307, 52.596346808177735], [-66.39565118665169, 52.59636120842141], [-66.39577500463666, 52.59622591371097], [-66.39532071294371, 52.595647794386146], [-66.39596151281364, 52.59532080314574], [-66.39607239593612, 52.59520190861757], [-66.39596009317472, 52.5949667895254], [-66.39714921919293, 52.59436660515457], [-66.39744429002758, 52.59411990632366], [-66.39714500227944, 52.593597506922364], [-66.3966963145744, 52.59326350954701], [-66.39614921553348, 52.593011810617185], [-66.39550050493331, 52.59240680253671], [-66.3940116121022, 52.591585200343665], [-66.39403289167181, 52.59134900199421], [-66.39316021376577, 52.59117320598657], [-66.39259278837642, 52.59090539475067], [-66.39224482281847, 52.59059089673779], [-66.39164768911019, 52.590193005946986], [-66.39168901247817, 52.589952601225356], [-66.39202720689535, 52.58954680669954], [-66.39191679786568, 52.589393103480795], [-66.39116290464517, 52.58915118770127], [-66.39085121234763, 52.58895850689214], [-66.39060019705455, 52.58850079606683], [-66.39045689261863, 52.58836768467845], [-66.390062991566, 52.58838320725581], [-66.3898315169985, 52.58819390216309], [-66.39004998468153, 52.587813588087336], [-66.38986959534913, 52.58722510982642], [-66.3891923120518, 52.58682379625103], [-66.38870019146692, 52.58633551067977], [-66.3876522155701, 52.58608799845946], [-66.38721349624501, 52.58559520743703], [-66.38643791086457, 52.585276211801215], [-66.38637440252269, 52.585126095872944], [-66.38682618350639, 52.585016494297655], [-66.38678309866496, 52.58488260104269], [-66.38709902245475, 52.58467240175817], [-66.38659527923139, 52.584261501325614], [-66.38647890991905, 52.58384329766468], [-66.3862761863982, 52.583743292379786], [-66.38598768288547, 52.583688801933846], [-66.38617191185563, 52.58326810236379], [-66.38603051303849, 52.58292330823037], [-66.38613960676153, 52.58272299974589], [-66.38633721063734, 52.58259930523459], [-66.38690677326238, 52.582675904644965], [-66.3876925072432, 52.58314949428627], [-66.38855110385663, 52.58330088998221], [-66.38873670766492, 52.58323431391166], [-66.38882018034577, 52.58308710627745], [-66.38790600628441, 52.58254539114155], [-66.38760031984182, 52.58203109955374], [-66.38650812088694, 52.58129559169874], [-66.38622931768707, 52.5813753001987], [-66.38614249569859, 52.58167310500984], [-66.38596770244105, 52.581621604661834], [-66.38578909141295, 52.58140740821185], [-66.38585270827274, 52.5812645088559], [-66.38604430860761, 52.58116930670584], [-66.38612078610939, 52.581009906823596], [-66.38559591369419, 52.580249312361005], [-66.38418092473079, 52.57941879539531], [-66.38268300028072, 52.57846281109449], [-66.38212979715979, 52.578219193544484], [-66.38223189861003, 52.57800669642092], [-66.38203299663238, 52.57777640920239], [-66.3814281802909, 52.57761870235606], [-66.38024350973087, 52.576623388926116], [-66.37893318741867, 52.57568209604847], [-66.37864291336082, 52.57554619712611], [-66.37771219457333, 52.5754440947754], [-66.3774408880183, 52.57526319945001], [-66.37703489617563, 52.5747294124007], [-66.37666678264674, 52.57439879338816], [-66.37698181010539, 52.57414789368749], [-66.37693961440063, 52.574054703855445], [-66.37669999835775, 52.57379220383088], [-66.37658692064828, 52.57351640279401], [-66.3754267133406, 52.5733062986163], [-66.37467289157668, 52.5727509971567], [-66.37405799973922, 52.57183230844261], [-66.37384588564511, 52.5713050953796], [-66.37253451027681, 52.56940330886626], [-66.37202562281793, 52.568141993697765], [-66.37163809882895, 52.56693660195072], [-66.37082150456733, 52.5662516145187], [-66.37063258721187, 52.56586250586568], [-66.37060060214615, 52.565024501009155], [-66.37014249833564, 52.564242885863194], [-66.36906568023552, 52.5614602980704], [-66.36870700284426, 52.560637208033896], [-66.36796510136787, 52.559398095975055], [-66.36767779079733, 52.55909121079684], [-66.36719732358297, 52.55879809385633], [-66.36715358765954, 52.558330489839214], [-66.36618168749504, 52.55725610543961], [-66.36569798256423, 52.556214292026866], [-66.36543861143645, 52.55534968985851], [-66.36524570801124, 52.554171195849634], [-66.36533609870666, 52.55342990956063], [-66.36584661790154, 52.553267002312154], [-66.36605479427828, 52.553025188295855], [-66.36586778554498, 52.55271749411325], [-66.36567269038456, 52.55264989293931], [-66.3657010879588, 52.55242588848586], [-66.36552929438608, 52.55220349166872], [-66.36564439245795, 52.55197470057137], [-66.36514830710662, 52.55157590717416], [-66.3649858891946, 52.55117439204259], [-66.36515390268079, 52.55092079339208], [-66.36554269118979, 52.55099491013747], [-66.3657931059991, 52.55145258737963], [-66.36616331153643, 52.55159200104643], [-66.3664493273954, 52.551544893824676], [-66.36667928499902, 52.55138030910794], [-66.36706367986181, 52.55125099586273], [-66.36714668495918, 52.551083395591775], [-66.36706717954429, 52.55080740485763], [-66.3676824150167, 52.550554108749736], [-66.36749059540725, 52.55033600102456], [-66.3673362985591, 52.5503005963953], [-66.36716050887536, 52.55050139411718], [-66.36686627919099, 52.55047540177613], [-66.36717298273534, 52.54925210772626], [-66.36731860375862, 52.54829470849287], [-66.3663334112291, 52.546902997692165], [-66.36601838050754, 52.54594130390681], [-66.36466100521882, 52.54340931126011], [-66.36376041323898, 52.54251740989145], [-66.3637185058389, 52.54213119813931], [-66.36366901800669, 52.5420055054965], [-66.36304768322069, 52.54136769645722], [-66.36304701012737, 52.541034010459306], [-66.36353621291799, 52.54052141154459], [-66.36354430106469, 52.540281211043514], [-66.36319479088442, 52.53986498416976], [-66.36328991475804, 52.53964039177228], [-66.36358569730238, 52.53943460520877], [-66.36386561978124, 52.53941599329505], [-66.36411229533223, 52.53971100251945], [-66.36453299419891, 52.53972380550549], [-66.36468058156153, 52.539454107484275], [-66.36460527734444, 52.53846190535541], [-66.36484550476726, 52.53755250415473], [-66.36513720711594, 52.53716359846604], [-66.3650975143292, 52.53687909432735], [-66.36451018365521, 52.53536209933304], [-66.36418447384185, 52.534205207421586], [-66.36437601228137, 52.53321079380547], [-66.36518466133626, 52.53112322438074], [-66.3680919466852, 52.53089728551009], [-66.36863448845556, 52.53085497728646], [-66.37558575728231, 52.531190875177266], [-66.38417740639919, 52.53146316740506], [-66.39011363066665, 52.53153586647315], [-66.39532107308605, 52.530933298839216], [-66.39921393800681, 52.528774364706], [-66.3985245132503, 52.526892772202515], [-66.39546650659288, 52.52439962662793], [-66.38888220254282, 52.52123894375439], [-66.38288398935967, 52.518959212272726], [-66.37644495215241, 52.51559141832535], [-66.37025347130108, 52.51301723382837], [-66.36638459145024, 52.50971368002703], [-66.36455894164929, 52.50723867234349], [-66.36470710640869, 52.50007444498008], [-66.36472571493023, 52.499173675488684], [-66.3638549310651, 52.49434153769658], [-66.35812269629929, 52.48825124504555], [-66.35558376464537, 52.473220581769226], [-66.36061095564126, 52.466414638069864], [-66.3660593392926, 52.46856229787227], [-66.37250968306193, 52.47317978688288], [-66.38158447841465, 52.48408345337665], [-66.39386651317768, 52.48636633135945], [-66.39383007029967, 52.48625562280211], [-66.39390794123001, 52.48626739453001], [-66.39310487783827, 52.47611145386104], [-66.39080671530706, 52.465937530106714], [-66.38682542599467, 52.459933727123406], [-66.37431286320295, 52.44840527623518], [-66.35881704527098, 52.43075762148158], [-66.36151678002119, 52.425561600380505], [-66.37278853149235, 52.41669182989181], [-66.37290982018881, 52.413038883974664], [-66.35638669640255, 52.40341293010377], [-66.34171210642005, 52.39721029733032], [-66.34011943344541, 52.392559163684595], [-66.34649203714949, 52.38076405051334], [-66.34365490451914, 52.37486889105297], [-66.34404217533553, 52.360415401897654], [-66.34896430745616, 52.35635147026334], [-66.3545114613631, 52.35355520321222], [-66.36384365297701, 52.35137309008492], [-66.3701880690871, 52.353940677308536], [-66.3747964650746, 52.36311443422145], [-66.37486936317895, 52.36325949594915], [-66.37526411147952, 52.36366153915135], [-66.38101021884913, 52.367578383200176], [-66.3871224359751, 52.36983393001594], [-66.3945895641475, 52.370515246228685], [-66.39469349046135, 52.37042176420621], [-66.40527839662256, 52.3727987152593], [-66.40980326087177, 52.37452290524491], [-66.41394600304726, 52.37854183555336], [-66.41426055464, 52.38156965556902], [-66.41987651394761, 52.3830230531092], [-66.44110647691289, 52.37580954421016], [-66.43659865317397, 52.35881000543224], [-66.44009879631884, 52.35548102842099], [-66.44013363875128, 52.355484937232546], [-66.44860035621049, 52.35013146095718], [-66.45332710465325, 52.34838050390185], [-66.46341499638181, 52.35335971262908], [-66.46726750632962, 52.354522904335916], [-66.47113498009216, 52.35367813229432], [-66.4765387336796, 52.35167630235114], [-66.47687349412851, 52.351552290589474], [-66.48359018825566, 52.345241785054355], [-66.4835705925325, 52.345180787536805], [-66.48375533966376, 52.345086572541746], [-66.49051725452472, 52.34163746369132], [-66.48679120742557, 52.33220960095581], [-66.4848101539201, 52.32982388501026], [-66.48204061042857, 52.32647701617061], [-66.48154870285431, 52.32618069849424], [-66.48111462127844, 52.325538198375746], [-66.48096041820615, 52.32521019335771], [-66.48097998497853, 52.324933491575166], [-66.48092091437809, 52.324694095113244], [-66.48006400553935, 52.324128815087526], [-66.47992570212428, 52.32390640919465], [-66.47996078593943, 52.32371499681334], [-66.48017457705797, 52.323505600975295], [-66.48040898630353, 52.323060091696824], [-66.48036369396537, 52.32257260784842], [-66.48045751051296, 52.322075600156666], [-66.48056528864255, 52.32187529127498], [-66.4807099931699, 52.321292509384804], [-66.4806296933892, 52.3209964014083], [-66.4804419950039, 52.320920912752264], [-66.48018891835203, 52.32088660362853], [-66.48016660381991, 52.32078921091798], [-66.4798703829956, 52.32062119731885], [-66.47933321463515, 52.32063440835578], [-66.47913248330552, 52.32030280054668], [-66.47907908758798, 52.320286998287685], [-66.47877241493916, 52.31996460143771], [-66.47842870096981, 52.31975230681865], [-66.47814052028588, 52.31963699722168], [-66.47773060871384, 52.31969780574684], [-66.47725028778295, 52.31959648833025], [-66.47716160559625, 52.319499812569724], [-66.47732829152655, 52.31926641020384], [-66.477284191953, 52.31909199967701], [-66.4771317144707, 52.31909749753994], [-66.47707039304045, 52.31930141077573], [-66.47690758883971, 52.31942490525655], [-66.4766446782735, 52.319529007667896], [-66.47642441847368, 52.31947410208986], [-66.47629611860386, 52.31938579151787], [-66.47620679852973, 52.31899630482996], [-66.47629689701625, 52.31888159001], [-66.4766612838702, 52.318857907705926], [-66.47706118044296, 52.31866299664325], [-66.4774057943351, 52.31864350489741], [-66.4775160879846, 52.3185448928959], [-66.47755671528196, 52.31857710297588], [-66.47764530339724, 52.31840141169203], [-66.47755461467455, 52.31822330418418], [-66.47706028172647, 52.317825294777656], [-66.4767117910881, 52.3179546923058], [-66.47627471433347, 52.31798721105586], [-66.47592760052288, 52.31790500744423], [-66.47536058015108, 52.31751590823953], [-66.47518279258888, 52.317574487150004], [-66.47521309676944, 52.31772461232195], [-66.47496667947576, 52.31795459762277], [-66.47493509676933, 52.31828838903451], [-66.47485789577448, 52.3183867020719], [-66.47465840444549, 52.31836820051328], [-66.4744197187712, 52.31810609655692], [-66.47436910837664, 52.31793989433821], [-66.47459668174059, 52.31775479912957], [-66.4745680080307, 52.317665597491455], [-66.47422988134356, 52.317676802765405], [-66.47436278661716, 52.3171509895027], [-66.47442768674145, 52.317089390835996], [-66.47466529302226, 52.317038412507436], [-66.47514300065465, 52.317038087570445], [-66.47533849655754, 52.31689389770068], [-66.4754116774109, 52.316633000273534], [-66.47520609404052, 52.31637060313255], [-66.47526290966586, 52.31598370965879], [-66.47523259017221, 52.31583360920494], [-66.47510892011167, 52.31592819544541], [-66.47478559320226, 52.3160044037894], [-66.47430980129181, 52.3158137026702], [-66.47399352049506, 52.315901992723454], [-66.47375879134815, 52.31580251096505], [-66.47356760567027, 52.31558471000036], [-66.47355119686486, 52.31545878518397], [-66.47372099835054, 52.31534751139827], [-66.47424560400505, 52.315098590995646], [-66.47418470435746, 52.31505039539842], [-66.473977783464, 52.314999405916666], [-66.47272378035967, 52.31500289621508], [-66.47228272025804, 52.31487289604388], [-66.47207880205767, 52.31494391051487], [-66.47227040262712, 52.31518201061344], [-66.47227800431936, 52.315486915682214], [-66.47201067811051, 52.315680502205225], [-66.4718388820066, 52.31571059715984], [-66.4716503063012, 52.31559439802741], [-66.47129472225875, 52.315166694587674], [-66.47098459302445, 52.31470191078354], [-66.47022497841206, 52.313761504739205], [-66.47022789591755, 52.31361099956399], [-66.47037591034832, 52.31342259806304], [-66.47035548956815, 52.313133998565036], [-66.47078210651775, 52.31294710326368], [-66.47081381690812, 52.31288580619883], [-66.47038302424312, 52.312637692570185], [-66.47017661408096, 52.312607094621825], [-66.46992171690633, 52.31276399173975], [-66.4697693125675, 52.312769406886474], [-66.46943999285665, 52.31260168968021], [-66.46945728965032, 52.31249578401336], [-66.46955580270368, 52.31245418772276], [-66.4697814991686, 52.31246031238112], [-66.47000479483303, 52.31236468480117], [-66.46983480184828, 52.31193119849825], [-66.4695414064194, 52.31213720341311], [-66.4691631884819, 52.31213660204967], [-66.4691241014482, 52.312165513680604], [-66.46898349989179, 52.312113898349246], [-66.46871608458838, 52.311762602037795], [-66.46883980028073, 52.31166789481433], [-66.46903981281388, 52.31170671016224], [-66.469281303566, 52.31154589828174], [-66.46923230406834, 52.311440609364546], [-66.46907037965877, 52.31133230728151], [-66.4686782866493, 52.31130750395717], [-66.46813870324534, 52.31094651450032], [-66.46810099032376, 52.31076390343389], [-66.46820488738948, 52.31040099453499], [-66.46858499064486, 52.3102104862416], [-66.46844577472541, 52.309947406734935], [-66.46856211156731, 52.30982031572981], [-66.46924508973538, 52.30953748626572], [-66.4693999874821, 52.30936119030057], [-66.46936480708291, 52.309280197856445], [-66.46895242087922, 52.30896679582876], [-66.46802789900252, 52.30913800424885], [-66.46731168410193, 52.309421194642596], [-66.46709292151417, 52.30942720072797], [-66.46697219396727, 52.30937138820737], [-66.46713188416061, 52.30885349413564], [-66.46711010043163, 52.30877650060681], [-66.46669578730003, 52.308654192112485], [-66.46652650970042, 52.30851350233068], [-66.46630721453243, 52.308226797798966], [-66.46602300804292, 52.3080017087691], [-66.46599330341718, 52.30787188797385], [-66.46608390738288, 52.30777750236437], [-66.46648369374948, 52.30758271021298], [-66.46662679974774, 52.3074635055881], [-66.46663071093823, 52.30735360238726], [-66.46640888613145, 52.307237803399744], [-66.46565611459795, 52.307106397241036], [-66.4653799174929, 52.307206593635215], [-66.46509441633007, 52.30719290289678], [-66.46487849861609, 52.30704848778077], [-66.46483638198293, 52.30695540609717], [-66.4649472859284, 52.30687709972184], [-66.46467200494396, 52.30647299525342], [-66.46474231597148, 52.306362591168345], [-66.464853718897, 52.306304601532446], [-66.46528480596642, 52.306300696989105], [-66.46528181215128, 52.306178716114054], [-66.46520601218864, 52.30606561514642], [-66.46553660686264, 52.306021813237486], [-66.46557419393856, 52.305932012008086], [-66.46551130997979, 52.305802488774454], [-66.46573651645576, 52.30551579584022], [-66.46498761366541, 52.30527460266302], [-66.46469261591722, 52.305147196398146], [-66.4648246833521, 52.30485329737967], [-66.46445598383097, 52.30469399370613], [-66.46433920425272, 52.304528392623006], [-66.46388581376745, 52.30416250254649], [-66.46382830732892, 52.30398409787565], [-66.46413557761936, 52.30380240637514], [-66.46402670605083, 52.30341710377107], [-66.4642651922122, 52.30313430374416], [-66.46421470004549, 52.30296809007702], [-66.46403951367665, 52.30285580318267], [-66.46359801951643, 52.30270540023585], [-66.46322241102565, 52.30226151164915], [-66.46300160166692, 52.30218630561008], [-66.46292890715121, 52.302195098151536], [-66.46277350806687, 52.302078595180596], [-66.46271608786333, 52.301900211190905], [-66.46295159417004, 52.301495494145556], [-66.46276400740342, 52.30142000179556], [-66.46269870410677, 52.301461212408725], [-66.4623259890561, 52.301411797480256], [-66.46217411665701, 52.301437599408345], [-66.46201130691485, 52.30156111188369], [-66.46208897374052, 52.30175550630702], [-66.4618164204276, 52.3019979936778], [-66.4612942874386, 52.302348392738566], [-66.46122501607985, 52.30249949382681], [-66.46087118610465, 52.302677587056884], [-66.460336207018, 52.30331678827864], [-66.45996161121077, 52.303458493872256], [-66.45961122220069, 52.303506399272976], [-66.45925189078304, 52.303460891576286], [-66.45893718337804, 52.30333769323834], [-66.45841460641226, 52.303395394582026], [-66.45806708518711, 52.303292798220575], [-66.45785880250169, 52.30318089738662], [-66.45747280568204, 52.30312749439117], [-66.45730100855724, 52.30315749610278], [-66.45702240208811, 52.30315599159715], [-66.45680219041694, 52.30310108479031], [-66.4567349096573, 52.30306100252571], [-66.45665568570828, 52.303077998173585], [-66.4566878960533, 52.30303710544793], [-66.45653351389659, 52.30268880361833], [-66.45614648686673, 52.302594695056804], [-66.45502210791196, 52.30218209189749], [-66.45468360435035, 52.302172998575585], [-66.45398991767452, 52.30173609668218], [-66.45351630951974, 52.30135409828652], [-66.45339261464747, 52.301176305709], [-66.45336988389246, 52.30105859665849], [-66.45365050565762, 52.30086898953212], [-66.45354759762385, 52.30072759349765], [-66.45292008730392, 52.30056258555053], [-66.4526280958678, 52.30055709188911], [-66.45237819652718, 52.30064479832989], [-66.45182188671097, 52.300954794692906], [-66.45160418486948, 52.301001492466696], [-66.45085549524167, 52.30076021061366], [-66.45018209440912, 52.30033940324668], [-66.44879319052797, 52.29967699418586], [-66.44852048878568, 52.29964690336445], [-66.44831414386078, 52.299675978393246], [-66.44622819595426, 52.297472130278194], [-66.45275145597124, 52.294892418599304], [-66.45642684623701, 52.29343859072552], [-66.4632708078147, 52.29134512059604], [-66.46908326459251, 52.28769630053629], [-66.46876521584878, 52.28466948337718], [-66.46311027660582, 52.28154955372143], [-66.45634145799055, 52.279612983151914], [-66.44786358918016, 52.28146631153079], [-66.44331929770469, 52.2806571186534], [-66.43937042611299, 52.27724105255876], [-66.43289163438601, 52.26617430664574], [-66.43603236358341, 52.26422772478428], [-66.44324529987605, 52.26333676454023], [-66.45506810878501, 52.26271960768031], [-66.47042344300178, 52.25565522776675], [-66.46251015755807, 52.25102949115894], [-66.46075866531216, 52.25003990025846], [-66.45408986543829, 52.24627135305307], [-66.44311798547275, 52.23968828991304], [-66.44305782452537, 52.23966039569045], [-66.44279891160396, 52.23963429701733], [-66.44254099152319, 52.23964879898849], [-66.44185520175961, 52.239496396299685], [-66.44160769969501, 52.23939298831898], [-66.44130451932187, 52.2391720931396], [-66.43996809006782, 52.23783838852825], [-66.4396148112306, 52.236906595791375], [-66.43909409298091, 52.23589491130236], [-66.43890301612613, 52.235656703684654], [-66.43868948921734, 52.234756109634645], [-66.43791768446648, 52.23404350069421], [-66.43758252442449, 52.23359119228249], [-66.437300091379, 52.233406695075644], [-66.43697408338635, 52.233340495685134], [-66.4368714136425, 52.23319911134523], [-66.43690658194087, 52.23300769677455], [-66.43686218087473, 52.23281300503765], [-66.43671209930123, 52.232627291537426], [-66.43651021678552, 52.23248689226136], [-66.43663401688221, 52.23184750561233], [-66.4364139113364, 52.23149980852522], [-66.43656912213733, 52.23134399624668], [-66.43667500737257, 52.23106250043825], [-66.43663798100145, 52.23090019915146], [-66.43702678836283, 52.23082360492481], [-66.43706538811226, 52.230774386420364], [-66.4370229903819, 52.23066098853837], [-66.4369158104522, 52.23060910232968], [-66.43655620652261, 52.230522901688666], [-66.43584898785886, 52.230293385604085], [-66.43532699868425, 52.23005819077204], [-66.43519670400588, 52.22986830258961], [-66.43509519927686, 52.22949521312857], [-66.43482768658629, 52.22910329132152], [-66.43459860722479, 52.228934596139474], [-66.43413961404161, 52.22828420848035], [-66.43364397862874, 52.22776420267884], [-66.43352270980353, 52.227395311573886], [-66.43359147793761, 52.22722400859413], [-66.43360691167847, 52.22703680619901], [-66.43295937314828, 52.226249904974395], [-66.43255750417295, 52.22605019787149], [-66.43251610638457, 52.22597739947275], [-66.43256549749252, 52.225830586830575], [-66.43251028028546, 52.22573350765277], [-66.43199052106549, 52.225307196966604], [-66.43189668282373, 52.225259299382934], [-66.43090661958603, 52.22425989384642], [-66.43062471175271, 52.224095709081425], [-66.42970661025211, 52.22333960777196], [-66.42877999434074, 52.222782810805995], [-66.42797511122389, 52.222615104412995], [-66.42793419537861, 52.22256269844164], [-66.42799750337869, 52.22244010901869], [-66.42762489243687, 52.222077587005145], [-66.42735038812165, 52.221945899499794], [-66.4273114097838, 52.22197471591332], [-66.42733350763058, 52.22207199952818], [-66.42726240576361, 52.2221418157708], [-66.42713050044284, 52.22216330981856], [-66.42684769125027, 52.22195838677393], [-66.42660389820949, 52.22172479690115], [-66.42615419150161, 52.22146049535448], [-66.42515630460632, 52.22124569036804], [-66.42483589257448, 52.221130690160116], [-66.42431001961398, 52.22100519370033], [-66.42409150895372, 52.220718498140755], [-66.42413860589879, 52.220470096375934], [-66.42404338735905, 52.22036120992648], [-66.42355880295456, 52.220015908066514], [-66.4232644072535, 52.21975777220179], [-66.42233380519308, 52.22054894152988], [-66.4221652058711, 52.22103175650969], [-66.41747616269232, 52.227272508425656], [-66.41100838135362, 52.230404801880496], [-66.40512803621938, 52.229839583250225], [-66.40268694327723, 52.22655837613369], [-66.40525662315024, 52.2216918962877], [-66.40266291186583, 52.21692726936678], [-66.38960484308095, 52.21256935338214], [-66.38346187602367, 52.20784292042607], [-66.38015683996863, 52.20241056393389], [-66.37553603592737, 52.19831993594227], [-66.37134425352718, 52.187361773620886], [-66.3568397388872, 52.17660317940592], [-66.35710008279277, 52.17282046838099], [-66.36237624508253, 52.16914220149277], [-66.37979047517652, 52.16261116500034], [-66.38099291515879, 52.158593379546566], [-66.3763658595828, 52.15281604478929], [-66.35797671906668, 52.14657760083674], [-66.35027141407092, 52.14697372144848], [-66.33322185520088, 52.150705988160595], [-66.33011323811338, 52.13593466077564], [-66.32356737992627, 52.13181748754225], [-66.31380300227269, 52.13576398975701], [-66.30681180922471, 52.13682456472964], [-66.30262006857352, 52.14006131061897], [-66.29168236316265, 52.146829743873184], [-66.27500101316885, 52.149446283941884], [-66.26942037009171, 52.14920444873507], [-66.26794209360045, 52.15036880031622], [-66.26512828254309, 52.154980765925195], [-66.26441829337136, 52.16037635679167], [-66.264117038673, 52.165181408560116], [-66.26582567840443, 52.16981498523879], [-66.26743956837291, 52.17349341354178], [-66.27056645885641, 52.17826538591676], [-66.27438914334195, 52.1853122690523], [-66.27797453621356, 52.189971078525076], [-66.28037454443093, 52.1952499658125], [-66.28342328904931, 52.202326213919946], [-66.28669802684948, 52.20853102822944], [-66.28717670555787, 52.2133074042011], [-66.28865803763645, 52.217182911468306], [-66.29005858414948, 52.223362959394905], [-66.29293443409601, 52.2317887704704], [-66.29658199026633, 52.23855522413892], [-66.29939673188458, 52.24324351955737], [-66.29932395116133, 52.247178201559585], [-66.30006973289362, 52.24993108246045], [-66.30005439797496, 52.250048288217904], [-66.29971629820447, 52.25262977231273], [-66.29766958592757, 52.255584413747236], [-66.2976369586482, 52.258366892235394], [-66.29824632529055, 52.2613168412348], [-66.30092647312178, 52.266202398785005], [-66.30351095712598, 52.270132488706054], [-66.3094039330234, 52.275855195546406], [-66.31121932562463, 52.28144500131311], [-66.31256915131102, 52.28551795405527], [-66.30899542319914, 52.28574964595516], [-66.30312483288647, 52.28491732538484], [-66.2968852002823, 52.28352322739365], [-66.28928009996349, 52.284098550779525], [-66.28346522621808, 52.28537311935689], [-66.2800898129889, 52.28914500089757], [-66.27955010679061, 52.29156313826294], [-66.2896123369035, 52.29674649926444], [-66.28632523197642, 52.29984397553573], [-66.2818481264745, 52.303561681442176], [-66.28710022601406, 52.30911858948672], [-66.27214638474409, 52.30824310714262], [-66.26669643211116, 52.31007842853077], [-66.26004358503934, 52.30927289318446], [-66.25622927478054, 52.307113822508086], [-66.25374225614978, 52.304137665855116], [-66.25390901821419, 52.29952762721684], [-66.25385555466036, 52.297419580718525], [-66.24990020257907, 52.29382699962575], [-66.24869345563378, 52.28955620731457], [-66.25028201708545, 52.28508502263022], [-66.25214375819726, 52.28022002240589], [-66.24964732384504, 52.27398367969553], [-66.24445274435297, 52.26890318869056], [-66.23728672139838, 52.26284119304022], [-66.2316898084195, 52.259981002799584], [-66.22398938272357, 52.257965967243145], [-66.2181247724072, 52.25712892866022], [-66.21477558250868, 52.25485577331066], [-66.21011085167446, 52.250040421880186], [-66.20903653238408, 52.248931200902604], [-66.20572772810644, 52.24387548078015], [-66.205716129601, 52.23898548097885], [-66.20835924411523, 52.23409313037718], [-66.20670543501444, 52.23156536753349], [-66.2007909869379, 52.22698982680071], [-66.19318546244027, 52.222668243765426], [-66.18608555311121, 52.218711137705604], [-66.17999481256606, 52.215483568130786], [-66.176971767141, 52.21329356568546], [-66.17230582467921, 52.21346495948238], [-66.1697012819285, 52.215574011382195], [-66.16618837624209, 52.222798011490134], [-66.16381480810279, 52.227295566051616], [-66.16002166188642, 52.23165324935472], [-66.15210255406363, 52.23050432447186], [-66.14404545996466, 52.22792162336612], [-66.13841427494275, 52.224578977587285], [-66.13502464786409, 52.2185659389983], [-66.12797546324448, 52.21019298583934], [-66.12780301319607, 52.210147612605866], [-66.11800280257943, 52.205473023414], [-66.10908427767129, 52.20196049405447], [-66.10391713403126, 52.198503851039874], [-66.09793725449326, 52.19545203035214], [-66.09592665585998, 52.192360756519186], [-66.089576846428, 52.18300250574651], [-66.0845082619889, 52.175611352073375], [-66.08149625194743, 52.170159497054804], [-66.07716232326436, 52.162262733426964], [-66.07592609637737, 52.155029701834714], [-66.07611164687415, 52.15205155690901], [-66.07721225615326, 52.14721946298268], [-66.07867892202799, 52.14131990260395], [-66.07763270280276, 52.13685245739784], [-66.07581215105654, 52.13078336366798], [-66.07819144159711, 52.124659705378455], [-66.08271392566941, 52.11980093715937], [-66.08727953636401, 52.11704902442942], [-66.09120662855668, 52.112498869604885], [-66.09636477143881, 52.107808373075564], [-66.09554590026912, 52.102470712136224], [-66.09595815425033, 52.098622224544336], [-66.09819481985181, 52.09432456469977], [-66.09691930298726, 52.09072871062225], [-66.09263469084469, 52.08657052656226], [-66.09122120261154, 52.0864297784882], [-66.09053475699321, 52.090671331547554], [-66.0854710605159, 52.09305784073033], [-66.07712150404124, 52.09690378564096], [-66.0700038693203, 52.098979851225224], [-66.06631061415911, 52.097770314310836], [-66.0594776378468, 52.091305981161106], [-66.05350932049647, 52.08739808887816], [-66.04959094202023, 52.08542939663666], [-66.0442568230713, 52.0849484631902], [-66.03509147655149, 52.085082396341804], [-66.02447208567185, 52.08296703484024], [-66.01563419368686, 52.07992534592711], [-66.01591679081999, 52.07627389924698], [-66.01651821954955, 52.07270709034416], [-66.01224412564268, 52.06854577472792], [-66.00294981659418, 52.067244197291146], [-66.00000000136984, 52.06391711691829], [-65.99808919439288, 52.0617615774136], [-65.9961961619342, 52.0547373914068], [-65.9880921968869, 52.052817906690194], [-65.97875293903253, 52.05266574714455], [-65.97040149108977, 52.05650258283333], [-65.96805333243324, 52.063100088438716], [-65.96597323526787, 52.070933979014676], [-65.96143562973492, 52.07741612666085], [-65.96314840939574, 52.08253101776739], [-65.96754426304061, 52.08975661004663], [-65.96785109372458, 52.09309989027991], [-65.9645433618925, 52.099443862470565], [-65.96128461966067, 52.10463614317801], [-65.95478012925396, 52.09987883943322], [-65.95227214291378, 52.09967830859536], [-65.94574872807942, 52.09980840811988], [-65.93969630905653, 52.096567876274634], [-65.92734687128734, 52.09421483515656], [-65.91928945261868, 52.091138063060114], [-65.91327379181787, 52.081379125712516], [-65.90375581794473, 52.079309688343386], [-65.8977100376738, 52.076066895783335], [-65.89207582234157, 52.08085839636363], [-65.88756769528572, 52.08781510674387], [-65.88901964024889, 52.09706029031031], [-65.88569879161992, 52.10340183157484], [-65.87698899843011, 52.11040541266988], [-65.86692537493803, 52.1144835103773], [-65.8561475393867, 52.11580575111071], [-65.84204213469076, 52.11647204140214], [-65.83416734340761, 52.11366984438273], [-65.8221918427764, 52.11023757179753], [-65.82022509193438, 52.11087814553627], [-65.81669417897608, 52.11319981025882], [-65.81260918601389, 52.116306365115996], [-65.81003375505094, 52.11888343757381], [-65.80533563071396, 52.11856051508447], [-65.80472371119916, 52.115131303672975], [-65.80607897137854, 52.11106183146817], [-65.80537056392963, 52.108306617934375], [-65.79736159707564, 52.10569791355156], [-65.78555825637592, 52.104172264056096], [-65.77624909996096, 52.1044794373369], [-65.77514064836656, 52.10604902235528], [-65.77368525562844, 52.11079191901527], [-65.77126042692413, 52.111542450986214], [-65.7677282422585, 52.1084966456075], [-65.76160652846595, 52.10429020151747], [-65.75636812009306, 52.10702428873859], [-65.75366581551151, 52.10816671822801], [-65.75083386063498, 52.11050060774777], [-65.74942732296638, 52.10990331422893], [-65.74530146549675, 52.10135169513844], [-65.74278001387341, 52.098703738930496], [-65.7383400884632, 52.08521836737115], [-65.73393972618337, 52.08287075865812], [-65.72932844240279, 52.083499817746855], [-65.72688838113235, 52.08587843648716], [-65.71916645222744, 52.091973200114545], [-65.71392459909191, 52.096166828009636], [-65.70655086336312, 52.099087745027184], [-65.70582857086937, 52.09925153867117], [-65.69571402518083, 52.101544744157785], [-65.6907100246428, 52.102753811612686], [-65.68656646290772, 52.103754779091624], [-65.67899602440802, 52.111757860600605], [-65.67482355736932, 52.11763988707342], [-65.66825608391123, 52.117274713290264], [-65.66449324571022, 52.11509522764409], [-65.66687403256871, 52.106396589975134], [-65.66519599005868, 52.097540143123716], [-65.66242760079615, 52.092359174945685], [-65.65556323958538, 52.08654213485913], [-65.6485618722019, 52.080920730646625], [-65.64979306203239, 52.07704976319177], [-65.6536850942117, 52.0678254873286], [-65.65153552682209, 52.06070927194368], [-65.65123518326332, 52.05525865149818], [-65.65808674830373, 52.049868023160236], [-65.6687510921631, 52.045504687511475], [-65.67991005156016, 52.041507530442274], [-65.66949414803163, 52.03216642058704], [-65.66869484935376, 52.026349095938365], [-65.67309588455629, 52.01959925673611], [-65.67817099066741, 52.01349817578958], [-65.67737074774809, 52.007681235326395], [-65.67411064289362, 52.00213478724211], [-65.67265580726838, 52.00006479691469], [-65.66864741472776, 51.99436024549274], [-65.65969727374217, 51.98937858431099], [-65.65017519394638, 51.98680876854436], [-65.64680353178771, 51.987299043810765], [-65.63823543646421, 51.99245531051071], [-65.63404965869297, 51.99996239166465], [-65.63411191479705, 52.00007540227935], [-65.63752226984148, 52.006269370660306], [-65.63672876765078, 52.01165798605715], [-65.63170682652878, 52.020341163168546], [-65.6268022538721, 52.02672175398478], [-65.6239606495449, 52.035527565983855], [-65.62054217180705, 52.04301065635293], [-65.6124799794596, 52.039432795457344], [-65.59828362816953, 52.0348970377759], [-65.5793216506965, 52.03280644864086], [-65.56418832653509, 52.03385050311552], [-65.54844953117795, 52.03893361063513], [-65.53989584113306, 52.04456020059483], [-65.54183125683046, 52.04928979614583], [-65.5408545402286, 52.05066073095539], [-65.53259076688398, 52.058001991311656], [-65.53109352698347, 52.06063395582897], [-65.53066908843692, 52.070800162050034], [-65.5216867182989, 52.07701333072156], [-65.51375657105329, 52.08281057975216], [-65.50654928729399, 52.09184220732505], [-65.50175527678618, 52.098022385397115], [-65.5042612163938, 52.10407720818209], [-65.50316751760418, 52.109858042418516], [-65.4999999849595, 52.110348835684384], [-65.49932541761615, 52.11045336039978], [-65.49898220878275, 52.1061529759067], [-65.49562401219241, 52.10500921072203], [-65.4901041403799, 52.10211055901792], [-65.49396127899763, 52.08609287858606], [-65.49503191500496, 52.07025582485364], [-65.49810793115931, 52.06594827805781], [-65.49719355718003, 52.0603248319102], [-65.48448902852708, 52.05687747462956], [-65.49607681212456, 52.05020601731662], [-65.45618451451931, 52.01108679751549], [-65.45117515117316, 52.008555134031944], [-65.44391908804282, 52.00704781960729], [-65.43465855505589, 52.005695366575615], [-65.4267696098896, 52.00401417581194], [-65.4232081066202, 52.002108683621806], [-65.42908278344699, 52.001838910170704], [-65.42818949877268, 52.00006208070149], [-65.42486167517984, 51.993441561842936], [-65.41714441025204, 51.989935351639936], [-65.41097583992622, 51.98638300215989], [-65.41218261200122, 51.979931984544656], [-65.4122909616289, 51.971311259851184], [-65.41013991701777, 51.96955549631913], [-65.39975534825861, 51.96555256417547], [-65.38997618195616, 51.96335010175007], [-65.37845083127819, 51.96464454174213], [-65.37121702935166, 51.96734475761201], [-65.37129563977281, 51.970406316867304], [-65.37486348061599, 51.97652595032146], [-65.36450203712582, 51.98094450680496], [-65.3838668358474, 51.988806489096355], [-65.37723211707574, 51.99330898868365], [-65.37122383425533, 51.995877778526705], [-65.37141986232696, 51.99031845047247], [-65.35908692317562, 51.98110159625657], [-65.35910813914717, 51.97526040132598], [-65.35943070881825, 51.96318723786632], [-65.36043254584018, 51.95597752256513], [-65.35722148824797, 51.95042198706997], [-65.34965428260013, 51.94460957349524], [-65.34933336846397, 51.94241689036705], [-65.35477939591162, 51.94273797430159], [-65.35880484733917, 51.93658990807227], [-65.3652813746431, 51.92807294722327], [-65.3697178675922, 51.91923221048606], [-65.37409698857398, 51.91575399623554], [-65.38234902335267, 51.916374510287454], [-65.39322764163087, 51.914906937907304], [-65.39950232498377, 51.90189472457951], [-65.39756997055146, 51.89084734952021], [-65.39217001101531, 51.88095514806227], [-65.38513323713028, 51.87388687474133], [-65.37979424920694, 51.87175319746022], [-65.37332644403999, 51.86690871108323], [-65.36788999368393, 51.86472341670547], [-65.3625944039804, 51.864207614329985], [-65.35931307707642, 51.85559314317018], [-65.35676310921313, 51.844373476794445], [-65.35607631616682, 51.83530128278637], [-65.355047896575, 51.82987601416879], [-65.35975989311794, 51.82275271740876], [-65.35607840606458, 51.82104142572833], [-65.34609413775539, 51.819704156150955], [-65.33678479183835, 51.82322714336802], [-65.3315058319272, 51.8290257548869], [-65.32696359672443, 51.83642994102027], [-65.32515200035903, 51.84318134909159], [-65.31783829346296, 51.85076067996709], [-65.31858222358738, 51.856577538512816], [-65.32329941076192, 51.8700332052051], [-65.31916519060809, 51.87264034929859], [-65.30023284723359, 51.87796694116846], [-65.29065242462556, 51.869720928565854], [-65.28812850393247, 51.871132491994935], [-65.28353594491841, 51.873846859615064], [-65.2674385628915, 51.86731459324575], [-65.2538704491726, 51.861474866362364], [-65.25310042134868, 51.85728539954456], [-65.25656398585672, 51.85256520942725], [-65.25717880009564, 51.851770898339694], [-65.25778530160699, 51.851248590004694], [-65.25784872252306, 51.85056659625853], [-65.2580076722772, 51.850311206285426], [-65.25824500436259, 51.85010070425406], [-65.2586651054139, 51.849001311594066], [-65.25882379050915, 51.84878650316518], [-65.25923867589124, 51.848479004951415], [-65.25938509648452, 51.84813829984529], [-65.25970860648445, 51.8477817145439], [-65.25967821201702, 51.84741620329544], [-65.25996210206712, 51.847088113486386], [-65.26018099009579, 51.846678483476786], [-65.26018751058962, 51.845663504020735], [-65.260235804096, 51.845281906631406], [-65.26041490832151, 51.844941294453626], [-65.26072439059176, 51.844722791976885], [-65.26087051645123, 51.844422693415304], [-65.261054789962, 51.84429728871286], [-65.26122558395501, 51.844248905027534], [-65.26146159804843, 51.84424138620536], [-65.26157941015798, 51.84427819445926], [-65.26188601740849, 51.844506304212764], [-65.26205610200033, 51.844559490299936], [-65.26223311738664, 51.8445639990182], [-65.26255471318866, 51.84449169984848], [-65.26256719958616, 51.84459730102962], [-65.26231052326364, 51.84477129969561], [-65.26254501110866, 51.84500731246752], [-65.26262902385362, 51.84513592677606], [-65.26510524014068, 51.838953911328055], [-65.26467728920379, 51.8389845172253], [-65.26434810920593, 51.83913573338344], [-65.26407721626522, 51.83913475411104], [-65.26401149855789, 51.838977399084804], [-65.26397268749953, 51.83890420756476], [-65.26433679730097, 51.8383163856468], [-65.26445770540703, 51.83784571521904], [-65.26440118806796, 51.83745168796795], [-65.26446058618738, 51.837378797772594], [-65.26460518273102, 51.83732229751735], [-65.26463180598913, 51.83724929649461], [-65.26436471411049, 51.83699281154163], [-65.26432376171721, 51.836915709531596], [-65.26422867864066, 51.836736701189594], [-65.26406509130446, 51.83616013770948], [-65.26408046133561, 51.83539245226264], [-65.26416078912918, 51.834972977030766], [-65.2644064691291, 51.83472517767511], [-65.26502180753296, 51.83459488843539], [-65.26511370877587, 51.83458289459392], [-65.2652845957087, 51.83449401003629], [-65.26589058403698, 51.83399199499528], [-65.26602969905059, 51.83376089613282], [-65.26604339345195, 51.833663502525226], [-65.26595221069014, 51.83357390562698], [-65.26576248606223, 51.83352478905148], [-65.26573130432008, 51.83326079474535], [-65.26561369951241, 51.83320368948715], [-65.26543668821701, 51.833219497658924], [-65.26533199015473, 51.83318680883747], [-65.26528030582858, 51.833068915150164], [-65.26545290464335, 51.83271609721025], [-65.26526540159061, 51.8323015081159], [-65.26501850103054, 51.83195989017717], [-65.26480300004505, 51.831841593589154], [-65.26424620346376, 51.83179971030669], [-65.26418769207636, 51.83173048925195], [-65.26419611068052, 51.831438197553105], [-65.26381139701503, 51.831124703873535], [-65.26370100161063, 51.83095799720821], [-65.26353492509493, 51.83027549646546], [-65.26325648334995, 51.82973080057799], [-65.2633421021374, 51.82966598796196], [-65.26415701694289, 51.82929040341208], [-65.26422961855431, 51.82920119985956], [-65.26407331198007, 51.82905060419439], [-65.26360169764091, 51.82902509715206], [-65.26324829774411, 51.82895530538454], [-65.26322683722707, 51.82894556317023], [-65.26310452651114, 51.82888999375429], [-65.26295519994841, 51.82867041111187], [-65.26257688836287, 51.82838929615043], [-65.26266229585357, 51.82834489241034], [-65.26298350033021, 51.82833349567634], [-65.26308201972971, 51.82829310024941], [-65.26308249554725, 51.82821190790363], [-65.26289339238315, 51.82806118912213], [-65.26239669471443, 51.8278650956688], [-65.26242349553563, 51.82777179466533], [-65.26264089828769, 51.82758559960849], [-65.26265451268546, 51.82750850830692], [-65.26257030553606, 51.8273498907446], [-65.26217957627661, 51.826963306345306], [-65.2622584832479, 51.82690669610261], [-65.26239799753608, 51.826878246095305], [-65.26240100679925, 51.82687762727068], [-65.26019487284258, 51.824040471401645], [-65.26018377155354, 51.82404266466822], [-65.2553761209334, 51.824994776393076], [-65.25227791987159, 51.8277078309954], [-65.24898380283837, 51.831245218793825], [-65.2405371858364, 51.82270668517213], [-65.23668445385408, 51.82281423692793], [-65.22887510700055, 51.82159634300752], [-65.22117444793176, 51.81759982739322], [-65.21018477621493, 51.81292823480821], [-65.20461749552963, 51.812794896845105], [-65.19535808075305, 51.82147054144859], [-65.18857176322557, 51.81725514143986], [-65.18531105858628, 51.81916261061202], [-65.18018945770798, 51.82313034738057], [-65.1745821007182, 51.82462314190274], [-65.16961455397654, 51.8220792596297], [-65.1696975523659, 51.81671846553708], [-65.17290081990349, 51.80964604997117], [-65.16976195156396, 51.80456464825652], [-65.16719110536802, 51.796597349778374], [-65.1687128732483, 51.7897625874416], [-65.17512892851713, 51.78451658185137], [-65.1860637472461, 51.77560635961538], [-65.18673963466178, 51.76994294940319], [-65.18041801089004, 51.7656195346471], [-65.17017304411691, 51.76465574641223], [-65.16230436837454, 51.76458308266826], [-65.15608721309043, 51.76169052075825], [-65.14864048767771, 51.761031338395085], [-65.14225094184836, 51.75785568216483], [-65.13211608323475, 51.75621557081168], [-65.1196078288145, 51.75368142386214], [-65.11454623394772, 51.751579597199964], [-65.11092425322303, 51.750075282045366], [-65.10770510419061, 51.74873806781186], [-65.09872440715772, 51.74712708213297], [-65.09115368435194, 51.7459718284113], [-65.08258584571439, 51.7461986390371], [-65.07979496988793, 51.75006626623459], [-65.07888001988188, 51.75133404282819], [-65.07477853338781, 51.75754546719161], [-65.07103758735768, 51.762197233389955], [-65.06159908182013, 51.765739001616026], [-65.04921692256052, 51.76964739912112], [-65.04698880821849, 51.76902735349898], [-65.0426222108496, 51.76449093144748], [-65.0302765934683, 51.76200210870747], [-65.01612623354285, 51.765177174173495], [-65.01003466271894, 51.765140247000126], [-65.00944441836245, 51.763314764007006], [-65.01539275864222, 51.76354921056463], [-65.02039978067612, 51.761385679084995], [-65.02052346903457, 51.75857309506267], [-65.01414190874861, 51.75418460784284], [-65.00952721490552, 51.75052537193272], [-65.00827956432705, 51.750009776934], [-64.99999999558848, 51.74999998840781], [-64.99923202517721, 51.75000094042131], [-64.99923203954836, 51.749991874947696], [-64.9992320734109, 51.74765932985805], [-64.99761687791903, 51.74744048732199], [-64.99454771819694, 51.74587222630652], [-64.99630963748312, 51.74185553928684], [-64.99304857594642, 51.737386180096514], [-64.98703834124102, 51.73143712544554], [-64.97904394412811, 51.7261195127444], [-64.97235451916667, 51.721640092261445], [-64.95767642382312, 51.716587273012024], [-64.95089401335368, 51.71540214194292], [-64.94452406405175, 51.71575592684632], [-64.9375677372894, 51.71428373234983], [-64.93070578649301, 51.714261565191414], [-64.92490307317286, 51.71857106874134], [-64.92006451673785, 51.72576205856922], [-64.9192797764469, 51.73052766606789], [-64.91644515487756, 51.734956778286076], [-64.90984716632711, 51.736670054656756], [-64.9124321197871, 51.74048051362993], [-64.91640104090817, 51.74396607820302], [-64.92298153438334, 51.74438379905625], [-64.92763699206444, 51.74639891917015], [-64.92502631087366, 51.749466773488294], [-64.92406917103027, 51.75006449766017], [-64.92082585010853, 51.7520897405674], [-64.91835763270771, 51.75496017863084], [-64.91982885932717, 51.76083259586913], [-64.92774661399089, 51.762573077045175], [-64.93401236813756, 51.762901172341664], [-64.93721006334873, 51.7616588439507], [-64.93863909943384, 51.76443233959451], [-64.93480089044485, 51.77024370486268], [-64.92884698625414, 51.7747515295168], [-64.92467534496355, 51.77785845974525], [-64.9151332250301, 51.77518913463674], [-64.90255588990328, 51.77143139600858], [-64.89223732930783, 51.76877920006312], [-64.88391989253849, 51.768111311641036], [-64.87714059614414, 51.76953632262552], [-64.87217653019694, 51.77004483740716], [-64.86777790240909, 51.76714898032963], [-64.85977048609669, 51.7639530812274], [-64.84781502019769, 51.76249865629036], [-64.83842399902568, 51.76960228434584], [-64.82128724771958, 51.775243473381465], [-64.81176350988444, 51.7777951068555], [-64.8053821992349, 51.77814031470617], [-64.80194101223687, 51.77550957077701], [-64.79901240532044, 51.7685076787757], [-64.79403477668875, 51.76116683148698], [-64.78770759872815, 51.757247824768676], [-64.77817974526344, 51.754565930079124], [-64.77309872743521, 51.75313522599926], [-64.76386548087079, 51.75528807392149], [-64.76246702577231, 51.75599138400843], [-64.75549806335874, 51.758872829775555], [-64.74476092979266, 51.75941221257005], [-64.73942154862453, 51.76147271205469], [-64.7371983510615, 51.7582308147943], [-64.73601436641317, 51.754093238022634], [-64.73090611263414, 51.75217683446929], [-64.7247301451654, 51.75328720944369], [-64.7159560728034, 51.75532827048764], [-64.70975060152604, 51.75595409789505], [-64.70637481510092, 51.75428757865641], [-64.70698263913167, 51.75136812870702], [-64.7078666694439, 51.750042733714594], [-64.71085253521422, 51.74556564268517], [-64.71091366978646, 51.738687804419236], [-64.70901275517585, 51.732920189761195], [-64.70786108417138, 51.729266214640965], [-64.70587220756572, 51.727277712077914], [-64.70091124869013, 51.727777890872034], [-64.70033581551674, 51.72595084886191], [-64.70313518618612, 51.7231755947002], [-64.69641851037751, 51.72032589085449], [-64.68811739807188, 51.71702740067754], [-64.69190161393216, 51.70977555279161], [-64.69161553852084, 51.70755469764434], [-64.68455099245216, 51.709360603304816], [-64.6811487929401, 51.70982466548969], [-64.67807387745901, 51.70253414064377], [-64.67738368588277, 51.70138763283422], [-64.66643258463495, 51.70066499183167], [-64.65354781586721, 51.701533641214944], [-64.64679947849302, 51.70342669217583], [-64.639878239476, 51.705032618067776], [-64.64173567957403, 51.699375038980875], [-64.6447209284494, 51.69165901637884], [-64.64133157234009, 51.686892545281026], [-64.63777697648057, 51.67922486847608], [-64.64043891614868, 51.674034065446584], [-64.63312953447765, 51.671484560382204], [-64.62604816876065, 51.67018824425805], [-64.62110056512208, 51.668070047291934], [-64.61821194176787, 51.66106537365429], [-64.61722269639806, 51.65460003213194], [-64.61694815657272, 51.6519977131705], [-64.61688639839215, 51.65141236541462], [-64.62331093027984, 51.649431762730394], [-64.62596583431316, 51.64685605694484], [-64.62367594549514, 51.64216238746466], [-64.62317448304485, 51.63607405240554], [-64.62417182788435, 51.628984713799575], [-64.61439713114788, 51.62668225402077], [-64.6066566094527, 51.62733564801216], [-64.60215909214253, 51.63033809971649], [-64.60105753253949, 51.63287921396436], [-64.5968744926216, 51.62764560888938], [-64.59043509562237, 51.618201295705], [-64.58730298820352, 51.609459811061264], [-64.58199524417135, 51.606283282247524], [-64.57537103189269, 51.60177967812961], [-64.56779553738653, 51.59129460576692], [-64.56175355922639, 51.58600354880418], [-64.5572117299223, 51.57971222836727], [-64.55435579303602, 51.57580471256852], [-64.54850353456004, 51.57389684691185], [-64.54487711648032, 51.58142704196964], [-64.5415774885281, 51.58643366698308], [-64.5349488264415, 51.5902523274658], [-64.5226087144832, 51.59767556535835], [-64.50764502507536, 51.6055393993152], [-64.49999999567447, 51.6071563062846], [-64.4908898472852, 51.60908219215446], [-64.47268956434834, 51.61768555698101], [-64.45663670021005, 51.62681936865225], [-64.44910298158806, 51.634426446134796], [-64.44246983816969, 51.64443508881907], [-64.43430317458393, 51.6509927067776], [-64.43076829050459, 51.65784055910709], [-64.43132405671577, 51.65944527291873], [-64.43223347491261, 51.66207083218135], [-64.42988621963163, 51.66783000523954], [-64.42462289574513, 51.67442221558469], [-64.42299689581573, 51.676100657855244], [-64.41733164065876, 51.67495527066228], [-64.40675161372657, 51.669066618098725], [-64.39559220260327, 51.66396296928505], [-64.3910230096725, 51.662891396279996], [-64.38509377394237, 51.66262083828086], [-64.37753722512502, 51.66402760430469], [-64.37010208494377, 51.66785170031605], [-64.3659464095, 51.668803968983596], [-64.35892254061461, 51.67155433636927], [-64.35005226470116, 51.66853118463405], [-64.34354032171092, 51.66594602950872], [-64.33712520635133, 51.66529480289715], [-64.33432601597812, 51.671641082967895], [-64.32783025783142, 51.678832546506484], [-64.32206253633855, 51.68504169123675], [-64.3243429310318, 51.69022629794084], [-64.32562795874863, 51.694171296038164], [-64.322389673096, 51.69800885022011], [-64.31273014252899, 51.70119349678287], [-64.30521086430632, 51.703562363267935], [-64.30318704744084, 51.706795549070414], [-64.30692879044523, 51.7100169043309], [-64.30150262919045, 51.71060324836569], [-64.29651002276756, 51.713698508113616], [-64.29460245838851, 51.719349978148365], [-64.29398816001907, 51.72275032255125], [-64.29052768619943, 51.72533254258794], [-64.28314265906118, 51.73060210612163], [-64.27641151438068, 51.736536857563394], [-64.27403710689289, 51.74229376026121], [-64.27828931705395, 51.74637854981129], [-64.28415407059886, 51.74830292787313], [-64.2872196639405, 51.7500386334533], [-64.28928693450118, 51.751208970986326], [-64.29882763082992, 51.75490368054101], [-64.30189329730486, 51.75697644519571], [-64.30483193001436, 51.7628281466108], [-64.30594280281511, 51.76958587474356], [-64.30569269927949, 51.774045194405055], [-64.30431769574487, 51.7810436128822], [-64.30579756438507, 51.7857610770409], [-64.3071593492615, 51.78805967144033], [-64.30439854632345, 51.792275968407836], [-64.3011737252239, 51.79659779548741], [-64.30053517054948, 51.79951518414323], [-64.3024551875769, 51.803643616468065], [-64.30649923294732, 51.806473045529174], [-64.31515165412813, 51.8108617834026], [-64.3209289537148, 51.813948543974945], [-64.32738921702035, 51.81818425898453], [-64.33341122101523, 51.82300914417678], [-64.33870206538546, 51.82881633414032], [-64.34431022130182, 51.83781371098325], [-64.34850621275339, 51.84354486277612], [-64.35270342515138, 51.849275943389124], [-64.35419167107506, 51.853993669373374], [-64.35360472527687, 51.85787965023174], [-64.35201585700784, 51.86362544374446], [-64.3518423561683, 51.87263768667316], [-64.35232834231512, 51.88231562231907], [-64.35303578269388, 51.88704891389213], [-64.35173994809931, 51.8893019809631], [-64.34005726455786, 51.890494704717256], [-64.3419357887736, 51.89675580348627], [-64.34293424885098, 51.904196391135415], [-64.34408133091134, 51.908340320351485], [-64.34429935285667, 51.91269584276628], [-64.34576474381086, 51.91693063629207], [-64.34977394520511, 51.921891783189324], [-64.35725776594079, 51.92736729962078], [-64.35613204884673, 51.929908070436504], [-64.34940316792992, 51.93323474015782], [-64.34507064566218, 51.93748400779095], [-64.34751562389889, 51.94247553005049], [-64.34964409316333, 51.94427565487629], [-64.3444772268303, 51.95067270650145], [-64.34398337001531, 51.959596508403095], [-64.34297547657931, 51.967658296173205], [-64.34529932172094, 51.973330965769456], [-64.35475224892915, 51.97721959018606], [-64.35876908554789, 51.979080353667676], [-64.35720094913661, 51.982211459259396], [-64.35156649576685, 51.98251349401162], [-64.34583347908453, 51.98398000476639], [-64.34169224167846, 51.985900316200514], [-64.33965689184627, 51.98913698838697], [-64.34359991353227, 51.99264725987063], [-64.34604811976169, 51.99763961580532], [-64.34732246671595, 52.000072088240195], [-64.34795825414301, 52.00128558353503], [-64.35609484081628, 52.00384298944038], [-64.36104588413768, 52.00549209380432], [-64.35827594220787, 52.00661145645345], [-64.3511919811625, 52.00626296455067], [-64.33851865219147, 52.00718353365122], [-64.33111613098234, 52.00674280723043], [-64.3228573768461, 52.00486409736622], [-64.32227149320069, 52.002549379220966], [-64.32678211652917, 52.00168879242657], [-64.32685601418605, 52.000064568508485], [-64.32693219722411, 51.99839108827652], [-64.32296605797296, 51.99439605740482], [-64.32024716186076, 51.99338146034862], [-64.31355993480196, 51.99147247636022], [-64.30903061074258, 51.98874736898157], [-64.29918492495788, 51.98641224494331], [-64.29353127881701, 51.983126113517294], [-64.28788450223766, 51.9767388129486], [-64.28009965909322, 51.974751312938096], [-64.26197139662983, 51.97624775400206], [-64.23710505385164, 51.97795992567666], [-64.23363105930957, 51.984127221465435], [-64.23395175106874, 51.990904413288284], [-64.2382037734094, 51.99450989409018], [-64.24650247105012, 51.99736349016867], [-64.24651267990119, 52.00000417829831], [-64.2465163498024, 52.00094868252073], [-64.2548462786196, 52.01097224849693], [-64.26619505124748, 52.02161854126363], [-64.27223362661137, 52.02955136392381], [-64.2774404226863, 52.03538848310991], [-64.2793783498441, 52.037560546584814], [-64.27119468340184, 52.04381709529331], [-64.26929815133268, 52.046856397574615], [-64.27275076030949, 52.04999127316831], [-64.28105722123242, 52.05594418861588], [-64.2873462046313, 52.06561711534175], [-64.28993373007046, 52.073517108522054], [-64.29186602044308, 52.07764916005119], [-64.28803132583563, 52.07965886124412], [-64.27873159066921, 52.076050542244], [-64.27243785729232, 52.07926809225947], [-64.26789376478871, 52.079642290009986], [-64.2616845005143, 52.07810816128395], [-64.25153778243609, 52.07974699005712], [-64.24969852853094, 52.087340819461225], [-64.25184480785877, 52.09272994468585], [-64.25561918880175, 52.09595698336638], [-64.25662311832956, 52.097198810780995], [-64.24604104777465, 52.103013168740226], [-64.25643300837443, 52.11290574045566], [-64.25385294113511, 52.12148327223667], [-64.25033135830982, 52.12358297224373], [-64.24484699534044, 52.12416704821632], [-64.23627427280468, 52.12936268647504], [-64.24217519495159, 52.13749638162204], [-64.25123632273264, 52.142470428446906], [-64.24992616270647, 52.14472394374009], [-64.24242931971126, 52.14282374632826], [-64.23650750334437, 52.14089468450966], [-64.22481388268255, 52.1368390348834], [-64.21120662230936, 52.132234530092894], [-64.19849274441337, 52.12644932236073], [-64.19304311896296, 52.12441268791957], [-64.19114141338754, 52.12076250964264], [-64.1866057189157, 52.11803095153749], [-64.1803266062515, 52.115038914385444], [-64.17298725796657, 52.11293738712008], [-64.16635985224643, 52.11605744699087], [-64.16467301678733, 52.123938437522604], [-64.17741102541574, 52.133798693181966], [-64.1647208914144, 52.13876922875171], [-64.1607974478914, 52.14601072895214], [-64.16829769387648, 52.15150368296629], [-64.17850427448599, 52.15753074611036], [-64.18826832768612, 52.164146415698845], [-64.19321914867562, 52.16890702693928], [-64.20069285933198, 52.17701634899449], [-64.19766366296913, 52.18308090797985], [-64.19840297790617, 52.18878826727872], [-64.20368795385329, 52.197227348469276], [-64.2099471597079, 52.20283727218559], [-64.21023074032064, 52.2122376249319], [-64.20973780149097, 52.218549071062796], [-64.21350899259602, 52.22488202108827], [-64.22029992141239, 52.22825213478938], [-64.2239930512762, 52.22954385942405], [-64.22901145267227, 52.22547843659346], [-64.23173153382979, 52.222908531827976], [-64.23399548082786, 52.22403153187054], [-64.22810928225361, 52.22976121795752], [-64.21979709139408, 52.23766719606272], [-64.22355984763996, 52.240412349307114], [-64.22217662122034, 52.24790399329549], [-64.2208694488, 52.25003104682127], [-64.21880204930943, 52.25339467140825], [-64.21755488933191, 52.25710197968985], [-64.22121647885643, 52.26101291841057], [-64.23312903105658, 52.2622548018091], [-64.23652849496743, 52.26393945240591], [-64.2435369402034, 52.27166885491559], [-64.24656135419175, 52.275396656750424], [-64.23875544724538, 52.27747692708506], [-64.23446494101788, 52.283663978075175], [-64.23507091025893, 52.28691366211888], [-64.23268001696961, 52.287934661890866], [-64.22483987843061, 52.284852576100135], [-64.22185764854379, 52.28329462447018], [-64.21448094369251, 52.28204480545399], [-64.20981391568928, 52.2845440645777], [-64.20688998437647, 52.294204775714434], [-64.21427529217861, 52.29758408020032], [-64.22037741131203, 52.2996047595518], [-64.22558327051037, 52.302504222903394], [-64.22555021340655, 52.30774115739046], [-64.22045259592117, 52.31111187125186], [-64.21622442035161, 52.31302834821919], [-64.21024217232593, 52.31359463781411], [-64.20705453413603, 52.31169447612621], [-64.19963454751235, 52.305610622421305], [-64.19757275549004, 52.29764865441447], [-64.19455289778617, 52.29125718585241], [-64.19157137050465, 52.289698357604045], [-64.18961306459236, 52.2919766439914], [-64.18617792142813, 52.296812437964995], [-64.18283520468762, 52.303660514306195], [-64.18461412488097, 52.30558589209681], [-64.18005280912482, 52.30641337570784], [-64.1694564330174, 52.30665465258679], [-64.16768619972372, 52.30898691042478], [-64.16474232488756, 52.31438910500342], [-64.1678965108639, 52.319686179076776], [-64.17328250296846, 52.324484235143196], [-64.16919201635497, 52.32743222706903], [-64.17197616350845, 52.33077922792468], [-64.18277425556367, 52.33272099201374], [-64.18123402911209, 52.33597039147251], [-64.16150489243913, 52.33389471301518], [-64.15835471348663, 52.33895535964846], [-64.16296362230558, 52.34112043496581], [-64.16640804622995, 52.34451393846288], [-64.16742499446887, 52.36154158091186], [-64.16614825018671, 52.364441130854445], [-64.15705663939436, 52.36298601917708], [-64.13801185932225, 52.366925789817984], [-64.12701910365524, 52.38380167402682], [-64.12228417702143, 52.38727701250114], [-64.11546375681284, 52.38831225630977], [-64.11044782004177, 52.3918493276174], [-64.10922908846871, 52.39405671886846], [-64.11822835124941, 52.40173377103121], [-64.11895357317646, 52.40321806461394], [-64.10741715019265, 52.40830313842844], [-64.10937657537008, 52.41425644410948], [-64.11471812952632, 52.420038227498985], [-64.1218768874989, 52.42222068007255], [-64.12801605411055, 52.42056331305016], [-64.13259396097341, 52.421867521324614], [-64.1349741010786, 52.42453262977688], [-64.13373190142855, 52.428295036429965], [-64.1277862087897, 52.43426660165196], [-64.12857725262315, 52.437188936416206], [-64.13523700500748, 52.444905093353846], [-64.13708150368649, 52.45650194905916], [-64.14259258453012, 52.46786430654854], [-64.14280729178647, 52.47672620614584], [-64.14490388965606, 52.48342626795316], [-64.14471073458031, 52.491604644582246], [-64.14856528532644, 52.49752662172062], [-64.15095507516354, 52.50007173561466], [-64.15687452951111, 52.50380175531049], [-64.15730340561872, 52.509033715322026], [-64.15240738051584, 52.515450567291], [-64.15194855237945, 52.51992314513143], [-64.16708114880807, 52.528761495869446], [-64.1700841925288, 52.53245247184091], [-64.16687913749617, 52.536653304837515], [-64.17043866054222, 52.54419273276514], [-64.17022059836876, 52.543563070663154], [-64.17836705561099, 52.54814429581315], [-64.19140484552516, 52.554252302956094], [-64.19926777161595, 52.560737337388176], [-64.21112116116046, 52.57360150305523], [-64.22476140258337, 52.5801561581951], [-64.2256994235096, 52.58198236664849], [-64.2225712168168, 52.58180740424372], [-64.20580930499067, 52.57720760901214], [-64.20054485174386, 52.57983363414591], [-64.19912019874184, 52.5817013430758], [-64.20419638802213, 52.589099090955905], [-64.19860673842727, 52.594898205456765], [-64.19467580415301, 52.595773033218755], [-64.1875378982428, 52.590771619680595], [-64.17392693387978, 52.58478733592734], [-64.1715384930318, 52.58425258691098], [-64.17015645294866, 52.589113741903105], [-64.16845325713871, 52.59317421881575], [-64.16773063152456, 52.595950915845], [-64.1610795964281, 52.597331813212065], [-64.15455037296344, 52.603432574078454], [-64.16112447090434, 52.60856121471181], [-64.1684765505084, 52.61206360408781], [-64.17012134122234, 52.616930733570776], [-64.17005793345098, 52.62372788604489], [-64.16331677646353, 52.627356673280396], [-64.1563893453517, 52.63519270956044], [-64.15312464382016, 52.64037433583464], [-64.15296888283703, 52.6472886407271], [-64.1574655526595, 52.65239595086504], [-64.15888248305389, 52.65847732686271], [-64.17298998887294, 52.670562467283744], [-64.17085435801906, 52.67762665593491], [-64.16756663551799, 52.678259047786824], [-64.16399349048126, 52.67682249567622], [-64.15349421894435, 52.67314206145751], [-64.14497509507592, 52.67541774590913], [-64.13818561687872, 52.68031335640135], [-64.13285229140256, 52.68391685309706], [-64.12765782233409, 52.68642326998188], [-64.12443705978491, 52.69275598371828], [-64.12583056198653, 52.69845753706436], [-64.13251962591558, 52.70376046671105], [-64.14208012674965, 52.70959074759906], [-64.14758041575507, 52.713703225924], [-64.14458317225481, 52.71862870509693], [-64.14049329796777, 52.72670548005149], [-64.13738239377491, 52.72923508146904], [-64.12422402882582, 52.732048017326925], [-64.10491142938194, 52.733117533211114], [-64.089634994459, 52.73319572227434], [-64.08329044700221, 52.73566134759706], [-64.07953478877323, 52.7365866654703], [-64.06289502985706, 52.72504602711253], [-64.05351774578101, 52.7232379731221], [-64.03930484924886, 52.72588418068148], [-64.03539996381298, 52.7321678478586], [-64.03816138366312, 52.73679039445659], [-64.03727482876563, 52.738244710408225], [-64.02955974180237, 52.737617841717764], [-64.01649723490021, 52.73845692258778], [-64.01371714959815, 52.73780908963518], [-64.00704103887189, 52.73704911432036], [-63.999999997235015, 52.733477172058855], [-63.98599970442664, 52.72637154771311], [-63.98273490270811, 52.725442363831654], [-63.969405285727284, 52.726625326239564], [-63.95917075525777, 52.72925759587627], [-63.93741723299061, 52.731024294987805], [-63.9211968809269, 52.73593096640395], [-63.91823013205223, 52.74006478782307], [-63.922762165626736, 52.74420334175137], [-63.92284296041994, 52.74621844418503], [-63.919262990696666, 52.746904936733344], [-63.920488526648306, 52.75006466172195], [-63.9210626184117, 52.75154474854877], [-63.92125866228724, 52.75643868752928], [-63.91950852868029, 52.757789518932896], [-63.914661491597755, 52.75768796905778], [-63.903463355584, 52.753070156773184], [-63.89296328042921, 52.75007300195145], [-63.88864102277762, 52.75007365333251], [-63.88334357590038, 52.75330384257815], [-63.88848349851564, 52.75847226129212], [-63.893918598430005, 52.7638666760226], [-63.88348858890612, 52.764305241753135], [-63.87882101033383, 52.76638863794925], [-63.872941265669795, 52.773962246409916], [-63.86730159875068, 52.773063213019476], [-63.8589265906023, 52.77266348677934], [-63.8541110079253, 52.773422818463324], [-63.85041721390077, 52.77122797868882], [-63.8346500970329, 52.763728775143704], [-63.818975272193136, 52.75853048228943], [-63.80991099537512, 52.75992224717151], [-63.80474938049523, 52.764140559642776], [-63.797997663257625, 52.766479124568015], [-63.783356962461305, 52.76869301295724], [-63.77817737844502, 52.76991460860816], [-63.77222215204747, 52.77333542442054], [-63.76436429787157, 52.774073485089204], [-63.759757112658754, 52.772751755053285], [-63.7547045865457, 52.76959220873129], [-63.751623422262824, 52.76842289500755], [-63.74107935551395, 52.76838786804587], [-63.7359994802472, 52.76977890009847], [-63.73003036414618, 52.770201820036625], [-63.723485449210955, 52.77045895350267], [-63.721485613442766, 52.77031180111066], [-63.719423654100005, 52.77656001053106], [-63.72577748232903, 52.77895564374546], [-63.7318694698732, 52.781987994891175], [-63.73396121605177, 52.78472623765001], [-63.7334562015367, 52.78657634458259], [-63.73072805703417, 52.7873605669081], [-63.72377610958664, 52.78693162081867], [-63.714065859289796, 52.7864222289709], [-63.71795377714977, 52.794380574291864], [-63.71953941973457, 52.79896928320741], [-63.71753734494983, 52.80152988031805], [-63.711896076665205, 52.803330261585764], [-63.700685225917766, 52.80353000734857], [-63.694841028334814, 52.80498635124723], [-63.694695864493525, 52.809078768985046], [-63.696380247911485, 52.81383959433208], [-63.69298208041899, 52.814573689877435], [-63.68982340264444, 52.808390911335884], [-63.68040107932467, 52.808105143235416], [-63.67295717474273, 52.81009867439125], [-63.660064117114736, 52.81123666863529], [-63.65303121477066, 52.81420319246374], [-63.64412199311804, 52.823760042876245], [-63.64008926838687, 52.831298799347735], [-63.6394059931423, 52.833669306986735], [-63.64171444013947, 52.83732903085066], [-63.658761695928135, 52.843517857540306], [-63.67357962854407, 52.8483487323993], [-63.67607844770949, 52.849066898859384], [-63.67656016934227, 52.8520571930602], [-63.67180861615083, 52.855112229193224], [-63.658290368174, 52.852224188424145], [-63.65212495951944, 52.852875489639914], [-63.64006125185765, 52.84783555944618], [-63.637938046240905, 52.84693916738591], [-63.62790221310644, 52.845618793412754], [-63.618844636957085, 52.84215401826944], [-63.61644805273416, 52.841606168213275], [-63.60996407039475, 52.844160148885734], [-63.60662662749726, 52.84990356094333], [-63.610022036010456, 52.85487665020297], [-63.61763580938063, 52.85778318682752], [-63.62416284413128, 52.86237318533375], [-63.61936247911279, 52.86997858244317], [-63.6233381779071, 52.875117554478834], [-63.619888292551266, 52.87740578662079], [-63.61436799616651, 52.87752858014843], [-63.611518001996494, 52.86886103882687], [-63.60937666778996, 52.87041988954571], [-63.6092802155145, 52.87049007971908], [-63.60895711996527, 52.87047729882415], [-63.60873886544681, 52.870417201817205], [-63.608133411285216, 52.87025050478347], [-63.60772550947237, 52.869921307861574], [-63.60741752149656, 52.869614202717415], [-63.607269968855164, 52.869537179467585], [-63.60720739906083, 52.869504489149435], [-63.60691290897995, 52.86947060535009], [-63.6060902768505, 52.86949239924428], [-63.605673491196356, 52.86948079815012], [-63.60544919324555, 52.86938710918989], [-63.60548580086813, 52.86932659562503], [-63.6054449051037, 52.86906509870394], [-63.60550402181793, 52.868960296591915], [-63.60577188432754, 52.868716600378896], [-63.60649201440164, 52.868041089445875], [-63.60742428965883, 52.867569097699175], [-63.607791908263096, 52.867078697807145], [-63.60781718728196, 52.866838690274164], [-63.60790270461432, 52.86674250389659], [-63.60791081981712, 52.866579703660896], [-63.60807682060976, 52.86635450205536], [-63.60833827839179, 52.86582960746743], [-63.608540007709706, 52.865698809314665], [-63.60869251533851, 52.865546081225546], [-63.60885169261887, 52.865386687860465], [-63.60893202017875, 52.86512329546401], [-63.60892939805867, 52.86491360619016], [-63.608926608975885, 52.86468730061294], [-63.609042704051824, 52.86451820669584], [-63.609069404636664, 52.86449630576342], [-63.60916899242759, 52.864414605405784], [-63.60925239820638, 52.864224598361595], [-63.61017889884962, 52.86304760800288], [-63.61040579029493, 52.86254250659146], [-63.610424003383, 52.86231061412918], [-63.61077691476623, 52.861432891256754], [-63.61098351001872, 52.861065816174104], [-63.61114209873074, 52.86057980092648], [-63.61092799314946, 52.8590522010456], [-63.61094509750085, 52.85870620801164], [-63.610777612491624, 52.85827949231851], [-63.61036579205907, 52.85803170883077], [-63.60929572374481, 52.857755694051356], [-63.608947203945014, 52.85759050870805], [-63.608879909126244, 52.85758921537653], [-63.607829000178434, 52.85692651086124], [-63.607761689945086, 52.85692529847173], [-63.60707371682937, 52.85654620262229], [-63.60705640423964, 52.8564888011045], [-63.60549298860405, 52.855845300384736], [-63.60478891748366, 52.85565739280984], [-63.60398380012208, 52.85533311015537], [-63.60367511145815, 52.855315293959926], [-63.60336839276507, 52.85539120312299], [-63.602786777328134, 52.85571879955976], [-63.60230799054247, 52.85573869175566], [-63.60205528894344, 52.85567698496801], [-63.601782107339254, 52.855484691153364], [-63.60155778939211, 52.8552564845762], [-63.601202198673995, 52.8550993060499], [-63.60052258925156, 52.85496068303463], [-63.59978443592943, 52.85468631524246], [-63.59962381792416, 52.854626590726134], [-63.59961868397875, 52.85459390355226], [-63.59926199929974, 52.85432260609945], [-63.59919160631029, 52.85411351490511], [-63.599041480472614, 52.853340800157305], [-63.59870408179813, 52.85308609302832], [-63.59845438782547, 52.852829002901245], [-63.59803871470974, 52.852797007976484], [-63.59789711506178, 52.85266809859841], [-63.59789291252142, 52.85248059251844], [-63.59774411365693, 52.85235980803324], [-63.597591301588366, 52.85232030850355], [-63.597023817613156, 52.852094095061], [-63.596120916869516, 52.8514380041536], [-63.59538621114533, 52.85105389026673], [-63.595381081273544, 52.85102120321527], [-63.595302707285605, 52.85097500630206], [-63.59529860300155, 52.850921896006334], [-63.59520690620725, 52.8508713967053], [-63.59519361074663, 52.85073261662536], [-63.59535961943554, 52.850507503332885], [-63.59537691858185, 52.85043039350882], [-63.595201620902586, 52.85030089523908], [-63.59497749895115, 52.85020720018801], [-63.59479911108415, 52.85000430777849], [-63.59417047206425, 52.84965470543234], [-63.59383618703215, 52.849338995512795], [-63.5936955809584, 52.84905529893559], [-63.59361810249449, 52.84885429594189], [-63.5930903099136, 52.84850649856362], [-63.59255238917868, 52.84822778835734], [-63.59249531003412, 52.848157499112425], [-63.592457498557046, 52.84783500087311], [-63.59208360036227, 52.84764070010885], [-63.591944099315384, 52.84760560072662], [-63.591707688264066, 52.84748719717054], [-63.59170261926463, 52.847454497968634], [-63.5915661108548, 52.847358304680064], [-63.591448891499184, 52.847144308897626], [-63.59144887677908, 52.84700990303508], [-63.59136119526205, 52.846877908109654], [-63.59095679328802, 52.846487608123255], [-63.590977091915775, 52.84634940667066], [-63.591019058849916, 52.846293646112066], [-63.59116451003459, 52.84610030437554], [-63.59109510091915, 52.84560201477193], [-63.591418882399324, 52.84531460895825], [-63.59140869209919, 52.84511479459869], [-63.59123949792395, 52.84472869957286], [-63.59105410397317, 52.844533798553925], [-63.5908208068124, 52.84435441635619], [-63.59070768978457, 52.844327901134015], [-63.59067621231741, 52.844286605475546], [-63.590255384488685, 52.84408739739631], [-63.58978879259707, 52.84359410858581], [-63.58932020214931, 52.84339379686751], [-63.584915279472575, 52.841404527286635], [-63.588487110790894, 52.83521213340056], [-63.59002834315953, 52.83253946992799], [-63.590449322670665, 52.83142109242415], [-63.59036458093217, 52.83042140454922], [-63.59423950712271, 52.82608030825074], [-63.59499190947837, 52.82609811660533], [-63.59511720276533, 52.82614918753865], [-63.59535039490753, 52.82632869077766], [-63.59534739862076, 52.8265241093649], [-63.59675823456492, 52.82681278046176], [-63.59754750147094, 52.82650718993756], [-63.59781608728101, 52.82624319180439], [-63.59850306837463, 52.825836839882776], [-63.59875149963548, 52.825689890306116], [-63.59932338008189, 52.82514220261397], [-63.59941380069095, 52.82454098948584], [-63.59974758284296, 52.824318909202546], [-63.59540591821429, 52.81571778954141], [-63.59204748404329, 52.80905122464653], [-63.5934443056249, 52.808124273518146], [-63.593807246195155, 52.807955185605486], [-63.59611244073723, 52.80772137584453], [-63.595926685821695, 52.806602306860256], [-63.595917476099025, 52.80624770374394], [-63.59584208506513, 52.80600599051262], [-63.59577087964849, 52.805592581270744], [-63.59735857781998, 52.80521371406714], [-63.59956226154847, 52.8040453281855], [-63.599890978118665, 52.804080461799494], [-63.60185294453951, 52.80429012943762], [-63.60292229519799, 52.80367287546292], [-63.60180866380379, 52.8017240360141], [-63.59651193299297, 52.795570724418155], [-63.595398966525785, 52.79427750124414], [-63.60295868772806, 52.7939427822398], [-63.605487659106046, 52.792259106865494], [-63.60594881231908, 52.791503770779364], [-63.60605071525779, 52.791020952544585], [-63.60669850612706, 52.790935794777944], [-63.608887604676234, 52.79110569751558], [-63.61025087596087, 52.79196725645965], [-63.61139965318534, 52.792407027270066], [-63.61224139383851, 52.79237286304841], [-63.6157451679594, 52.790736822901785], [-63.61595694781882, 52.79063792274692], [-63.61857983992866, 52.7798961602604], [-63.618571473435495, 52.77989077941696], [-63.61856109151729, 52.779770459314534], [-63.61856508890667, 52.779689084947556], [-63.618629571708865, 52.77960672629978], [-63.61867526733727, 52.77956477671218], [-63.61877791296619, 52.779525863705366], [-63.61887247502806, 52.77951535377088], [-63.619119008504484, 52.779487219102165], [-63.619131793037425, 52.7795016808088], [-63.61942459348249, 52.77948862243093], [-63.61944594071333, 52.77946456459662], [-63.619464575716, 52.77928976412224], [-63.61944625011832, 52.77925282001679], [-63.61940292538999, 52.77917666071755], [-63.61923098533357, 52.77905336976608], [-63.619219234022545, 52.779018581579955], [-63.61895673311199, 52.7788244844255], [-63.618878416673375, 52.77877821054263], [-63.61881831671283, 52.778701819458476], [-63.61873943099908, 52.77859857697373], [-63.61873582070099, 52.77853537338465], [-63.618703642816435, 52.77836982029588], [-63.61857517205699, 52.77804366256646], [-63.618647681182836, 52.77803600868676], [-63.618643171164734, 52.77789010473974], [-63.618584675915294, 52.77785035566557], [-63.6185778977762, 52.77764656115215], [-63.61840782493278, 52.77741538216995], [-63.6183390933019, 52.777243084005455], [-63.61830697420393, 52.77714477917163], [-63.617639887417305, 52.773557071585], [-63.61739548447167, 52.77224256379881], [-63.61739996175506, 52.77215101699123], [-63.61764737516954, 52.77196812482457], [-63.61764122769196, 52.77188860598571], [-63.61768183417521, 52.77181396680201], [-63.617681742412366, 52.77174676702429], [-63.61769892290557, 52.77166965954139], [-63.61758446031545, 52.771539324205705], [-63.61757678697683, 52.771423128358606], [-63.6175709900356, 52.771198965616804], [-63.61751703566483, 52.77113485864114], [-63.617468679177705, 52.771093279519064], [-63.617403087598554, 52.77106156106007], [-63.617235807842796, 52.771048370176096], [-63.617152922262235, 52.77102646637473], [-63.617003522491224, 52.77106040413051], [-63.61683985494704, 52.7710432141413], [-63.616755918851936, 52.77104171768886], [-63.61653729109973, 52.770913579794424], [-63.61594084439029, 52.77024095042566], [-63.61422197584, 52.76948876180333], [-63.61161719257099, 52.77000336742972], [-63.60932645094438, 52.76957947110104], [-63.60900918425517, 52.769475980192745], [-63.608943486172585, 52.769309810965666], [-63.608977498194655, 52.76923306615099], [-63.60876697550729, 52.76914371155372], [-63.60876540012321, 52.76903981181194], [-63.60871963004096, 52.76901455656525], [-63.608484170032085, 52.768818877316555], [-63.60829968496406, 52.76881550792686], [-63.60812227242969, 52.76880415536102], [-63.60804600900677, 52.7687844703991], [-63.607836028772184, 52.76868492765999], [-63.607723179055654, 52.76865842413059], [-63.60770792437198, 52.76862763268214], [-63.6075431969348, 52.768563566100624], [-63.607250845929165, 52.768431971545525], [-63.60710031878974, 52.76835181013165], [-63.60664383588971, 52.768280417622556], [-63.60606070184873, 52.768053969187406], [-63.605872151208466, 52.767997567454614], [-63.605757213061686, 52.76794456012756], [-63.60544706584485, 52.76776581795122], [-63.60333110161266, 52.76662352747432], [-63.59943592404214, 52.767039467973525], [-63.599121318178426, 52.76708670924405], [-63.59858868638622, 52.76712991897067], [-63.598306678845425, 52.767265279596934], [-63.59822530304408, 52.76728011965117], [-63.598136408372426, 52.76731312696564], [-63.59790466341867, 52.76731501382786], [-63.59777860743454, 52.767284221085625], [-63.59763374684953, 52.767293773946854], [-63.59756815776114, 52.76726200875999], [-63.59724846718535, 52.767209365201296], [-63.590639699857974, 52.765055373143355], [-63.58890871439986, 52.76457144584419], [-63.58847536212357, 52.76457252648651], [-63.58838375678343, 52.76474940136764], [-63.58817810373912, 52.76474431039867], [-63.58754482945703, 52.76431523394731], [-63.5874075760561, 52.764239383239804], [-63.58726626129255, 52.76411052762905], [-63.5871519036734, 52.763980127224826], [-63.58698417788196, 52.76384262983957], [-63.58694552130605, 52.76374211543847], [-63.586782889806415, 52.763637320679855], [-63.58656125504517, 52.7635029118516], [-63.58641590400146, 52.76338827238587], [-63.58544365776248, 52.762822570631215], [-63.58416751481773, 52.76242641712821], [-63.584018661449655, 52.76251742411372], [-63.58386619086217, 52.76261236999815], [-63.58362787956515, 52.76267927758175], [-63.58356737925877, 52.76268017231432], [-63.58352211378851, 52.762711919607774], [-63.58341489088656, 52.7627415185485], [-63.58318213423207, 52.76283091962975], [-63.58286046325819, 52.7629197151175], [-63.58203185989139, 52.76318602721945], [-63.580345360669895, 52.76219121660253], [-63.58013241174782, 52.76201826805075], [-63.57997897527947, 52.76193196075634], [-63.579595772386575, 52.761941212728665], [-63.57949668337459, 52.76190882110699], [-63.57932951343902, 52.76189555781769], [-63.57919637407167, 52.761872712776096], [-63.57912778011393, 52.76183481691211], [-63.578792365110004, 52.76176147426734], [-63.57848543173376, 52.7617232178426], [-63.57827961731067, 52.76167668078575], [-63.57780645906805, 52.76167201983993], [-63.57768807920182, 52.76162301329317], [-63.57755136519567, 52.76160417438232], [-63.57727746513832, 52.76144231994421], [-63.57656931079755, 52.761203198579665], [-63.57586122238546, 52.7609640603067], [-63.57577429929823, 52.760889166698185], [-63.57570627511733, 52.76084105922968], [-63.57566106407778, 52.76073840645665], [-63.575613821320054, 52.760676484255924], [-63.57559042520123, 52.76060682013244], [-63.57543391725624, 52.76044711983494], [-63.575251003447875, 52.76021155390678], [-63.57517934729909, 52.760167466579205], [-63.57507364113324, 52.760132924649646], [-63.57495176950345, 52.760020666516255], [-63.574848137185946, 52.759945463245025], [-63.574795305281654, 52.75986097672283], [-63.57464845751029, 52.75977682075809], [-63.57463829586948, 52.75971147272253], [-63.57455710965112, 52.759611813962394], [-63.574563192051386, 52.75948970434991], [-63.57439959879024, 52.7592707859697], [-63.5743965743765, 52.759197503507465], [-63.57401558557858, 52.75876280604653], [-63.57373219603154, 52.75825649120318], [-63.573773904020975, 52.75795999020223], [-63.57105889556256, 52.75732935064213], [-63.56962469804264, 52.75682422917293], [-63.56604554931192, 52.75429836391338], [-63.560551502971016, 52.74991521024805], [-63.55997741019357, 52.74985159389788], [-63.55993178806022, 52.749691891798975], [-63.55999799721194, 52.74944471001885], [-63.56009659702882, 52.749352796060656], [-63.55939521027787, 52.74849148392582], [-63.559196546655045, 52.74751338304099], [-63.55780680567534, 52.74584497076271], [-63.55800757852376, 52.74550145126602], [-63.55328101799886, 52.74041056875978], [-63.550962815335616, 52.73801808597401], [-63.5455469344983, 52.73500845778009], [-63.544248412845256, 52.734965781647254], [-63.54359294786832, 52.734362332536925], [-63.541509549515936, 52.73471949248409], [-63.539423489636064, 52.73432641661233], [-63.53849238864481, 52.73415095095425], [-63.52890923843251, 52.72878589711976], [-63.52858502819599, 52.727932480029914], [-63.528365181194374, 52.72735377426245], [-63.52937874041033, 52.725198899966216], [-63.526349961149435, 52.72537495352159], [-63.52457438709792, 52.725033560488214], [-63.52210129281394, 52.724056129648865], [-63.521104535240745, 52.72424747705554], [-63.51910790322867, 52.72362833280154], [-63.517114740698, 52.723423861304006], [-63.51466444362874, 52.72426113296198], [-63.51379524897466, 52.725531086715314], [-63.51206811214969, 52.725716657968974], [-63.511264593840316, 52.725246107142816], [-63.511093012813056, 52.725189896881396], [-63.51069730705173, 52.725060212060434], [-63.510323711168695, 52.72502041562105], [-63.5101027939681, 52.72475148968484], [-63.50857701449121, 52.724034090198145], [-63.508326377579834, 52.72395190591835], [-63.5076635964255, 52.72379670243507], [-63.50744041931196, 52.72370279627347], [-63.506502995684755, 52.72328170147756], [-63.5059743221326, 52.723128995193214], [-63.50547961225435, 52.72322550710367], [-63.504915100593145, 52.723247192679715], [-63.504734290331285, 52.72323968424518], [-63.50440608264003, 52.72335969721159], [-63.504171581029425, 52.723355197454985], [-63.503895375333826, 52.7233784012701], [-63.503097517475815, 52.72324100260015], [-63.502646705005695, 52.72326901341353], [-63.502434313921306, 52.7233544936101], [-63.501026906429615, 52.72429801219242], [-63.49954402569748, 52.72426477113961], [-63.498788580730775, 52.724233973253604], [-63.4983586568431, 52.72418091886131], [-63.49801834223675, 52.72427621777899], [-63.497747079391445, 52.72433206302881], [-63.49754496689389, 52.72434851224734], [-63.49731451380423, 52.72432986673894], [-63.497087779027765, 52.72424000155671], [-63.49632670826712, 52.723783473217715], [-63.495815278875945, 52.723429452160495], [-63.4957002741308, 52.723319323979474], [-63.49565954998474, 52.723135256629355], [-63.4956608879123, 52.722980553717285], [-63.495735167270965, 52.722906614634454], [-63.49579112525778, 52.722862871532115], [-63.495925256190006, 52.72282066553362], [-63.495804469741664, 52.72234995850704], [-63.495853284232616, 52.72231426003757], [-63.495802441837384, 52.7221320695962], [-63.495835030931595, 52.72208586605911], [-63.495660139907315, 52.72196642125534], [-63.49562070495819, 52.72188621844341], [-63.4955807806581, 52.72181622250918], [-63.495452628192794, 52.72170175668851], [-63.49510844949272, 52.7214854194319], [-63.49489592775769, 52.72137952034446], [-63.494609345501445, 52.72128030957273], [-63.49434857898079, 52.72119992279819], [-63.49423146767896, 52.72113045992976], [-63.49398354650983, 52.7209974148622], [-63.49389743942583, 52.72091227756503], [-63.493803273398974, 52.72078830425834], [-63.493463387790804, 52.72068197050846], [-63.49305203371677, 52.72053147378806], [-63.49274547622421, 52.720493017855134], [-63.492486693437996, 52.720439173913505], [-63.492354606131194, 52.72046311392189], [-63.492242764797815, 52.72055056012924], [-63.491886938609596, 52.72055795818364], [-63.49158644669072, 52.7205318110823], [-63.49146646921185, 52.72058039792887], [-63.491217716276665, 52.720591876127884], [-63.49060306832232, 52.720545352724976], [-63.490389032708954, 52.720470019308934], [-63.490079332746134, 52.72049250776223], [-63.48979722433035, 52.72043614848103], [-63.4896847479601, 52.720342366389644], [-63.489423561112645, 52.7202049620301], [-63.48893506007835, 52.72005501384293], [-63.48844893140544, 52.719988605050766], [-63.488174315476954, 52.7199813202439], [-63.48801107446496, 52.71989671846886], [-63.48779543344556, 52.7198518155997], [-63.48772664505444, 52.71975682334572], [-63.487628079904404, 52.719781355326155], [-63.48647671027748, 52.71970618842402], [-63.4853253451325, 52.719631008882786], [-63.48469247800075, 52.71935612727583], [-63.48449072323858, 52.719238159411326], [-63.48420703710424, 52.719212313701654], [-63.48385618912882, 52.71906097888868], [-63.4833800194308, 52.71905985004588], [-63.48318827020494, 52.719390176032306], [-63.48313283438668, 52.71942371644614], [-63.48314263108016, 52.719556267776575], [-63.4833761111611, 52.719772568207375], [-63.48337777524668, 52.71993346057773], [-63.48341393259402, 52.72007467860655], [-63.48360692629371, 52.72023112821521], [-63.483547566616096, 52.720403065502204], [-63.48347437004571, 52.720456615528974], [-63.48313062991637, 52.720488656180976], [-63.48289932199342, 52.720423075278156], [-63.48274854719382, 52.720420155426666], [-63.48265157517398, 52.72041421240961], [-63.481996329159244, 52.72037507033246], [-63.48134108447269, 52.720335924161006], [-63.48110492911678, 52.72036187883744], [-63.48041524198111, 52.72027521165433], [-63.47980826834925, 52.720401958989825], [-63.47946295346905, 52.72027305925118], [-63.47921469443238, 52.72027436032702], [-63.479081186785706, 52.720261575213144], [-63.47887819088039, 52.72023116593243], [-63.4787792749709, 52.72019870648684], [-63.47847582165478, 52.720166353083876], [-63.47836890122638, 52.720095067421035], [-63.478204289525735, 52.71997377666712], [-63.478216236452425, 52.71987420629277], [-63.4775513207051, 52.71982665843598], [-63.477335330299375, 52.719724716298195], [-63.47668848916263, 52.7195900098836], [-63.47577252851895, 52.71947042144144], [-63.47555171899885, 52.719460025975444], [-63.47536885216739, 52.719493120361335], [-63.47511457577303, 52.71948205165363], [-63.474817171778575, 52.71946202433626], [-63.47450157515806, 52.71959640787104], [-63.47428987384784, 52.71960451422649], [-63.47401686478287, 52.71956660586635], [-63.47338562307886, 52.71964391183111], [-63.47333998165534, 52.71961862457241], [-63.47275960952915, 52.719495306797164], [-63.472634519609294, 52.71957840334141], [-63.47189026399129, 52.71976352843156], [-63.471732555335485, 52.719892819752104], [-63.471616884185984, 52.72005142650244], [-63.47151008122219, 52.720295763541756], [-63.47126184964505, 52.72034935594612], [-63.470740022596644, 52.72046202703874], [-63.47027022851018, 52.72053025153697], [-63.47018947562186, 52.72053480598439], [-63.469890068430786, 52.72048820567288], [-63.46958438989158, 52.72018092042315], [-63.46944558664839, 52.72007841197797], [-63.469070681675326, 52.72000187681364], [-63.46885308533476, 52.71993041070068], [-63.46875166671833, 52.7198816130401], [-63.468534477719096, 52.719867151850295], [-63.46824387520368, 52.7197821035271], [-63.46798243086609, 52.71977902546924], [-63.464844763357696, 52.719496333177815], [-63.46391437535446, 52.71894886457905], [-63.46368060452685, 52.71881132220472], [-63.463525051893704, 52.71870851520353], [-63.463357249604705, 52.718648223020104], [-63.46283633456232, 52.71835291446016], [-63.46249882938884, 52.7183300115484], [-63.46196247545579, 52.71826252466156], [-63.46129331013794, 52.71821737278472], [-63.461135134117015, 52.71816541076528], [-63.46091208026501, 52.71815037823774], [-63.46028452339766, 52.71803216910244], [-63.45988085298806, 52.71805480824279], [-63.45967101181079, 52.717965155421524], [-63.459523478995635, 52.717901204437794], [-63.459324988804255, 52.71791361063902], [-63.45923654716112, 52.717620708267944], [-63.4591434303279, 52.71754351486154], [-63.45896737475978, 52.717511579142965], [-63.45856970933223, 52.71742231946928], [-63.4581612912408, 52.71734506914875], [-63.45801877768644, 52.71731377397817], [-63.45793219994296, 52.71723876866815], [-63.457822668981265, 52.71721827607896], [-63.45758522447583, 52.71701611919726], [-63.45726406476028, 52.716812278915974], [-63.45654934257396, 52.71618941588041], [-63.456465750023455, 52.715996359407306], [-63.45632786759297, 52.71594071485645], [-63.45597882078587, 52.715882967568916], [-63.4554914625846, 52.71558830331005], [-63.4554332297334, 52.715548470443004], [-63.455355968745124, 52.715424756921195], [-63.4551958466214, 52.71534632034177], [-63.45512662456271, 52.71526142157335], [-63.4550455704088, 52.715208923738594], [-63.454970759984576, 52.71510155115478], [-63.45489103426957, 52.71496151980416], [-63.45472266576857, 52.71491142190104], [-63.454526038512654, 52.71482611372779], [-63.45422561490208, 52.71479980174413], [-63.454096837742284, 52.71476266043804], [-63.45394547111544, 52.71464567640967], [-63.45383851277977, 52.714450056067086], [-63.45377313343637, 52.71441826395891], [-63.45351280650263, 52.71439481752505], [-63.45341491137065, 52.714217749823675], [-63.4532789305368, 52.71406440783674], [-63.4531356491278, 52.71379486705897], [-63.45302621252343, 52.71358295219339], [-63.45288769206934, 52.713413269889344], [-63.452596661508004, 52.71302265866359], [-63.45235630018621, 52.712814264872016], [-63.4523487533504, 52.71264107229368], [-63.45223817382648, 52.71232533044118], [-63.451900781739035, 52.71198671314531], [-63.45184117153037, 52.711910170826506], [-63.45170491226661, 52.71182401701014], [-63.45153549916597, 52.711794223114374], [-63.451367147202646, 52.71174406212693], [-63.45110882240997, 52.711747110392515], [-63.4510017590095, 52.71174301017294], [-63.45066710783972, 52.71179346183328], [-63.45050467562059, 52.711947077131306], [-63.45035696143933, 52.71195026788857], [-63.450268607976845, 52.71197294944942], [-63.45013459859854, 52.71197032288536], [-63.4496447322495, 52.71185072228185], [-63.44899287152759, 52.711750309005], [-63.44875922811501, 52.71166831327767], [-63.44857469255575, 52.711607670441786], [-63.4479815605439, 52.71141270986967], [-63.44773531508825, 52.71128295234168], [-63.44766847202297, 52.71124772874809], [-63.447636057112646, 52.711226704295534], [-63.447375045699204, 52.71096501668253], [-63.447136668230094, 52.710783159540924], [-63.44704105292503, 52.71068967492328], [-63.446769968281394, 52.71042981084517], [-63.44414596130545, 52.709380932358776], [-63.44456602626335, 52.70816934276598], [-63.444896467342126, 52.70721612834551], [-63.444630821804424, 52.70685450956065], [-63.444734231080936, 52.70661425827575], [-63.44459335519533, 52.7065524078474], [-63.44458252408366, 52.70631596330876], [-63.444436914834576, 52.7061542559372], [-63.444419542473796, 52.70603990704206], [-63.444386545936474, 52.70590486191717], [-63.44435277824721, 52.70584716413098], [-63.444476486752535, 52.705727420760184], [-63.4445000894468, 52.70566271679548], [-63.44421289884933, 52.70551655201895], [-63.44412639445435, 52.705441572514616], [-63.443728615040634, 52.704855402121275], [-63.443637023037624, 52.70449927799549], [-63.44363885896738, 52.70440150654439], [-63.443502264167826, 52.70400987658547], [-63.443534856931656, 52.703839477540654], [-63.44334210740037, 52.70368296145561], [-63.44317130138238, 52.70361645982876], [-63.44302078550713, 52.703422116965854], [-63.443003455567435, 52.70330772182403], [-63.442964961691686, 52.703150168017785], [-63.44284324721723, 52.702980760658484], [-63.4421548652205, 52.70237662476123], [-63.44155594443222, 52.70172945700619], [-63.44154685715995, 52.701586748457345], [-63.44110971388764, 52.701236026862865], [-63.44081919983092, 52.70102667132877], [-63.44076885936429, 52.70077722107885], [-63.44046517708204, 52.70043930736753], [-63.440389950449564, 52.70034211143522], [-63.44001050118655, 52.70004139724716], [-63.43948094829401, 52.699727516503394], [-63.439263559472096, 52.69965600431061], [-63.4391770391983, 52.699581010733354], [-63.4389694733422, 52.69932646945913], [-63.438810726281275, 52.69903616562171], [-63.43874781486794, 52.698896412244046], [-63.438575943024695, 52.69872605760236], [-63.43838160869866, 52.698600060594124], [-63.43825807779566, 52.69852836165727], [-63.43788281655184, 52.698337656115136], [-63.43695590945392, 52.69793446407254], [-63.43616699323169, 52.69739550058562], [-63.43581836842942, 52.69714626850738], [-63.43561665550992, 52.69709545753125], [-63.43506632633438, 52.696795411841244], [-63.43493426840546, 52.69669506617611], [-63.43475938169357, 52.69651851431237], [-63.434613382178625, 52.69636695675215], [-63.43431995109391, 52.696275616764645], [-63.43411135703554, 52.69616555258196], [-63.433669457503484, 52.695906300611504], [-63.43310412231982, 52.695699657880965], [-63.43271271718565, 52.695498421343814], [-63.4319332626421, 52.69528341944372], [-63.43169916622705, 52.69508736175083], [-63.431323444530236, 52.694906805669994], [-63.43063373371433, 52.69445736767138], [-63.430370260872884, 52.694370670417996], [-63.43024787006133, 52.69427866668963], [-63.430185854619694, 52.69418576397211], [-63.42995779596385, 52.69412625200366], [-63.42974260143197, 52.69401404818555], [-63.429649016634784, 52.69394701703499], [-63.42939049963504, 52.693893021337544], [-63.42869595904782, 52.69390770924753], [-63.428485731927665, 52.69399383634812], [-63.42827854197744, 52.69363060407015], [-63.42792837018666, 52.693287663270446], [-63.42765334602835, 52.69304191347301], [-63.42732294792552, 52.692953904211976], [-63.42662430242709, 52.69285856479492], [-63.42661389971562, 52.69280336261486], [-63.42649133150104, 52.69224807288105], [-63.42616600913784, 52.69215911371134], [-63.42612178474799, 52.69204626930848], [-63.425878645367035, 52.691955903117545], [-63.42570769281226, 52.691832349666264], [-63.42550876960469, 52.69160645431624], [-63.4252672378605, 52.69148560861506], [-63.42467374187315, 52.691367905910674], [-63.424461938136005, 52.69131885073581], [-63.42408355188001, 52.69131337071521], [-63.42359068581791, 52.69125465948939], [-63.42332506184649, 52.69120866473613], [-63.422940108710286, 52.69120097823154], [-63.422554060150645, 52.691213620949775], [-63.42223325623365, 52.69113392139254], [-63.42174646106278, 52.69096336525595], [-63.421655395893964, 52.6907884699878], [-63.420841051764704, 52.69035477040396], [-63.41999321002294, 52.68992041072807], [-63.41926364099531, 52.68959226770638], [-63.4183423302985, 52.689030162793806], [-63.417709949046625, 52.688640804622054], [-63.417551914104095, 52.68858876994745], [-63.41671483172217, 52.688142415890105], [-63.41615596321341, 52.688129222977906], [-63.4158879257925, 52.687942614535956], [-63.415739254395234, 52.68771765842052], [-63.415179340028516, 52.687352166501995], [-63.41511458723642, 52.68731015849319], [-63.41497170737951, 52.687288954794326], [-63.41450914469307, 52.687043467533925], [-63.41392811458625, 52.68675896839686], [-63.41348695996198, 52.68673790604886], [-63.41334510780281, 52.68669640552514], [-63.4131385590356, 52.68648862950484], [-63.413100165061365, 52.68633106106041], [-63.41268265836219, 52.686121106357696], [-63.41230882146042, 52.68578581262847], [-63.41212171362746, 52.68577590652556], [-63.41197087207567, 52.685591664994085], [-63.411838057838544, 52.68556865942973], [-63.41172585206994, 52.6854747683523], [-63.411508918660026, 52.68533600619813], [-63.41138434169684, 52.685284655347566], [-63.41052466411297, 52.684949765827874], [-63.41056945787258, 52.68467982250306], [-63.410291645887355, 52.684427863128825], [-63.40996796419294, 52.68434195750301], [-63.4095416969598, 52.68404630044379], [-63.409363967122836, 52.68386355470997], [-63.40908691466468, 52.68378267584816], [-63.40842089961184, 52.683584010495395], [-63.40823313284519, 52.68327886573676], [-63.40677666268621, 52.68313561355257], [-63.40633365990584, 52.683088009915394], [-63.405861327714476, 52.682777161051185], [-63.39853726941606, 52.6819135584482], [-63.39787093317975, 52.68080193091483], [-63.39761513027315, 52.68063992335971], [-63.39548335741934, 52.67943011475878], [-63.39261747916399, 52.6777832639829], [-63.39222568828345, 52.67755812096213], [-63.39231162582453, 52.677420568020196], [-63.39255239767152, 52.67703530193178], [-63.392609498328596, 52.676971313671885], [-63.39277554431805, 52.67681381484665], [-63.39300027345685, 52.676686019876975], [-63.393033540190565, 52.676629671820656], [-63.393046030423974, 52.67646295352505], [-63.39305873928871, 52.67635326966273], [-63.392941807802686, 52.676102452641416], [-63.39281300008566, 52.67600820580991], [-63.39264745852838, 52.67585010334578], [-63.39238641972016, 52.67572265628361], [-63.39205490300485, 52.67559785870583], [-63.3919350807843, 52.67552209772551], [-63.39156118636282, 52.67525390988106], [-63.390857116340214, 52.674897566424214], [-63.39073649927211, 52.674899224907996], [-63.390556549853564, 52.67488131455371], [-63.39031456616705, 52.67489471001183], [-63.390252394168286, 52.67486900448405], [-63.39014175919106, 52.67484709506357], [-63.38997734645875, 52.674814564711184], [-63.389877580919865, 52.67467816328917], [-63.389591473703405, 52.67439745302889], [-63.389478904713854, 52.67406089788222], [-63.38945914033773, 52.67400182023688], [-63.389296401754045, 52.67379286111513], [-63.3890002302879, 52.67338981330068], [-63.38970292070103, 52.67157143356168], [-63.389400542875414, 52.67109901609941], [-63.38937868747389, 52.671009010673686], [-63.38923911881613, 52.670745573065226], [-63.38897877441261, 52.670483712181166], [-63.38886726207727, 52.67037961831027], [-63.38752797148598, 52.66963777778138], [-63.386188732283856, 52.668895921685646], [-63.38596457966137, 52.66870804654074], [-63.38570472540344, 52.66856025648185], [-63.385088377952165, 52.668134393836716], [-63.385297499253916, 52.66782376611996], [-63.38515078067977, 52.667730499480975], [-63.3844484706662, 52.667467810678566], [-63.38380163580206, 52.667171611141626], [-63.383651090613775, 52.66707148275245], [-63.38352373314824, 52.6669868084302], [-63.38290527589242, 52.66678286086642], [-63.3825918813034, 52.66651381081642], [-63.382236914794575, 52.666148210375184], [-63.382191193494386, 52.66606585459255], [-63.38172554339439, 52.66582424908602], [-63.381661438937876, 52.6657720061065], [-63.381494351445895, 52.665644424040615], [-63.38118289563145, 52.665583114233264], [-63.38113386592689, 52.66556175550479], [-63.38088527732351, 52.665391761168], [-63.3806861357281, 52.66517594524684], [-63.380744791173335, 52.664719024809884], [-63.38064775084037, 52.66447469978208], [-63.38061900105012, 52.66444971519654], [-63.38060177437244, 52.66415410224264], [-63.38055242950544, 52.663894514227465], [-63.380551452852444, 52.66379066635097], [-63.380377181736755, 52.663671049207316], [-63.38027454427203, 52.66352844903881], [-63.380276200522594, 52.66349795053798], [-63.38025192228188, 52.66290496562979], [-63.38029128216509, 52.66222429611645], [-63.38256848236639, 52.66103402302855], [-63.38318902374772, 52.66071065277944], [-63.38325457146839, 52.66067536393517], [-63.383794662640675, 52.660420603179894], [-63.383945630858975, 52.660349368001256], [-63.3846982849792, 52.660059245420186], [-63.384760532019136, 52.65977950095967], [-63.38483603641337, 52.65968536025369], [-63.38489143323033, 52.65965186636031], [-63.38518369129051, 52.6593910693878], [-63.385452964848014, 52.659117444747075], [-63.385456784607214, 52.65911356997375], [-63.3854817977055, 52.65908556770018], [-63.38557231502511, 52.65902226403558], [-63.38556944702601, 52.65889190775101], [-63.38561748059522, 52.65880941764585], [-63.38599826028372, 52.65858295662661], [-63.38603068163351, 52.65847981112111], [-63.38604229064563, 52.658390462102794], [-63.386117558504225, 52.65793386320484], [-63.38651393902332, 52.65772811422957], [-63.38680173799078, 52.657548662059604], [-63.38683632919529, 52.65722354957904], [-63.38684102922198, 52.65719922081363], [-63.387297488953415, 52.656935645855896], [-63.3878921279099, 52.65689885329146], [-63.38829249802586, 52.65680316001066], [-63.38875195867877, 52.65685115073126], [-63.38891615299589, 52.65684836256227], [-63.3890789495723, 52.65693311464218], [-63.38918833040777, 52.65695366337723], [-63.38927105351066, 52.65703271309094], [-63.389453336588204, 52.65706696465574], [-63.389702387428336, 52.6572267188407], [-63.390381527007825, 52.65741964534309], [-63.39055974722557, 52.65746805323642], [-63.390889487546815, 52.65749920859055], [-63.39113704443598, 52.65756529469145], [-63.3913220229217, 52.65767290207858], [-63.391691746324554, 52.65783104993348], [-63.392319876630054, 52.65810029898468], [-63.39301057580232, 52.65832804499649], [-63.393084848708725, 52.658378459800694], [-63.39315517863441, 52.658500007159525], [-63.39332100326643, 52.65859091091167], [-63.39335736725955, 52.65872195308483], [-63.39364813989615, 52.65885406712055], [-63.393850094883106, 52.65901900422653], [-63.39385217985788, 52.65910256896858], [-63.39382151823646, 52.65916789090787], [-63.393814309084796, 52.65918320804698], [-63.3939463321478, 52.65934059166282], [-63.39398602804581, 52.65941064843221], [-63.394146054747026, 52.6595462669906], [-63.394298688368515, 52.65963279712272], [-63.394509448729096, 52.65975925683367], [-63.39471436719747, 52.65993036274279], [-63.395100297786875, 52.660099018448044], [-63.3957067941391, 52.66045946570112], [-63.395820994731785, 52.660636850718376], [-63.396123841440094, 52.66079364807396], [-63.39626303291662, 52.66094305124631], [-63.39651603555887, 52.66103164647986], [-63.39767014779844, 52.66136034986866], [-63.397972228707665, 52.661470303666334], [-63.39892125395519, 52.66144670905537], [-63.39922282808245, 52.66144266574925], [-63.39966044495841, 52.66140059704111], [-63.39990609136886, 52.66135545167892], [-63.400688748804335, 52.66121160920244], [-63.401256448948196, 52.66099501692378], [-63.40170923606101, 52.66085956390005], [-63.40251353316319, 52.6606639974435], [-63.40284318293195, 52.660513861399245], [-63.402939187430235, 52.660473004210104], [-63.40322860716605, 52.66026301811398], [-63.403505611929276, 52.660095556610685], [-63.40373067569244, 52.66008174992397], [-63.404091521054085, 52.65997296251939], [-63.404413195402, 52.659908148663426], [-63.4048829017899, 52.65983006138807], [-63.40539210493191, 52.6597649694726], [-63.40575948217406, 52.65978250784343], [-63.40614114223201, 52.65978405242516], [-63.406334132251985, 52.659806306954685], [-63.406750034690894, 52.659855393054734], [-63.40766240480428, 52.6600732534973], [-63.408289081324675, 52.6602487552265], [-63.40872885637147, 52.66041436433974], [-63.409133879979144, 52.66049761320009], [-63.40935475053046, 52.66054302153207], [-63.410008646861726, 52.66052560290226], [-63.41033110979614, 52.66050760904939], [-63.41069578818906, 52.66045180568416], [-63.41141200042992, 52.66033587093545], [-63.412091987534986, 52.66014591553502], [-63.412544726751165, 52.6600104159429], [-63.41299831445781, 52.65979755411291], [-63.41331915286109, 52.659561711917064], [-63.41338690712738, 52.659485700030224], [-63.413544301350285, 52.659423696984895], [-63.41360845236462, 52.65935170985009], [-63.413686900807846, 52.659263705741], [-63.41385643923957, 52.65897795835307], [-63.41397689751207, 52.65867085676434], [-63.41399583367357, 52.65850631259253], [-63.414134899448435, 52.65835025225307], [-63.414212220723385, 52.658158414326266], [-63.414221598609394, 52.657985545074666], [-63.41415939310832, 52.657835658110336], [-63.41417317200713, 52.657705602051514], [-63.414094510695755, 52.65761240054315], [-63.41376069871583, 52.6572229557585], [-63.41339339007977, 52.656957004588726], [-63.413344880347005, 52.656801306317135], [-63.41320161588804, 52.65654191279322], [-63.413201646542326, 52.65629349568151], [-63.41336926014127, 52.65598126577381], [-63.41348994164097, 52.655731163633845], [-63.41396538658348, 52.6553599617411], [-63.414034480804446, 52.655320652765596], [-63.41413788988762, 52.65520460585153], [-63.41433308960374, 52.655061956881944], [-63.41453353730503, 52.65488476102843], [-63.414933925460275, 52.65441630696556], [-63.41507678877636, 52.65431329994181], [-63.415553588029915, 52.65397874771134], [-63.41583924190524, 52.65389689376444], [-63.41593794353016, 52.65380525694968], [-63.41615265343188, 52.653612065075485], [-63.41621244279046, 52.653497194777955], [-63.416236110600494, 52.65318410320503], [-63.416236154732246, 52.65305990706872], [-63.41621117345859, 52.65296370886077], [-63.416128544052405, 52.652818075607335], [-63.4160522392687, 52.65268360228545], [-63.415846135096466, 52.65240865165827], [-63.41581929536181, 52.652285955926466], [-63.41580208881782, 52.652171607720355], [-63.41582512002047, 52.65211710210438], [-63.41603294430994, 52.651988897676894], [-63.41613471257428, 52.651903406076904], [-63.41621750563288, 52.65185826106407], [-63.41625011205041, 52.65181211504247], [-63.41638467833693, 52.65173740343966], [-63.41671831070883, 52.651573056329944], [-63.416876783325264, 52.651490697966665], [-63.41707966802043, 52.65132984930565], [-63.41730146356955, 52.651252814305806], [-63.417539140674066, 52.651129310631966], [-63.41782179321713, 52.65091709952753], [-63.4180268447063, 52.65083976468495], [-63.4181206171986, 52.650839609311966], [-63.418193498326325, 52.65072910895221], [-63.41831493671364, 52.65065004839324], [-63.41943159581256, 52.64977426913917], [-63.42025567020797, 52.65066850394885], [-63.420330182589275, 52.650775859032734], [-63.420940321667054, 52.65117355131517], [-63.421058184686856, 52.65130554678594], [-63.42123469607745, 52.65138440059597], [-63.42155925199847, 52.6515741183242], [-63.421675214732446, 52.65159681153829], [-63.422631032410536, 52.65156496555166], [-63.423449299270295, 52.65160165133563], [-63.4236847895085, 52.65164299707966], [-63.42389701670939, 52.65168185405453], [-63.42406748318535, 52.65174835474566], [-63.42429907283695, 52.6518609131057], [-63.42461107088496, 52.651911910126096], [-63.42489669406827, 52.651954262317545], [-63.42505537805546, 52.651928910520766], [-63.42530838417315, 52.65189326154444], [-63.42564418412951, 52.65168820570695], [-63.425886510474946, 52.65154029466661], [-63.42634233947086, 52.651343742397174], [-63.4265072683648, 52.65129146067551], [-63.42666250894387, 52.65124226492599], [-63.42675518043121, 52.65113820002435], [-63.426832451566376, 52.65107050523426], [-63.42681793255386, 52.6510295046979], [-63.426936338751666, 52.65069591009894], [-63.42683442731453, 52.65064072731514], [-63.42680620852261, 52.65062546180881], [-63.42687267098699, 52.65056467916345], [-63.427204100321205, 52.65026146046834], [-63.42781424937152, 52.649872505159976], [-63.4279987021941, 52.64974180262291], [-63.428282391634774, 52.64963340725501], [-63.428502195904436, 52.649405657823216], [-63.428670763195576, 52.64919731072874], [-63.42879221390993, 52.649118249594174], [-63.42888809070866, 52.648953210902285], [-63.42907446872004, 52.648600660709114], [-63.42912834556889, 52.64803368969961], [-63.42912010288782, 52.64756524455163], [-63.42922510151016, 52.6474186986877], [-63.429165312048156, 52.6470367522489], [-63.42921429267259, 52.64680971166251], [-63.429298640706605, 52.64648560214029], [-63.42956042475009, 52.64628720141502], [-63.429747268894594, 52.646048607284094], [-63.430319196999726, 52.645683355529776], [-63.430449129849585, 52.64560385869181], [-63.43050609384518, 52.645568999810926], [-63.431175141191936, 52.64551511418411], [-63.43143745773204, 52.645430709595445], [-63.431571198417224, 52.64543340647071], [-63.432024480127424, 52.64534471128848], [-63.432121550826295, 52.645407705644544], [-63.43258011821362, 52.64553285957583], [-63.43315315797591, 52.64539560459391], [-63.43717712841601, 52.64538585372992], [-63.437462110586424, 52.64531410119206], [-63.43762027374396, 52.64529891173313], [-63.43794334842019, 52.64532770526132], [-63.43845511195861, 52.64546000371827], [-63.438685354262354, 52.645535861804326], [-63.43881060224739, 52.645509863842875], [-63.439173812604, 52.64554144376106], [-63.439572902146764, 52.64559005548478], [-63.43975734628096, 52.64558356193242], [-63.44021454888918, 52.64567200482681], [-63.440494378053366, 52.645634755253006], [-63.440878301223805, 52.64565255812832], [-63.44127520667666, 52.645741843181675], [-63.44150925054818, 52.64574651738287], [-63.441611196073126, 52.64571796239335], [-63.441792041143195, 52.64559125055161], [-63.442177664535315, 52.64545430946242], [-63.44225077391404, 52.64527655952254], [-63.44259436175975, 52.64511029687651], [-63.44278559360335, 52.645038741885756], [-63.4430648948442, 52.64501171333134], [-63.44387190087027, 52.644754795245106], [-63.44416290522728, 52.644695395040344], [-63.44484811730595, 52.64465196751734], [-63.44515939960786, 52.6445889031901], [-63.44531781381902, 52.64463071992841], [-63.44585500416619, 52.644600568974525], [-63.44710787316404, 52.6447698498282], [-63.44736250904004, 52.64482785473054], [-63.44759522299113, 52.64491994948151], [-63.447764340253165, 52.644949744049896], [-63.448664169273734, 52.6449613674727], [-63.448858188606444, 52.644963156251016], [-63.44915032418591, 52.64488340170083], [-63.44965255561384, 52.64469173922008], [-63.45002660965858, 52.64464415769412], [-63.450178146358084, 52.64462676110304], [-63.450482660769616, 52.64462871399427], [-63.45056819922757, 52.64465683933607], [-63.450880459102805, 52.64476480943428], [-63.45093922543219, 52.64491864800677], [-63.4510151091912, 52.644938510508844], [-63.451181748010114, 52.64495195040035], [-63.45140514577026, 52.64496855096425], [-63.451706837990436, 52.64489711083848], [-63.451940052517024, 52.64485490235224], [-63.452123859731536, 52.64473429420965], [-63.452274571565376, 52.64467009340521], [-63.45245852611483, 52.64467370030425], [-63.45273060199941, 52.64465460521811], [-63.452982141579334, 52.644897762121055], [-63.45349091042078, 52.64502379623658], [-63.453562715838025, 52.645057805824294], [-63.45413342385549, 52.645152495939755], [-63.45455946729126, 52.645323757247745], [-63.454703099710066, 52.64539175151815], [-63.45481947114053, 52.645595606708376], [-63.4552657195807, 52.6456389504249], [-63.455442313366454, 52.64571775644223], [-63.455888235889184, 52.64570414990124], [-63.45623781034612, 52.64586575108002], [-63.456475707026165, 52.64592334891652], [-63.45735069661323, 52.64608710940087], [-63.45795921051462, 52.64610110766278], [-63.45835777239534, 52.646159806348194], [-63.45914959773826, 52.64618755346926], [-63.45946044553079, 52.64625880976639], [-63.460262129343654, 52.64654331395446], [-63.460436550060166, 52.64666275738295], [-63.46060625972894, 52.64668234927492], [-63.46079076091887, 52.64667574825036], [-63.46176811801459, 52.646676616143196], [-63.462038509402944, 52.646563801213276], [-63.462383578801045, 52.646558355331564], [-63.4629964800738, 52.646615169600324], [-63.46341274567923, 52.64669304046843], [-63.46368921254143, 52.646744754998956], [-63.4640969673819, 52.646946150843945], [-63.46425902795094, 52.646983947386566], [-63.46464551941553, 52.64701799978118], [-63.46514534583004, 52.64702982013212], [-63.46584773387014, 52.64697631852842], [-63.46634757857305, 52.646988109679675], [-63.46666513096369, 52.64701568632491], [-63.466710769873416, 52.64701966444126], [-63.46694876635511, 52.647077261097316], [-63.467125925136465, 52.64714585437515], [-63.46739357869721, 52.64727524566994], [-63.46751233337991, 52.64737125484678], [-63.46758966649049, 52.64742775943678], [-63.46777380392289, 52.64765880632171], [-63.467809922589865, 52.64770414619026], [-63.46815877858187, 52.64760560277858], [-63.46827697611857, 52.64774610131599], [-63.46869308189564, 52.647852004606385], [-63.46979839439009, 52.6479672126896], [-63.47117230426111, 52.6480672915816], [-63.473402079160365, 52.64831430656888], [-63.4744925133614, 52.64833150000088], [-63.47479381317023, 52.648203009942264], [-63.4748024037689, 52.648040310217006], [-63.47469250019619, 52.647838593115], [-63.47414391706846, 52.64757550819352], [-63.47412618204982, 52.64740410707817], [-63.47416179644823, 52.647364086721005], [-63.474449611257995, 52.647365598873435], [-63.47483021164576, 52.6475114970921], [-63.476167399443575, 52.64767179012947], [-63.47610838973329, 52.647776603365934], [-63.475605279462386, 52.647921501365225], [-63.475250981435416, 52.648167105938], [-63.47526552179379, 52.648399493306755], [-63.475626902399675, 52.6485286929841], [-63.475808404123015, 52.64851588665898], [-63.47615711457179, 52.648123604047264], [-63.47653670974985, 52.64790709561418], [-63.47695540636272, 52.647837792569945], [-63.47766260766789, 52.64788410825194], [-63.4779055926001, 52.647974400885325], [-63.477968886276294, 52.64817110518798], [-63.47853380498543, 52.64837748874589], [-63.47816808788222, 52.64871239085332], [-63.47766611570013, 52.648836992855564], [-63.47737828981798, 52.64883548954919], [-63.47704530305201, 52.64867429349577], [-63.47659779970219, 52.64852721125195], [-63.47621679883082, 52.64851570690145], [-63.47611401038648, 52.648688806837235], [-63.476242377594886, 52.64879310243534], [-63.47713027992476, 52.64909540278633], [-63.47703641616289, 52.64935420416414], [-63.477249824596036, 52.649496796185616], [-63.47766709290767, 52.649582207023236], [-63.47869881697234, 52.64956969119457], [-63.479338082221346, 52.64963509959263], [-63.48026380189444, 52.64985658896582], [-63.4809704251099, 52.65017169318925], [-63.48228710794832, 52.65047000093493], [-63.48303708707068, 52.650468296690484], [-63.48400829229051, 52.65033230039556], [-63.48524461340571, 52.64999390015834], [-63.48693689108073, 52.649639790935865], [-63.489040075864935, 52.64911040135536], [-63.48941249499244, 52.64890180643613], [-63.48974998260276, 52.64846440208315], [-63.4900270969693, 52.64828659316297], [-63.490491620781775, 52.6481081932426], [-63.491046203645006, 52.64800080868034], [-63.492772015719105, 52.64803010639624], [-63.493455326136385, 52.64789259627252], [-63.49387691586234, 52.64789659094644], [-63.49439949767013, 52.648016710484825], [-63.49481967469951, 52.6481754067966], [-63.49544497549835, 52.64863940243002], [-63.49612878902457, 52.64875028597648], [-63.49860017519844, 52.64885900187069], [-63.49888169826727, 52.64898251334446], [-63.49936040053326, 52.649305186651205], [-63.50000000546438, 52.649504803938434], [-63.50034489726248, 52.64955621045457], [-63.500843108066746, 52.64976130906368], [-63.5013876163332, 52.650105607469236], [-63.50230287797302, 52.650530402890965], [-63.50328849372671, 52.65076098917149], [-63.50445081216232, 52.65081180040513], [-63.505027793383256, 52.650659986178944], [-63.505588714079856, 52.65043050210637], [-63.50594391091125, 52.6501644987538], [-63.506156209151506, 52.64994459385331], [-63.506620422093356, 52.64990060274159], [-63.506827409152, 52.6497824124557], [-63.507252095085576, 52.64972540166734], [-63.5078722960094, 52.64977389746813], [-63.50855529360128, 52.64977069990049], [-63.50911699671222, 52.649655209876926], [-63.510164680187614, 52.64920290795203], [-63.51131938640275, 52.6490132034354], [-63.51188310983899, 52.64885711101949], [-63.51210320378029, 52.6487431874353], [-63.51194570773387, 52.64842260682466], [-63.51197860400232, 52.648174797084444], [-63.512408795359846, 52.64788168570491], [-63.51258571020049, 52.64756749653765], [-63.51218070622048, 52.64737240902312], [-63.51222181291036, 52.647096296322204], [-63.5125342928535, 52.64687839624215], [-63.512715697443674, 52.646865503504756], [-63.513390114874205, 52.6471594089418], [-63.51375792475799, 52.64716639727039], [-63.51398410236627, 52.64706478986361], [-63.51398538283352, 52.646910096912066], [-63.51391770614868, 52.64679481268643], [-63.51394111818644, 52.64673009281202], [-63.5145006137793, 52.64665530322151], [-63.514876397051836, 52.646768289541626], [-63.515456088897764, 52.646689797443265], [-63.51554041598722, 52.64661399280646], [-63.515517885272004, 52.646141305010616], [-63.51561741315191, 52.6460292004011], [-63.51595279688582, 52.646015204956655], [-63.516122911595026, 52.64609170108663], [-63.516297188725346, 52.64608690452469], [-63.51653762365366, 52.64596929623524], [-63.51672400533831, 52.645989196903095], [-63.51687390598382, 52.64606941300074], [-63.516920010399936, 52.64634311002168], [-63.516984806789935, 52.646385108208314], [-63.51731418892814, 52.64635878796938], [-63.51763251082888, 52.64628749799255], [-63.518699603880606, 52.646234495549955], [-63.51903929684377, 52.646139184360905], [-63.51936989410513, 52.64595809573567], [-63.519564501105165, 52.64594960564565], [-63.51986628682516, 52.6460693959766], [-63.5204916188412, 52.64601610206678], [-63.52067201428714, 52.646023593907096], [-63.521332399275266, 52.646199103471794], [-63.52189270483912, 52.64623819281392], [-63.523177209365876, 52.64651511223636], [-63.524542001133995, 52.64666319239403], [-63.52474740474277, 52.64683400213598], [-63.52382618040898, 52.646914202731026], [-63.52263278116063, 52.64668799867398], [-63.52219911122648, 52.64665939914332], [-63.52073549280776, 52.6468717845786], [-63.52063389373658, 52.647024610596475], [-63.52073190453182, 52.647201488551765], [-63.521081111229115, 52.64744031350982], [-63.522041895606336, 52.64737300830557], [-63.522294411753954, 52.647280107202405], [-63.5225882907451, 52.64729379475388], [-63.52275628555375, 52.647411008978956], [-63.52288859289423, 52.64770270470903], [-63.52314458909861, 52.64793149719581], [-63.52337979113711, 52.647915599861086], [-63.52326079403586, 52.647493897325205], [-63.523470676904516, 52.64744900477631], [-63.52387089594755, 52.64747701280831], [-63.52443269379186, 52.64787860473371], [-63.525567105095035, 52.648343889680376], [-63.52651870380686, 52.64832530461028], [-63.527003016549166, 52.64841189823368], [-63.52890407933172, 52.648415305886104], [-63.529018514723845, 52.648535590119664], [-63.52885089303896, 52.6488012093375], [-63.528527416258434, 52.64897419147159], [-63.52824960136203, 52.64903809066511], [-63.52775302052062, 52.64906129802899], [-63.52734059568734, 52.649008701675044], [-63.5272603111328, 52.64913749372803], [-63.527046513157224, 52.6491293921884], [-63.52671838052229, 52.64900100233261], [-63.526363699493594, 52.64899831106458], [-63.526106794814524, 52.64930700933767], [-63.52588471572478, 52.6494616088417], [-63.52586630600587, 52.649558899585394], [-63.52621050075172, 52.649765002642305], [-63.52648100714161, 52.64984340253798], [-63.52666941412328, 52.6499569095667], [-63.52720440505596, 52.64996710497679], [-63.52747491487332, 52.65004550234712], [-63.52825361873492, 52.65052849551923], [-63.52890491368765, 52.6507526052802], [-63.529080303948355, 52.650727387592156], [-63.52933578772564, 52.64992200712428], [-63.529538495746515, 52.64988510142775], [-63.529864825409426, 52.64991979870304], [-63.52978512045009, 52.64964539271801], [-63.53002510024545, 52.64901070471335], [-63.530298879764935, 52.648893707310236], [-63.531742516108196, 52.648550499385514], [-63.531825492162525, 52.64862939959214], [-63.53158408868334, 52.64876738440812], [-63.53136250994835, 52.64930469108409], [-63.53115828786347, 52.64963070745079], [-63.530820609135546, 52.649819798968714], [-63.52998521655933, 52.65005229819771], [-63.52973567414017, 52.65021860699704], [-63.52974868442327, 52.65035729269084], [-63.52999058807348, 52.65060210149289], [-63.530724911599634, 52.650905113283095], [-63.531335007046266, 52.65088819731503], [-63.53237181674555, 52.65090780004098], [-63.53255828562895, 52.650927602375866], [-63.53406438926032, 52.65080129415301], [-63.53490967608841, 52.650768400646015], [-63.53574910935532, 52.65058881541446], [-63.53624481053773, 52.65045161565475], [-63.53660588306311, 52.65019779189486], [-63.53670662713276, 52.64993099376012], [-63.53789808988634, 52.649277507893586], [-63.538336010368816, 52.64922468930463], [-63.53883349250748, 52.64931550183735], [-63.53917168378313, 52.64950919695175], [-63.53939159367901, 52.64952959188704], [-63.53986801722968, 52.64951010080515], [-63.54163798904205, 52.64893260038244], [-63.54230539991213, 52.64844841432353], [-63.54260540712249, 52.64834010521559], [-63.54288607219016, 52.64834940577381], [-63.54340178510793, 52.64847720934271], [-63.54432301136998, 52.64853121065035], [-63.54465930716746, 52.64863110013025], [-63.54488619025744, 52.6487778834953], [-63.54528439893455, 52.64884650317567], [-63.54574651149099, 52.64884291578056], [-63.546023209585286, 52.64879931183668], [-63.54660100653961, 52.64862690508681], [-63.546910096505776, 52.6486041960625], [-63.547476181986646, 52.64905860741472], [-63.547911895123214, 52.64918079595827], [-63.54829998483379, 52.64918400490435], [-63.548608222807076, 52.64904730132653], [-63.5490958083283, 52.64893841615617], [-63.5502593208041, 52.64883389527193], [-63.55097480241187, 52.64871701023386], [-63.55151498096513, 52.64875970364578], [-63.551726712371604, 52.64880849571176], [-63.55271652348778, 52.64922609598052], [-63.55295669292688, 52.64924280351166], [-63.55352431041039, 52.64913940482343], [-63.55446670776527, 52.64916920195823], [-63.555212687117745, 52.649113886474886], [-63.55553912491693, 52.64901419686812], [-63.55643300980609, 52.64881098898302], [-63.55658711788307, 52.648809807202525], [-63.55735811029605, 52.6490522064073], [-63.55789417699686, 52.64904190297364], [-63.55933950364285, 52.64879200840802], [-63.55993749237807, 52.64861580971224], [-63.56019100115724, 52.648368088004176], [-63.560335086775076, 52.64803279724795], [-63.56064639360934, 52.64783499970715], [-63.56128280688374, 52.647692213637775], [-63.56246348790748, 52.64751060271272], [-63.564018093086055, 52.64734810679026], [-63.56455928638658, 52.64723599314349], [-63.564669986058455, 52.646765806113144], [-63.5647075832453, 52.64655069752422], [-63.564959989885274, 52.64632328399437], [-63.56524689401187, 52.64621049968934], [-63.56614272674311, 52.646100995720005], [-63.566655505528324, 52.645886500663174], [-63.567237192623864, 52.64576708523258], [-63.56762530665958, 52.645770210154076], [-63.56788979179154, 52.645836196826515], [-63.5681217876956, 52.646015586735686], [-63.568391296486155, 52.64611419566306], [-63.568945611015394, 52.64614079702637], [-63.569383277614044, 52.64622220251766], [-63.56967822252538, 52.64621549751078], [-63.569952899334446, 52.64607810242232], [-63.57010787692206, 52.64605650300024], [-63.57046059634985, 52.646099703806584], [-63.5710513105661, 52.6463345931245], [-63.57134009870665, 52.64631549789743], [-63.571553887806175, 52.646189192017864], [-63.57206669039711, 52.64624348944377], [-63.57273548861772, 52.646255909628174], [-63.57298981480875, 52.64652520242905], [-63.573395087237024, 52.64658570226607], [-63.57428579228893, 52.64657770689817], [-63.57520501284245, 52.64640339078729], [-63.57555969176694, 52.646405892921194], [-63.57588391021818, 52.646481106498186], [-63.57697431666616, 52.64649719659894], [-63.57897562249288, 52.64703899738946], [-63.579626211495956, 52.64741750517176], [-63.5799808932184, 52.647554298406725], [-63.58110879949214, 52.647624006247895], [-63.581327616057926, 52.64766470181939], [-63.58146949660205, 52.647773192893304], [-63.581502977101486, 52.6479081016376], [-63.58180697543048, 52.64825580678373], [-63.58197619932809, 52.6483524913257], [-63.58214340415394, 52.64835558681565], [-63.582371409824155, 52.64807888885566], [-63.58302098792108, 52.64820890799195], [-63.583509517966746, 52.64821379230697], [-63.584380011132964, 52.6479407977632], [-63.584777208282695, 52.64776079857474], [-63.58520390352951, 52.64779721000875], [-63.585547404622474, 52.64802330667619], [-63.58598422068616, 52.64799070013702], [-63.58628510994957, 52.64772749019221], [-63.587960286830935, 52.64769721049003], [-63.588339296002, 52.64774890911357], [-63.58904561081825, 52.64794921259033], [-63.589437802984946, 52.64800530180359], [-63.59099639143048, 52.64789548446648], [-63.59189140578653, 52.648343511213135], [-63.592276511892, 52.64840749954655], [-63.59276901013313, 52.64833109163723], [-63.593184410213425, 52.6480537001132], [-63.59412569503836, 52.64770041114319], [-63.59436080300581, 52.64755001339678], [-63.59477830033932, 52.64750060329091], [-63.594837095280596, 52.64753019153125], [-63.59502469538412, 52.6480669874517], [-63.59578799762626, 52.64860621038143], [-63.595981597800225, 52.64861790791917], [-63.596735489274174, 52.648399587914916], [-63.597273394566365, 52.647945305983086], [-63.59760577895434, 52.64785769619194], [-63.59817219759923, 52.64777439777357], [-63.59904361574312, 52.6474809047185], [-63.600213917333065, 52.64723350839355], [-63.6015229866827, 52.64675250619909], [-63.60350690404016, 52.64629609644692], [-63.60464160269219, 52.6459543865933], [-63.60497812444647, 52.64591979705285], [-63.606791881645606, 52.64592430240272], [-63.60775859033285, 52.64586860575494], [-63.6080514917498, 52.645902382925364], [-63.60839009695446, 52.64609590919982], [-63.6090585964824, 52.64706889239333], [-63.60918521094179, 52.6470794015123], [-63.609310787506224, 52.64697580594862], [-63.609413890788325, 52.64651349403724], [-63.609812985342245, 52.64629269377112], [-63.610779496760365, 52.64596829992322], [-63.612383719816364, 52.64478809149607], [-63.61303599837348, 52.64445390223723], [-63.61363759574445, 52.64406170430509], [-63.613957706375274, 52.64394940394789], [-63.61439538706783, 52.643896303502885], [-63.61592558079638, 52.64408690531858], [-63.61875188410428, 52.64432938981517], [-63.62042490578655, 52.64433919198277], [-63.620758396671484, 52.644499999539406], [-63.621033409960546, 52.64489988872378], [-63.62125527961708, 52.644879498353], [-63.62150140640221, 52.644773987133036], [-63.62187001857061, 52.64449159605409], [-63.62215159965623, 52.64434601320378], [-63.62251191043411, 52.643957592809016], [-63.62297471431865, 52.643664596493075], [-63.62324608503559, 52.64358810015918], [-63.62542988839875, 52.64369259594115], [-63.625739007772836, 52.64380400584953], [-63.626031117351886, 52.64399249447481], [-63.62681367493496, 52.64427940435692], [-63.62707740226692, 52.64449989932537], [-63.62725807437233, 52.64477600387333], [-63.62742641185327, 52.6448930019891], [-63.627655380883, 52.64486460439794], [-63.62783560999244, 52.64473751354168], [-63.6283241796139, 52.64405010281831], [-63.62901439997351, 52.643345887514855], [-63.62923828471981, 52.643284808178244], [-63.630888805586196, 52.64320450769448], [-63.631386504225304, 52.643294900640186], [-63.631995900497685, 52.64370079338584], [-63.63273100677141, 52.64400311608779], [-63.633214316861434, 52.643975091012784], [-63.63389191992049, 52.64380399929091], [-63.63513730608471, 52.64379790387681], [-63.63561638246908, 52.64371690769445], [-63.63599129833385, 52.64371539025128], [-63.6363967149591, 52.643775609616085], [-63.636811213323185, 52.64378709154251], [-63.63810792664552, 52.64354979388957], [-63.638382498707664, 52.64354651352154], [-63.63883252110355, 52.643652299005666], [-63.63941829191537, 52.64371980659757], [-63.64023179339234, 52.64364478391738], [-63.641296213655636, 52.643228089771156], [-63.641621095937296, 52.64301410195158], [-63.64258109743743, 52.6426770125527], [-63.643505198368935, 52.6426691034355], [-63.6441654997861, 52.64244059637633], [-63.64464320101047, 52.64211118720201], [-63.64553061357436, 52.641337106950914], [-63.64637950384499, 52.64122199372339], [-63.64745188504619, 52.6409113024554], [-63.6481995043087, 52.640814688699095], [-63.64932760194764, 52.64046018678903], [-63.650036202053414, 52.640061590587], [-63.651400499586124, 52.63980489371462], [-63.651972505606054, 52.63959929181632], [-63.65275499478429, 52.63919380936754], [-63.653765890872, 52.639048884153915], [-63.654660096349055, 52.63882451172053], [-63.65510689997565, 52.63885690153943], [-63.65544670362017, 52.63902981300342], [-63.6557151033246, 52.63901429241606], [-63.656143391080164, 52.63887528890718], [-63.65669790548718, 52.638478000133496], [-63.657459791827776, 52.638499598916205], [-63.65847449409854, 52.63827329779793], [-63.65965281978238, 52.63826560271147], [-63.6599636988543, 52.63820190048736], [-63.660543300191485, 52.63825701261065], [-63.66108268346774, 52.63845380695623], [-63.66127010622366, 52.63845301450473], [-63.6621772149164, 52.63809859062331], [-63.663185107462084, 52.63801461147807], [-63.6638076034881, 52.6377324009753], [-63.66457700094913, 52.63745691256985], [-63.665736278211064, 52.637143497363375], [-63.66693029338497, 52.63694470950404], [-63.66707892779633, 52.63677629435525], [-63.6677430969952, 52.63660081130708], [-63.66813719379009, 52.63661579287544], [-63.66840239343881, 52.63695030161061], [-63.668629410817715, 52.63696240429489], [-63.66899389983866, 52.63689560469468], [-63.66933992514615, 52.63665739376225], [-63.670975313764046, 52.636323804285674], [-63.671344011309266, 52.63630990825372], [-63.67159440761526, 52.63639170523486], [-63.671740700580315, 52.63655300536149], [-63.67268162350138, 52.63646779896766], [-63.6736152039577, 52.63667959451847], [-63.674085195579714, 52.63664719527692], [-63.67505320939679, 52.63641581139546], [-63.67558998932499, 52.636384505876855], [-63.6761131078215, 52.63650360666729], [-63.676586297620375, 52.63696790668296], [-63.6769445140768, 52.63717770110159], [-63.677274889163414, 52.637264990736334], [-63.67802661154335, 52.63722111089877], [-63.67841387906098, 52.63695510564551], [-63.67902468627575, 52.63691701004949], [-63.679403788351074, 52.636968399294176], [-63.679730805024604, 52.63727131307972], [-63.679739098493144, 52.637377289240725], [-63.67995418611756, 52.63749920125617], [-63.681764816585215, 52.63756340624198], [-63.68283690962639, 52.63725241231217], [-63.68390419976157, 52.63704299976351], [-63.68461230577344, 52.636644209041684], [-63.685293488894736, 52.63639138501282], [-63.68587602118655, 52.63638529587249], [-63.68700920038795, 52.636620813639304], [-63.68729730964344, 52.63675609983016], [-63.688172286321375, 52.637361698587796], [-63.688481184138396, 52.637338595438784], [-63.68869328945412, 52.637097987770474], [-63.68904560805001, 52.63700640511926], [-63.689388594367536, 52.63682918848231], [-63.689658012442464, 52.636793191452554], [-63.68975770490392, 52.63694959857674], [-63.6898833911048, 52.63698029279566], [-63.69008401116966, 52.63698380688786], [-63.6902126149599, 52.63695349806603], [-63.69039031663213, 52.63673260263027], [-63.690456988689654, 52.63631038774328], [-63.69073691933441, 52.63605059413463], [-63.69107461176098, 52.63584071130389], [-63.69158890989563, 52.635719413683404], [-63.69229390793492, 52.63567050624348], [-63.692842604807, 52.63552940485942], [-63.69376529727879, 52.63511798612294], [-63.69414361848788, 52.634900603238066], [-63.69451708831784, 52.63478498662602], [-63.695010120949426, 52.63468770105636], [-63.69615911191743, 52.63473199702829], [-63.69680289972912, 52.634559993407315], [-63.697124023319084, 52.634561494089795], [-63.69718279955049, 52.63459100137066], [-63.697304199024366, 52.634857799615844], [-63.697475588360604, 52.63491358631667], [-63.69772371181913, 52.63490170293946], [-63.697922018645194, 52.63481150293768], [-63.69821259457398, 52.634751409082], [-63.6986268985844, 52.63476261225507], [-63.699890689586, 52.634927008816476], [-63.70022501984832, 52.63493279875075], [-63.700866915685964, 52.63480140664106], [-63.70128982423529, 52.63462959281865], [-63.70148579126305, 52.63444571076436], [-63.70161871352166, 52.63417929738376], [-63.702067978124745, 52.63401600854375], [-63.70242879404806, 52.633741306264206], [-63.70283658931274, 52.633605906422865], [-63.70399449765424, 52.6336015045887], [-63.70487840275586, 52.63344570602212], [-63.70596939973878, 52.633440109330316], [-63.70631261503564, 52.63339719871299], [-63.70706658986902, 52.633157808998064], [-63.707866720924464, 52.632499800968425], [-63.71005159566444, 52.6321384852799], [-63.71070700741675, 52.63214570162531], [-63.711559697841395, 52.632372006712174], [-63.71168728883266, 52.632361990767016], [-63.71198300262837, 52.63204548630475], [-63.71227347702299, 52.63198530807984], [-63.71392770069818, 52.63137858683298], [-63.71645749677405, 52.63093350741596], [-63.71705930481228, 52.630943790265555], [-63.71848029541777, 52.63117988722687], [-63.71950671753624, 52.631266693753254], [-63.72076050297578, 52.631210793050954], [-63.72190979578218, 52.63110021191014], [-63.72249130422267, 52.631114190773886], [-63.7234659961788, 52.63145248897074], [-63.724510413036626, 52.631730890381014], [-63.72487489242899, 52.63195290691454], [-63.72497328612916, 52.632284308879555], [-63.725057596512166, 52.63234279084306], [-63.72533311386023, 52.6323190090246], [-63.725741687653205, 52.63216308637581], [-63.72609440128358, 52.63191669092867], [-63.72626341492901, 52.63187889559368], [-63.72658171478759, 52.63194129617631], [-63.72778299141342, 52.63244628980919], [-63.72851798442986, 52.63261350287725], [-63.729006296071276, 52.632617696186756], [-63.72941208443695, 52.63252290050622], [-63.73041109279016, 52.632043212180356], [-63.7309606042273, 52.63188148808268], [-63.73178878604725, 52.631769401381376], [-63.732085801544926, 52.631566786511215], [-63.732665284591285, 52.63133239412846], [-63.73393031048311, 52.63103231436885], [-63.73445110594125, 52.63105741305076], [-63.73500389319645, 52.631258093964355], [-63.7352976895715, 52.631271288208545], [-63.735708815930636, 52.631208998287626], [-63.73607499316846, 52.63110130563461], [-63.73675440566438, 52.63102319169253], [-63.73754149963131, 52.630784103241226], [-63.737983192522975, 52.630783488470094], [-63.73840597920957, 52.63090060727827], [-63.73859920817303, 52.631066715450494], [-63.738564409805655, 52.63124120465867], [-63.738130895586025, 52.63150251274289], [-63.73741771372484, 52.631734711733294], [-63.736713512855445, 52.63220729202372], [-63.73672820586755, 52.63232559032033], [-63.73759777822086, 52.632185598854065], [-63.73794848286716, 52.631979801615664], [-63.73906669761017, 52.631962094920176], [-63.739876900632744, 52.631658301545585], [-63.740752615104874, 52.63153058987551], [-63.74122898941924, 52.63135549605452], [-63.741490317956696, 52.631347697316095], [-63.7420267026657, 52.63147079587796], [-63.74248220756399, 52.63189781435546], [-63.74304368900061, 52.63220450192234], [-63.743845685527305, 52.63237270862036], [-63.74525132550791, 52.632510497808134], [-63.746194995871214, 52.63265260459033], [-63.74710148961741, 52.63287549843099], [-63.747852920397726, 52.633274992243216], [-63.74869150500845, 52.6339607938611], [-63.749141415353435, 52.634220801752285], [-63.74953369917863, 52.634276288206834], [-63.7498441175976, 52.63436699629161], [-63.750011207385015, 52.63481359521046], [-63.750348503802286, 52.63504729400661], [-63.7502668116451, 52.63537160195839], [-63.75029232653476, 52.63540049383753], [-63.751052697400546, 52.63530749813419], [-63.75135118702954, 52.63521880792274], [-63.751380700464374, 52.63501171134136], [-63.75116481653785, 52.63475570460406], [-63.75114488236869, 52.63460470128527], [-63.75127560241372, 52.63437890921991], [-63.75150618092338, 52.63430950000511], [-63.75205339307121, 52.63434310810234], [-63.753460708224324, 52.634594803536324], [-63.75398850489437, 52.63461179332625], [-63.75522251462152, 52.63440450943886], [-63.75635831944924, 52.63444389897457], [-63.75674111646697, 52.63441369759192], [-63.75798947826547, 52.634035607388114], [-63.758729312184585, 52.6341008966913], [-63.75966758735163, 52.63392119834604], [-63.76026141052463, 52.6339596941049], [-63.76032389796186, 52.63390778549298], [-63.760321482395355, 52.63381409927124], [-63.759950607233236, 52.633579900513425], [-63.75965162458704, 52.63353419713159], [-63.75921701281139, 52.63352691226621], [-63.75865019511233, 52.63363139863199], [-63.758126596355346, 52.63366741186699], [-63.7577561014857, 52.633722298349845], [-63.75658589276268, 52.634146410009606], [-63.75632460735559, 52.63415429229005], [-63.75610129077003, 52.63406101103073], [-63.75563419520342, 52.6340327982606], [-63.754861474955945, 52.63410120587012], [-63.75370889017279, 52.634138887020264], [-63.7533043128559, 52.63405879373959], [-63.752807810895504, 52.633793997538454], [-63.75219502141429, 52.63358419556316], [-63.75161620603658, 52.63350929773262], [-63.751114690335065, 52.63350089423513], [-63.75064207765581, 52.633594700009745], [-63.75050218539637, 52.63358010609877], [-63.75056789838555, 52.6333124985595], [-63.750702498615794, 52.633294387500214], [-63.75087470764012, 52.633040905699325], [-63.75075970648291, 52.6329208925436], [-63.75081001152809, 52.63284430766298], [-63.75094560869015, 52.63280588815769], [-63.75125170736667, 52.632843602201866], [-63.75145949153962, 52.63312799894256], [-63.75170639296488, 52.633290994225305], [-63.751996581776076, 52.63338539287312], [-63.75255881504786, 52.633382711143106], [-63.753724292548206, 52.63306031132495], [-63.7543298199825, 52.63298899978797], [-63.75461410103627, 52.632916409919844], [-63.75486871889584, 52.63276190230378], [-63.755009204401034, 52.632467102388595], [-63.7552576831122, 52.63230030024061], [-63.75542479319754, 52.632303107420626], [-63.755699900488835, 52.63243391163223], [-63.756277807349164, 52.63252909355217], [-63.756632590356325, 52.63282000566876], [-63.75668041288326, 52.633093595757096], [-63.75722581677525, 52.63316790685399], [-63.757512177559214, 52.63334370737715], [-63.75845908233142, 52.633269998787966], [-63.758710017769964, 52.63319680361557], [-63.75889677837383, 52.63306150151919], [-63.75899309770281, 52.63285549670182], [-63.760158907535086, 52.632822094312026], [-63.76203321555108, 52.632658003213436], [-63.76221878111023, 52.63269780705554], [-63.76245249295617, 52.632856393131746], [-63.76268740579443, 52.63283990154846], [-63.762853297523066, 52.63257399202662], [-63.763254484633734, 52.63258070507757], [-63.76353938033348, 52.632642507069235], [-63.7636369960909, 52.63270520166884], [-63.763617423693184, 52.63284329379702], [-63.763383118471715, 52.63299399465503], [-63.762468483450355, 52.63324339316493], [-63.76230901067197, 52.63336690718493], [-63.76217740633594, 52.633613089940766], [-63.76187471938514, 52.633648703986225], [-63.761696188167406, 52.633601002070996], [-63.76152809715754, 52.633618489707985], [-63.761523519825104, 52.633720200561996], [-63.76157520956098, 52.63380560396284], [-63.76164799167177, 52.63392589824501], [-63.76176861553743, 52.63392379885317], [-63.762221894724526, 52.63381331138426], [-63.76267980253081, 52.6336010987003], [-63.76388028156069, 52.63339320335751], [-63.764706906601745, 52.633166815387575], [-63.76531290149058, 52.63322981200757], [-63.76579448519075, 52.633087193260636], [-63.76623979845504, 52.63300509116939], [-63.766536720282915, 52.632802399960916], [-63.76762328085763, 52.63274320694686], [-63.768078693852644, 52.63243730909045], [-63.76831639550671, 52.63235980090448], [-63.76850408965858, 52.63220419718739], [-63.768492701789654, 52.63215918794806], [-63.76836787915593, 52.63210820003629], [-63.76702970541071, 52.63210629436057], [-63.76696949579318, 52.63180811254116], [-63.767001389093146, 52.631694593924706], [-63.7671185105938, 52.63161920515956], [-63.76746971937999, 52.63154770133617], [-63.7678637908408, 52.631562504639305], [-63.768681789492476, 52.63167380805459], [-63.76917011179915, 52.63167779024343], [-63.769328423267545, 52.6317292959865], [-63.76935110519311, 52.63181931545013], [-63.76910979804159, 52.63197810090397], [-63.769069925505875, 52.63211989560197], [-63.769294807922904, 52.63232719937495], [-63.770848606637685, 52.63229608734397], [-63.77112801098744, 52.6324798989394], [-63.77145960074416, 52.63254651084173], [-63.7721794137654, 52.632460706170335], [-63.773492002088844, 52.63198990090177], [-63.774268796718346, 52.63197428881224], [-63.77459969648727, 52.631906498419646], [-63.774960214567606, 52.63207529258837], [-63.77520651716846, 52.63210389768102], [-63.775267497555355, 52.63193801020639], [-63.77520358802959, 52.63172109735054], [-63.774708686432774, 52.63141568903896], [-63.7747415063256, 52.631281906905194], [-63.77575239350014, 52.63127018668805], [-63.77668621161033, 52.63103730188346], [-63.77845179407805, 52.631054388155974], [-63.77870267943394, 52.63098120358847], [-63.77888869214079, 52.63071148600978], [-63.77935381680168, 52.63033649872551], [-63.77995731216583, 52.6303058067402], [-63.78066408824391, 52.63006100284061], [-63.780899189436134, 52.62988978316779], [-63.781218812327594, 52.62977700909399], [-63.78197100478565, 52.6297120896231], [-63.782147886448215, 52.62964580070176], [-63.782889711791015, 52.62951560469716], [-63.782925010424094, 52.62947551633756], [-63.782877706233634, 52.629336297640094], [-63.78261128841157, 52.629156809936845], [-63.782702102912, 52.62907281407245], [-63.78302929041563, 52.629086389924126], [-63.78331681107359, 52.62924169190189], [-63.7835743883494, 52.62931519284231], [-63.783970305981775, 52.629289203848344], [-63.78472572062416, 52.628853793021904], [-63.7849493137768, 52.62879239414585], [-63.78679779983711, 52.628598896476596], [-63.78791181382426, 52.62837299222721], [-63.78785921413123, 52.6282012010761], [-63.78831529290286, 52.62787479589394], [-63.78899809358583, 52.62771509195051], [-63.78945908580597, 52.627730804127154], [-63.79095771334421, 52.628032312400954], [-63.79198329373461, 52.628138702333885], [-63.792675386135386, 52.62837399092978], [-63.79303789485992, 52.628347396877075], [-63.79328250963302, 52.628261806146035], [-63.793590413512206, 52.628258792833044], [-63.7938805915461, 52.62835310974746], [-63.79439250906142, 52.62842659869379], [-63.79485749267678, 52.62880468348805], [-63.795117019361825, 52.628837504593896], [-63.79545308640138, 52.628802294173205], [-63.79603649571583, 52.628620504852115], [-63.79670068412537, 52.62857850509217], [-63.797270107202486, 52.628412704764656], [-63.79742309454529, 52.62843148893431], [-63.797706279731756, 52.628533903901214], [-63.79810190946513, 52.628817211432995], [-63.79846939301263, 52.62897789726892], [-63.79845790561164, 52.62908760082994], [-63.798265887151494, 52.62934500269782], [-63.7982622851064, 52.629426406787175], [-63.79875048866148, 52.62943031019835], [-63.79940248292413, 52.629363593404825], [-63.80067189540648, 52.6294047851873], [-63.80121900346109, 52.62943811325447], [-63.802373907402654, 52.62964831335408], [-63.803113809421745, 52.6297133099326], [-63.804718487892345, 52.629584790645474], [-63.80619130835426, 52.629413390159385], [-63.80677800690741, 52.62945961549026], [-63.807475512776435, 52.62972749756262], [-63.80867821780491, 52.62961270358889], [-63.80872312551405, 52.62950349386867], [-63.80773008769344, 52.62926339573985], [-63.8076791123214, 52.62920559272403], [-63.80771519707699, 52.62914508502555], [-63.8095947034176, 52.62854879652541], [-63.80991049957344, 52.62851729503487], [-63.81096179351517, 52.62849768893353], [-63.81132869801781, 52.628369308886526], [-63.81172549277175, 52.628322802545206], [-63.81190580335163, 52.628329803970644], [-63.81235440015993, 52.62847548663828], [-63.812642008532094, 52.628476103897746], [-63.813346808102764, 52.6282718109097], [-63.81368019071632, 52.628297592104], [-63.81374531251399, 52.628339298642985], [-63.81396609864794, 52.62833888928482], [-63.81434527890044, 52.62823510256894], [-63.814912019259005, 52.62797559347627], [-63.81533800595549, 52.62756720785345], [-63.81602170176786, 52.627077590024854], [-63.816320001468156, 52.62698880920323], [-63.81694370539333, 52.626954100299386], [-63.81709241169573, 52.62691990306875], [-63.817268401700986, 52.62671919994996], [-63.81722532135244, 52.62663299609415], [-63.81698168232598, 52.62654349862559], [-63.816359917657124, 52.626228093362286], [-63.81642328366604, 52.62615590213027], [-63.81654468983067, 52.626133386811276], [-63.817173496479334, 52.62644080833163], [-63.81749631732368, 52.62655589330661], [-63.817812907049515, 52.626813513100586], [-63.81778202161759, 52.627061295830686], [-63.81769840510739, 52.62713730313591], [-63.81674289848869, 52.62741491158083], [-63.81648949059271, 52.62754930600436], [-63.81640927365421, 52.62785330428552], [-63.81625790217283, 52.62794849268197], [-63.81533500957663, 52.628247108873445], [-63.815209117495634, 52.62837120718618], [-63.81521079626048, 52.628485197833754], [-63.81541140368169, 52.62848850596463], [-63.81648571232254, 52.62809471141631], [-63.817206403634366, 52.62767890544381], [-63.817915491397315, 52.62752760394703], [-63.818938796982664, 52.626921208817244], [-63.81977988741225, 52.626503292913796], [-63.82022079537826, 52.62621330090601], [-63.82234809617038, 52.625294987099466], [-63.82303690229281, 52.62514730456419], [-63.82388929572014, 52.625083706758616], [-63.8246906911601, 52.62496230799984], [-63.82585618770279, 52.62492819728406], [-63.825960014735294, 52.62484839081669], [-63.82604270625323, 52.62463809350692], [-63.82644921523792, 52.62436780151648], [-63.826468688502686, 52.62376559992551], [-63.82624878738407, 52.62359109114933], [-63.82628491515398, 52.62353060020757], [-63.82675551541755, 52.62347710386218], [-63.82737209799785, 52.62345039785478], [-63.827397598863115, 52.62363400143917], [-63.82695069745349, 52.62391181262006], [-63.826876687647946, 52.624228093927336], [-63.82705701233759, 52.624389799677736], [-63.82710787840827, 52.624756998314744], [-63.827231909956836, 52.62482819855869], [-63.827415806420625, 52.624753814856156], [-63.8275725028938, 52.62438181410494], [-63.82777831406147, 52.624263011233865], [-63.82933000030751, 52.62365290742778], [-63.83007070652615, 52.62354260427215], [-63.8324280239373, 52.623637498432444], [-63.832711190972034, 52.623584994163735], [-63.83289949822908, 52.623408901246925], [-63.83373780576436, 52.62305189105031], [-63.83391889609134, 52.623038501670706], [-63.83424090391369, 52.62317399169051], [-63.83408339773452, 52.62325690471944], [-63.833665592523765, 52.62332759689266], [-63.833644482724445, 52.62350640649737], [-63.833736010363964, 52.62355671050224], [-63.835294602356996, 52.623402496068024], [-63.83579948146341, 52.6234839046441], [-63.836563011462765, 52.62392769370383], [-63.83714880316555, 52.623993996832795], [-63.837410077348395, 52.62414070134197], [-63.83830900794168, 52.624236497549475], [-63.838958205418784, 52.62423060864137], [-63.840109588275226, 52.62405759873282], [-63.84088801539882, 52.62384620280158], [-63.841255694449316, 52.62385199176256], [-63.84190841983, 52.62407409665436], [-63.84317600882465, 52.624619500060334], [-63.844572012248314, 52.624824997591915], [-63.84569269429572, 52.625054505252585], [-63.846633107381855, 52.62527709450285], [-63.84737921331618, 52.62566350638124], [-63.84755770316206, 52.625556387852434], [-63.847787191058615, 52.62519770347064], [-63.84797798965661, 52.62511530027162], [-63.849713597096965, 52.62535860635793], [-63.85018429660417, 52.62561439845812], [-63.8504017122908, 52.62584990853805], [-63.850756199130785, 52.62585150070966], [-63.85161641203473, 52.62560459392904], [-63.85198128775574, 52.62536200293614], [-63.85322420519029, 52.62523919431002], [-63.854190783940204, 52.62500619633411], [-63.855506385508505, 52.62427800942838], [-63.855766701581956, 52.62429029194821], [-63.85609059080948, 52.62453958756975], [-63.85608359217081, 52.624702386354286], [-63.856196191401345, 52.62472861163468], [-63.8564002985856, 52.624650389075704], [-63.85640188250432, 52.62445499680768], [-63.85590460531216, 52.623881293852584], [-63.85571961466898, 52.623357307647744], [-63.85572750118824, 52.62317421338252], [-63.8559374971174, 52.622798912504905], [-63.85682822369477, 52.62214939626962], [-63.85755901223603, 52.622108111158134], [-63.85820280854286, 52.62191469572027], [-63.85892490480136, 52.62192201170953], [-63.85916228690872, 52.6218443934652], [-63.859361814400884, 52.62155849888704], [-63.859533011783505, 52.620995294728935], [-63.85973340486311, 52.62084381224573], [-63.8603895220066, 52.62067499306289], [-63.86098931224232, 52.62072520371665], [-63.860962181916605, 52.620891706819954], [-63.86100788195383, 52.62091679545662], [-63.861642079883026, 52.62094720688707], [-63.86192708311139, 52.62100869158301], [-63.86249280216078, 52.62123340477423], [-63.86289739121983, 52.621312992172605], [-63.86293878698431, 52.62128519941758], [-63.862953593223146, 52.62109409802084], [-63.863148702750735, 52.62090988609144], [-63.863144180923285, 52.620702207452574], [-63.86409120041432, 52.620452497873124], [-63.86464091601894, 52.62042449983894], [-63.86511151024685, 52.62052550331002], [-63.86520920297076, 52.620588113248054], [-63.865216414726305, 52.62073479834764], [-63.8649966044361, 52.62086979721373], [-63.864581621387835, 52.62103419860657], [-63.86448491325925, 52.621105998807295], [-63.86473749931221, 52.62130130431422], [-63.865017987516936, 52.621309810139074], [-63.866285300388924, 52.62108140460338], [-63.867113787705705, 52.621102498462534], [-63.86762408962397, 52.62121639242954], [-63.86828489115931, 52.62156471033666], [-63.868760779792346, 52.62169830412263], [-63.868857801477226, 52.62193599454926], [-63.86891668922811, 52.62196540410651], [-63.86960719241526, 52.62193140236323], [-63.87092429314666, 52.6214717001208], [-63.87167158986258, 52.621043784542145], [-63.87215578955589, 52.62066458353477], [-63.87233238204845, 52.620443506354135], [-63.87234089441676, 52.62008539870418], [-63.872253800280085, 52.62008811144609], [-63.87211671243297, 52.62016739387987], [-63.871648915291104, 52.62031469214612], [-63.87121118614235, 52.620698703352055], [-63.87086209563625, 52.620729808924594], [-63.86985838307875, 52.62057980281583], [-63.869613698938764, 52.620356088292674], [-63.869007698009725, 52.62029368757882], [-63.86891169777638, 52.6201903853023], [-63.86890540858167, 52.620023392182816], [-63.86903810651545, 52.61989109548516], [-63.869897499109605, 52.6199737968988], [-63.87090710743122, 52.61998148898647], [-63.871210519772085, 52.6199251940822], [-63.87200979371107, 52.61968941289953], [-63.87296399032621, 52.619586284274085], [-63.87324191771931, 52.61965579459626], [-63.8733396213973, 52.61971839677738], [-63.87334779970397, 52.6199994109681], [-63.873215988984356, 52.620111300835234], [-63.87323280829737, 52.62018891414972], [-63.873775409315705, 52.62016889024562], [-63.87431350541047, 52.61994120797997], [-63.874507825708136, 52.619932094141134], [-63.87612461717361, 52.6201365010961], [-63.87637621144478, 52.620197391055186], [-63.87649671106915, 52.62019519535026], [-63.87651498056692, 52.620077406975305], [-63.87624728754283, 52.619763902123424], [-63.876185514338594, 52.61948610001415], [-63.87621620367457, 52.61939290647062], [-63.877196606921764, 52.61914359826361], [-63.877551503047385, 52.61881539291869], [-63.87775458871665, 52.61796369707027], [-63.87811810077338, 52.617432009307414], [-63.879231086205664, 52.616256591527524], [-63.87993750153031, 52.615681387014206], [-63.880494794312874, 52.61547029696944], [-63.8810003852573, 52.6153764034083], [-63.88206889778508, 52.61541339942804], [-63.88307699523837, 52.615616290848806], [-63.88392238027215, 52.615869706154825], [-63.88431720065885, 52.615863599498695], [-63.8845114085857, 52.61569970314771], [-63.88496510896291, 52.61492930404482], [-63.88518279530551, 52.61468021271377], [-63.88560449771049, 52.614352994678484], [-63.886520004810194, 52.61373220478], [-63.88688719411807, 52.61342850761355], [-63.887663489974436, 52.61325738361784], [-63.88844228431311, 52.61302519351143], [-63.88857189520749, 52.612644588207736], [-63.88870280571011, 52.6125529882407], [-63.88912999786632, 52.612412994890846], [-63.8893300843357, 52.61231440253633], [-63.88954651693286, 52.612207792321364], [-63.88953308148562, 52.61204889654965], [-63.889288317132284, 52.61182519899192], [-63.88931358639074, 52.61169940061987], [-63.88953949287241, 52.61157668497644], [-63.89031909215887, 52.611324209802], [-63.89059399816042, 52.61114530533565], [-63.890613974743744, 52.61098690260734], [-63.89052952020735, 52.6109286036058], [-63.88962649061769, 52.61093490060729], [-63.88894068822438, 52.61038288701726], [-63.88893879319667, 52.61026890356234], [-63.88921830697596, 52.610142900431754], [-63.88954281115999, 52.61021721455284], [-63.88970519276415, 52.61065120386415], [-63.889802109176216, 52.61073410686514], [-63.890167111617785, 52.61080079606589], [-63.89071358186796, 52.610524296509695], [-63.89171769766886, 52.61049919418943], [-63.891132678585635, 52.61089720101647], [-63.8909204870288, 52.61133350503234], [-63.8905400235051, 52.61147829425087], [-63.890203492262025, 52.61168879589499], [-63.89017899869909, 52.61179430010282], [-63.89036739492448, 52.61192739891527], [-63.89042227671496, 52.612213301064884], [-63.88985658867309, 52.612751899570256], [-63.889816392063544, 52.61279009444767], [-63.889864300995704, 52.61308391416728], [-63.88999731287233, 52.61326100015128], [-63.8900601163652, 52.613518399161535], [-63.889869577754006, 52.61375569760873], [-63.88984358769522, 52.614056508903325], [-63.889658118589566, 52.6146561005389], [-63.88978211680453, 52.614727191246956], [-63.890269391379306, 52.614750996225176], [-63.89058930424395, 52.61461758721915], [-63.890737011785745, 52.61460360590752], [-63.89124891483701, 52.61467669919468], [-63.89245111509816, 52.614715592370025], [-63.89261990886829, 52.61467750656583], [-63.89283420411771, 52.61450990702083], [-63.89331272488204, 52.61458239329193], [-63.89350899750931, 52.61468719307089], [-63.893602397806724, 52.61485148769713], [-63.893671385487124, 52.61512119425357], [-63.8935724835758, 52.6154087037361], [-63.89338368599179, 52.6156053016213], [-63.8930365870609, 52.61575050052961], [-63.89269220208617, 52.61598940000735], [-63.892402501069625, 52.61635949836032], [-63.89239118810379, 52.61646920953148], [-63.892679689071294, 52.616449285600126], [-63.892960794062745, 52.61628259926105], [-63.89343331559174, 52.615858402728115], [-63.89371530229827, 52.61567151134267], [-63.89419792156398, 52.615487600363004], [-63.89443237724431, 52.61531620338153], [-63.89469462293729, 52.6148032013077], [-63.895063916931235, 52.61476819782473], [-63.89553549732621, 52.61436439475192], [-63.895713612924304, 52.61410250478209], [-63.89601329881838, 52.613972804276045], [-63.89675188546615, 52.61341839411482], [-63.89731871841949, 52.613138095508795], [-63.89766159468053, 52.61309448885191], [-63.89830801075775, 52.6131492935657], [-63.89897659191147, 52.61331430599244], [-63.89937282480982, 52.61359719397588], [-63.89958951328233, 52.61385289088782], [-63.8991695039574, 52.61462400406092], [-63.899234715255524, 52.61466569025893], [-63.89942199848779, 52.61466449451947], [-63.899631188581075, 52.61461888810614], [-63.90049229644714, 52.61417619864875], [-63.90100168644923, 52.61382579545504], [-63.90233611827861, 52.611485297485096], [-63.903434703387795, 52.610150690745755], [-63.904041483763834, 52.60970820526875], [-63.90484211372462, 52.608947095407885], [-63.90578380705655, 52.608489312457564], [-63.90617458238107, 52.6082551943342], [-63.90701391114025, 52.60801161672149], [-63.907814612383696, 52.6078895064861], [-63.909858702612716, 52.60777839981803], [-63.91072120202885, 52.6077793958812], [-63.910820993468704, 52.6077280940921], [-63.91136247949644, 52.6081971495718], [-63.91184463574714, 52.607752194665906], [-63.912013885087454, 52.60753903612238], [-63.91225870668796, 52.60727818692574], [-63.91291888306582, 52.60699717704885], [-63.912999725583965, 52.60698213588077], [-63.91329438809998, 52.60680955694522], [-63.91364639539448, 52.606542184362944], [-63.91399652268694, 52.606238191718255], [-63.91416723294069, 52.606071878427485], [-63.91429942899051, 52.60578488768275], [-63.91557033581925, 52.604310346612195], [-63.91596682954393, 52.60409860153721], [-63.91625174879143, 52.603917750267804], [-63.91644525041272, 52.603763995737744], [-63.916677546631306, 52.60364334938973], [-63.916680585969765, 52.603641001793555], [-63.916860521606715, 52.6035016354151], [-63.91689587874004, 52.60337395027878], [-63.91698482001486, 52.60324298572156], [-63.917352070593395, 52.60292907826855], [-63.91738382753093, 52.60256325072647], [-63.91756834023124, 52.602303479619756], [-63.917617686720696, 52.60215974799454], [-63.917853717331425, 52.60194758552807], [-63.9180475551925, 52.60170628434205], [-63.9183013376595, 52.60138653696674], [-63.918577606599044, 52.60108954266685], [-63.92202285284281, 52.59842619706181], [-63.92726912637372, 52.600507146098494], [-63.92767410605173, 52.60057638766768], [-63.92801388427493, 52.600603879522474], [-63.92893933846578, 52.60069723470694], [-63.92981160136359, 52.60094860010979], [-63.93005760329956, 52.60106424098578], [-63.93029284045889, 52.601279490397125], [-63.930551843868926, 52.601322097525674], [-63.93063760594329, 52.60151469449974], [-63.93074583435621, 52.601565128009746], [-63.930826632513885, 52.601714941956494], [-63.931012818768025, 52.60182159750942], [-63.9312967563097, 52.60199073943038], [-63.93155669464873, 52.6022551864775], [-63.93194441298179, 52.60242183905508], [-63.93219303263627, 52.60271863418509], [-63.932757390398166, 52.60306095375478], [-63.93295969258102, 52.60326547824578], [-63.93309435006929, 52.60332452906947], [-63.933278297867496, 52.603404628092534], [-63.933451298558715, 52.60350698739978], [-63.93417264234429, 52.60368884691422], [-63.93440482250097, 52.603897889466744], [-63.93454112047573, 52.60408108971852], [-63.93472035327969, 52.604195740383624], [-63.93493358272242, 52.604378048003156], [-63.935009879753245, 52.604474835515724], [-63.93509669537286, 52.60455957990442], [-63.93529939224503, 52.604753953601154], [-63.93549053150814, 52.605068244495584], [-63.93549385300829, 52.60507671986296], [-63.9355693150573, 52.60526888764211], [-63.93568292887527, 52.60535204533934], [-63.9358654587152, 52.60555018545791], [-63.93608318853714, 52.60562057623018], [-63.93630119360649, 52.605768396738796], [-63.93659507491702, 52.60585829258733], [-63.937254858610025, 52.60582957948787], [-63.93761145772783, 52.60602219564131], [-63.93777335583981, 52.606069436188136], [-63.93830581895077, 52.60612833539956], [-63.94544152435531, 52.60656233935618], [-63.946961275245705, 52.606624451716186], [-63.947531987563806, 52.606814140293025], [-63.94779949886765, 52.60689548169026], [-63.948390011869535, 52.606926683376344], [-63.94871319255862, 52.60695388248466], [-63.94926569650005, 52.60693165180141], [-63.94941769145064, 52.60689318017809], [-63.94983473899041, 52.60683223415222], [-63.950194542285445, 52.606862714848795], [-63.95022560318112, 52.606417781097186], [-63.950265707998426, 52.60584340557462], [-63.9502392681291, 52.60567004704456], [-63.95022109589374, 52.60562295064834], [-63.95005167704591, 52.60542914943054], [-63.94973025145629, 52.60510884461866], [-63.94958050772033, 52.60500889376671], [-63.949523604125915, 52.60492864140987], [-63.94951863579524, 52.60488583537286], [-63.949354228099416, 52.60473479238044], [-63.9491303968244, 52.60456458205318], [-63.94911536097177, 52.604523637339575], [-63.94895643335455, 52.604152897020484], [-63.94881989763879, 52.60405723579573], [-63.94835328986748, 52.60352514137796], [-63.94829774967724, 52.60332689112382], [-63.9481197439878, 52.60318175056396], [-63.94806861168523, 52.60312399694576], [-63.94764012898371, 52.60255790198833], [-63.947173580837564, 52.602190697028554], [-63.94713214735259, 52.60214122913168], [-63.94700177348352, 52.6018930367513], [-63.947016530732135, 52.601856586749086], [-63.94687624316078, 52.60135790186157], [-63.947207798315524, 52.60109418962939], [-63.94717679965058, 52.600867856432565], [-63.94716460261597, 52.60059083549403], [-63.94713280041385, 52.60021995222682], [-63.94723807778517, 52.59984704186447], [-63.94728919918526, 52.599739938580846], [-63.94758995285683, 52.59932718462906], [-63.94779174986384, 52.599047293148296], [-63.94793751677243, 52.59883168698055], [-63.94824898992186, 52.59848429445919], [-63.94867734079153, 52.598138606897955], [-63.94915043601558, 52.59776099380241], [-63.94924769536548, 52.59750398151819], [-63.949528056604734, 52.5971825363039], [-63.949884492548236, 52.5968805407558], [-63.95006965018471, 52.59676522937723], [-63.950179875497305, 52.59659997991871], [-63.950412950770264, 52.59625499722051], [-63.95049062793532, 52.59613997989447], [-63.95136198017883, 52.595962284873806], [-63.95150690547787, 52.59593188395324], [-63.951557381236846, 52.59592244637987], [-63.951608749488095, 52.59589270096394], [-63.95223636757438, 52.59574533201243], [-63.95296263145571, 52.595552636113894], [-63.95322010334726, 52.59538349685008], [-63.953552607560944, 52.59517678670183], [-63.953912161689885, 52.59504578503231], [-63.954003917502746, 52.59500848504929], [-63.95427063881818, 52.594836877561434], [-63.95450736077599, 52.594790035750094], [-63.95479164273688, 52.594784097994996], [-63.955064834109564, 52.594887881599924], [-63.95517783716511, 52.59490378044625], [-63.955570482344505, 52.59511318238314], [-63.95572088080285, 52.595280286416525], [-63.955753706963, 52.59537849360887], [-63.95593219145353, 52.595678289680855], [-63.95606941147319, 52.59584108048888], [-63.95615042678588, 52.5961700542139], [-63.95617000246969, 52.59624959815168], [-63.95625135470388, 52.596554027720074], [-63.95630750632126, 52.59665465009427], [-63.95659630356549, 52.596954090988454], [-63.956677766842745, 52.59700614682668], [-63.95687346270755, 52.597043691862034], [-63.9570984837734, 52.59718338134502], [-63.957286360881355, 52.59724924695287], [-63.95762512010295, 52.59721963528771], [-63.95814370434045, 52.597206976197135], [-63.958356659874006, 52.59714709936332], [-63.958495184036316, 52.59719188101207], [-63.9590399296723, 52.59711044777852], [-63.959220508063495, 52.59694215600426], [-63.9596313635134, 52.59678133909812], [-63.95973240194509, 52.596510140485265], [-63.95972782771011, 52.59645714191065], [-63.95992777667481, 52.596305442185034], [-63.960050809689996, 52.59615459493645], [-63.96037156131267, 52.595990431961155], [-63.96035332035786, 52.595778483761784], [-63.96056223613695, 52.595567892057645], [-63.960645074494984, 52.595407082608254], [-63.96066004356148, 52.59537804786893], [-63.960707659610414, 52.59527500430101], [-63.96101528545447, 52.59501904539253], [-63.96126427161443, 52.59481103099357], [-63.961386711325574, 52.59475788372049], [-63.961643399243236, 52.59475389304841], [-63.96172115541431, 52.59475267735901], [-63.96208550145636, 52.59475199336942], [-63.96218461763125, 52.594696431485524], [-63.96314973152752, 52.59471479544711], [-63.96374405277732, 52.594896573795], [-63.96386512400118, 52.594961489097514], [-63.96417796195851, 52.59507809072001], [-63.96445906987135, 52.59515349212284], [-63.96469084125842, 52.59520779060828], [-63.96513410009792, 52.59515529309663], [-63.965435508019354, 52.59513940118134], [-63.9675581779207, 52.594961844483564], [-63.97141807397128, 52.59210769018297], [-63.971569952491954, 52.5920692350526], [-63.971832998563876, 52.59201004241261], [-63.971898292143145, 52.59196419930311], [-63.97245544611946, 52.591819739227155], [-63.97267024517223, 52.591291699672226], [-63.97319872834935, 52.590772341315635], [-63.97335291040234, 52.5902556493976], [-63.973377546120254, 52.58988765119998], [-63.97351810461149, 52.58962920098607], [-63.97372171474685, 52.589550793418454], [-63.97406482208875, 52.58915689480077], [-63.974920952400645, 52.58821299066985], [-63.975004760029094, 52.58812649521954], [-63.975589850532536, 52.587522735898986], [-63.97592912900592, 52.5873078977587], [-63.97685947818156, 52.587103779102634], [-63.977182467951565, 52.58687854547593], [-63.9773017618371, 52.58681924123139], [-63.97750507256891, 52.58666348130055], [-63.97809491467334, 52.58636483742465], [-63.97841430854607, 52.58623114706364], [-63.9785087831982, 52.58612263299163], [-63.97884098969498, 52.58600334007959], [-63.97906500878012, 52.585746138368435], [-63.979512857901746, 52.58565903813928], [-63.97992607461285, 52.58560204261812], [-63.98091141854299, 52.585441433845055], [-63.9815207265912, 52.58541168953036], [-63.98231513800135, 52.58543143932918], [-63.98288239787724, 52.58544994640483], [-63.984403231047445, 52.58583929128829], [-63.98726337871889, 52.58657146660366], [-63.98826799981434, 52.586061688050506], [-63.98870210127719, 52.586068043328716], [-63.98922100282891, 52.585957578849836], [-63.99001435308001, 52.58592028887936], [-63.99013405920441, 52.58585078730796], [-63.99031605813613, 52.585554284888204], [-63.99049482136765, 52.58542665094469], [-63.990807451405004, 52.58537828512444], [-63.99146919627216, 52.584948280128245], [-63.99192218511316, 52.58472893209178], [-63.99472460414101, 52.58380689492275], [-64.00148434144353, 52.57972784181696], [-64.00932196053911, 52.57803043922422], [-64.0095502686586, 52.57800118802928], [-64.01051468474944, 52.577941780915786], [-64.0157375188593, 52.57714313613761], [-64.02063340595623, 52.574463100903515], [-64.02750260915249, 52.570142705490206], [-64.03075034903371, 52.570983486294615], [-64.0308865869385, 52.57100168929746], [-64.03159383271797, 52.5710239298972], [-64.03185193593414, 52.57099912273833], [-64.03229752879093, 52.5710501761018], [-64.03242525696966, 52.57102958809323], [-64.03259445610287, 52.57097094102335], [-64.03268605855929, 52.57093353998174], [-64.0328560470368, 52.57085453989721], [-64.03298261716954, 52.570776996485556], [-64.03307890781781, 52.57070508561576], [-64.03329978180044, 52.57060649512925], [-64.03349658742121, 52.57043833484507], [-64.03360250561279, 52.57037467876846], [-64.03367040910997, 52.570345072953934], [-64.03376747148354, 52.57025289061399], [-64.03409155903728, 52.57016182292757], [-64.03419939957097, 52.56995983750796], [-64.0344330736494, 52.56978812429609], [-64.03496559535992, 52.56966132984289], [-64.03508904819844, 52.56957758852656], [-64.03624072857072, 52.567483596917256], [-64.03648715323972, 52.567326283661025], [-64.03656981527533, 52.566997739301335], [-64.03670177956978, 52.56686528498147], [-64.03673198751075, 52.566597153157936], [-64.0365444681162, 52.566346197621506], [-64.03695814992602, 52.56600608247015], [-64.03692743438792, 52.56584694634219], [-64.03700159059767, 52.56574218298549], [-64.0371431947616, 52.56544298417885], [-64.0373088288485, 52.56521334184605], [-64.03748030892135, 52.5650061439932], [-64.03758784003817, 52.56490182585812], [-64.03768714660306, 52.564748585981704], [-64.03805733180006, 52.56440988131194], [-64.0381714204023, 52.56430769108564], [-64.03824551359145, 52.56420293984363], [-64.03869565724702, 52.56395693609967], [-64.03883807883265, 52.56381242814768], [-64.03887957469153, 52.56377437854907], [-64.03934753461935, 52.56341059718268], [-64.03960403042706, 52.56325139611682], [-64.03982475209517, 52.56297773942802], [-64.03981663924289, 52.562928793123675], [-64.0403586826918, 52.56263528846054], [-64.04042382515007, 52.56258937186675], [-64.04055499274165, 52.56256474181569], [-64.04061242380658, 52.56254721894871], [-64.04083050770262, 52.56251978308815], [-64.04258482175851, 52.56246129614998], [-64.04549131802018, 52.56050757010231], [-64.0457636235679, 52.560281419446305], [-64.04589629860936, 52.56012862754555], [-64.04606849579058, 52.55990112467159], [-64.04621467617201, 52.55965487316184], [-64.04627054291683, 52.559590587888835], [-64.0464831402697, 52.559442981796614], [-64.0465455821438, 52.559380742532504], [-64.04660528419112, 52.559214674961574], [-64.04673513753905, 52.55895809034642], [-64.046746339337, 52.55883817668376], [-64.04671091869058, 52.55862603425135], [-64.04681848971376, 52.55781153649879], [-64.04695111350885, 52.55765873333693], [-64.04688614531321, 52.557256928293846], [-64.04687937881077, 52.5569048248131], [-64.0469819658993, 52.55639753556908], [-64.04724319829165, 52.55566859004735], [-64.0475007716221, 52.55468117803069], [-64.04777833820867, 52.55413767694161], [-64.0477944862396, 52.5537105858272], [-64.04783620279892, 52.55331233244662], [-64.04779456410375, 52.5531754401025], [-64.04774914724109, 52.55305267945269], [-64.04761600514836, 52.55286569051509], [-64.04744714534287, 52.55273919807136], [-64.04725967673029, 52.552575779146274], [-64.04713858414317, 52.55242347220393], [-64.04709191570052, 52.552243737990246], [-64.04700029098845, 52.55201865002235], [-64.04687184161855, 52.551884590469236], [-64.04685423722198, 52.551642175969896], [-64.04682310901026, 52.55149318432042], [-64.04656375484635, 52.5509360323076], [-64.04649953562486, 52.55042643462701], [-64.04648278338387, 52.55033873015967], [-64.04651683643439, 52.550056346548125], [-64.04629976451956, 52.54952828919585], [-64.04624800521849, 52.54921828965629], [-64.04623898816487, 52.54892713083261], [-64.04622822333343, 52.548326684440404], [-64.04616598583902, 52.54794124308308], [-64.04610456224295, 52.54762292228484], [-64.04608579516137, 52.547236041395], [-64.04606541635148, 52.546714781159615], [-64.04615378182677, 52.54649629164572], [-64.046208053256, 52.546297582145925], [-64.0462730826608, 52.54607674532502], [-64.04636687609889, 52.54589088077935], [-64.0463939735414, 52.54579154417891], [-64.0464678146289, 52.545161734540734], [-64.04667212398364, 52.5448776745743], [-64.04678532329258, 52.54462084323295], [-64.04700622319152, 52.54416202836983], [-64.04718143145159, 52.54394069440232], [-64.04738230750185, 52.54383563126669], [-64.04748237500498, 52.543749521816935], [-64.04757777171977, 52.54369797785885], [-64.04790078886077, 52.54345217925048], [-64.04811712308859, 52.54329037481099], [-64.04828776101972, 52.5431910393719], [-64.04861776613454, 52.54302473663989], [-64.04880462375213, 52.5428482747209], [-64.04907143132061, 52.542677042037134], [-64.04952045504383, 52.542451323422284], [-64.05065156540915, 52.541925889707194], [-64.05087457571531, 52.54185373427976], [-64.05097266992178, 52.541818482283624], [-64.0511487642025, 52.541751719603894], [-64.05122011395369, 52.54171814122311], [-64.05139536509247, 52.54158422462356], [-64.0519521604948, 52.54133157679287], [-64.05205029102194, 52.5412963348447], [-64.0522833211469, 52.541222271109156], [-64.05245901306026, 52.54116572266179], [-64.05271146894408, 52.54110824209999], [-64.05347203759732, 52.541029274344396], [-64.05362679862266, 52.540996829521795], [-64.0538839454905, 52.54099227396082], [-64.05416358898563, 52.541010426974324], [-64.0548260102346, 52.54096677491914], [-64.0549884661034, 52.54090593496689], [-64.05512336820719, 52.540779627303536], [-64.05520407403311, 52.54076446649424], [-64.05528936818972, 52.54071477609623], [-64.05541146953433, 52.540661515972545], [-64.05553354540112, 52.5404333382989], [-64.05565333606468, 52.54035362512576], [-64.05578627752675, 52.54027811887502], [-64.05589284082525, 52.54010663614457], [-64.05611306302725, 52.54001812976889], [-64.05659930002676, 52.53977873442427], [-64.05683628977104, 52.539777926746964], [-64.0570123856362, 52.53979872928267], [-64.05726675832211, 52.539777883412455], [-64.05748280584214, 52.53971372198988], [-64.05758049006901, 52.53968862220154], [-64.05782909859242, 52.53964527350812], [-64.05794537574037, 52.53956957978851], [-64.05816214054641, 52.53948507858868], [-64.05827295881501, 52.53937678457256], [-64.0583807226686, 52.539262283552546], [-64.0586835470866, 52.53910773764408], [-64.05882612392998, 52.538953032610316], [-64.05901978916472, 52.53859353757242], [-64.05913593968452, 52.53834284628725], [-64.0590190520742, 52.53816622268001], [-64.05900119816498, 52.5381090308349], [-64.05935741524941, 52.5378636862981], [-64.05949384355473, 52.53769667238047], [-64.05965814869423, 52.53749752046901], [-64.05966773295502, 52.537418279990675], [-64.05974446537428, 52.53732982698523], [-64.05977154314384, 52.537230523926276], [-64.05993062507835, 52.5369010886939], [-64.0599027047303, 52.53684573426604], [-64.0596729394964, 52.53665327118349], [-64.05968172621057, 52.53650692398828], [-64.0597282044697, 52.53633662984654], [-64.0597354763023, 52.536230937226925], [-64.05973917903489, 52.53604173987595], [-64.05967395988944, 52.535912635207154], [-64.05954974468352, 52.535754237384], [-64.05948649961157, 52.535661788714606], [-64.05919547752083, 52.53550107166905], [-64.0590099791301, 52.53537438508505], [-64.05896841780603, 52.535324983694835], [-64.05878034473538, 52.535269434786734], [-64.05861570619214, 52.53494357597385], [-64.05812494901004, 52.53468237682126], [-64.0580271049432, 52.534532494758025], [-64.05790794114921, 52.53441687671152], [-64.05784786409049, 52.53397044204592], [-64.05728227226797, 52.53365938665187], [-64.05718178024433, 52.53358067795968], [-64.05707806950014, 52.53332083904976], [-64.05704422615787, 52.533155540584715], [-64.05660258798572, 52.53265288343886], [-64.0564655866324, 52.532480073046784], [-64.05634334477597, 52.53235829414273], [-64.05629330264482, 52.532270120425586], [-64.05625243378732, 52.53211288928429], [-64.05614397980199, 52.5317125405601], [-64.05611124481287, 52.53142923215796], [-64.05619019550757, 52.531192277110776], [-64.05621485833437, 52.530891473856514], [-64.0563042821322, 52.530729922614], [-64.05638004712841, 52.53039927190494], [-64.05661365259975, 52.53012988166939], [-64.05682705718236, 52.529776779201164], [-64.0569883285876, 52.52965897787004], [-64.0571840086224, 52.529511132201], [-64.05744642361437, 52.5293642332743], [-64.0578413967087, 52.52915203076617], [-64.0578727730859, 52.52911581424344], [-64.05821855363858, 52.52897006866555], [-64.05844763298349, 52.52891018448984], [-64.05882524143833, 52.52880552917434], [-64.05903342111671, 52.52876978407383], [-64.05915862555722, 52.528722668479105], [-64.06026210542781, 52.52865662550001], [-64.06045358888824, 52.52862062399729], [-64.06052612327946, 52.52864402255626], [-64.06088560271193, 52.528667319230316], [-64.0612233345705, 52.52873508381451], [-64.0615787807152, 52.52859756636359], [-64.06177112512466, 52.52862877145573], [-64.06196766908224, 52.528635523829664], [-64.0623053721934, 52.5286157710994], [-64.0623763115057, 52.528592378812824], [-64.06243099243366, 52.52855858635575], [-64.0625545931424, 52.52846461907338], [-64.0626087578644, 52.52826596951858], [-64.06260049723694, 52.52812951776173], [-64.06260138696202, 52.527836529860494], [-64.06249161229411, 52.52773937268025], [-64.06243060183296, 52.527585936725615], [-64.06233428608125, 52.52739532668389], [-64.06221748566601, 52.52730623671192], [-64.06214957206095, 52.527248321941215], [-64.06209016202907, 52.527141733463694], [-64.06214523587064, 52.52709772534805], [-64.06204792810364, 52.52666497419458], [-64.06250028567175, 52.52652274709635], [-64.06432509580682, 52.52375339749412], [-64.06459032532263, 52.5233429320667], [-64.06471351019178, 52.523259179491305], [-64.06499005854346, 52.522998485887065], [-64.06515427322611, 52.52279933379524], [-64.06549642852309, 52.52257007643789], [-64.06575019315912, 52.52238436773115], [-64.06592299134235, 52.52231148421297], [-64.06611351393798, 52.522120834736974], [-64.066508044527, 52.52191872547975], [-64.06687891539552, 52.521811976488365], [-64.06758072807453, 52.52150831908575], [-64.06786479014781, 52.521404428780365], [-64.06815314796435, 52.52136364313146], [-64.06827984053311, 52.521275841237056], [-64.0686540820862, 52.5210775301967], [-64.0689532406875, 52.520927019217396], [-64.06902879239394, 52.52086908223588], [-64.06944165813279, 52.520441371414286], [-64.06966802060418, 52.520092481210476], [-64.06977019399118, 52.51994536629038], [-64.07006114092404, 52.51974592731738], [-64.07023238863883, 52.51962621289389], [-64.0703579089153, 52.519568974542], [-64.07050422701951, 52.51940007155778], [-64.0707548180868, 52.51920818227164], [-64.07087452998354, 52.5191284329733], [-64.07099038199833, 52.519062874310514], [-64.07110694602545, 52.51897697823993], [-64.07114602297594, 52.51891243538371], [-64.07138169712245, 52.51849454199924], [-64.07145373487322, 52.51844056768369], [-64.07160671450532, 52.51827382265267], [-64.07166022068255, 52.51799783487485], [-64.07168453823415, 52.51788218307183], [-64.07144364429485, 52.51772217105181], [-64.07140289351143, 52.51765243837752], [-64.07135317168043, 52.51755407249019], [-64.07132528564199, 52.517226118560046], [-64.07131303033604, 52.51701636423466], [-64.07125393444257, 52.51681208119627], [-64.0715191085214, 52.51559594444732], [-64.07178430457913, 52.514379822311234], [-64.0718148688677, 52.514003839437436], [-64.0718011314151, 52.51383477366089], [-64.07186242433703, 52.51353043021436], [-64.07189729683958, 52.513130087673126], [-64.07209907015165, 52.512634391065774], [-64.07216445357625, 52.51249082869034], [-64.07230322260469, 52.51228518895091], [-64.07351150192252, 52.51231811948595], [-64.07368148797116, 52.51222892143987], [-64.07399617732587, 52.51219662069438], [-64.07421432801014, 52.51215892708697], [-64.0746331364039, 52.51201616166601], [-64.07478463510695, 52.5119775183329], [-64.07548666172872, 52.51175116843565], [-64.0757784237772, 52.51170636421911], [-64.0761050323327, 52.511621316830194], [-64.07640989491189, 52.511493240083865], [-64.07675275148226, 52.511331124276964], [-64.07700525035825, 52.51117593563845], [-64.07730882693265, 52.51099086650405], [-64.07743385131309, 52.51085626920625], [-64.07756434474477, 52.51075426805512], [-64.07763304636164, 52.51051917315082], [-64.0776906189494, 52.51040402558002], [-64.07771634343142, 52.5101602141507], [-64.07764089505044, 52.50994557771392], [-64.07765990572837, 52.5096121336936], [-64.07762593878425, 52.50944686582246], [-64.0775930584193, 52.50889098338246], [-64.07743943022106, 52.508445326827484], [-64.07738924747721, 52.50826961516442], [-64.07727933436377, 52.50808503012228], [-64.0771877568236, 52.50794743534625], [-64.07702288820346, 52.50780676959979], [-64.07693708168962, 52.50769167301354], [-64.07657601083312, 52.507446618708336], [-64.07633427683794, 52.50721947620116], [-64.0761965293043, 52.50706703009453], [-64.07606850068977, 52.506922832083134], [-64.07596817965305, 52.506659022456105], [-64.07587340505475, 52.50642783085419], [-64.0756905280864, 52.506142473399606], [-64.07559251092263, 52.5058176167111], [-64.07540426998925, 52.50558718233857], [-64.0752632662895, 52.5052535737893], [-64.07513934273621, 52.50499752154997], [-64.07509712958411, 52.504695824572366], [-64.07492405400383, 52.5041461656695], [-64.07481869043411, 52.50383952246991], [-64.07480482836088, 52.50358296717553], [-64.07470942663821, 52.503186967709375], [-64.07477564833951, 52.503110577009814], [-64.07485653534036, 52.50272506387188], [-64.07486978295437, 52.5024566725118], [-64.07572465282968, 52.501878369851475], [-64.07577188887673, 52.50186277430698], [-64.07587188471167, 52.50186416609711], [-64.07607223114707, 52.501856781231844], [-64.07624344061833, 52.50182451203123], [-64.07658714196835, 52.50181707739029], [-64.07693599955971, 52.50193987767191], [-64.07706157042877, 52.50197007055503], [-64.07726029349577, 52.502275918251755], [-64.07736458256069, 52.50234043370247], [-64.07738750201737, 52.50235298917671], [-64.07753112526566, 52.502615366089955], [-64.07768293122777, 52.50283922713336], [-64.07789629525755, 52.503021223743204], [-64.07811088258221, 52.503260163092605], [-64.07831298046011, 52.503474516444186], [-64.0784525894424, 52.503576115524034], [-64.07867091702612, 52.503713426870824], [-64.07881211636689, 52.5037743730834], [-64.07922658268865, 52.50401607888533], [-64.0793848672873, 52.50415452159514], [-64.0797834807998, 52.50437567144824], [-64.08000755414898, 52.50444792348935], [-64.08055730547841, 52.504640623051735], [-64.08081236603833, 52.50468687898204], [-64.08122754501254, 52.50482072062652], [-64.08175038235711, 52.50492757825043], [-64.0817895943868, 52.50495048215052], [-64.08205318366325, 52.505035478089574], [-64.08242700074506, 52.505207409934755], [-64.08247349336173, 52.50521213676262], [-64.0825823949415, 52.50524207327047], [-64.08265448931543, 52.50527563568858], [-64.0828029983842, 52.505318376365715], [-64.08298442552575, 52.50537172844493], [-64.0833054818674, 52.50552667337118], [-64.08333145770281, 52.50554537514196], [-64.08386021501995, 52.505674671564975], [-64.08418114108575, 52.505742118495014], [-64.08438549330499, 52.50580796420624], [-64.08450173371361, 52.50581970920246], [-64.08505811878909, 52.50601452184011], [-64.08534225987377, 52.50608556857676], [-64.08571717898884, 52.506227018736325], [-64.08604200406296, 52.5062802802657], [-64.08689237399396, 52.50636916812899], [-64.0871627851525, 52.506358623477325], [-64.08726244112415, 52.5063701726856], [-64.08767723396973, 52.50651419373456], [-64.08813259720317, 52.50628031114715], [-64.0885162441303, 52.50600271101123], [-64.08860802944729, 52.50595511062629], [-64.08869118729307, 52.505868769195196], [-64.0887705317949, 52.50579662957884], [-64.08887718810335, 52.50561498555122], [-64.08889802469474, 52.5053182320126], [-64.08892289540123, 52.50509473602476], [-64.08883919121962, 52.504831107517454], [-64.08878542549829, 52.504659472826766], [-64.08868444679858, 52.50450347427461], [-64.08864874917948, 52.50447652691675], [-64.08847312073756, 52.50362771793753], [-64.08832144616552, 52.50321878178059], [-64.08810812811596, 52.50257908766424], [-64.08801264059075, 52.50145262744552], [-64.0879833994179, 52.500795040264556], [-64.08798333134922, 52.50025022613401], [-64.0880068293444, 52.500154925333646], [-64.08797873797921, 52.50001050922303], [-64.08797589197339, 52.49990626966412], [-64.08798185700842, 52.49974522497414], [-64.08797771611957, 52.49958442780761], [-64.08805234717845, 52.49945926496141], [-64.08809061010842, 52.499142440752316], [-64.08816378163579, 52.49887282005357], [-64.08816188315666, 52.498651024101605], [-64.08822069212778, 52.49832017749795], [-64.08818378261415, 52.49823626477353], [-64.08818400689178, 52.49813857963239], [-64.08828603431496, 52.49799147949457], [-64.08832507959144, 52.49792691058081], [-64.08834694912154, 52.49778482536945], [-64.08839208508502, 52.49764500883096], [-64.08843462924891, 52.49757641750005], [-64.08844109216822, 52.49749103636106], [-64.08846083477601, 52.497224783100236], [-64.08851029991544, 52.497148124959104], [-64.08859168445474, 52.49692748420319], [-64.08860547898031, 52.49682391383567], [-64.08862858594276, 52.496738828993216], [-64.08865207766466, 52.496643470924404], [-64.08875948673305, 52.496441459652836], [-64.08875976871367, 52.49634382055603], [-64.08886421388078, 52.496223167739196], [-64.08889514734675, 52.49619716048162], [-64.08891429185427, 52.49603872613718], [-64.0889698467517, 52.49588687884876], [-64.0890193091813, 52.495810220763815], [-64.08906553543069, 52.49563996976722], [-64.08905754004833, 52.495493365012585], [-64.0890790722597, 52.495361425110445], [-64.08906762847897, 52.494488476225364], [-64.08915487143962, 52.49429027383123], [-64.08916080154881, 52.49385496922782], [-64.08911754657687, 52.493671272912486], [-64.08917424617832, 52.493488921128304], [-64.08913145160241, 52.49338253833898], [-64.0890933958708, 52.493329132553676], [-64.08904705071407, 52.49313927840003], [-64.08927904174988, 52.49262772721236], [-64.08924494915703, 52.49237496668514], [-64.08923626936196, 52.49224867562016], [-64.08919621579844, 52.49215861922373], [-64.08918601814794, 52.49207302499994], [-64.08922917174303, 52.49143886823545], [-64.08924770120143, 52.49138827611737], [-64.08926075104031, 52.491305032117204], [-64.08929597570547, 52.49106952661501], [-64.0893318121258, 52.4909113199081], [-64.08937815853561, 52.49082852826976], [-64.08930457032308, 52.4905630243044], [-64.08937118683322, 52.49029131936442], [-64.0894977667368, 52.490018372414106], [-64.08949264427483, 52.48943032403118], [-64.089515003089, 52.489092864339156], [-64.08946732826229, 52.488846073702014], [-64.08957289949394, 52.48869491779245], [-64.0896064383596, 52.488597780171936], [-64.08960851302095, 52.488176672911514], [-64.08962909351166, 52.48797758194194], [-64.0896851517549, 52.487903037361846], [-64.0897217958692, 52.487811976261014], [-64.0898306561432, 52.487569319921526], [-64.08983622477639, 52.487416774973234], [-64.08984418467001, 52.487290781694824], [-64.08992446745359, 52.48710061497653], [-64.08998529730631, 52.48689392089571], [-64.08999906654412, 52.48679037691221], [-64.09003389754106, 52.4867501673436], [-64.09006119295783, 52.486640668699955], [-64.09005985922414, 52.48649616732011], [-64.09019948857714, 52.48614001421647], [-64.09037844273251, 52.485894216510054], [-64.09041945398629, 52.48586632275934], [-64.09043397995664, 52.48574243100805], [-64.09054719824702, 52.485562884292584], [-64.09066172692299, 52.48525522198081], [-64.09074861082632, 52.48506722582175], [-64.09076165532342, 52.48498398316237], [-64.09094824138629, 52.48470981771776], [-64.09101896763303, 52.484598871777955], [-64.09102816275754, 52.48452981927138], [-64.09104392851947, 52.48446292582792], [-64.09108913447507, 52.48441061607413], [-64.09110804737912, 52.48434986795845], [-64.0911598237657, 52.484299717235764], [-64.09120545714649, 52.48423726175113], [-64.09125018045555, 52.48410766426192], [-64.09126213316877, 52.48405491382873], [-64.09143920505392, 52.48385997929096], [-64.09156518068252, 52.48369482552998], [-64.09157818696067, 52.48361163020104], [-64.09159434048955, 52.48353458017518], [-64.09164144885203, 52.483431417863024], [-64.09182047823029, 52.48327312186734], [-64.0918737877335, 52.48318230973071], [-64.09192635757019, 52.4831118219141], [-64.09210068143528, 52.482900561312356], [-64.09213472888919, 52.48288066481566], [-64.09231680569205, 52.48264106945252], [-64.09236776157, 52.48252377513301], [-64.09241605425916, 52.48247762289979], [-64.09251310527611, 52.48237518372003], [-64.09256293232316, 52.482288370318], [-64.09264513640996, 52.482134866516795], [-64.09271818692078, 52.48205042585526], [-64.0929064942827, 52.481637975806365], [-64.09300783419114, 52.481326020149524], [-64.09318674838816, 52.48108022105894], [-64.09330528568373, 52.48084586991684], [-64.09340605927024, 52.48064176233624], [-64.0934474308046, 52.480603676680445], [-64.09376968774887, 52.480172670197845], [-64.0938244446, 52.480041175026955], [-64.09388668552164, 52.47997897987386], [-64.09388120366846, 52.47994632930841], [-64.09392554266738, 52.479826865313285], [-64.0939757337133, 52.4797299188551], [-64.09410978815689, 52.47952626201843], [-64.09414420200284, 52.479496232042834], [-64.09420521282503, 52.47937701620618], [-64.09427959004876, 52.47916441468257], [-64.0943653864978, 52.47882176575078], [-64.09450798817956, 52.4786568824862], [-64.09464823574429, 52.47846551737367], [-64.09469260926369, 52.47834606455657], [-64.09472960026318, 52.478244813150546], [-64.09478173403492, 52.47818452853713], [-64.09481655236216, 52.47814431837562], [-64.09483963203259, 52.4780591786831], [-64.09503204467993, 52.477807481683], [-64.09512055219194, 52.477481124074956], [-64.09515807225226, 52.47745722802244], [-64.09517774901052, 52.47737610928643], [-64.09525115513394, 52.47728153506122], [-64.09531140097529, 52.477182608800554], [-64.09545671600388, 52.47703407367941], [-64.09571034730851, 52.47656551601887], [-64.09586508391975, 52.47625020327113], [-64.09597015158076, 52.47610921544983], [-64.09600452239198, 52.47607917416848], [-64.09602108785614, 52.47599192157117], [-64.0960708988731, 52.47590510810268], [-64.09612069167002, 52.475818318182874], [-64.09631194216438, 52.47559712437775], [-64.09634182869199, 52.475416475925066], [-64.09637772905015, 52.47534577422487], [-64.09655150124443, 52.4750572253044], [-64.0965535451599, 52.47490870799602], [-64.0965789936713, 52.47485008466753], [-64.0966372300108, 52.47471456760477], [-64.09674895516058, 52.47457573669051], [-64.0968666553087, 52.47436166424023], [-64.09697258408602, 52.473830066598715], [-64.09698618305414, 52.473639014817095], [-64.09708495188919, 52.47339827026752], [-64.09719182931178, 52.473206467447326], [-64.09730389448944, 52.473057411078386], [-64.09732919287315, 52.472911277260216], [-64.09733927551989, 52.47272427194409], [-64.09734759296362, 52.47258806900894], [-64.0973407507945, 52.47222586442408], [-64.0973631056216, 52.47216108389208], [-64.0973638977458, 52.47195563013636], [-64.0973190784789, 52.471812574327814], [-64.09725277468229, 52.47152886745801], [-64.09723552253588, 52.47136387031015], [-64.09721854233676, 52.47118868393764], [-64.09716370076997, 52.471047561310684], [-64.09710339946449, 52.4708738818077], [-64.0970253985667, 52.47054525826854], [-64.09700501963073, 52.47018897659086], [-64.09694326270046, 52.470055862963136], [-64.09689153221181, 52.469920874548535], [-64.0967997070592, 52.46942326918831], [-64.09677103009345, 52.469203166573834], [-64.09681485489288, 52.469006420801996], [-64.0968530843027, 52.46896222475539], [-64.09684826852356, 52.46882176426884], [-64.0968634836099, 52.46867751971655], [-64.09691289581838, 52.46860086394854], [-64.09694330602714, 52.46849751413628], [-64.09705493507975, 52.468358663426756], [-64.09706619836616, 52.468141168332714], [-64.09710826885207, 52.46808272459614], [-64.0971692526525, 52.46796351098139], [-64.09718798260356, 52.467815278893276], [-64.09723078890347, 52.4677365117096], [-64.09730954253456, 52.46740191651275], [-64.09740148494969, 52.46707156801186], [-64.09743555437565, 52.467051681687714], [-64.09748811028489, 52.466981170821654], [-64.0976359165244, 52.46648882743616], [-64.09765204834378, 52.46641172221931], [-64.09768714535988, 52.46636135785534], [-64.09769345474257, 52.466188509519256], [-64.09775402848001, 52.466079475953975], [-64.09786864559018, 52.465859261307614], [-64.09793398010517, 52.46561806247585], [-64.09796186993802, 52.465585919484354], [-64.0980024992169, 52.46538301952747], [-64.09804917400001, 52.46464721029591], [-64.09812589497163, 52.46446110669896], [-64.09814189596318, 52.464296527972635], [-64.09809423274835, 52.4640497119792], [-64.09793736304982, 52.46332541089158], [-64.09793395929394, 52.463144318946554], [-64.09798435677737, 52.46294971108205], [-64.0979825326436, 52.462815411961685], [-64.09801103520715, 52.462305166279386], [-64.09796356041592, 52.462145812414256], [-64.0978957992044, 52.4619028182466], [-64.0978756370857, 52.46144890549732], [-64.09778935573159, 52.461256524514646], [-64.0977439985101, 52.461221315019245], [-64.09766667527376, 52.46105752576112], [-64.09766652677713, 52.46097001818066], [-64.09761285986637, 52.460798431900564], [-64.09755692875314, 52.46068782734856], [-64.09754784429505, 52.460571762722914], [-64.09742630866442, 52.460342261499804], [-64.09731538639495, 52.46000305516303], [-64.09724377107123, 52.4597742749203], [-64.09721405223516, 52.45958467954696], [-64.0972105611873, 52.459130959260115], [-64.09718113529308, 52.458931209833274], [-64.09717260254018, 52.458892415192835], [-64.09718634270295, 52.4587888786938], [-64.0972190774009, 52.45871197736504], [-64.09729194685497, 52.45854006682732], [-64.09738469417444, 52.45846197542983], [-64.09741680673176, 52.45822031989993], [-64.09751874835487, 52.458073157149926], [-64.0975399354851, 52.45803890517358], [-64.09757270974443, 52.45750433256638], [-64.09754510300269, 52.45743882307361], [-64.09765807720207, 52.45652902090386], [-64.09765250615239, 52.45640891187289], [-64.09768047669904, 52.456279121670036], [-64.09761565263256, 52.45613991474619], [-64.09760378971241, 52.45600751662733], [-64.09759153963047, 52.45588527444086], [-64.09759372687488, 52.45582427164629], [-64.09754242088803, 52.4556791678084], [-64.09755161815487, 52.45515241779858], [-64.09750702222696, 52.45509686256876], [-64.09747945450452, 52.45484625624657], [-64.09740838031333, 52.4546947715804], [-64.09738675651151, 52.45446662153325], [-64.09735475842672, 52.45433803321875], [-64.09712913897958, 52.45413150970351], [-64.09708221230126, 52.45404950920059], [-64.0970612132391, 52.45398616970466], [-64.0969560841854, 52.453854570545694], [-64.0968505864156, 52.45373310359812], [-64.09659058680235, 52.453556665966644], [-64.09650287697671, 52.45340496807567], [-64.09634716516533, 52.45329301542991], [-64.09619249878554, 52.45315050414303], [-64.09581848381212, 52.452813803429954], [-64.09527115001254, 52.452482976180136], [-64.09492490824127, 52.4522992638002], [-64.09474168994267, 52.452209259735845], [-64.09457425757407, 52.45205237869305], [-64.09440275344748, 52.452007323786944], [-64.0941021945144, 52.45184867571982], [-64.09390894335088, 52.45176062637756], [-64.09384423907343, 52.451708855065014], [-64.09352197279101, 52.45150716469218], [-64.09333095686836, 52.45135812343914], [-64.09314741743904, 52.45127831807445], [-64.09304248298677, 52.451234173988404], [-64.09270925324296, 52.45096720921167], [-64.09274973866358, 52.4508619790762], [-64.09249398959724, 52.45066115370276], [-64.09248566110914, 52.450524769624465], [-64.0924240490161, 52.45047915484026], [-64.09230766297726, 52.45029245790876], [-64.09220203526812, 52.450083506247154], [-64.09218481151836, 52.44991846047923], [-64.09209873783865, 52.449813562417475], [-64.09206695345586, 52.449772466375286], [-64.09192420403093, 52.449577275619845], [-64.0917900352865, 52.44942080814292], [-64.09173926268149, 52.44935301855441], [-64.09173103110314, 52.44930407045161], [-64.09152450590567, 52.448851665690505], [-64.09136465922543, 52.44857895745386], [-64.09126069201758, 52.44841687671034], [-64.09113364327699, 52.44806725882635], [-64.09107959562144, 52.447905820261525], [-64.09093377023666, 52.44770447199323], [-64.09089863719434, 52.447482268387944], [-64.09084730812646, 52.447337119249944], [-64.09071699650337, 52.44716646288745], [-64.09062623635397, 52.44700860565633], [-64.09057084587182, 52.44697531566699], [-64.09038409771435, 52.44680192688834], [-64.09037588637047, 52.44675295549473], [-64.09027431214054, 52.446617306904585], [-64.09021494567666, 52.446510701338326], [-64.09002049034315, 52.4463656545372], [-64.08998710292619, 52.44627775678452], [-64.08989793776483, 52.4461667243423], [-64.08970026738642, 52.44592801611085], [-64.08941474638634, 52.44572272464569], [-64.08932720934823, 52.44565846975387], [-64.08907739250715, 52.4454801074686], [-64.08905221480094, 52.445441122858995], [-64.0887032903191, 52.445241058807966], [-64.0885201607972, 52.44515111472376], [-64.08819148326482, 52.44503476880887], [-64.08770624933526, 52.44473926667922], [-64.08720524868735, 52.444510671162234], [-64.08700894219571, 52.44441641908453], [-64.08670005626217, 52.44430642812941], [-64.08589489641153, 52.44402082788852], [-64.08554455800773, 52.44386146707138], [-64.08532697622758, 52.44380151975795], [-64.08515135917791, 52.44378081633876], [-64.08462753731236, 52.44353966842679], [-64.08421459959263, 52.443452607278196], [-64.08394134942546, 52.44336957607718], [-64.08331244154262, 52.44318194999984], [-64.08296418592825, 52.44314666053891], [-64.08264141563946, 52.44305270833015], [-64.08211585641136, 52.44294990854949], [-64.08197000555394, 52.44293367590976], [-64.08143253233398, 52.442883568659624], [-64.08107308956522, 52.44288067046477], [-64.08083475920708, 52.44284487468296], [-64.08023932565267, 52.44283259849936], [-64.07972498891762, 52.44269742383164], [-64.07956124063848, 52.44262396985563], [-64.07921106311855, 52.442552009625246], [-64.07906898675114, 52.44252156304787], [-64.07850591116889, 52.44247523131664], [-64.07836649423926, 52.442253618324955], [-64.07807302609264, 52.44208681650837], [-64.07790385895825, 52.441980723263526], [-64.07774548424744, 52.44192382637863], [-64.0774799734713, 52.44182841086237], [-64.07728649189349, 52.44175045253487], [-64.077060700753, 52.44155411758282], [-64.07675759841092, 52.441379053302995], [-64.07635580093029, 52.441172178229095], [-64.0761268944273, 52.44096967305436], [-64.07588023260344, 52.4407974045351], [-64.07540671564527, 52.44045932018533], [-64.0750707482758, 52.44027360501972], [-64.07493442158388, 52.440178166683225], [-64.07479728959854, 52.44001555858306], [-64.07467877925704, 52.43988987065819], [-64.07449792998405, 52.43973890386163], [-64.07441663610919, 52.439686905593476], [-64.07425597703974, 52.439619625026275], [-64.0738619479195, 52.43938431911967], [-64.073683833743, 52.43924967500407], [-64.07332842936916, 52.43895997026149], [-64.07313710440269, 52.43873356176265], [-64.07300108846586, 52.43854046415289], [-64.0729789770524, 52.438507623036266], [-64.07291507121916, 52.43843551917414], [-64.07286742751431, 52.438373822058615], [-64.07284137307789, 52.43826766660315], [-64.07283283316266, 52.438228919395335], [-64.07265661362251, 52.438043359498955], [-64.07260659938011, 52.43795523031955], [-64.07249811878417, 52.43782761029242], [-64.0723605792384, 52.43758769923762], [-64.0722443461511, 52.43740096335944], [-64.07223749570893, 52.43734686662334], [-64.07223147389229, 52.437299115382565], [-64.07193127546383, 52.436955264444926], [-64.0716012380104, 52.43651943259243], [-64.07152607131782, 52.43639225739464], [-64.07148078742401, 52.43635707355586], [-64.07128476065556, 52.43607771794661], [-64.07118215815758, 52.435972566077496], [-64.07090419341449, 52.43574903234311], [-64.07042224180611, 52.4353721251682], [-64.07017104206588, 52.43523441262704], [-64.06981422964955, 52.4350728554459], [-64.06959754853634, 52.43499257746959], [-64.06929386263668, 52.43492525897636], [-64.06919791142109, 52.434909708472574], [-64.06889527942403, 52.4348119720071], [-64.06873470404177, 52.43474461324518], [-64.06856988523481, 52.43470165466352], [-64.06836484457713, 52.4346662554637], [-64.06817408734254, 52.43460461816748], [-64.0679210421837, 52.43451770919446], [-64.06762129841687, 52.43452375769439], [-64.06744603258403, 52.43449287137355], [-64.06714318545383, 52.43449272627429], [-64.06699273260902, 52.434511028527055], [-64.06686750191034, 52.434529362380424], [-64.06651084341807, 52.43458162409714], [-64.06645438284161, 52.43457880988744], [-64.06603820069216, 52.43458321173854], [-64.06594112224406, 52.43459811110506], [-64.06567967991126, 52.43464735844406], [-64.06505956910634, 52.434585864098324], [-64.06451730829484, 52.43458035616285], [-64.06431883271703, 52.434547109412385], [-64.0639610130574, 52.43450352069603], [-64.0636349539706, 52.43450101010587], [-64.06328218672688, 52.43450016392641], [-64.06302308838956, 52.434575860085154], [-64.06260380564024, 52.43457411393122], [-64.06199139143635, 52.43448425094783], [-64.06181187953726, 52.43447769718766], [-64.06145324453901, 52.43436697833725], [-64.06123848769273, 52.43423582750318], [-64.0607572809279, 52.434198574369674], [-64.06053771353116, 52.43392696483972], [-64.06050983026316, 52.43387167421901], [-64.0603945286584, 52.43383957274975], [-64.06032061738388, 52.43376935677042], [-64.06019953143401, 52.43371480779522], [-64.06006179250338, 52.43366000514558], [-64.06001689848762, 52.43361462697445], [-64.05974676731464, 52.43345015738948], [-64.05966659823402, 52.433280229860216], [-64.05949897145993, 52.43313342161729], [-64.05943623389338, 52.43303085796132], [-64.05942377310349, 52.43291882009869], [-64.05936140941995, 52.43271861199441], [-64.05944288432946, 52.432585477666954], [-64.05955226004507, 52.43250766852617], [-64.05954877793464, 52.43242421090208], [-64.05965123446185, 52.4323544070301], [-64.05984756677103, 52.432176122061904], [-64.05976199599921, 52.43206101312817], [-64.05983305580277, 52.4319399628862], [-64.05987466489064, 52.43180421875551], [-64.05980970131161, 52.43176262988248], [-64.05981245397753, 52.431331426931486], [-64.05973002717882, 52.43130991804934], [-64.0586805980208, 52.43053856470808], [-64.05840737562858, 52.43028052809303], [-64.05830393297131, 52.43010822259164], [-64.05819096647033, 52.430015085586646], [-64.05797928729488, 52.429890076561776], [-64.05742188088199, 52.429756217966094], [-64.05711620040644, 52.42947731363825], [-64.05638172845981, 52.42945076074268], [-64.05632017412577, 52.429405150944206], [-64.05602082729968, 52.429400999996], [-64.05589244686489, 52.42936466476088], [-64.05554788767977, 52.429412705915624], [-64.05520631948964, 52.429379451406], [-64.05503660332245, 52.429381156355106], [-64.05456620723172, 52.42923421871268], [-64.0543766728092, 52.4291420577741], [-64.05404754284588, 52.42913340629468], [-64.05385025821269, 52.42906960624604], [-64.05363014417682, 52.42899325882769], [-64.05317602873569, 52.428856701011576], [-64.05301704313399, 52.428748712058095], [-64.05268630722877, 52.428605757265075], [-64.05235821910539, 52.42847916147881], [-64.05226922792778, 52.42845556735286], [-64.05179728551695, 52.4281743297343], [-64.05125486830215, 52.42781885015863], [-64.05090271823676, 52.42744780810254], [-64.05090353454557, 52.42742747483505], [-64.05078203951312, 52.42729557174232], [-64.05062376787156, 52.42716721335898], [-64.05047171323613, 52.42705115834611], [-64.05045320139013, 52.42701431521581], [-64.05036305194878, 52.426933707178435], [-64.0501386218356, 52.426706812261045], [-64.0500693427087, 52.426602107157336], [-64.0498975441629, 52.42647966184646], [-64.04982278808448, 52.426254810107515], [-64.049754291491, 52.42612981882856], [-64.04967343811967, 52.4260676139406], [-64.04940108547268, 52.42578921288297], [-64.04936974489185, 52.42573791734254], [-64.0493673695042, 52.42571145119881], [-64.04930624687222, 52.42565565940495], [-64.0491297808593, 52.42539281537667], [-64.04900368184815, 52.42529547573999], [-64.04887598476546, 52.425151267659786], [-64.04870530352262, 52.4249957773438], [-64.04856068978637, 52.424864058632906], [-64.04849067518687, 52.42477965005995], [-64.04837727693481, 52.42460926543817], [-64.04824337208277, 52.424452811358336], [-64.04819922659652, 52.424299610508385], [-64.0480634397328, 52.42419396313887], [-64.04802436749905, 52.42417106294667], [-64.0478970596414, 52.42401672292552], [-64.04776558945046, 52.42388672200277], [-64.04776743754574, 52.423748417128174], [-64.04788601473676, 52.42351411130965], [-64.04788364266312, 52.423400158271086], [-64.04789556316764, 52.423259971227566], [-64.04797595539803, 52.423157370287], [-64.04809962157074, 52.422965854364065], [-64.0481242947074, 52.422752610982656], [-64.04806076746476, 52.42258285517248], [-64.0479354435461, 52.42237770785076], [-64.04784951169802, 52.42227277065432], [-64.04783518324116, 52.42221150688034], [-64.04766687461458, 52.42199759966435], [-64.04757093369014, 52.42180710361222], [-64.04754298547955, 52.42166432641233], [-64.04742336905854, 52.421394117698156], [-64.04728024885482, 52.42113176137389], [-64.04726197445319, 52.42099725674692], [-64.04722132986679, 52.4209275232461], [-64.0471136750289, 52.420604626214775], [-64.04705402057432, 52.42033325688986], [-64.04696819062241, 52.42022831806568], [-64.04694717326554, 52.41990256485029], [-64.04657507947375, 52.419622707663976], [-64.04647949098697, 52.41942201176671], [-64.04636651492696, 52.41924141493316], [-64.04620329867527, 52.41907032006984], [-64.0459008338741, 52.41888500084237], [-64.04563583694393, 52.418588367990715], [-64.04552907028234, 52.418507501906944], [-64.04540452510565, 52.41836946147068], [-64.04517480982419, 52.41819742199325], [-64.0449895544077, 52.41808091926477], [-64.04472627326768, 52.418006016721804], [-64.04434652386398, 52.41784202090857], [-64.0439892150966, 52.41770070351149], [-64.04376767858899, 52.417665012513396], [-64.04353141207694, 52.417665755681746], [-64.04321592434873, 52.41756367177543], [-64.04295062174842, 52.41745209911498], [-64.04276656389833, 52.41739255647418], [-64.04260492107619, 52.417268255126814], [-64.04233387070906, 52.41713426833788], [-64.04139847747568, 52.41662066858968], [-64.04133738056258, 52.416564873596506], [-64.04126814319636, 52.41646016573539], [-64.04116487044938, 52.416375299305884], [-64.04105966909847, 52.416253823705446], [-64.04092283778384, 52.41617860791794], [-64.04061543469724, 52.41603800383421], [-64.04015838500551, 52.41589530684882], [-64.04010271619735, 52.41587210044693], [-64.03968669798684, 52.41570146259383], [-64.03946707142921, 52.41561495726564], [-64.03943496858652, 52.41558400373929], [-64.03917053301709, 52.41545212416331], [-64.03856387480754, 52.41513232232744], [-64.03843238592204, 52.41508981039976], [-64.03837284032232, 52.415080811917456], [-64.03813392103548, 52.414977768838504], [-64.03794755380486, 52.41489176354775], [-64.03784854929981, 52.414870015843775], [-64.03744218946008, 52.4146201703452], [-64.03728136983754, 52.414562956009846], [-64.03702117406603, 52.41440672074429], [-64.03641343642366, 52.41411736907197], [-64.03602793315392, 52.41393085187222], [-64.03598613033301, 52.413891671263684], [-64.03569734325944, 52.41370045886598], [-64.03519085197324, 52.41337186892043], [-64.03510428113148, 52.4132872076759], [-64.03500179808708, 52.413182016144034], [-64.03468557648564, 52.413012755620514], [-64.03419376796457, 52.41264782277166], [-64.03384655331007, 52.41241710899741], [-64.0337541671424, 52.412310070105946], [-64.03365328567999, 52.41225166270583], [-64.03334363027459, 52.41208450269357], [-64.03328835657491, 52.41205116209891], [-64.03320871315287, 52.41195849649008], [-64.03284532941733, 52.41171741324033], [-64.03229328534866, 52.41136380186121], [-64.03211621022194, 52.41120871994544], [-64.03188350001231, 52.411030461873], [-64.03168905620952, 52.41080801522477], [-64.03146559708685, 52.41064826589962], [-64.03136087829444, 52.41060401783501], [-64.03120237549747, 52.41048585955429], [-64.03029588239737, 52.409657306465625], [-64.03006081431353, 52.40936510888447], [-64.02999551566481, 52.409333658377015], [-64.02998662035233, 52.409305065181556], [-64.02978986660715, 52.409143598112905], [-64.02972147552111, 52.40910601265041], [-64.02952507193751, 52.40893440346392], [-64.02927966885797, 52.40876994314946], [-64.0292429258841, 52.40874531483549], [-64.02909951737642, 52.40866801681708], [-64.02865540688532, 52.40836470353238], [-64.02865271638245, 52.40834835641593], [-64.02855915781036, 52.40827175327654], [-64.02838480201949, 52.40813301351829], [-64.02810148125528, 52.40788692530556], [-64.0280412269726, 52.40781081554113], [-64.02798905653923, 52.40778360737853], [-64.0276288279576, 52.40746117324476], [-64.0270459678662, 52.40687116790272], [-64.02682450817585, 52.40657306582026], [-64.02668659543552, 52.40644090582354], [-64.02647394415513, 52.40625886819276], [-64.02592013178965, 52.405781068769855], [-64.02581374883762, 52.40565681173694], [-64.02570682615904, 52.40553191227587], [-64.02556691200692, 52.40536314449604], [-64.02520829997862, 52.40473766757081], [-64.02510052656842, 52.40451237427706], [-64.02502210881573, 52.40421426842862], [-64.02497533539673, 52.40413220186987], [-64.02488998061081, 52.40375471075274], [-64.02446992821189, 52.40064476378504], [-64.02425279301093, 52.400234854990345], [-64.02412183068833, 52.40000722328312], [-64.02404416503518, 52.39977625916765], [-64.02403531406536, 52.39966020884012], [-64.02406625178901, 52.399546770758484], [-64.02422704190698, 52.399254117027695], [-64.02425797628744, 52.399140620944344], [-64.0242985543962, 52.39903542239487], [-64.02442997289009, 52.398903071762895], [-64.02453398681858, 52.398705214456534], [-64.02454252524284, 52.398569070365674], [-64.02459970153754, 52.39846412006063], [-64.02462796901175, 52.398334370012776], [-64.02476206972071, 52.398218307888676], [-64.02482620051624, 52.39810530827902], [-64.02519296411448, 52.39781766277212], [-64.02536684820096, 52.39770421179036], [-64.02560685351943, 52.397601857951415], [-64.02612315549212, 52.39749124713927], [-64.02659966793097, 52.39737802259325], [-64.02685275685226, 52.39736736630362], [-64.02733115293772, 52.39737826066069], [-64.02751279016613, 52.39741135015112], [-64.02769245568587, 52.39740784452937], [-64.02787946973838, 52.397473568543234], [-64.02825352791248, 52.39769245997636], [-64.02860745438663, 52.397740209554], [-64.02875241968992, 52.39777685563973], [-64.02909752405887, 52.397883466659145], [-64.02924706701086, 52.39788562157858], [-64.02943099907378, 52.39785771676632], [-64.02963773489293, 52.39784236276339], [-64.03000642050263, 52.397853711585874], [-64.03041762019762, 52.39788396836869], [-64.03061079223232, 52.39787451228554], [-64.03070429368998, 52.39786360872867], [-64.0309234026257, 52.39778535705487], [-64.03107141011446, 52.39774071360295], [-64.03127620526297, 52.39768871451569], [-64.03140369200754, 52.397657962199474], [-64.03151504216417, 52.39761685430899], [-64.03169897132987, 52.39758894550689], [-64.03209700926386, 52.39752745031478], [-64.03239186468966, 52.39746860911685], [-64.03326828053257, 52.39741800187086], [-64.03353525972312, 52.3973913112476], [-64.03395377067974, 52.397315847861734], [-64.03422541333376, 52.397254605239155], [-64.03439039677116, 52.39720001532484], [-64.03454888342672, 52.39714325057163], [-64.03493877896422, 52.39694540079698], [-64.03524554516379, 52.396746365905514], [-64.03535565382991, 52.39664824802389], [-64.03542021890237, 52.396612567156296], [-64.03562921803024, 52.39644871924887], [-64.03584597392576, 52.39625651325284], [-64.03590548075863, 52.39617802160808], [-64.03593480862918, 52.39610520766494], [-64.03610678682061, 52.39595511975666], [-64.03645137992936, 52.39554710060252], [-64.03659627705152, 52.39549625713958], [-64.03669245296173, 52.39541420368735], [-64.03690144277552, 52.3952504118759], [-64.03700616179576, 52.395119716291354], [-64.03718310891925, 52.3948374683786], [-64.03719891040632, 52.39477056605782], [-64.03728817729711, 52.394609117143546], [-64.0373380151314, 52.3945223524011], [-64.03735653525526, 52.39438431673539], [-64.03739206317587, 52.39432374785407], [-64.03741049846852, 52.393835855359825], [-64.0374367208941, 52.39340707274826], [-64.03739997690593, 52.393148210638685], [-64.03745631603311, 52.39297616487766], [-64.03749148621827, 52.392838305328866], [-64.03744046937503, 52.392693222165825], [-64.03748025947006, 52.39260837356757], [-64.03741995925347, 52.392444771508785], [-64.03740906365584, 52.392117150648545], [-64.03734954330385, 52.39202072024978], [-64.03723392985457, 52.3917363625348], [-64.03718793241704, 52.39163402050361], [-64.03712802896675, 52.39154772032539], [-64.03704414739762, 52.391391969406264], [-64.03703918704797, 52.391349216113554], [-64.0370209620267, 52.391214721403585], [-64.03662602813749, 52.3907575462685], [-64.03644711594704, 52.390478419578216], [-64.03630412456192, 52.39039097090734], [-64.03617699168315, 52.39023660825936], [-64.03600425922464, 52.39005720471666], [-64.03593547501053, 52.390029802669176], [-64.03586518623709, 52.38995555890231], [-64.03580757782676, 52.38989575812471], [-64.03578592567257, 52.38985270201379], [-64.03573492561443, 52.389795050625445], [-64.03529368324652, 52.38942067366205], [-64.03504791133976, 52.38923814616117], [-64.03487252425954, 52.38912991902906], [-64.03461522938147, 52.38890249911513], [-64.03453482659357, 52.38883020618396], [-64.03434661222103, 52.38870754920695], [-64.03421643896776, 52.388547061633304], [-64.03404407245253, 52.388444945603915], [-64.03385785931226, 52.38835891612809], [-64.03373886802031, 52.38825346079528], [-64.03333317734406, 52.387993454062695], [-64.03319717132324, 52.38781049774306], [-64.03315505248924, 52.3877814600853], [-64.03309362726971, 52.38773579504097], [-64.03285216297002, 52.38752901834632], [-64.03268838859134, 52.38737821284066], [-64.03262656104555, 52.38734270117739], [-64.03255891766533, 52.387284814288094], [-64.03227956347234, 52.38693710341895], [-64.03190057509211, 52.38658800430964], [-64.03183721632752, 52.38650575614275], [-64.03154170116679, 52.38623510848012], [-64.03145439348698, 52.38617081612423], [-64.03121794049493, 52.38591931202647], [-64.03107653823328, 52.385703767252664], [-64.03088452947986, 52.38550781155427], [-64.03064387336288, 52.38536811967534], [-64.03015867040749, 52.38501541889085], [-64.02990137381981, 52.38478800257355], [-64.02967306110338, 52.384585463219146], [-64.02946757774143, 52.38448291515341], [-64.02927596700127, 52.38427676914092], [-64.02896805530725, 52.38406896277965], [-64.0287811422831, 52.38400325431459], [-64.02839293148165, 52.38372317207777], [-64.02825965994275, 52.38364396375939], [-64.02819324090358, 52.38355555615837], [-64.02816812577883, 52.38351655288561], [-64.02806151207463, 52.38343571172058], [-64.02765861588311, 52.38319200890864], [-64.0274682355119, 52.38295539998257], [-64.02741410731272, 52.38289156571958], [-64.02716847250439, 52.38270906863962], [-64.02694831248887, 52.38246794605295], [-64.02693019014026, 52.38242090455316], [-64.02677951898876, 52.38227434780089], [-64.02674053981309, 52.38225145343803], [-64.02663236484888, 52.38212380642575], [-64.0264160854585, 52.38178101229735], [-64.0263782248677, 52.38172760102574], [-64.02608549407732, 52.38121090734156], [-64.02583596848096, 52.380867711189005], [-64.0255980920698, 52.380569357683925], [-64.02532696126426, 52.38027054385371], [-64.02528020043944, 52.38018856479241], [-64.02523310889313, 52.380116703038155], [-64.02517440935927, 52.37999995133562], [-64.02510763660418, 52.37992170707292], [-64.02504965416223, 52.379872055444096], [-64.02483840802975, 52.379572116311934], [-64.024169939421, 52.378799807190106], [-64.02410660720817, 52.37871749811296], [-64.02400117564561, 52.37860620650747], [-64.02383820737232, 52.37834759938974], [-64.02379110271924, 52.37827576090126], [-64.02376643713103, 52.37822655680817], [-64.02372700160106, 52.37812636448096], [-64.02345710158943, 52.377797111589274], [-64.02333355703077, 52.37755125730833], [-64.02333551017556, 52.37741300616957], [-64.02317761245934, 52.37702225883004], [-64.02324020598084, 52.37686245068184], [-64.02311977561826, 52.37662276577928], [-64.0231240700996, 52.376248614095545], [-64.02306695183398, 52.37582881697812], [-64.02139210977059, 52.3716839136954], [-64.02133337850289, 52.37147959786034], [-64.0210115113718, 52.371035697352674], [-64.02074198587344, 52.37078369563572], [-64.01952807365339, 52.36985520510855], [-64.01936520855166, 52.369771506586545], [-64.0193473747462, 52.36971430297526], [-64.019185301388, 52.369610205538976], [-64.01854447928403, 52.36899090366338], [-64.01816218383449, 52.36873319533623], [-64.01807961547782, 52.368634406492646], [-64.01782559280048, 52.368500600604825], [-64.01782021085397, 52.368467991233395], [-64.01750438218572, 52.36821119471016], [-64.0172829054405, 52.36792331560636], [-64.01723500499341, 52.367784287456466], [-64.01710920759868, 52.36759949991737], [-64.01697198759065, 52.367019899604855], [-64.01690868975471, 52.366937588985245], [-64.01687710360824, 52.36672159450893], [-64.01680070001811, 52.36663509760915], [-64.01673590459806, 52.36641859346131], [-64.01664468888133, 52.36636849985716], [-64.01662932096158, 52.36625029726388], [-64.01644557811355, 52.36601579733823], [-64.0160210225571, 52.365651696450904], [-64.01594229491322, 52.36562620765836], [-64.01593770732623, 52.36557320006498], [-64.01581410061154, 52.365502289985024], [-64.01568759680201, 52.36533780622868], [-64.01551151482069, 52.36524979069068], [-64.0152568043674, 52.364961412052516], [-64.01516570682861, 52.36491129233807], [-64.0151425790898, 52.36482150169236], [-64.01504611846721, 52.364738691137255], [-64.01503610157742, 52.364653203152216], [-64.01496580604103, 52.36457901035314], [-64.01493729509244, 52.364456494465955], [-64.0148670949645, 52.36438230014605], [-64.01484472272462, 52.36427210024402], [-64.01456000775494, 52.363727094136216], [-64.01441098730862, 52.36362729526605], [-64.01380032308354, 52.36343949587901], [-64.01303449062812, 52.362964810405515], [-64.01287748728961, 52.36290345456281], [-64.01256969907922, 52.3627832127908], [-64.01213579793999, 52.362662992672476], [-64.01113741175683, 52.36253471360044], [-64.01029958433097, 52.362551107905375], [-64.00958780469205, 52.362402590536405], [-64.00913759915274, 52.36235949666068], [-64.00869901692543, 52.36236130131185], [-64.00852369697074, 52.36242791041953], [-64.00820480608716, 52.362427308605774], [-64.00807430675344, 52.36236439025489], [-64.00802661385194, 52.36205049909981], [-64.0079232070177, 52.36197581152224], [-64.00641920292122, 52.36169378754777], [-64.0062951879745, 52.36129328785542], [-64.00627340430736, 52.36126859530619], [-64.00593869446621, 52.36088949867271], [-64.0058407074945, 52.3606724906085], [-64.00577672275662, 52.36061059480434], [-64.00557830251468, 52.360587406980606], [-64.00541069993974, 52.36062561239774], [-64.0049225964936, 52.3608789061241], [-64.00465161247068, 52.360842396404024], [-64.00461438602208, 52.36094360602884], [-64.00449930325374, 52.360998908006934], [-64.00434111231468, 52.360968090361354], [-64.00405740074086, 52.36081199922799], [-64.00388570792695, 52.36071749320695], [-64.0035613877636, 52.36068430382987], [-64.00350188300094, 52.360699055194246], [-64.00311201001216, 52.360795701441965], [-64.00256567640197, 52.3613491007137], [-64.00222899449749, 52.36129139162875], [-64.0016235200053, 52.361486001836504], [-64.00115008920302, 52.36170278665658], [-64.00093220952918, 52.36183791128982], [-64.00096300537749, 52.36189938805664], [-64.0015097954901, 52.36185038628977], [-64.00183710290176, 52.361977188226916], [-64.00287899123958, 52.362696010017395], [-64.00376361100976, 52.363188803911584], [-64.00400819396098, 52.363391709469106], [-64.00426750330355, 52.363558098652035], [-64.00461340812885, 52.36372180459258], [-64.00609042543785, 52.36401569415042], [-64.0064447975643, 52.364130610061366], [-64.0067565935553, 52.36431410313333], [-64.00724359413466, 52.36478080254097], [-64.00741489082138, 52.36499071009155], [-64.00772907760545, 52.36511320353435], [-64.00811370178484, 52.365135112686104], [-64.00842709074863, 52.36527788624267], [-64.00861239713412, 52.36547169578283], [-64.00893488027893, 52.365895403298694], [-64.0092212823046, 52.36605000083765], [-64.00995641794478, 52.36628839309217], [-64.01053619841261, 52.366589708805996], [-64.01124251129275, 52.367230314162946], [-64.01139370196712, 52.367443997204454], [-64.0115417997358, 52.36791389028599], [-64.01169311002074, 52.368127606372454], [-64.01200038509393, 52.36825819380998], [-64.01226669834611, 52.36841659927203], [-64.01202719982841, 52.3685961865141], [-64.01163568351369, 52.368582395920676], [-64.01128668845443, 52.36850009341262], [-64.01098709249966, 52.36834120976886], [-64.01084969154171, 52.368111397222115], [-64.0106521068851, 52.36789299207715], [-64.01032711445735, 52.36770519447824], [-64.009993616878, 52.36756619343123], [-64.0094284048988, 52.367228603082005], [-64.00920299669474, 52.36704229323776], [-64.0081931034443, 52.366694091137624], [-64.00758171487469, 52.36635170856066], [-64.00743119734415, 52.36611769436392], [-64.0071727108547, 52.36593090096502], [-64.00684451724491, 52.365824501690916], [-64.00649250982623, 52.365648589323655], [-64.00536287852262, 52.365302706476534], [-64.00377469436458, 52.36496251143496], [-64.00350140835513, 52.36481211085511], [-64.00314628879717, 52.364717396195864], [-64.00272409009477, 52.36446720023579], [-64.00254578996996, 52.36426531023681], [-64.00243480425449, 52.36404410726322], [-64.00212140391055, 52.363901188982034], [-64.0017653833773, 52.363826893055894], [-64.00097088122091, 52.363754401024714], [-64.00061499267176, 52.36367999457783], [-64.00031871199378, 52.363439814717424], [-63.999999978182366, 52.36331300113197], [-63.99978217799169, 52.363224601292224], [-63.998851295443885, 52.3627270113278], [-63.99809391498918, 52.36255330344999], [-63.997322293286516, 52.36189118743961], [-63.99705608787847, 52.361732804788375], [-63.99606948902979, 52.36147438917633], [-63.99549830218016, 52.36129929325837], [-63.99342130678168, 52.36037821599591], [-63.99255308790215, 52.359949205609674], [-63.99226749198649, 52.3598081055764], [-63.99117540334255, 52.35936100933647], [-63.990368112359974, 52.35910920301168], [-63.989377194414544, 52.3586229074643], [-63.988981988679654, 52.35853569705228], [-63.98821459747076, 52.358451311510876], [-63.98742340970225, 52.35829731274115], [-63.98738359997371, 52.35795510095157], [-63.98729409953617, 52.35786431456696], [-63.9865970107221, 52.35785411477821], [-63.98652681526005, 52.35777979910659], [-63.985174017722194, 52.35720679859985], [-63.984491012728085, 52.357005601880665], [-63.984038515069265, 52.35702329000036], [-63.98327400373395, 52.3565280891703], [-63.98303250798427, 52.356418802026596], [-63.982328580316285, 52.356241706018906], [-63.982147282513424, 52.35612100275733], [-63.98123059511902, 52.35578211077664], [-63.980347708459156, 52.354918990483455], [-63.97988688919895, 52.35481059785468], [-63.9794475950154, 52.35483259487129], [-63.97920728937636, 52.355032402686895], [-63.978777893484704, 52.35513999101993], [-63.978246758605216, 52.35514336403623], [-63.977814374061396, 52.35514610608589], [-63.97734399806356, 52.355281492737205], [-63.97709058044858, 52.35547710478461], [-63.97703860844808, 52.35561460390213], [-63.977102996598674, 52.356006109377525], [-63.97684788174149, 52.35624229652608], [-63.97635048979411, 52.35638949650066], [-63.975971105409016, 52.35657511152668], [-63.97556078536436, 52.356874109690374], [-63.975283984412094, 52.35715480274086], [-63.97456380281296, 52.35755900625867], [-63.97415420364349, 52.35783769619947], [-63.973997921691485, 52.358095693337454], [-63.97319307291579, 52.35828720516252], [-63.972171686797466, 52.35824358906729], [-63.97157279658456, 52.35810050802349], [-63.97109329859194, 52.3581299904416], [-63.97078159689732, 52.3584507926605], [-63.97050271506639, 52.3581131074187], [-63.96982979946751, 52.3578224955291], [-63.96980579663481, 52.357423507770235], [-63.96941571928387, 52.35703950517712], [-63.969239019207166, 52.35697179842708], [-63.968933314872146, 52.35697539544321], [-63.96876538624726, 52.35718841071341], [-63.96849198788245, 52.3572129070481], [-63.96819490117747, 52.35716781297925], [-63.96791831136544, 52.35727348995183], [-63.9674527050973, 52.35728691349547], [-63.96728429769581, 52.35734540751975], [-63.96721361669131, 52.35762099078624], [-63.96669580418446, 52.35744250619616], [-63.96610968183993, 52.35733654041682], [-63.96591089779266, 52.35730059202726], [-63.9656209808752, 52.35707260177187], [-63.96481329181784, 52.35666609377381], [-63.96395189769324, 52.3561082119806], [-63.963145597975306, 52.35583589321333], [-63.962843275202914, 52.35558320365552], [-63.96161550167443, 52.35488571047287], [-63.961494514981666, 52.35475369673332], [-63.95886021748007, 52.35317680628303], [-63.9582912088532, 52.352785989639465], [-63.95754671364445, 52.352132204141384], [-63.95721250052585, 52.35168381214285], [-63.956347394525274, 52.3507232072336], [-63.95548250358258, 52.35009201229291], [-63.95489722131319, 52.34977809763881], [-63.95371778260338, 52.349374100086685], [-63.95325829848719, 52.3490702127731], [-63.95273460619515, 52.34887938965774], [-63.95270301047743, 52.3488381942011], [-63.95240760482994, 52.34875239091851], [-63.951515506367514, 52.348637407313944], [-63.950137784386484, 52.34853939060355], [-63.94959690722313, 52.348445888234394], [-63.949101106332115, 52.348222793245235], [-63.94886179978879, 52.34822740640859], [-63.948442187211484, 52.34842039340259], [-63.947892524974854, 52.348379428788064], [-63.94741578540948, 52.34834390065416], [-63.94695800790996, 52.347999390497606], [-63.94633511278966, 52.347632110848494], [-63.946141279931155, 52.347661702101426], [-63.94580500618083, 52.34826278831119], [-63.945481006275806, 52.34855891200779], [-63.94472660545739, 52.34865330227256], [-63.94411691233661, 52.34861970945301], [-63.94332608076337, 52.34846540285538], [-63.942802402194324, 52.34827440281588], [-63.942181984378024, 52.34784609435062], [-63.9412879027267, 52.34695810475744], [-63.94127799118184, 52.34687251050946], [-63.94071088907531, 52.34611149316063], [-63.939520601789354, 52.345157996345016], [-63.939205986137864, 52.344947190508705], [-63.938893305865015, 52.344737714476736], [-63.93819810394109, 52.34435698799471], [-63.93775312304954, 52.34419159245913], [-63.93748889515667, 52.3439924011152], [-63.936652294801846, 52.34365840663927], [-63.935857090727126, 52.343121595203], [-63.935407701581966, 52.34290330984851], [-63.93523517637203, 52.34273390487758], [-63.935296817079646, 52.34153900232538], [-63.935217298131924, 52.3415338049222], [-63.935007103372755, 52.341640403015575], [-63.93423970977463, 52.34238939069177], [-63.933910707183074, 52.34247790898612], [-63.93351158455325, 52.342492206743714], [-63.93241618487776, 52.34232100786087], [-63.93194948312644, 52.34220009909201], [-63.93141489782189, 52.342118695202544], [-63.92986219369327, 52.342087000830894], [-63.92865560902679, 52.34219880214106], [-63.92815010809973, 52.34221949302941], [-63.92726668313898, 52.34238509894711], [-63.926705777906776, 52.342624603282815], [-63.92638008924309, 52.34263190793056], [-63.926253994388865, 52.34246719931243], [-63.92620460885056, 52.341884802966185], [-63.926076782837654, 52.341760899491796], [-63.92582359470833, 52.341781402526514], [-63.92534910420179, 52.342018214490466], [-63.92516309588643, 52.34201950273707], [-63.924784306106176, 52.341700513683584], [-63.924494201052255, 52.3416472112594], [-63.923968596546956, 52.34167179590627], [-63.923317506115424, 52.341840806440544], [-63.92274928685584, 52.341933806930065], [-63.92224371176494, 52.34195450502553], [-63.92188979001951, 52.34183930953791], [-63.92161648570647, 52.34186359982007], [-63.921168816652994, 52.34222377129227], [-63.921115309498184, 52.342266811011356], [-63.92073830915987, 52.34239110934931], [-63.920728886584534, 52.34246018702843], [-63.92104159963056, 52.34293269256737], [-63.921028891987376, 52.34308300575084], [-63.92087308700062, 52.34332060942827], [-63.920103015879405, 52.343800997403086], [-63.91956988319738, 52.344008405281805], [-63.9191290051394, 52.344070799566026], [-63.918537776138365, 52.34407400714337], [-63.917633692022314, 52.34393401078099], [-63.9173591923229, 52.343824011493126], [-63.91707578204585, 52.34360819228433], [-63.91688998971914, 52.343279905411755], [-63.91636928759943, 52.343182494399], [-63.91617739957339, 52.34284188569283], [-63.915816193430636, 52.34258009369927], [-63.91569390925669, 52.342159311678714], [-63.915129508877996, 52.34199611604136], [-63.91495131109316, 52.34196889111481], [-63.91494089491151, 52.34157420227482], [-63.914790617378465, 52.34151499999093], [-63.913562802669915, 52.341496108279564], [-63.91285859005526, 52.34133879485422], [-63.91289067355565, 52.34120510592477], [-63.91306958143465, 52.34099901634462], [-63.913183389279965, 52.340867905927574], [-63.913116722717135, 52.340712297385195], [-63.912865694776954, 52.34051729151094], [-63.912621175084865, 52.34048910389638], [-63.9123916814368, 52.340579206190974], [-63.91238778576201, 52.34083540654162], [-63.91236678743044, 52.34085958723751], [-63.91219961649933, 52.341052090932976], [-63.9114871929507, 52.34109811000492], [-63.910269708194534, 52.340989915498646], [-63.9100329858046, 52.3409333089019], [-63.90974098425053, 52.34076610618442], [-63.9091740141163, 52.340179790782194], [-63.90882444260572, 52.33956915982459], [-63.9087465137589, 52.33943300673202], [-63.90858328986596, 52.338555907172605], [-63.907858294228966, 52.33793869736343], [-63.907415489742675, 52.33740310793895], [-63.90732658860875, 52.336982807725924], [-63.907509997226235, 52.33655850239007], [-63.90751310980988, 52.33632259614594], [-63.90658491091745, 52.33531991379725], [-63.90617591233464, 52.33412589364954], [-63.90611978049989, 52.33403560133383], [-63.905796390228986, 52.33382720521924], [-63.90544870556416, 52.33372419613828], [-63.904985083906276, 52.33369669826263], [-63.90464220683674, 52.33380118859904], [-63.9041077030928, 52.33420379848624], [-63.90364320354508, 52.334196597579336], [-63.90335331874185, 52.33414330500964], [-63.90252780632986, 52.33339029297813], [-63.90170369466356, 52.332926011416944], [-63.900891299861605, 52.332661198533366], [-63.89873990713054, 52.33138331212255], [-63.89775169216243, 52.330875787426066], [-63.8975707767583, 52.330755003746376], [-63.89724718911583, 52.33039199579956], [-63.89711287795166, 52.329946599700385], [-63.89696499205824, 52.32967180958276], [-63.89662890855076, 52.329129699571645], [-63.896589692040195, 52.32863279117159], [-63.89669340993939, 52.32853280927245], [-63.89712188283141, 52.32844590587849], [-63.897205310103836, 52.32819501232517], [-63.897031416689686, 52.32806620062991], [-63.89636379216852, 52.328157490410966], [-63.89623698065401, 52.32801319458794], [-63.89608059179187, 52.32794158929953], [-63.89571491307331, 52.327956299188855], [-63.895635179013844, 52.327796404068565], [-63.89539939920839, 52.32771951078221], [-63.89326691417911, 52.327755496000286], [-63.89198009082175, 52.32772730660717], [-63.891520008547744, 52.327618493439765], [-63.890465001337525, 52.32728480976767], [-63.889438994976544, 52.32705321019585], [-63.8889406227006, 52.327065694273344], [-63.88873898107744, 52.32712359913666], [-63.888713894412405, 52.327249293250766], [-63.8888669180232, 52.32740219815341], [-63.88881829428729, 52.32761289185935], [-63.88845868588576, 52.32763980557503], [-63.88816897402617, 52.3277411059966], [-63.88804240543346, 52.327751293674986], [-63.886785682404096, 52.327320899497415], [-63.88582132372162, 52.326728198011544], [-63.88498379422849, 52.32643450179933], [-63.884114200191696, 52.32627441374928], [-63.88403029763421, 52.32621619372167], [-63.883899977379116, 52.32599850503927], [-63.883880396097176, 52.32567290258413], [-63.8841245995946, 52.32554649001962], [-63.884706694081345, 52.32543770918406], [-63.884775425500635, 52.32522319406103], [-63.88457619323726, 52.32506550615669], [-63.88404699263791, 52.32486200601004], [-63.883617412373546, 52.3248145955885], [-63.88348389845286, 52.324832792215425], [-63.88330071900455, 52.324927592061165], [-63.883344790388804, 52.325302492688635], [-63.88353808548432, 52.325602400171384], [-63.88352080218762, 52.32569979904173], [-63.883089579171546, 52.325693000638914], [-63.88283292092554, 52.3256401935305], [-63.88199710873252, 52.3253058128892], [-63.88175779848048, 52.3251555922551], [-63.881116221047044, 52.32510080030229], [-63.88015849058675, 52.32498409460962], [-63.8784314909599, 52.32453389093976], [-63.87733998366116, 52.32412629525015], [-63.87517378986713, 52.32350543638319], [-63.874742480301755, 52.32338179633252], [-63.87407798327355, 52.32308250844765], [-63.87361860273617, 52.322798698349914], [-63.873006392962594, 52.32248962072988], [-63.872695610815136, 52.32233269628096], [-63.87230188782922, 52.322224796482715], [-63.87165420886623, 52.3221576015837], [-63.87031969263748, 52.32216499769905], [-63.869477180827474, 52.32183849738161], [-63.868771701920004, 52.3215670987157], [-63.86762558358033, 52.321357796440395], [-63.86661471017665, 52.32108959957294], [-63.86417109060464, 52.320168298893556], [-63.86350500074128, 52.31990959541367], [-63.861448417566145, 52.319258806899875], [-63.86128161912133, 52.31912189118882], [-63.86103900457792, 52.31905299287213], [-63.860658491522884, 52.31910390787294], [-63.86054940852938, 52.319171308786565], [-63.860512881302974, 52.31940659497318], [-63.860355900118684, 52.319509901917115], [-63.85967450183097, 52.31977149251705], [-63.85962840718586, 52.32007589336465], [-63.858901414470274, 52.320157796166754], [-63.85800088505842, 52.32042009023206], [-63.857312501184346, 52.32068979494617], [-63.85715586868666, 52.3206923793858], [-63.856561878875134, 52.320702204022254], [-63.85417559388554, 52.32031439712654], [-63.85388758407039, 52.32037489247001], [-63.85326371213902, 52.32068629741633], [-63.85334838054181, 52.32087880169106], [-63.8532525089964, 52.3209505039879], [-63.853062197575696, 52.32089858623225], [-63.85297399448258, 52.320787392469384], [-63.852842986208486, 52.32074458881283], [-63.85212390470104, 52.32079821032547], [-63.85169889281819, 52.320958212001], [-63.851625722747386, 52.321119693409436], [-63.85164589827048, 52.3214251008185], [-63.85208859802019, 52.321940613269994], [-63.85220049809982, 52.3224305136478], [-63.8519963139331, 52.32254919115716], [-63.851889899202156, 52.32271020507899], [-63.85163339225013, 52.32281190508358], [-63.85146590238693, 52.32315900348246], [-63.851496615431856, 52.323375100077506], [-63.851454704420696, 52.323423188285425], [-63.85128711328017, 52.32346119888057], [-63.85097981676456, 52.32335059540492], [-63.850428215690854, 52.32336609177083], [-63.850086990172045, 52.32342979628871], [-63.849901992958564, 52.323565186248494], [-63.84969607771824, 52.32387910578636], [-63.84906590079226, 52.323869088418185], [-63.8479425952996, 52.323903991620426], [-63.84780210923865, 52.32393021255592], [-63.847534190932656, 52.324141504768775], [-63.847508916877544, 52.32426720021683], [-63.8473150870755, 52.324296593903824], [-63.84709340449608, 52.324203613079625], [-63.84680452474357, 52.324284297393675], [-63.84670069677564, 52.32438440238383], [-63.846538291063524, 52.32445500823799], [-63.846088800380414, 52.32441121152765], [-63.84590291559302, 52.32456679161487], [-63.84554330793494, 52.32459361450004], [-63.84536352298143, 52.32445239321139], [-63.845078890856726, 52.32443160179627], [-63.84479880000394, 52.324618296348525], [-63.84434659798095, 52.324635397832004], [-63.84415380424995, 52.32479909057362], [-63.84385349496955, 52.32483491110661], [-63.841798685166076, 52.3242976021588], [-63.83944541111646, 52.32329170363377], [-63.838870206358585, 52.32292859234558], [-63.8383988945793, 52.3227745966729], [-63.83753390543391, 52.322358007025976], [-63.83727098643956, 52.32217131202597], [-63.83707661032823, 52.322033316317444], [-63.83662097863415, 52.32182260656228], [-63.836215089763314, 52.32153539643298], [-63.83531700487966, 52.32111831501832], [-63.83475228097041, 52.321129497214116], [-63.83440580568102, 52.32085140415289], [-63.8342487110142, 52.32080011259442], [-63.83279999656069, 52.320687212481175], [-63.83199530914867, 52.320413893726524], [-63.83178841366296, 52.320438991000465], [-63.83112248950432, 52.320798388445375], [-63.83069458114605, 52.320824107385384], [-63.83053691593516, 52.32083359171889], [-63.82816479617289, 52.320274605651065], [-63.827653331602896, 52.320073029647986], [-63.82693781640158, 52.319791000097275], [-63.82523168024332, 52.31918169831674], [-63.825119185426374, 52.31917579768864], [-63.82512259437358, 52.31924910766598], [-63.825435023142866, 52.319546994208515], [-63.82557873269199, 52.3198006638174], [-63.825700179006766, 52.320015008269], [-63.82605711137854, 52.32035841552713], [-63.826908784061956, 52.32077080845155], [-63.82747511676267, 52.321182701307336], [-63.82851360288238, 52.32203740628401], [-63.82899171250975, 52.32264709524394], [-63.82908417972105, 52.322965902790266], [-63.82943150903573, 52.32322370255834], [-63.829777079794944, 52.3238312027578], [-63.83027371371194, 52.32432330013646], [-63.83072579367237, 52.32461530322424], [-63.83179581474824, 52.32551119148657], [-63.83259439405485, 52.325926789573366], [-63.83327089780176, 52.32640549846446], [-63.83423722624075, 52.32693759481127], [-63.83459418437515, 52.3272810045334], [-63.83471198763976, 52.32747410679788], [-63.8354216881494, 52.32826240595349], [-63.83557010734602, 52.32913531555011], [-63.835275885742284, 52.32980159909095], [-63.835356223845054, 52.32978669924346], [-63.835580582465425, 52.32997330701351], [-63.83559979952766, 52.33014449721309], [-63.83519118170802, 52.33053649672037], [-63.8345906162574, 52.33091729439814], [-63.834549494044204, 52.331099687022004], [-63.834271877095006, 52.33137990085929], [-63.834002999881925, 52.331920593823746], [-63.833672100104906, 52.332049500002434], [-63.83365120233504, 52.33222808774441], [-63.83354029771679, 52.33233620574346], [-63.832510104117965, 52.33266940746672], [-63.8322386171019, 52.332807294881455], [-63.831768009253636, 52.33325121365999], [-63.831776689509596, 52.33335709496663], [-63.83179811175249, 52.333380605117625], [-63.83240431897556, 52.3340465032512], [-63.83389808411635, 52.334359499143], [-63.83408409704533, 52.33435838547264], [-63.83478429878456, 52.33413379808862], [-63.835904493979555, 52.33387120366617], [-63.83683339913732, 52.333886105722385], [-63.83741570415932, 52.333932096040186], [-63.836381986923115, 52.33403750645701], [-63.83598129044056, 52.33409208924862], [-63.83534308027196, 52.334264798647226], [-63.83482179874873, 52.33449639282808], [-63.83379598893701, 52.33457339320535], [-63.83204369767175, 52.33424819498095], [-63.83190141038016, 52.3341604911849], [-63.831700704549476, 52.33388871088931], [-63.83153918953268, 52.333784391624185], [-63.831274006151766, 52.333697794480265], [-63.83117249463198, 52.33366461146629], [-63.83063638130774, 52.33362340069754], [-63.82977560949473, 52.33387799341923], [-63.82905438941786, 52.3339719927158], [-63.82900638917468, 52.33400789831049], [-63.82907969279913, 52.33431011201146], [-63.82899150491377, 52.33435338987591], [-63.82865360305151, 52.334335703041006], [-63.82849381709307, 52.33449989559089], [-63.8280310947788, 52.33445170602872], [-63.82649461816783, 52.334052591552215], [-63.826009185985804, 52.33375999252221], [-63.825612814460186, 52.33371289916249], [-63.824972014431374, 52.333791999681125], [-63.824543396659315, 52.33372400537568], [-63.82333250571473, 52.33331800084768], [-63.82189389736712, 52.33296098676234], [-63.81948798514507, 52.332555809710165], [-63.81862909059427, 52.33215138790258], [-63.81843880897635, 52.33209941604857], [-63.81755440954614, 52.332129807350725], [-63.8156224877809, 52.33197219176714], [-63.81454779524082, 52.33195060359792], [-63.81276851385347, 52.33210049349865], [-63.812687196980775, 52.33229030073086], [-63.81259811756721, 52.332353993748335], [-63.81237900777001, 52.33235439986927], [-63.81164401772461, 52.33215530682989], [-63.81090199313092, 52.33211880660651], [-63.81053888796131, 52.331917608911205], [-63.81004911022489, 52.33203570083373], [-63.8093244984756, 52.33205630739417], [-63.80821589452771, 52.33174529641271], [-63.8059446917456, 52.33130128869023], [-63.80518351191051, 52.33124819714456], [-63.80448850556203, 52.33135058845292], [-63.80421610886212, 52.331354290508244], [-63.802553197015115, 52.33111949968866], [-63.80140199885786, 52.33087691284896], [-63.79999249386783, 52.33046720107106], [-63.79967231349312, 52.33019760850591], [-63.79907521727884, 52.330187692396144], [-63.798913788973344, 52.33008340509149], [-63.79880119212052, 52.33007751163317], [-63.798481485397886, 52.33025120221784], [-63.798158398513266, 52.33035160212799], [-63.79769220552959, 52.330384587813256], [-63.797461110180734, 52.33020589452225], [-63.797155093264564, 52.32976559557096], [-63.79686369849906, 52.32959809231913], [-63.796509313334866, 52.3295027992323], [-63.79543820054448, 52.32955419671786], [-63.79494420519969, 52.329464688752466], [-63.794525994379946, 52.329461899305045], [-63.79352709428687, 52.329681307458735], [-63.7929166122105, 52.32997630485039], [-63.792983488922694, 52.330266190461884], [-63.79270738431529, 52.33050570117294], [-63.79271349842443, 52.33127050394736], [-63.79293158029451, 52.331444900342575], [-63.79349981399229, 52.331507200919816], [-63.79357049967193, 52.331561188314474], [-63.793526690063395, 52.331649985288315], [-63.79307971021535, 52.33169960699899], [-63.79296421231488, 52.331909211845236], [-63.792737204620636, 52.331938003240225], [-63.79274060598971, 52.33201118848797], [-63.792861785976235, 52.33212308885476], [-63.79283300127686, 52.33217549464897], [-63.792271507674606, 52.33225968945427], [-63.79210908770402, 52.33233030312827], [-63.79150331555463, 52.33221449500796], [-63.79098060312882, 52.3320227972688], [-63.789413193041675, 52.33158189455115], [-63.788748303675774, 52.331302506032536], [-63.787545597930425, 52.33102219020511], [-63.78583729732496, 52.330916585190884], [-63.78485518086846, 52.330904297858744], [-63.784554187460515, 52.330805798838654], [-63.78441038518047, 52.33060409270087], [-63.784105888882706, 52.33043219975289], [-63.783571815729836, 52.33035010705135], [-63.78314590581083, 52.33022100539915], [-63.782774923043206, 52.330202596148084], [-63.78054810709806, 52.33011270486822], [-63.77811320584842, 52.329624701691095], [-63.77705712538783, 52.3294849947174], [-63.77697948999455, 52.32943900396026], [-63.77692490311362, 52.329173695578376], [-63.77731728752359, 52.328858893929], [-63.77732638508342, 52.32865570786112], [-63.77718692076423, 52.32850689992638], [-63.77703078936537, 52.32843518449818], [-63.77644697264192, 52.32838262710322], [-63.77603229674187, 52.328345296627134], [-63.77525920041773, 52.328112709317104], [-63.77414719252655, 52.32803718583037], [-63.77350840495548, 52.32792069798631], [-63.77299800926295, 52.32775361540958], [-63.77297570034906, 52.32750911382634], [-63.77284060395844, 52.3274133112611], [-63.77262848241855, 52.32740570782445], [-63.7717580026382, 52.328017610731784], [-63.77153528477601, 52.3280992044641], [-63.77097457058914, 52.32811623602743], [-63.77058461403591, 52.3281281116832], [-63.77034540654153, 52.328132197127175], [-63.770282926888264, 52.328087543557466], [-63.770158902471444, 52.32799890935976], [-63.76921047276855, 52.327917533497924], [-63.76892208105042, 52.32789279557573], [-63.76811901580024, 52.32788740674133], [-63.76737307906851, 52.327643102701074], [-63.767207499300724, 52.32748569658804], [-63.766044292776584, 52.32677471150932], [-63.76571020403824, 52.32667551109537], [-63.76495150051426, 52.32671570558292], [-63.764478895570726, 52.32644738861849], [-63.76411338126238, 52.326307003799], [-63.76390680262141, 52.326177390717504], [-63.763821303403034, 52.32615970955992], [-63.7634374867665, 52.32598240632661], [-63.7627754126061, 52.325796410142445], [-63.76230799599431, 52.325560702224635], [-63.761999405334244, 52.32533590911912], [-63.761910792070566, 52.325090387636166], [-63.761833199371125, 52.325044304594286], [-63.76176109417106, 52.32487630069089], [-63.76175159461178, 52.32434740335508], [-63.76157969558418, 52.32433229180773], [-63.76008868769576, 52.32353430401541], [-63.75993011545291, 52.32336890541126], [-63.75931220299636, 52.32293959461673], [-63.75869140258429, 52.32257119614304], [-63.75838929628813, 52.32220399936336], [-63.75811908162992, 52.32201240734336], [-63.75760979222518, 52.321824811417976], [-63.75678888165261, 52.32162790420457], [-63.75642991345312, 52.32134530868917], [-63.75541730770607, 52.32098239487024], [-63.75378689672935, 52.320190212905096], [-63.75336311478206, 52.320020309732314], [-63.75293691983383, 52.31975679293151], [-63.75277230867209, 52.319579102503496], [-63.75242028936936, 52.31928840885026], [-63.751458418134476, 52.318983396973806], [-63.751238705388786, 52.31884949789747], [-63.7511499017561, 52.318758506789294], [-63.750942379335804, 52.31864920736633], [-63.75056730487232, 52.31857778829453], [-63.74987880124786, 52.31853760390312], [-63.749347389231005, 52.31810559810365], [-63.748957391302945, 52.318070508326166], [-63.74882511174542, 52.31791370725541], [-63.74868211796387, 52.31784619437072], [-63.74831310204732, 52.31778709719461], [-63.748018092622694, 52.31741189354929], [-63.747942684568656, 52.31717059653612], [-63.74775301004124, 52.31696400780496], [-63.747341383951536, 52.31681879951561], [-63.74685559320656, 52.31670070222084], [-63.746662679870255, 52.31670960671064], [-63.74630441634066, 52.31656119135259], [-63.74618507988114, 52.31640859750456], [-63.74601789922156, 52.316291901007105], [-63.745663795704296, 52.3161963911732], [-63.745432011475295, 52.31603790248262], [-63.745357188684615, 52.31593089695257], [-63.745278896120055, 52.315461799569995], [-63.74505750336526, 52.31536848724809], [-63.744579207418596, 52.31537670274585], [-63.744486214690056, 52.3152326956206], [-63.74470039726391, 52.31504519990024], [-63.74478069914373, 52.31503030161535], [-63.74513831956186, 52.31475569450136], [-63.74517108392402, 52.31469639722472], [-63.74522509532821, 52.314598602688974], [-63.7453135881972, 52.31366859999289], [-63.74533740973671, 52.31358360218274], [-63.74589050597526, 52.313239112852884], [-63.745944992657044, 52.31306110226014], [-63.74584588068756, 52.3129048033232], [-63.74586359902344, 52.31280748809045], [-63.74591870811004, 52.31276369843215], [-63.746436999052754, 52.31274809258866], [-63.7466849062174, 52.31269539981758], [-63.74697489540273, 52.312594591608814], [-63.74715918719248, 52.31247970231063], [-63.74729977816458, 52.312453698788694], [-63.747786599605625, 52.31210808907434], [-63.74796061006894, 52.31192799782202], [-63.74800060796683, 52.311631694108954], [-63.747869591648445, 52.31130000492042], [-63.747712972196275, 52.311094005490304], [-63.74736718710137, 52.310815595797315], [-63.74715981231054, 52.31070629011674], [-63.74700891861559, 52.310667197813274], [-63.746906108558164, 52.31059219321821], [-63.74590851270947, 52.31034751149639], [-63.74592969756465, 52.310293305855524], [-63.74631470810041, 52.3098523872236], [-63.74588210986294, 52.309318005818774], [-63.74618509566413, 52.30922140942268], [-63.74636239686795, 52.309114585750116], [-63.74666448611154, 52.309038391894745], [-63.74735281866972, 52.309078596483346], [-63.747931919160166, 52.309185995437055], [-63.748311190109874, 52.30931039637379], [-63.74843402030511, 52.30938169508575], [-63.74855270601902, 52.30939988957785], [-63.74871289020143, 52.30952470094215], [-63.74888990406899, 52.30957240353608], [-63.75117800983587, 52.309013298002064], [-63.75188890053275, 52.308699989272014], [-63.75229650569791, 52.30863769386148], [-63.75306940047359, 52.3087158960669], [-63.75381029189961, 52.309062008781055], [-63.75437270313375, 52.3092463982534], [-63.75490919500403, 52.309267597075035], [-63.755569888849884, 52.30918529702377], [-63.7560824062418, 52.308559396126164], [-63.75629381990584, 52.30843280160633], [-63.7568348954407, 52.308352503247704], [-63.75747791666429, 52.30836740204381], [-63.757892205630405, 52.30845171419821], [-63.75838036430166, 52.308634200807624], [-63.75856439054579, 52.30870299893605], [-63.75902462416576, 52.308946694385675], [-63.759326295766556, 52.309025007801694], [-63.75949909217762, 52.30901979869088], [-63.759908801266846, 52.308762307879064], [-63.76081339255763, 52.308863003698185], [-63.761381013468856, 52.30908000638559], [-63.761717391523966, 52.309272684831235], [-63.76242549672256, 52.309463602249046], [-63.76254169779858, 52.30938830035713], [-63.76290422045489, 52.30881899168997], [-63.763041384845835, 52.30860359201223], [-63.762724394534565, 52.308272805835806], [-63.76369740575323, 52.30817941145513], [-63.763751781804906, 52.30800130151657], [-63.76391598800103, 52.3078902073068], [-63.76443950369347, 52.307907196142786], [-63.764795386831665, 52.30796190080443], [-63.766669803107, 52.30878249071285], [-63.767568401031006, 52.309314210423516], [-63.76880130469899, 52.309790414539314], [-63.76957278240956, 52.31019790464252], [-63.769952997823246, 52.31030190423961], [-63.771927992403455, 52.311103708330116], [-63.77441858719242, 52.31254858998529], [-63.775277494306444, 52.31293310042996], [-63.775892685034755, 52.313239078925626], [-63.77630990265242, 52.313446600180775], [-63.777987200797, 52.313934193128404], [-63.7783491954379, 52.314001203786646], [-63.77945378155034, 52.3140846988835], [-63.780502711530595, 52.31407781383664], [-63.780467300153774, 52.31382910829083], [-63.78164697431826, 52.31386500331202], [-63.781552918309195, 52.3137415049846], [-63.78135330070363, 52.31360388935096], [-63.78125771436708, 52.313366399054345], [-63.78142980002961, 52.31322690917656], [-63.781649006816764, 52.31307190745093], [-63.78156590985762, 52.31254991499238], [-63.78115200330344, 52.312156595127604], [-63.78125818501634, 52.31170690559247], [-63.781771799669364, 52.3113493945211], [-63.78203550030814, 52.31123989647973], [-63.782972814604705, 52.3110521046943], [-63.78403220010416, 52.310955895300985], [-63.78400558811521, 52.31065849191749], [-63.78412181289289, 52.310616884898174], [-63.78420111198292, 52.310588514072286], [-63.7849573856933, 52.31074348870428], [-63.78527751873827, 52.31085860198724], [-63.78653877924932, 52.31114799938516], [-63.78701590022764, 52.311314609375195], [-63.78746321653516, 52.31155380415566], [-63.787925213627005, 52.311911306559445], [-63.78870580526456, 52.312270000739154], [-63.78945390796867, 52.312762294156784], [-63.78996228008195, 52.31296999497277], [-63.79028918843542, 52.31323170078864], [-63.79108202190853, 52.31361499720336], [-63.791637515472594, 52.313961705844584], [-63.79257597726675, 52.31435149905083], [-63.793227321158874, 52.31478119320992], [-63.79397750999328, 52.31507829902185], [-63.79473333455103, 52.31533562944191], [-63.7955598944294, 52.31561699283998], [-63.79626030598495, 52.315990502555074], [-63.79670869904631, 52.31605489646078], [-63.796579108272184, 52.31568260454677], [-63.79585229802613, 52.314702601968754], [-63.79560120846183, 52.31452760400752], [-63.79511179904752, 52.31433649527047], [-63.79509801213525, 52.314197908687284], [-63.79549360509981, 52.31395640642915], [-63.79549010115756, 52.31388311031746], [-63.79542559847448, 52.31384139467599], [-63.79512188957697, 52.31378678799076], [-63.79472760751792, 52.3137158963644], [-63.79463691375928, 52.31366559118198], [-63.79460921132058, 52.31354311417875], [-63.794943398597475, 52.313487696226254], [-63.79519041426108, 52.313503711083726], [-63.79553241383993, 52.31352590897285], [-63.79588939805169, 52.31340569797374], [-63.79671540958707, 52.31288238903387], [-63.796832592744934, 52.31263219148901], [-63.79701757697512, 52.31265150314076], [-63.79720510204029, 52.312764399952385], [-63.79762029814936, 52.31282820939638], [-63.79755889535375, 52.31226180982435], [-63.79792461674861, 52.312247490735324], [-63.798524791984136, 52.312330606150546], [-63.79844319964791, 52.311922489548316], [-63.79871568826661, 52.31160978492237], [-63.79913619879647, 52.31170621295997], [-63.79938931415305, 52.31168600822838], [-63.79937281097195, 52.31160840577389], [-63.799039721130434, 52.31133449707478], [-63.799064393648734, 52.31107458614359], [-63.79932459150871, 52.31089179459349], [-63.80039720731557, 52.31064510966476], [-63.80043210251682, 52.310604995806564], [-63.800384842896904, 52.310308866390734], [-63.80035917950904, 52.31014820492292], [-63.80138777901777, 52.31029940248529], [-63.80236051356955, 52.31051470866328], [-63.80266139742139, 52.31061320824565], [-63.803387319211026, 52.31070649908962], [-63.80394558484465, 52.31083769543992], [-63.80450445058298, 52.310855332783746], [-63.80474750841692, 52.31086300127703], [-63.80539480742363, 52.3109305891727], [-63.805582502421245, 52.31088899559438], [-63.80556191929542, 52.31044929890826], [-63.80574089236656, 52.31030179549152], [-63.806672781499636, 52.31023569558741], [-63.807117896983215, 52.31007220240451], [-63.8074877950999, 52.31011080081975], [-63.80881689791584, 52.31097860769045], [-63.80939500119931, 52.31156968968201], [-63.80979951194827, 52.31218639682707], [-63.809799417299, 52.312340999331866], [-63.80960809339432, 52.31261850930397], [-63.80977809606144, 52.31282870942884], [-63.80960538428646, 52.312834001010735], [-63.80899380232001, 52.312706091586904], [-63.8087747081678, 52.31270649138699], [-63.808692688260855, 52.31276209762268], [-63.808687888046094, 52.31287236605543], [-63.80867229743134, 52.31322959982448], [-63.808791511687936, 52.31369110791921], [-63.80931039918907, 52.314118604173935], [-63.8096914353999, 52.31436711715089], [-63.81003958849839, 52.3145941916512], [-63.810235780376686, 52.31481300096845], [-63.81073728857823, 52.315183202102546], [-63.810806207350936, 52.3152779156098], [-63.81124320014473, 52.315606292328425], [-63.811308681805805, 52.31562770835499], [-63.81140888699022, 52.31576358808714], [-63.812443292390505, 52.31669970153361], [-63.81371573333109, 52.31755309907881], [-63.81382338604313, 52.317625289696075], [-63.81469061992448, 52.318135692203136], [-63.816306414774125, 52.3189835929903], [-63.81738660338381, 52.31948121246781], [-63.81804888919871, 52.319666902506576], [-63.819639899135645, 52.319867688021944], [-63.82039559560049, 52.32004268653439], [-63.82166879892776, 52.32053119787396], [-63.82231100191325, 52.3208751985551], [-63.822742092940274, 52.32103670507783], [-63.823153264322514, 52.32104165070092], [-63.82369082398677, 52.3210480967979], [-63.823568705546336, 52.32064751140303], [-63.823669205980536, 52.320165094606736], [-63.823319417586085, 52.31965909623991], [-63.82249137723371, 52.31900710104836], [-63.821756011367455, 52.31805559311612], [-63.820930683422944, 52.317497104261356], [-63.82050850028762, 52.31697770055734], [-63.820030313490065, 52.31683170483923], [-63.81967171115641, 52.31668349711317], [-63.81932269161326, 52.316466306652494], [-63.81784558665783, 52.31578739195081], [-63.81757886680709, 52.315622806543274], [-63.81727679602302, 52.31543638975338], [-63.816832719792, 52.31527059426668], [-63.81581449216491, 52.315030311208645], [-63.81567399309611, 52.314901885545126], [-63.8152465158318, 52.314813497495265], [-63.814983113485354, 52.314614012082075], [-63.81503919744305, 52.31408619157452], [-63.81491280719397, 52.31378719927579], [-63.81461010753577, 52.3135747912307], [-63.81434229451544, 52.31347688878269], [-63.81398640583899, 52.313267703193944], [-63.813653280658, 52.312839295331734], [-63.813282614890745, 52.31251190678694], [-63.81326438589748, 52.312320409355905], [-63.813332587820355, 52.31212628542835], [-63.81326139707007, 52.31147440270195], [-63.81348570673588, 52.3113519018885], [-63.8134335788788, 52.311025702191856], [-63.8139703880961, 52.310582999016354], [-63.81422792669271, 52.310461093637095], [-63.81477329077936, 52.31043340639857], [-63.81543280593597, 52.310525489137966], [-63.81610289012103, 52.3106828983509], [-63.81644138431816, 52.31068029069399], [-63.81684978844661, 52.310597487536945], [-63.81753634928985, 52.310568696169284], [-63.817827111775884, 52.310556498570314], [-63.81782799712965, 52.31038159735574], [-63.817574172877165, 52.310113106413], [-63.81754209926643, 52.309783098455114], [-63.817731594803796, 52.309546199912354], [-63.81793227937706, 52.309508807247994], [-63.81815817950368, 52.30965489932053], [-63.81907951861389, 52.30967799247102], [-63.81946869617684, 52.30973321002149], [-63.82057039582836, 52.31034078687053], [-63.82265808080645, 52.31132250155023], [-63.8239675881475, 52.31203929163222], [-63.82428160468579, 52.31229649439914], [-63.82531538859923, 52.312943797528874], [-63.82668348228047, 52.31368990506209], [-63.82752548589637, 52.31386219959137], [-63.82840237890724, 52.31430349998513], [-63.82926282254521, 52.314667193824256], [-63.82941112269021, 52.314767197761235], [-63.829581205618354, 52.31482289159991], [-63.830404093175154, 52.31528769705871], [-63.831426809518135, 52.31573529689186], [-63.83252979953899, 52.316322606914724], [-63.833060296418395, 52.316640298484955], [-63.834385895879315, 52.31730030892616], [-63.83464941393742, 52.31734519986923], [-63.83529348278164, 52.31733930436724], [-63.83504909291328, 52.31669270398325], [-63.83497410948176, 52.316276610869885], [-63.835050006195864, 52.31605419387593], [-63.835289124056224, 52.3158952972227], [-63.8358372168649, 52.315806607320695], [-63.83573939821698, 52.31560968812416], [-63.83531530266418, 52.315131088395795], [-63.8353178928344, 52.31445191094336], [-63.835937498379444, 52.31377859101693], [-63.83595148886859, 52.31360798773973], [-63.835311014201565, 52.3129143066477], [-63.83515786080301, 52.312679333309454], [-63.83508061969099, 52.31256079274964], [-63.83462781334572, 52.31213459782462], [-63.83454838247342, 52.31197469788682], [-63.83306770090162, 52.31060450338404], [-63.83229641062614, 52.31002259496106], [-63.830288888164965, 52.30902619401323], [-63.829693891957355, 52.30866680303057], [-63.82756000688052, 52.30768050363332], [-63.82708191357261, 52.30737990950108], [-63.82669017813095, 52.30723120678073], [-63.826281918015496, 52.30715949327687], [-63.82543050528722, 52.3065924896108], [-63.8245485917248, 52.306273195209805], [-63.82420410847053, 52.30595440986187], [-63.823827514052255, 52.30585490417413], [-63.8232200136048, 52.30569440887466], [-63.822568509135344, 52.305264891002516], [-63.822123607018476, 52.305119307546], [-63.82160022095685, 52.305102701195345], [-63.821355909638974, 52.30491980884176], [-63.820924998236784, 52.30475818809503], [-63.82072700911926, 52.304734604217145], [-63.82057258910864, 52.304622290440264], [-63.820295190811265, 52.30459339759015], [-63.82026622409578, 52.30526399468514], [-63.820093284184225, 52.30557839998254], [-63.81966399613061, 52.305839901862115], [-63.81929929327558, 52.30583389166486], [-63.81894079916855, 52.30568580235175], [-63.81843130951389, 52.305653009664056], [-63.818201903147745, 52.30558830607009], [-63.817892307953706, 52.30538401512405], [-63.81663540760375, 52.30483880095132], [-63.815982117585975, 52.304449890722815], [-63.81521979585834, 52.30412829120761], [-63.81513698049036, 52.30404969541338], [-63.81346760698112, 52.303379808865735], [-63.813009799298676, 52.30307541222736], [-63.81231381484103, 52.30275490774392], [-63.811825320876764, 52.30269810069624], [-63.8117088044745, 52.30217560643525], [-63.80905967958317, 52.301762103519295], [-63.80885129880394, 52.30167329347239], [-63.80858891746101, 52.30145340669145], [-63.80836990888696, 52.301453898270125], [-63.8082267875356, 52.30154098674558], [-63.808303116150455, 52.30222559475377], [-63.80821048648512, 52.302370501614405], [-63.80805779191404, 52.30237200563373], [-63.80786689442317, 52.30218590657596], [-63.8076740850073, 52.30219490058866], [-63.80766962015297, 52.302451100986836], [-63.807603191138945, 52.30260451136346], [-63.80714520568891, 52.30260919296566], [-63.806943715635796, 52.302512405812344], [-63.806754607824054, 52.30228560038734], [-63.80622879328771, 52.302020701833676], [-63.805693405795424, 52.301670297865556], [-63.80504200771296, 52.30139520341564], [-63.80415660114928, 52.3013114917687], [-63.80374218970397, 52.301381998196376], [-63.80336040273979, 52.30100959974399], [-63.802998589241085, 52.30078810507584], [-63.802101608053306, 52.30006160241142], [-63.80200747800505, 52.29993800042385], [-63.80206438689437, 52.29969898699974], [-63.8023732781525, 52.299614601101915], [-63.80217379062225, 52.299322608817334], [-63.80176059318734, 52.29906359028982], [-63.80127910655407, 52.2989986911343], [-63.801256554043164, 52.29867263851607], [-63.80125069310534, 52.29858749163821], [-63.800946301390994, 52.29857030618476], [-63.80090462324694, 52.29857386493462], [-63.80014721180869, 52.298638390304404], [-63.80002338081939, 52.29858759467186], [-63.8000086780777, 52.29846940778276], [-63.8002869319729, 52.29841755300559], [-63.80053041868581, 52.298372205404995], [-63.80067439490452, 52.29826480621861], [-63.80066340994275, 52.29791079048379], [-63.80030518958512, 52.29760798633546], [-63.799875316164545, 52.29742599415821], [-63.79948129577722, 52.29718359955712], [-63.79896080872156, 52.29695131636191], [-63.79806620997942, 52.29662748937176], [-63.797233706405066, 52.29609719126066], [-63.79589770223431, 52.29585548872294], [-63.79474141354356, 52.29560049363502], [-63.79434999639165, 52.29545169620469], [-63.79367369280915, 52.29499311043781], [-63.792291508269585, 52.294746614680925], [-63.79177289689114, 52.29447359404214], [-63.79175121534741, 52.29436340403613], [-63.7920073211161, 52.29381859753521], [-63.79258490258061, 52.29365730296946], [-63.79260509619833, 52.29349908909469], [-63.792510215026596, 52.29339579027767], [-63.79217281498635, 52.29322349806965], [-63.79152757901441, 52.29311519881667], [-63.79027249799519, 52.29314731111103], [-63.78995078391205, 52.293072804662685], [-63.78960671817955, 52.29275389343253], [-63.78941948670389, 52.29248639605435], [-63.788762589097956, 52.291889903840165], [-63.78798071345795, 52.2915719094932], [-63.78692398779811, 52.291318393603156], [-63.78669039642832, 52.29120068777971], [-63.78661129732111, 52.29104070171418], [-63.78660131871299, 52.29066640505536], [-63.7867193181128, 52.2903959026684], [-63.78723459518031, 52.28984320845346], [-63.78717390107751, 52.28956559871955], [-63.7867870041065, 52.28931509617994], [-63.78661519548537, 52.28930009809879], [-63.78475411566532, 52.289391207772944], [-63.78425971712661, 52.28932190077761], [-63.78365581146933, 52.28903129760289], [-63.78305428487426, 52.28883420251016], [-63.782505407185354, 52.28849969414225], [-63.78169318193056, 52.28812010558084], [-63.78068118562752, 52.2877574972466], [-63.78016118876362, 52.287370604222666], [-63.78001061923934, 52.287176901089744], [-63.7797022121292, 52.28695220952382], [-63.779479106260936, 52.28689971498163], [-63.77730901382401, 52.28663158953835], [-63.77675302006771, 52.28645959204853], [-63.77604019343578, 52.286081687340285], [-63.775139788374815, 52.28589988938215], [-63.774729305035244, 52.28573441138948], [-63.774449805266805, 52.28545719418752], [-63.77422558747633, 52.28498170142944], [-63.77412851213823, 52.28463030171526], [-63.773941502371784, 52.28436280502734], [-63.7736923781968, 52.28414719802705], [-63.77296848317686, 52.2837242981081], [-63.772490483032165, 52.28328920557874], [-63.77196341130451, 52.28306481374132], [-63.7716778877313, 52.282775403622544], [-63.77165899258704, 52.28260420209784], [-63.77182761696667, 52.282391507484085], [-63.77185310561841, 52.282265788000736], [-63.771680715355934, 52.28211649770772], [-63.77145331181442, 52.28201109910767], [-63.77140491346933, 52.28175810518586], [-63.7716529122747, 52.28155079133235], [-63.77190062332776, 52.28149799622309], [-63.77184970664906, 52.28115141438885], [-63.77199311704853, 52.2809098042665], [-63.77230611063523, 52.28087841356848], [-63.772609510375176, 52.28091609566537], [-63.77282858875917, 52.2807611038604], [-63.771345800490835, 52.2805533009541], [-63.77122340462138, 52.280770809070034], [-63.770786596086865, 52.28075128837053], [-63.770617614431664, 52.280675299100686], [-63.77098351222309, 52.28035200538896], [-63.77090958635208, 52.28022460370798], [-63.77036060652019, 52.28004460508901], [-63.7699608793536, 52.27978980708779], [-63.76957148385939, 52.27960029269133], [-63.76946156601938, 52.27951775678935], [-63.7693276869082, 52.279417208850454], [-63.769108395615, 52.27912889199243], [-63.76910131483466, 52.27869359647018], [-63.76918702852177, 52.27858224350802], [-63.76922799234334, 52.27852899166401], [-63.76942948326297, 52.278471305086796], [-63.76940930271197, 52.279072890235476], [-63.7694500891, 52.27919970384154], [-63.769726977470086, 52.279383306742034], [-63.770316119018524, 52.279555796966555], [-63.770631309969815, 52.27977259950439], [-63.77143808788673, 52.28011959385532], [-63.772289510301086, 52.280357591883295], [-63.77240898455861, 52.280355494765296], [-63.77241531612455, 52.280213303198316], [-63.772734690542784, 52.280039707398906], [-63.7730836069853, 52.279947913623914], [-63.77374801027199, 52.279918393392784], [-63.77418289412416, 52.2799784877089], [-63.77519797618455, 52.28041440735163], [-63.77624689950439, 52.280387198170494], [-63.776607890226536, 52.28032001166679], [-63.77683399561246, 52.28015708558027], [-63.776762808432586, 52.27996880458609], [-63.77616019085723, 52.27950319935574], [-63.775942703008575, 52.27917420704631], [-63.77571191593161, 52.278995493613145], [-63.77517088987311, 52.278787087771114], [-63.77505768586569, 52.278647009370296], [-63.77510511819718, 52.27847700659041], [-63.77559501544139, 52.278493293975785], [-63.77587579323271, 52.27844100742893], [-63.777122995602056, 52.27872619317855], [-63.77763518671969, 52.278986901896765], [-63.77797058750069, 52.279199993169385], [-63.77847358889456, 52.27922060952505], [-63.778726681504196, 52.27904580061291], [-63.77909038907765, 52.27891768773072], [-63.7798708085497, 52.27881280350591], [-63.780081106120264, 52.27870651592479], [-63.78011360896039, 52.278572811424176], [-63.77981158747258, 52.278205795088375], [-63.77989938982523, 52.277719185837576], [-63.78053088771723, 52.27753449598963], [-63.78155268796509, 52.27751898584933], [-63.78227699250192, 52.27763279532539], [-63.78304100704591, 52.27804809526929], [-63.78359049840755, 52.27851691349385], [-63.78406959773179, 52.278777006066306], [-63.78448882257729, 52.2788937938506], [-63.785080009297666, 52.27887110928459], [-63.78490861352498, 52.27854689992891], [-63.784847291960375, 52.27813509002888], [-63.78519579372349, 52.27759999199609], [-63.785216085561885, 52.27744180925686], [-63.78494337711261, 52.27731110172255], [-63.784788487110525, 52.2770645015814], [-63.785166217741384, 52.276920306220376], [-63.78663989792132, 52.27657880387515], [-63.78678290742399, 52.275893913499374], [-63.787045590615975, 52.27565020840371], [-63.787303596349474, 52.27566260181298], [-63.78772277931999, 52.275779398932144], [-63.78862361615665, 52.27624979257726], [-63.78925192107335, 52.276435094627324], [-63.78988281118022, 52.276714014362604], [-63.79074641334359, 52.27697640539452], [-63.791813799570185, 52.27742921088197], [-63.79239580730698, 52.27776420457107], [-63.79324839768528, 52.27782720144099], [-63.7940922035112, 52.277938691115786], [-63.79505699667449, 52.27816210093761], [-63.79536991064962, 52.27828520306343], [-63.79652679737565, 52.27911771100742], [-63.79731208712377, 52.279354400787135], [-63.79829859386868, 52.27984241217699], [-63.798721108279494, 52.28018700950694], [-63.79888991908207, 52.28057200028622], [-63.79907871741184, 52.28186030169131], [-63.79915540037045, 52.28192669565712], [-63.79942050727155, 52.28193099186578], [-63.79971368397653, 52.281594206949386], [-63.79983227709735, 52.28161250440022], [-63.8000335082887, 52.28186388799021], [-63.80060980280488, 52.281877407419216], [-63.800752810519846, 52.28179028883309], [-63.80093268711559, 52.281467907638344], [-63.80120941410454, 52.281208109435255], [-63.80090207887081, 52.280653998557916], [-63.80091628619363, 52.280328899186884], [-63.801440702001926, 52.279861708081626], [-63.801411300012674, 52.27962528974391], [-63.801508276218115, 52.27937880337858], [-63.80129748388708, 52.27919640788592], [-63.801476398765665, 52.278894292439354], [-63.80148879433443, 52.278764400312404], [-63.801470458737825, 52.27872191922175], [-63.801266000709006, 52.27824831006864], [-63.80102480101331, 52.27800439416207], [-63.80057759237525, 52.27791970650896], [-63.80042948811598, 52.27781969574084], [-63.80043241331722, 52.27744959291002], [-63.800182508762845, 52.27709979943804], [-63.800181794448406, 52.276965591939], [-63.80038431338878, 52.27673311119935], [-63.80036950292577, 52.276614898708004], [-63.799684005082426, 52.27607079778593], [-63.7995900979044, 52.275792709104564], [-63.799720302048335, 52.27539220947276], [-63.79953478106582, 52.275238697942115], [-63.79839281495509, 52.27527679719107], [-63.79793170260104, 52.27520819576949], [-63.79758662096211, 52.27506420075553], [-63.79698629598442, 52.274692392222605], [-63.79590821379028, 52.274483405499744], [-63.795483816882424, 52.274333995690846], [-63.79535059074778, 52.27419760722196], [-63.79424221410158, 52.27377259099269], [-63.7935092059798, 52.273707608884756], [-63.79361451771391, 52.27387609939242], [-63.79358281298044, 52.27414400024875], [-63.79295839287628, 52.27432070234229], [-63.79289010897939, 52.2746694098063], [-63.79239411994656, 52.27464079830122], [-63.79218058838582, 52.27451930568483], [-63.79221102125152, 52.273828501115595], [-63.79211629930709, 52.27357069352067], [-63.791911708182255, 52.27340051387168], [-63.791441995343064, 52.27322599589808], [-63.79026800099286, 52.27308861118698], [-63.78970251046874, 52.27283119418489], [-63.78815539487287, 52.27273629668626], [-63.785736515207006, 52.27271650932696], [-63.78491610542582, 52.27282890575925], [-63.78456461438913, 52.272981700168934], [-63.78374528929066, 52.27291919346744], [-63.7828364771129, 52.27322950709005], [-63.782379393979525, 52.273522787041124], [-63.7819982875177, 52.273593705148016], [-63.781436107023964, 52.27356399912829], [-63.781301997208246, 52.273447891217444], [-63.78144491613604, 52.272917493995145], [-63.78131597962968, 52.2728339985264], [-63.78104669909163, 52.27277668761734], [-63.78087427730127, 52.2726274056929], [-63.78065640210935, 52.272607493531424], [-63.78094999082184, 52.2733118950689], [-63.78087009047809, 52.27377010142214], [-63.7800932911928, 52.27379378984374], [-63.77919289671247, 52.27376660743369], [-63.778611299891885, 52.273874814573695], [-63.7781275065823, 52.27387081015576], [-63.77789520435471, 52.27357820746319], [-63.77751979888089, 52.27337260879088], [-63.7764872906182, 52.27303409911311], [-63.776491786695246, 52.272932494430115], [-63.77662189513858, 52.272841089709246], [-63.776577477756184, 52.27279560009541], [-63.77601979206924, 52.27266428365425], [-63.77573159429695, 52.27243578686072], [-63.77507050753924, 52.27209531556262], [-63.77210250726648, 52.27100859671145], [-63.771231214596334, 52.27077428970406], [-63.770977814918716, 52.27066029840909], [-63.77074800142197, 52.27046121123694], [-63.77065191422493, 52.27008949076151], [-63.77036219615647, 52.26974709742112], [-63.77006536176865, 52.26953186713924], [-63.76976501206968, 52.26931409261205], [-63.769142296305404, 52.26900681114507], [-63.76904047498525, 52.268911505205814], [-63.76808078461342, 52.26843180248266], [-63.76661709744121, 52.26810631200898], [-63.76585920183413, 52.26785760369056], [-63.76460549525943, 52.26713700941162], [-63.76414241603819, 52.266820207766415], [-63.764178806040505, 52.266450708433794], [-63.763994296845745, 52.26627680637276], [-63.76399100734152, 52.2662035058794], [-63.764351317227195, 52.26600219606156], [-63.76431298273456, 52.26552570923011], [-63.76413489298253, 52.26520961075482], [-63.76362470449691, 52.26490809018909], [-63.763016705470676, 52.26471899072358], [-63.76185369950517, 52.26449200093575], [-63.76137610299786, 52.264500198682576], [-63.76082860014301, 52.26458849304214], [-63.76043401441931, 52.26452090865963], [-63.76001441985949, 52.26426979130669], [-63.75963728917124, 52.26410481017516], [-63.75935721969673, 52.26384790086961], [-63.7592469135409, 52.263203510577135], [-63.759156700231884, 52.26299869458305], [-63.75874689879097, 52.26267860693912], [-63.758158378253114, 52.262351398395175], [-63.75767169928773, 52.26211948971927], [-63.75694509449032, 52.261623287344946], [-63.756800818407555, 52.2614419037192], [-63.75674521964679, 52.26090820178564], [-63.75655109454144, 52.26080331179654], [-63.75612519739047, 52.260694398379314], [-63.75583960430702, 52.26055941533975], [-63.75531440740632, 52.260448904819626], [-63.7550306962977, 52.26027329052719], [-63.75495169501664, 52.260113296219004], [-63.75460417741633, 52.26003020581821], [-63.75420497914307, 52.2600641070817], [-63.75385779775253, 52.25982641221503], [-63.75354759323946, 52.25979670541739], [-63.75313689037945, 52.25994018314478], [-63.75307949299434, 52.25989050159821], [-63.753094717619135, 52.259699593862486], [-63.75280249576707, 52.25941808689727], [-63.752112398674, 52.25899560827803], [-63.75147758193285, 52.25881809495772], [-63.75092569431956, 52.258564810638646], [-63.75060370229738, 52.25835599064133], [-63.750379598788285, 52.25803500398983], [-63.75020547714062, 52.257926306337936], [-63.74980455346114, 52.25798327464982], [-63.749745289742705, 52.25799169314952], [-63.74912928230024, 52.257985300875966], [-63.74883888530741, 52.25810640578751], [-63.74844670942935, 52.258132291819955], [-63.748792989585176, 52.257946991959855], [-63.74890578706809, 52.257798499174896], [-63.749236280676556, 52.257669903805734], [-63.74959823401765, 52.2576654665927], [-63.749932503311406, 52.25766140680053], [-63.75021959243876, 52.25746698883967], [-63.75061791123625, 52.2574533989843], [-63.750055806743475, 52.25669151032406], [-63.74932840787802, 52.25621549033622], [-63.74907580248739, 52.255792402091274], [-63.74842519132619, 52.25567149695668], [-63.74816951472502, 52.255463791523134], [-63.74783930373443, 52.2554379000788], [-63.74731120863657, 52.25509951157668], [-63.7472569071638, 52.25483421123243], [-63.747317397002575, 52.25466848784843], [-63.74745528554727, 52.25454889571012], [-63.748168186813075, 52.25446340874158], [-63.74845259430639, 52.25432988553814], [-63.748491488964675, 52.2540541042919], [-63.74879310564936, 52.25397778939665], [-63.74887699298905, 52.25388170457759], [-63.7488585879383, 52.25355600708966], [-63.74837830662244, 52.253625104284], [-63.74786942211668, 52.253303300021884], [-63.7474266146725, 52.25298269861735], [-63.747494717130714, 52.25294320384967], [-63.74739878176428, 52.252571505837075], [-63.74718509203026, 52.25231570576531], [-63.746753585518896, 52.25203990104085], [-63.74685169645889, 52.25177319055075], [-63.74703339982678, 52.25156478563725], [-63.747383588942014, 52.251587010565174], [-63.74766629042337, 52.25178300713036], [-63.74794148791758, 52.25185269283689], [-63.748171700337046, 52.2517427984354], [-63.74842090324749, 52.251360710733415], [-63.748658989138015, 52.25122238773564], [-63.748647200556846, 52.25104328685302], [-63.74851090002503, 52.25083350429652], [-63.74792418865497, 52.25062019550385], [-63.74788020995502, 52.25042019158586], [-63.74811380121028, 52.250383489072895], [-63.74834968072187, 52.250440403673146], [-63.74866742443469, 52.25059629398743], [-63.74913050632605, 52.2507587147974], [-63.749380416041916, 52.2507995021027], [-63.749838417735006, 52.25092929579501], [-63.75029180439094, 52.25116069684347], [-63.750547694263645, 52.251657085183204], [-63.75072918357593, 52.25233520573052], [-63.75122181331345, 52.25257948985636], [-63.751626099368465, 52.252578189089256], [-63.75204739984242, 52.25234541450173], [-63.75211570467701, 52.25215130846157], [-63.7519555064899, 52.25173789045695], [-63.751899585483685, 52.25135869552009], [-63.75167348513216, 52.250789596657334], [-63.751377091148186, 52.25045519728689], [-63.75086759283201, 52.249999993181866], [-63.751089988574215, 52.24947430516177], [-63.751236711396835, 52.24930599665359], [-63.75168831984988, 52.24957799350718], [-63.753177022181035, 52.24962359790194], [-63.7535535782543, 52.249499803786854], [-63.75427620340532, 52.24934530067467], [-63.75483441538023, 52.24945650991515], [-63.75604238138678, 52.250000002425445], [-63.75706108598666, 52.25033189565655], [-63.75737536066552, 52.25042034338865], [-63.75772189148168, 52.25051789796227], [-63.75859808987798, 52.2510736059277], [-63.758705892807406, 52.25118110435982], [-63.75911781760009, 52.25130600074283], [-63.759714584879994, 52.25129580183561], [-63.760567084998144, 52.25104990226421], [-63.76080400461009, 52.251086397957145], [-63.7610913236474, 52.25118079472642], [-63.76121070921426, 52.25117871068937], [-63.76174402367629, 52.25066309338097], [-63.76172331975884, 52.25053259242434], [-63.761382781633145, 52.25000000175961], [-63.761245503806364, 52.249808790242874], [-63.76004591627025, 52.24937379905027], [-63.7593157898202, 52.24895880615112], [-63.75833180548457, 52.24873889489419], [-63.75810828090741, 52.24855210704217], [-63.7578984236402, 52.24806059869453], [-63.75765211023017, 52.24789554832113], [-63.75750608707304, 52.24779769092097], [-63.75703138520145, 52.24774499226719], [-63.756698284256046, 52.24749129466795], [-63.75600888155976, 52.24720309975484], [-63.75583428755944, 52.24696020681484], [-63.75583469234679, 52.246805691066896], [-63.755540789808116, 52.24612159360241], [-63.75545640268559, 52.24564030960226], [-63.75524258336507, 52.24538449807105], [-63.754835119460715, 52.24531249319062], [-63.754077074990015, 52.245372906038995], [-63.753794109775235, 52.24533151358599], [-63.753794208049236, 52.24488820959974], [-63.75340550050122, 52.24454409493545], [-63.75339038616301, 52.24429169095026], [-63.75327470161497, 52.24421248940618], [-63.752840210069415, 52.244152302671964], [-63.75275760719917, 52.24407360189664], [-63.75273359793253, 52.24386989958714], [-63.7527815977553, 52.243834107988114], [-63.75291311114706, 52.24385670965581], [-63.75325619205126, 52.243886895923964], [-63.7533173068269, 52.243855402325046], [-63.75339350557947, 52.24363300014132], [-63.753671390377264, 52.24364180492649], [-63.753938015402994, 52.24360559107009], [-63.7540821941844, 52.24378699257956], [-63.75429629122055, 52.24388819950399], [-63.75454099933321, 52.24389638624572], [-63.75478940693339, 52.243823388561864], [-63.754982175249154, 52.24365990104161], [-63.75502261048572, 52.243497906869734], [-63.75495310400245, 52.24342358755217], [-63.75477818087887, 52.24333519727009], [-63.75474879664366, 52.243253396739256], [-63.755719278877926, 52.24273710252378], [-63.75599620998775, 52.242766197269454], [-63.75631347863, 52.2430765054026], [-63.75651030136639, 52.243120513952405], [-63.75662018411722, 52.24303290801319], [-63.756001924981284, 52.240427997688826], [-63.755666691070914, 52.23992620230705], [-63.75567071555855, 52.23924710782463], [-63.75538201975509, 52.23859569346511], [-63.755403279542556, 52.238417100543074], [-63.755838426652325, 52.23772499436918], [-63.7558889092383, 52.23733949713304], [-63.755739510371484, 52.23712560893904], [-63.755516681089944, 52.237073001434034], [-63.755286806800065, 52.23747169102934], [-63.75510700385827, 52.23808271172672], [-63.75491719775439, 52.238473909453525], [-63.75474438238314, 52.23863370205737], [-63.7545519128052, 52.23864260678686], [-63.75414327691913, 52.23830220586667], [-63.754036814180445, 52.238267226241554], [-63.75381688372, 52.23819500161141], [-63.75328130835953, 52.238173697848474], [-63.75267929894205, 52.238305910243355], [-63.75243940580877, 52.23804150072609], [-63.75205330255342, 52.23779101060233], [-63.75189881522764, 52.23754440131536], [-63.75188728123523, 52.23721069422265], [-63.75214419319101, 52.23680029229692], [-63.75219159796284, 52.23663029883669], [-63.75215218644039, 52.2363286889288], [-63.75138612460959, 52.23539669735116], [-63.75110020610338, 52.23512749670984], [-63.75076789351204, 52.23456479519537], [-63.75040307744135, 52.2341357006847], [-63.75046588705546, 52.23406350477611], [-63.75092037748922, 52.23412000565747], [-63.751219087891805, 52.23410480613891], [-63.7513934116384, 52.2340588931408], [-63.751426814913316, 52.23390500244648], [-63.75123460162062, 52.23375939364215], [-63.75000880368136, 52.233624691034485], [-63.74978490329708, 52.2333037142414], [-63.749141389650724, 52.23288610864234], [-63.74883931889492, 52.23282809116953], [-63.74853669488991, 52.232635906093975], [-63.748361283105, 52.232413399218906], [-63.74824927972429, 52.23152090270228], [-63.74840810651395, 52.23137720134078], [-63.74878450382461, 52.23125348930235], [-63.7489023023741, 52.231137514312174], [-63.74886329767321, 52.23068141208994], [-63.74859169878049, 52.23024169477113], [-63.74825507626984, 52.23006930307644], [-63.74761891989636, 52.22993239430803], [-63.74707771895561, 52.22974429603351], [-63.74656751045045, 52.22975181657451], [-63.746405338870254, 52.22971720756425], [-63.74629850149459, 52.22969440052873], [-63.74564119302857, 52.22929279500167], [-63.74475609428068, 52.229094793570006], [-63.744397089794234, 52.228832494404884], [-63.74391771034012, 52.22830378861161], [-63.74378340208333, 52.22805338893385], [-63.743828389159326, 52.227789887368004], [-63.74370911034684, 52.22779190429357], [-63.743486011754946, 52.22789381267307], [-63.74320131437095, 52.22789299497369], [-63.742668618534026, 52.22781079957485], [-63.74194050965131, 52.22750959265123], [-63.74168410103159, 52.227322299824614], [-63.74157629933899, 52.22692599292184], [-63.74112740380137, 52.226747498713905], [-63.7403757225183, 52.22653139378611], [-63.7397825996339, 52.22588280263743], [-63.73961138345983, 52.225424404200766], [-63.73941420254324, 52.22524618966528], [-63.73876690662491, 52.225064409131825], [-63.7383600058663, 52.22483779374017], [-63.73783620099712, 52.22470691263929], [-63.73679668351239, 52.224705291983796], [-63.7366698983687, 52.2245811865088], [-63.73664269399532, 52.22430421234498], [-63.73641148952915, 52.22414568850238], [-63.73600698422783, 52.22401270839347], [-63.735219384205834, 52.223568208384435], [-63.73467559059418, 52.22344100139539], [-63.734586102011825, 52.22337029316531], [-63.73459759149814, 52.222971989611636], [-63.734413511860126, 52.22279799802586], [-63.73387019902876, 52.222804996878494], [-63.73364939680285, 52.222711696898884], [-63.73357101746161, 52.22239730463097], [-63.73347030714116, 52.22228169450376], [-63.73314590831597, 52.222133807333805], [-63.73291058634838, 52.2219224068341], [-63.732420302454265, 52.22163750423516], [-63.73218542511568, 52.22127149469093], [-63.73154749603848, 52.22117520867043], [-63.73108100733109, 52.22080529443966], [-63.73087317740302, 52.22071630344713], [-63.73078318882766, 52.2205113959205], [-63.73082460651326, 52.2203291980877], [-63.73075559444726, 52.220100307424424], [-63.729894709065626, 52.220105806920394], [-63.72969199050955, 52.22004950493147], [-63.72949810084825, 52.21994450781913], [-63.72916819884131, 52.21962968597164], [-63.728858809289896, 52.21944551073254], [-63.7284821920499, 52.218991693559964], [-63.72802292332161, 52.21890249701555], [-63.727943214800405, 52.218762900027734], [-63.727996222375815, 52.21847100036932], [-63.727930000997894, 52.21818119227559], [-63.72745840509232, 52.217778609765794], [-63.72736189720705, 52.21742720169483], [-63.726972311855796, 52.2169691954393], [-63.72680368928594, 52.21689309110235], [-63.726314506463666, 52.216876495946735], [-63.72608669861213, 52.21679130030524], [-63.72582439230952, 52.21659161209479], [-63.725597003303285, 52.21606309136199], [-63.72552571177528, 52.216029300085346], [-63.72506779047378, 52.2160540052562], [-63.724851200523, 52.21601359222654], [-63.72464431743844, 52.2159043080315], [-63.724545481158266, 52.215459397041855], [-63.724449010133036, 52.215396811512065], [-63.72395148309265, 52.215274293991804], [-63.723818691711244, 52.214849096479675], [-63.723225584149944, 52.21435499051657], [-63.72325301037974, 52.21390009699394], [-63.723426703188636, 52.21343139388928], [-63.72385148467421, 52.213406197995496], [-63.724072793248965, 52.2133448875525], [-63.724258593391774, 52.21318950780595], [-63.72431309740266, 52.213011606945805], [-63.72402660172783, 52.21276259667666], [-63.72338048996266, 52.21256038691314], [-63.72314941079996, 52.21240189704895], [-63.72316057452308, 52.21215810616188], [-63.723306311435714, 52.2120100918434], [-63.72341811114698, 52.21188199913441], [-63.72341758523909, 52.21174779488805], [-63.72320939025697, 52.211524585521985], [-63.72299409034606, 52.21102068736351], [-63.72300577912224, 52.2109111013546], [-63.72313758356722, 52.210779206151315], [-63.72314039954071, 52.2107183019399], [-63.72300671485246, 52.21060209337152], [-63.72252641307662, 52.21053689279673], [-63.722303280200876, 52.21035010696415], [-63.72214119043504, 52.209842984668136], [-63.722340890409725, 52.2093828949837], [-63.722296582011225, 52.20876000021851], [-63.721709720056786, 52.20827819722606], [-63.7215242867683, 52.207990397493184], [-63.72121650474508, 52.20791999856099], [-63.72101060163561, 52.20779040481788], [-63.72066778618758, 52.20776009279301], [-63.720400472650766, 52.20752770576749], [-63.72041070876961, 52.20730430510311], [-63.720307294348615, 52.20724960197733], [-63.72029381242881, 52.20711110750121], [-63.720396710994585, 52.20703160823611], [-63.72069709648615, 52.20697580670328], [-63.720715680104924, 52.206858199166696], [-63.7204577085788, 52.206711404575216], [-63.7198396904086, 52.20647709024679], [-63.71973908183696, 52.20636150682086], [-63.71976001388675, 52.20604880549851], [-63.71950901737361, 52.20589400811847], [-63.71913691611553, 52.20578179712914], [-63.71904231141855, 52.20567850618256], [-63.718987288251455, 52.20543360508005], [-63.71903528986321, 52.205397809731], [-63.71985498475133, 52.20542010062595], [-63.71994390978046, 52.20535659263098], [-63.71995039995471, 52.20521440131407], [-63.71881308483662, 52.20403589193633], [-63.71861568588831, 52.20401209686911], [-63.71851699990159, 52.20385589144596], [-63.718558910345934, 52.20351909691498], [-63.71839210604454, 52.20340239735949], [-63.71801730677198, 52.203351200794536], [-63.71789390259122, 52.203300298063496], [-63.71771320348871, 52.20319949367962], [-63.717506907759294, 52.20293571626513], [-63.71688149760181, 52.20257518683706], [-63.71650851174138, 52.20219470485899], [-63.71644288665785, 52.20117290506078], [-63.71628320145725, 52.20047079042088], [-63.71619238860308, 52.2002862104236], [-63.715889679209475, 52.1999598070424], [-63.714720990728196, 52.19947189794337], [-63.71434942006488, 52.199205202839785], [-63.7141553137542, 52.19896599421164], [-63.713470797592414, 52.19888499745031], [-63.71274259994165, 52.1986039957822], [-63.712260709351206, 52.19829070076268], [-63.711915708414764, 52.197878101768005], [-63.71187009027055, 52.19771868774978], [-63.711923211404745, 52.19742690721058], [-63.71222219100984, 52.197257201730295], [-63.71298020330725, 52.1971768006869], [-63.71312881374962, 52.19696800959635], [-63.71304130652495, 52.19685671453477], [-63.71187861713416, 52.19695849805771], [-63.71151871187425, 52.19687090553246], [-63.71121800392143, 52.19650378965143], [-63.71121152399165, 52.1963572984404], [-63.71162961083139, 52.196474399025874], [-63.71204311403518, 52.19640429349294], [-63.71231081211574, 52.19619340889897], [-63.71262611099133, 52.19581259125854], [-63.71264709429439, 52.195499901179126], [-63.7124604073678, 52.19509821368545], [-63.71222630736532, 52.19486639760435], [-63.711876218620255, 52.19470990584372], [-63.71122990567511, 52.1946620992133], [-63.710995310480506, 52.19458479441797], [-63.71059259813629, 52.194276897907166], [-63.71036732619303, 52.19399649379691], [-63.7101928215336, 52.1939080980775], [-63.71055409528314, 52.19382080779572], [-63.71123430802765, 52.193848899464975], [-63.7118357968957, 52.19371709602297], [-63.712018794698885, 52.193622612293865], [-63.71210962439177, 52.19351849296926], [-63.71209941443629, 52.19316459034479], [-63.71182301390802, 52.19255799645596], [-63.711605974149755, 52.19238350275091], [-63.711333213824716, 52.19227300778112], [-63.71108101855535, 52.1920043025382], [-63.711054098046326, 52.1914386855209], [-63.71089225859453, 52.19109721842555], [-63.71082133830015, 52.19094753046286], [-63.71076457672217, 52.19082780134505], [-63.71077998303847, 52.19063699702005], [-63.71087906508267, 52.190523388107884], [-63.71096159450436, 52.190428693173594], [-63.71102592171773, 52.19018179526678], [-63.710976615838526, 52.18999317359982], [-63.710964005596644, 52.18994490099323], [-63.71052132067398, 52.18964440100367], [-63.710516708444686, 52.1894573053107], [-63.71065552199976, 52.18931739884152], [-63.71112714996357, 52.18900197899232], [-63.71141990491691, 52.18880620231367], [-63.71153322012697, 52.188214493338904], [-63.711787403617095, 52.18786520905429], [-63.71202768643996, 52.187243195625264], [-63.712204706809125, 52.1865591041763], [-63.7123154969977, 52.18645120946912], [-63.712543580824054, 52.18638199915657], [-63.71341082053155, 52.18636859640048], [-63.71370498552746, 52.18630050379564], [-63.714070907746674, 52.186111707748395], [-63.714692301212494, 52.18597610065227], [-63.71533320138732, 52.18599131437138], [-63.71669009173088, 52.18626279173126], [-63.71713471190164, 52.18623389165204], [-63.71737669383547, 52.1861486939333], [-63.717527484203536, 52.18603339881213], [-63.71762298817809, 52.18553899633547], [-63.71739908596321, 52.18508379067294], [-63.71727941351039, 52.18495160678826], [-63.716624994616666, 52.18450928708473], [-63.71611251572618, 52.18428899295848], [-63.71591568555286, 52.18411070855481], [-63.71531159316906, 52.1831487964093], [-63.71486379370326, 52.18281578468272], [-63.71447568362638, 52.18233740482471], [-63.71421689108431, 52.18221088645372], [-63.71361648596244, 52.18203380030371], [-63.71338061877756, 52.18184269503329], [-63.71322189384625, 52.18140889772422], [-63.71247063171111, 52.18093503244942], [-63.7121613102024, 52.18073990301827], [-63.711874702719065, 52.18035679500043], [-63.71175839681258, 52.18000920107555], [-63.711560604463024, 52.17985130765471], [-63.711163603035715, 52.179710190391646], [-63.7109588896328, 52.1795603066553], [-63.710836984771944, 52.17933449653741], [-63.71075571919948, 52.17865820473483], [-63.71061840675087, 52.17833459992653], [-63.71038670604738, 52.17819638840381], [-63.71002701497866, 52.17810880670317], [-63.709806409504765, 52.17801549297826], [-63.70950109098138, 52.17774999040643], [-63.70940532060079, 52.17753279803664], [-63.70916660956108, 52.177402595853856], [-63.70873810116475, 52.17708609947589], [-63.708377993541745, 52.17657568408826], [-63.70802858244232, 52.176264705888904], [-63.70797930167503, 52.17589789814709], [-63.70756020545233, 52.1753782994761], [-63.706752997771275, 52.17466898652049], [-63.706738603339225, 52.17455079535501], [-63.70690249958801, 52.1741510945528], [-63.70693876123174, 52.17363585671676], [-63.70694082039657, 52.17360700277492], [-63.70713351691378, 52.173443602589074], [-63.707388602557025, 52.17336269885511], [-63.70747099279295, 52.17315269170783], [-63.70740257666468, 52.17305800764424], [-63.70724721183391, 52.17298619689146], [-63.706678581884034, 52.17298440872797], [-63.70632233021859, 52.17287521532842], [-63.70622860113046, 52.172846513376065], [-63.70597738082882, 52.17284609726168], [-63.70560930948069, 52.17294138862386], [-63.705241685603085, 52.17288209457584], [-63.70468199653782, 52.17254300980098], [-63.70409622290052, 52.17248399380789], [-63.70395568785942, 52.17237580858682], [-63.70394319077513, 52.17221698915403], [-63.70405260940976, 52.17199529120263], [-63.70418220438667, 52.17148119405834], [-63.70434739606549, 52.17119541118835], [-63.70465920121999, 52.1710301035668], [-63.70476463206541, 52.17100865592601], [-63.70541359112223, 52.17087660981304], [-63.70553742120562, 52.17077299618448], [-63.70545089019245, 52.17064138972788], [-63.70448458816482, 52.17023019198406], [-63.704127182613675, 52.170231797598646], [-63.70374380775652, 52.17023350310172], [-63.7032479155714, 52.17009070385668], [-63.702598919578456, 52.169680898881055], [-63.70236349930099, 52.16962389504773], [-63.70236119676432, 52.16953040506664], [-63.70268611612372, 52.16936930298167], [-63.70267587611147, 52.169304103132774], [-63.70239770087837, 52.16902681117229], [-63.702204213730255, 52.16892180115521], [-63.70152919608793, 52.1687921045097], [-63.70123609764217, 52.16855120337893], [-63.70070300477118, 52.16835480473649], [-63.700668214454396, 52.16810620297633], [-63.70089868571549, 52.16784190363186], [-63.70124029375265, 52.167603891656945], [-63.70120638072489, 52.16733500067745], [-63.701016312724214, 52.16701451062792], [-63.70075308416912, 52.16670090438166], [-63.70037172280218, 52.16636899677889], [-63.700054893923486, 52.166213008591754], [-63.699540875827694, 52.16603330685481], [-63.699376311192346, 52.16587591371843], [-63.6993586898937, 52.165684503239795], [-63.69884530703599, 52.16535020415437], [-63.69887139796583, 52.165070186884954], [-63.69961139228845, 52.16450979465859], [-63.70015308885074, 52.164234686176854], [-63.70052546020188, 52.16414962773727], [-63.70078122178166, 52.16409119523295], [-63.700876109879424, 52.1640400150099], [-63.700820396942795, 52.16381540088339], [-63.70065470239854, 52.16374049803568], [-63.70039949556265, 52.16362509283742], [-63.700310187685496, 52.16355439104283], [-63.70030479363937, 52.16309898522203], [-63.70049458411065, 52.16299660241337], [-63.70085418743258, 52.16299437644024], [-63.70135430917557, 52.16299128895409], [-63.70150507558495, 52.162876001672316], [-63.70159550586576, 52.16263771515185], [-63.70191838902641, 52.162517305506384], [-63.70237001250664, 52.16261461253869], [-63.70252158720958, 52.1627676945379], [-63.70255550925654, 52.16303669751795], [-63.70313928683171, 52.16313630121939], [-63.70344450977568, 52.16311320819893], [-63.70368320868028, 52.16295471040335], [-63.7039992221709, 52.16255370161774], [-63.704672783183256, 52.16256950819747], [-63.7051300912681, 52.162544897133394], [-63.705328790096694, 52.162393901594456], [-63.705740994420665, 52.162344211879045], [-63.705738680292896, 52.16225060791003], [-63.70551920278601, 52.16213698622097], [-63.705505716413775, 52.161998602256915], [-63.705943480062565, 52.161823207881135], [-63.70626778189895, 52.161528007810574], [-63.70667560768698, 52.16071390292937], [-63.7067653817724, 52.16062999667687], [-63.70695942094273, 52.16058060114286], [-63.706742817721775, 52.15982870249133], [-63.70637591651792, 52.159614997350296], [-63.706204799983695, 52.159311085901166], [-63.70602012213861, 52.15915749596123], [-63.705684779364226, 52.159119104181684], [-63.70520042173797, 52.159443999849394], [-63.70490122620024, 52.15976809328595], [-63.70480118699972, 52.15978670728574], [-63.704674691708945, 52.15966249399581], [-63.7046767072519, 52.159333289514706], [-63.70477587906848, 52.15904629668494], [-63.7054566819867, 52.158188102864365], [-63.70568430640603, 52.157696107809315], [-63.705742611169704, 52.15714830193768], [-63.70526089866592, 52.1567007948533], [-63.705209009678725, 52.156106314174465], [-63.70512569829642, 52.15604791003143], [-63.70462107589367, 52.15595370303301], [-63.7044365144848, 52.155800110590135], [-63.70440588688095, 52.15560440220773], [-63.70463851015659, 52.155433602698466], [-63.70474509353364, 52.15527279641359], [-63.7047525967278, 52.15482169540967], [-63.70466429149172, 52.1547306853332], [-63.704162510575834, 52.15457560639623], [-63.70376499323151, 52.154166200052565], [-63.7034003872424, 52.15404589328054], [-63.70346699048187, 52.15389259390541], [-63.703784191939306, 52.15389410662754], [-63.7039320963915, 52.15383980492585], [-63.70382379233609, 52.1534638023952], [-63.7036666806789, 52.153432604526834], [-63.703574207191934, 52.15328871140536], [-63.70357381347935, 52.152957802176246], [-63.703572723286705, 52.15217469354413], [-63.70334068990998, 52.15190230891562], [-63.70294779992152, 52.151680012133205], [-63.70266650152765, 52.1516181902851], [-63.70253820713783, 52.15153459122517], [-63.70247079407566, 52.15141958520184], [-63.70227728135594, 52.15131460550384], [-63.70220157806897, 52.151093706547194], [-63.70227727660113, 52.150314402298854], [-63.70256940774287, 52.14999839425952], [-63.70254528802534, 52.14994908977508], [-63.70207749591374, 52.14977430042006], [-63.70191809622052, 52.14964949970508], [-63.70174187897216, 52.149313103017676], [-63.7018038029719, 52.14926131287047], [-63.70211911415418, 52.14930340962658], [-63.70235140113658, 52.148709812986134], [-63.70207889903315, 52.14859940184341], [-63.70207308688834, 52.14800970911678], [-63.70198848868312, 52.147837506456796], [-63.70200031702931, 52.147583293714156], [-63.70200169477804, 52.14755320821827], [-63.702228307323296, 52.147081491741176], [-63.7022596171427, 52.1468339977502], [-63.70201370638837, 52.146577610856745], [-63.70208919974827, 52.14608701132106], [-63.70184049045893, 52.14589158562611], [-63.7018002863554, 52.14547619452684], [-63.701412425725096, 52.14457499519142], [-63.70105458441036, 52.144024002021716], [-63.69967539849366, 52.14412589571963], [-63.69929880137526, 52.143981100683376], [-63.69925840123817, 52.14385428702348], [-63.699268116104, 52.143073896088985], [-63.69919011422895, 52.14275950664861], [-63.69903071418789, 52.142634692969985], [-63.69801460986283, 52.14203150683303], [-63.697758588705696, 52.14170990621676], [-63.69763361267055, 52.14141091335349], [-63.697685902276326, 52.14113951199168], [-63.698234015242946, 52.14114500871567], [-63.69861350747762, 52.14094029716762], [-63.69863369057147, 52.1406478913285], [-63.69825749125068, 52.14063718960511], [-63.697658613179655, 52.1407283969662], [-63.69764708923999, 52.14054929112448], [-63.697530108523296, 52.140221999623044], [-63.697191293209414, 52.13997620205487], [-63.69688778309591, 52.13982449700246], [-63.69660391565511, 52.1395349912263], [-63.69654441567184, 52.13939159463994], [-63.69659290192959, 52.13920140996846], [-63.69649759768551, 52.139118395993904], [-63.69649122242812, 52.1389719980784], [-63.6970148045851, 52.13879409089879], [-63.697283203481646, 52.138563003106185], [-63.69725669850586, 52.13842030035763], [-63.69708620013134, 52.13825060257357], [-63.69629870490424, 52.1381351960087], [-63.69619331531028, 52.13798699754843], [-63.6962218982586, 52.13751178700396], [-63.69578642819567, 52.137357794126146], [-63.695652084535595, 52.137262004477044], [-63.695657693176926, 52.13714010935851], [-63.695550393590224, 52.137032500364874], [-63.69519287894202, 52.136904301717735], [-63.69513068834461, 52.13682189802499], [-63.69512398969138, 52.13625259636922], [-63.694989392617316, 52.13602259506791], [-63.694955606093494, 52.135753715042064], [-63.69477750801572, 52.13574650003215], [-63.694030806637215, 52.13589190156699], [-63.69390011370369, 52.1360034065149], [-63.69391622198797, 52.13636959931632], [-63.69351290711338, 52.13665931360687], [-63.69335059902372, 52.13688409056352], [-63.69249750174101, 52.136901593244126], [-63.69240639278691, 52.1368716070771], [-63.692405992282794, 52.13673740920752], [-63.692712893649244, 52.13667369092072], [-63.69281850082558, 52.13653331123664], [-63.69266852416735, 52.13620539408814], [-63.69215229246469, 52.135797888450924], [-63.691964095675296, 52.135725507615604], [-63.69096840054508, 52.13554130357997], [-63.69069739010286, 52.13554460086695], [-63.69044880663232, 52.135349211965114], [-63.689412199578356, 52.13519270026543], [-63.68930911720812, 52.135138092822515], [-63.68929480806667, 52.13501988971247], [-63.68904471828663, 52.13499920267455], [-63.68887399286109, 52.13511821225324], [-63.68870289669175, 52.135103000907506], [-63.68865877588239, 52.135057503431014], [-63.688660882842456, 52.1347281962329], [-63.68877578320318, 52.13467329271965], [-63.68951391443656, 52.134710690744576], [-63.68973160199973, 52.134576311201016], [-63.68993658825581, 52.13457178876399], [-63.68980389217113, 52.13430120494443], [-63.689960209983646, 52.13406410872134], [-63.69007510657236, 52.13400920387267], [-63.690206192776685, 52.134031785082996], [-63.69063780578519, 52.134267105650515], [-63.690713110912405, 52.13435380385268], [-63.69065250927402, 52.13451938916008], [-63.690553879115804, 52.13465180325763], [-63.69058308581978, 52.13473360665288], [-63.690536496093216, 52.134883196636], [-63.690805993185165, 52.13505460476275], [-63.69106910017583, 52.13507960459902], [-63.69121888874918, 52.13498471132073], [-63.69117909048891, 52.13470349324576], [-63.69128189400032, 52.134623993151294], [-63.6916306074451, 52.13451220168404], [-63.69196408366534, 52.13430259942892], [-63.6927510892928, 52.1342838988504], [-63.693203190261535, 52.1339382074655], [-63.69407499268124, 52.13365379800191], [-63.69435019003101, 52.133563989863546], [-63.69440598524965, 52.13349990494787], [-63.69428058507171, 52.13335539964687], [-63.69396548702309, 52.13331330324706], [-63.69377057330486, 52.13331131805876], [-63.69341740613544, 52.13330770372543], [-63.693151109589536, 52.13320950664249], [-63.69307779301856, 52.133082185566934], [-63.692624216171616, 52.13289129739377], [-63.69251268547968, 52.132730808123654], [-63.69204901517812, 52.13247469927697], [-63.69200261392739, 52.132335607667834], [-63.69172288016211, 52.132098999230216], [-63.69134460131897, 52.131994710178155], [-63.691198212675204, 52.13187429924103], [-63.690664202360665, 52.13185270088945], [-63.690388777225635, 52.13209179968961], [-63.69033581680287, 52.13209490049206], [-63.690202479903554, 52.131978700262565], [-63.689996213879674, 52.13186939648189], [-63.689972597984685, 52.13166568967617], [-63.69024461225719, 52.13093059505158], [-63.69060689691576, 52.1306686991199], [-63.69092351237705, 52.130535997753114], [-63.691100742664204, 52.130413117439886], [-63.69113511594943, 52.13038930287894], [-63.69116059689864, 52.1298409129668], [-63.69126810844035, 52.129659890982744], [-63.69124452537261, 52.12945619694043], [-63.69108289348786, 52.129237885852085], [-63.69071310349487, 52.12908827830384], [-63.69025300655997, 52.12890209928592], [-63.69033488108515, 52.12813520522209], [-63.690548920519724, 52.127793395433365], [-63.69049900181873, 52.12744701248919], [-63.69030949400516, 52.1272607015594], [-63.69033101012293, 52.127082215827365], [-63.69057988955263, 52.12670041016947], [-63.69097481353921, 52.12630490041255], [-63.691003511390335, 52.12582981165004], [-63.69114318368853, 52.12538100763597], [-63.69133379182644, 52.125258306599996], [-63.69138796141267, 52.12524823372815], [-63.69199342675062, 52.12513569378986], [-63.69204829577802, 52.12509200403101], [-63.692281709768146, 52.1241894991132], [-63.69221948930899, 52.12410710912856], [-63.69166990180468, 52.123853587539585], [-63.69117979128923, 52.12345470348779], [-63.69077070864257, 52.123020598480984], [-63.690762607302446, 52.122626087685674], [-63.691107306455855, 52.12217279708786], [-63.69176978181517, 52.12170069910548], [-63.69185920005679, 52.121482796726646], [-63.69196798417534, 52.12141560162851], [-63.69254851336358, 52.121287606511416], [-63.69283197348344, 52.121070737391776], [-63.69284981409269, 52.12105709727188], [-63.693305707449184, 52.12105289898077], [-63.693662707889395, 52.120758399445194], [-63.693615393767125, 52.12063958936715], [-63.693490385567436, 52.1206292923422], [-63.6933016852541, 52.120711396867655], [-63.69312279275582, 52.12072450097866], [-63.69306578970055, 52.120705671945686], [-63.69252441778065, 52.1205268971639], [-63.69227998139227, 52.12038440037172], [-63.69231451394542, 52.12021021115074], [-63.692455891850834, 52.120009495737555], [-63.69255899496093, 52.12006408524458], [-63.69271007953162, 52.120083004364176], [-63.693242704238855, 52.119990791012256], [-63.69332519225866, 52.119492205330694], [-63.693510687142535, 52.11933690075173], [-63.693355809244004, 52.11897649122778], [-63.693502214965434, 52.11880830759036], [-63.69368209378149, 52.11877489128803], [-63.69419975573252, 52.11883217945819], [-63.69429308615889, 52.11884250817066], [-63.69440640571233, 52.118962402589055], [-63.69457038357547, 52.11898560197403], [-63.694714084919255, 52.118878405908596], [-63.69484850623285, 52.1186856035391], [-63.6951167038732, 52.118454513005815], [-63.695980686123136, 52.118193293455136], [-63.69626430184603, 52.11806000215318], [-63.696498614629704, 52.117848699646665], [-63.696761901660636, 52.11729640495131], [-63.69684368905729, 52.11724089601178], [-63.697195476128535, 52.11720230242886], [-63.69727732280643, 52.117146896906554], [-63.697354492147966, 52.116904309544005], [-63.697212917511706, 52.11668229933076], [-63.696876598096715, 52.116530109376875], [-63.69636650357702, 52.11642348966515], [-63.69627219678443, 52.11632029805405], [-63.696341496383894, 52.11610598478704], [-63.69671571399116, 52.11586870544662], [-63.69689422360614, 52.11572139355289], [-63.6968882961085, 52.11542049523341], [-63.69719410602672, 52.115377101385846], [-63.69726289878908, 52.115317310984494], [-63.69718821046012, 52.11507609844343], [-63.69684811768645, 52.11500509432337], [-63.696810790113, 52.11452880788298], [-63.69655439761167, 52.11436170744655], [-63.696454096347786, 52.11424619118085], [-63.696460692835956, 52.11410399305237], [-63.6966216108052, 52.113765301104166], [-63.6972679131402, 52.11311356475279], [-63.697445798101505, 52.11293421052615], [-63.69766160410666, 52.112551814797534], [-63.697855894267995, 52.112347887272676], [-63.697867206914616, 52.11210420640909], [-63.697733000962565, 52.11200841436429], [-63.69761658343395, 52.111526595100145], [-63.69758523599364, 52.1114790834096], [-63.6972772059083, 52.11101259443993], [-63.69650309124385, 52.11047860572848], [-63.696446918173514, 52.110408500074335], [-63.69651109311784, 52.11016169479277], [-63.696626885781946, 52.11008649893275], [-63.69674668765291, 52.110064192428524], [-63.69682988872541, 52.110122595297575], [-63.697057497296576, 52.11005338916678], [-63.697169484417344, 52.110059400167856], [-63.6978071319695, 52.1102790525884], [-63.69789088396371, 52.11030790573777], [-63.698202609712354, 52.11027670760299], [-63.69831929778414, 52.110181199896076], [-63.698313416339865, 52.10988029431504], [-63.697925942084936, 52.10965034830915], [-63.69788290839202, 52.10962479456259], [-63.69787149326319, 52.10915709106606], [-63.697653198595276, 52.10902320776664], [-63.69717611473383, 52.10891729961], [-63.69701592179038, 52.10881279415654], [-63.69699269921897, 52.10874328956681], [-63.697135002945615, 52.10852220558329], [-63.69712538291661, 52.10830249611876], [-63.69723689407392, 52.10817439099185], [-63.698262106052915, 52.10742001104743], [-63.698356583487254, 52.1072634872089], [-63.698526711663604, 52.10698160401409], [-63.69883990037215, 52.106775690395956], [-63.69924321752303, 52.106620202702885], [-63.699511306614816, 52.10638910910643], [-63.699515981193535, 52.10628750014838], [-63.69930700096227, 52.10623920054678], [-63.69869428620379, 52.10621220185967], [-63.69857720760276, 52.10617349981867], [-63.698067384577875, 52.105778407590456], [-63.6974733013154, 52.105633810270504], [-63.69660659001825, 52.10553330431776], [-63.69565942391376, 52.10560199881335], [-63.69539229611349, 52.10552409188139], [-63.695312014773556, 52.1054047920018], [-63.69529451867366, 52.1052134956886], [-63.695603903299094, 52.105088799143495], [-63.69574149737522, 52.104969293266514], [-63.695732185291995, 52.104883795689275], [-63.69559991886362, 52.10474730110256], [-63.69528879702903, 52.104623902506205], [-63.695284193329954, 52.10443688938972], [-63.69562018497451, 52.104166306349455], [-63.69594959735555, 52.10403800880334], [-63.69725920500045, 52.103841504617236], [-63.697676417083734, 52.10366989123066], [-63.698041109680105, 52.10363570476845], [-63.69827809339661, 52.10336338499748], [-63.69862521109974, 52.10313779814271], [-63.69881188746851, 52.10309629729058], [-63.699130678227604, 52.10311406701397], [-63.69945058409505, 52.10313190275125], [-63.699758090046316, 52.103047883907095], [-63.69994539042841, 52.10285198980658], [-63.70022118139629, 52.10216980684455], [-63.70043629930339, 52.10194190097842], [-63.70166510957427, 52.101491898442006], [-63.70240138281854, 52.10112669564941], [-63.70279630723247, 52.10086530866542], [-63.70311599856926, 52.100517309174876], [-63.70315551064636, 52.10037571492103], [-63.703159877927014, 52.09985139847492], [-63.70300868117854, 52.09940970448335], [-63.70250257928266, 52.0989334038021], [-63.70247389182733, 52.09869710837077], [-63.70305319883994, 52.09830079070129], [-63.70402880423753, 52.09746830284796], [-63.70484999760212, 52.097409408064436], [-63.705137512436636, 52.097329091572256], [-63.705333603227636, 52.097177690285186], [-63.70569858622434, 52.09689579015712], [-63.70600070910657, 52.09635639145182], [-63.70683591153678, 52.096070798240966], [-63.70706618875539, 52.095862786605046], [-63.70701141467428, 52.09561799394546], [-63.706795101748696, 52.09544350363285], [-63.7064959988883, 52.09534481401627], [-63.70591320284316, 52.095245214858906], [-63.70560309238018, 52.095101505976814], [-63.70534458402119, 52.094552295941554], [-63.70473078110808, 52.09412289544638], [-63.70459531957916, 52.093913198932086], [-63.70500387440578, 52.093924406011645], [-63.70508650835011, 52.09413729028165], [-63.7053447238371, 52.09426369326318], [-63.70583920376917, 52.09427240887021], [-63.706072290322936, 52.09436989516759], [-63.70644199036729, 52.09436819712833], [-63.70692130907778, 52.09427911053917], [-63.70716650326524, 52.09411260548462], [-63.70697199375893, 52.0938938032073], [-63.70699147643282, 52.093755905350555], [-63.70735239409022, 52.09351431230939], [-63.70799419081524, 52.09333439945193], [-63.70810389425991, 52.09324689395763], [-63.70810848884942, 52.09314530094747], [-63.708000422707585, 52.09305809716124], [-63.70728850275031, 52.092895309206654], [-63.70712231519807, 52.09277860534538], [-63.706885292692164, 52.09176228626162], [-63.706629098474245, 52.09130661097491], [-63.70616941600108, 52.09125789014161], [-63.70598699719465, 52.09106370017363], [-63.70561410457084, 52.09099208677859], [-63.70537040694092, 52.09069518989632], [-63.705348196232904, 52.0903168063528], [-63.70516072028105, 52.09008999377475], [-63.70481859646748, 52.089925401663834], [-63.70415180537485, 52.089787791527066], [-63.703883492318305, 52.08959608577951], [-63.70383260805701, 52.088981414988304], [-63.70363819877271, 52.088762597463266], [-63.70367699199227, 52.08806408841449], [-63.703338077481455, 52.08768420700591], [-63.70333642164596, 52.087436192860174], [-63.703605004692804, 52.086762088446186], [-63.70424440784575, 52.08648879381324], [-63.70459978718611, 52.08608039334648], [-63.705027896380244, 52.08595369233706], [-63.70513240850755, 52.085833595306276], [-63.70512880262129, 52.08562621308962], [-63.70501040958074, 52.08547381495872], [-63.70493249237567, 52.08515940253896], [-63.70444970044791, 52.085041188194936], [-63.70441262151973, 52.08498769506473], [-63.704463284712844, 52.084602504638696], [-63.704210784394085, 52.08435419099791], [-63.70429401140738, 52.08412390917729], [-63.70478339284366, 52.084100007198224], [-63.70484140400068, 52.08412939217799], [-63.70487189275188, 52.08461369838116], [-63.705226476930406, 52.08493690250164], [-63.705411614773034, 52.08535879174169], [-63.7056431963292, 52.08563121134217], [-63.70591199456334, 52.08566841208927], [-63.70606248619624, 52.085553097901354], [-63.70613552279603, 52.08496909523755], [-63.70665789698429, 52.08494571141251], [-63.707103624378746, 52.08472179544197], [-63.707611113647616, 52.084734710542], [-63.707800485502446, 52.08463230373802], [-63.70805550500926, 52.084396898803945], [-63.70833729807405, 52.08443840736093], [-63.7087463077833, 52.08429520551983], [-63.70887868079508, 52.08414299949091], [-63.708801611304274, 52.08409699131948], [-63.70788150043756, 52.08401990093352], [-63.70761398240261, 52.08409660949163], [-63.70683499491802, 52.08410741107954], [-63.70665349555132, 52.083892801988284], [-63.70660211038397, 52.0834325932074], [-63.70643590888301, 52.08331590388711], [-63.70640629561951, 52.08309989437924], [-63.70611060221306, 52.08307439802767], [-63.70537819745172, 52.08364701302016], [-63.705128503176425, 52.0836263903142], [-63.704890302168984, 52.08349619255505], [-63.704566799230754, 52.083502702620365], [-63.70421010984996, 52.08379728966567], [-63.70352849786628, 52.08398449206719], [-63.702973107149575, 52.0842959010193], [-63.702285394096876, 52.084470888784104], [-63.701915897537845, 52.08447248919595], [-63.70144879551614, 52.08458628948958], [-63.70085259036927, 52.08463680176775], [-63.70050544749579, 52.08470701277851], [-63.70002009363386, 52.084805191116466], [-63.699076202702656, 52.08481300972479], [-63.69841558602724, 52.084687595057524], [-63.6982605879949, 52.084615789775015], [-63.69795519546161, 52.08437061212772], [-63.69798921585808, 52.08406231001065], [-63.69841321898752, 52.08388269508898], [-63.69862450454468, 52.08373599424597], [-63.69869610245456, 52.08361530465905], [-63.69875397494609, 52.08293350587021], [-63.69883671749119, 52.08285770271603], [-63.69901449982356, 52.08286488734436], [-63.69917357860839, 52.08298959844926], [-63.69924165246388, 52.082971680170886], [-63.6994340850692, 52.08292100230736], [-63.69943881709427, 52.082819504230606], [-63.69932650187503, 52.082679296593895], [-63.699405100077115, 52.08255059810905], [-63.69972089398303, 52.08228380554806], [-63.69973440526417, 52.082133705836924], [-63.699600805920014, 52.081883393876595], [-63.699562889666616, 52.081561606127664], [-63.69883130259753, 52.081402399725], [-63.69865409923564, 52.08124078790666], [-63.69859748892845, 52.08103658445173], [-63.69820071350507, 52.08091578952098], [-63.698076921867305, 52.08059660028587], [-63.69772751015933, 52.080305915447305], [-63.697648691470015, 52.080011904304236], [-63.69741480926219, 52.07993459520476], [-63.69649571710166, 52.079837096243544], [-63.69550421388389, 52.079592099380065], [-63.69502300488776, 52.079299108912295], [-63.695123004162134, 52.0789919897624], [-63.69551078568343, 52.07873860948199], [-63.695504309738794, 52.07859220458709], [-63.695319191114564, 52.0784588936814], [-63.69453928052036, 52.078489900364794], [-63.69388672570699, 52.07833609587519], [-63.69297780961177, 52.07830390087519], [-63.692719793335904, 52.078177402665304], [-63.69262150732734, 52.07802119667644], [-63.6923634940627, 52.077894697683305], [-63.69193788857448, 52.07782628968412], [-63.69112089389587, 52.07780370485611], [-63.69094139257719, 52.07754859476936], [-63.690700609171714, 52.07747930138034], [-63.69029211568796, 52.077468004890086], [-63.69008081467675, 52.07761470937446], [-63.689976316409215, 52.07773479933264], [-63.69008019045142, 52.07848048477957], [-63.690622119518274, 52.079453398817904], [-63.690607108676666, 52.07977829939458], [-63.69052658963634, 52.079947607340856], [-63.6901838187867, 52.080226091928914], [-63.68940280179437, 52.080565899321265], [-63.68888370535869, 52.08066251468727], [-63.68837949983961, 52.080722710810264], [-63.688191899973106, 52.08078440665872], [-63.68792480232529, 52.08099511050779], [-63.68773890759987, 52.08130480170252], [-63.68723029275576, 52.08160068856606], [-63.68715850371276, 52.08200999464436], [-63.68732190993054, 52.08261039726543], [-63.687556476809625, 52.08295600197896], [-63.688503501774285, 52.08373279574567], [-63.68891421114, 52.08420251435885], [-63.689048582070775, 52.08435620091293], [-63.689830004123216, 52.08486180569632], [-63.69014179048957, 52.085253497313836], [-63.69064018477727, 52.08560370454132], [-63.69129109985794, 52.08622080766146], [-63.69175619060173, 52.08643628866032], [-63.69232568016769, 52.08682030160523], [-63.692808511612185, 52.08693850291027], [-63.6931338044883, 52.08718000656946], [-63.693345302633645, 52.087456089506865], [-63.693449013329484, 52.08806760145], [-63.693729711793836, 52.088418090802726], [-63.69367559048809, 52.08873010029678], [-63.693404698257304, 52.089022094705506], [-63.69326382191241, 52.08935699503771], [-63.6930223130315, 52.089442205573484], [-63.692414200383645, 52.0898907978745], [-63.6911090004673, 52.09042880825365], [-63.69100319235349, 52.090435009796366], [-63.68993920581496, 52.09004230107422], [-63.6896278119472, 52.089784793322984], [-63.68944881608002, 52.08937519514596], [-63.68921538956116, 52.08914340140562], [-63.687974610237646, 52.088723209500166], [-63.687144920167356, 52.08811910416507], [-63.68656090465628, 52.08790558738653], [-63.68623238875366, 52.08759090469523], [-63.68577430077036, 52.087367297471225], [-63.68531368142631, 52.086916099997715], [-63.68477161024966, 52.08665451630687], [-63.68452330839061, 52.08645909603278], [-63.68406528533674, 52.08623560918006], [-63.68390799385699, 52.08607021120923], [-63.68365600244055, 52.08595600022282], [-63.68347279250906, 52.085781989278715], [-63.6833708832408, 52.085418401604784], [-63.68309503742307, 52.085182223161134], [-63.682508005160045, 52.08467958819835], [-63.68183980787771, 52.084293894381524], [-63.68100908242072, 52.083998707467046], [-63.68049339299754, 52.08387978835411], [-63.68011328893059, 52.08368198451824], [-63.67922272337807, 52.08339789748959], [-63.678965887369756, 52.08338529051269], [-63.67861949890786, 52.08345628864388], [-63.67835678837216, 52.08343138818216], [-63.67825468759935, 52.083356389763736], [-63.678090188532366, 52.08306490679212], [-63.67790641887829, 52.08304530270897], [-63.67746207460057, 52.08304512404642], [-63.67726545529352, 52.08304038081642], [-63.67681640434754, 52.08293250545066], [-63.676370189284484, 52.08259940230019], [-63.6757141151925, 52.082238193754286], [-63.675444117822146, 52.08166430263519], [-63.67521999147162, 52.081518093265736], [-63.67382140698847, 52.08095259424031], [-63.673358413367374, 52.08069639554888], [-63.67336220789833, 52.08061520844318], [-63.67370801928814, 52.08027579531819], [-63.673730513647264, 52.08007700682952], [-63.67352160886413, 52.08002860201526], [-63.673171687144276, 52.08031500257701], [-63.67298698787115, 52.08031580271663], [-63.67292297992967, 52.08027400544001], [-63.67298671903587, 52.079758896859936], [-63.672858696894615, 52.07925260818606], [-63.67294740070776, 52.078766412835996], [-63.67321620290326, 52.07838100362679], [-63.673383790771595, 52.07832298923527], [-63.673844321302056, 52.078351498258755], [-63.674553557508865, 52.07850881403244], [-63.67460170245492, 52.07851950592344], [-63.67505710295176, 52.078515388668066], [-63.67523870777367, 52.07844141518707], [-63.675303301419895, 52.07832870508518], [-63.67509259625396, 52.07705270265696], [-63.674800999466974, 52.07623459621183], [-63.674576718021655, 52.07595420080934], [-63.67433897516529, 52.07553530346665], [-63.6738146081044, 52.075042298383075], [-63.673111785392145, 52.074696498585894], [-63.67306170902781, 52.0746386896441], [-63.67208510165102, 52.07422301231012], [-63.671499484300625, 52.07376301100498], [-63.67120079987301, 52.073528386510894], [-63.67040109697092, 52.07314018717007], [-63.67016510942284, 52.07296938883045], [-63.66996678949457, 52.07269760165114], [-63.669883689821695, 52.072639207153664], [-63.66968330711595, 52.07185110721665], [-63.6695298257364, 52.071493301719855], [-63.6693740811974, 52.0711302069879], [-63.66869589472936, 52.070122288646274], [-63.66808388310638, 52.0696723935004], [-63.66790870389856, 52.069470096806285], [-63.66729098446334, 52.0691419974149], [-63.6656445267819, 52.06866959394256], [-63.66410970443962, 52.068068993687525], [-63.66360378964712, 52.06774700221166], [-63.662753314281986, 52.06732130311875], [-63.66222118155122, 52.06685650735313], [-63.66214241611111, 52.06642829898847], [-63.66242822206459, 52.06554329821307], [-63.66270701310479, 52.0652230940816], [-63.6633213983787, 52.06492109965693], [-63.66308599723556, 52.06403891047699], [-63.66308799955946, 52.06357558678059], [-63.66324210610098, 52.06324509546189], [-63.663237694340836, 52.06305799922373], [-63.6626838887025, 52.062214896896066], [-63.66231369581239, 52.06181399125365], [-63.66183040386212, 52.06171589259783], [-63.6612294901641, 52.061733586140264], [-63.66092978655643, 52.06165509352246], [-63.660765290063694, 52.061229398563455], [-63.66055888063425, 52.06085180569692], [-63.660548484425185, 52.06065240857043], [-63.660716485331506, 52.0603059027167], [-63.66095451502936, 52.060013407428244], [-63.66102870065016, 52.05969771169113], [-63.66088510339463, 52.059247992573574], [-63.659899092172566, 52.05834430986786], [-63.65969780406183, 52.05799930357191], [-63.65950848111044, 52.05779527280252], [-63.65949071379266, 52.057776104498934], [-63.65905308345173, 52.05754870216915], [-63.6582860027948, 52.057315513558386], [-63.657360088197066, 52.05695749582393], [-63.65704341398542, 52.05682170990181], [-63.65699410207887, 52.056609504492876], [-63.657117681157246, 52.05650600769761], [-63.6578328954276, 52.05629938681542], [-63.658089212652406, 52.05617800810044], [-63.657928479950556, 52.055671101750676], [-63.65787241840916, 52.055044098661085], [-63.65775190497582, 52.05466400078026], [-63.65751668356957, 52.05433870083591], [-63.65703270168688, 52.053838214978256], [-63.65651409775505, 52.053511811897614], [-63.65537619234629, 52.052898004678504], [-63.65400200965346, 52.05240181140991], [-63.65382510216013, 52.05224010218177], [-63.653767787223, 52.05205609422137], [-63.653754601793175, 52.05136091303978], [-63.652788416711594, 52.05074200608595], [-63.65186270562382, 52.05038388806863], [-63.651152091623125, 52.049797983479394], [-63.65075660592803, 52.04965671292948], [-63.65049290551206, 52.049517899292425], [-63.65037968309233, 52.049263795445086], [-63.64874057970604, 52.04838070403987], [-63.64849398585776, 52.04829910972209], [-63.64816060630383, 52.04824019163863], [-63.64787130062992, 52.04824370175229], [-63.6473493072398, 52.04825001001552], [-63.646448891446155, 52.048054900072344], [-63.64619140783483, 52.04806241368088], [-63.645893316080816, 52.04823180586072], [-63.64561090524576, 52.04821040252373], [-63.64527529536771, 52.048057995626316], [-63.64512901973342, 52.04766929333854], [-63.64449551473791, 52.0471294093853], [-63.644189022956134, 52.047058898094], [-63.64387969726916, 52.04704919893951], [-63.64337389211058, 52.04714980499051], [-63.6429587965972, 52.04714640669525], [-63.64237687649611, 52.047046405462034], [-63.64273250631565, 52.04663831335773], [-63.64293590055029, 52.04652000567929], [-63.64332988161759, 52.04641329929872], [-63.6444654111331, 52.04637701304117], [-63.6447783995975, 52.046171300817235], [-63.64490312153033, 52.046181701342896], [-63.64499029679575, 52.0464270962624], [-63.644751107365465, 52.04660569773048], [-63.644767191441865, 52.04668320530363], [-63.644909998622246, 52.04673048879588], [-63.64518740825225, 52.04671930815411], [-63.64533551283694, 52.0463765009784], [-63.645314197184675, 52.04613218820898], [-63.6450302938958, 52.04586290663211], [-63.64487609172448, 52.04550240022155], [-63.644590326764416, 52.04527369435275], [-63.64420850064238, 52.044848197296496], [-63.6441821096793, 52.04457130093418], [-63.644434092494016, 52.04426290853179], [-63.64484491363873, 52.04407929482833], [-63.645074393036126, 52.044103789094294], [-63.64551179042581, 52.04433118348588], [-63.64589402019931, 52.04433400060103], [-63.64628288640118, 52.04419469928199], [-63.646607905152955, 52.04401360980366], [-63.64662150965295, 52.04399360090945], [-63.64679420050273, 52.04402785834868], [-63.647005444304, 52.044056659715324], [-63.647412098394575, 52.04410148814523], [-63.64741228015476, 52.04414599818122], [-63.64762138016533, 52.04446280798218], [-63.647736300342416, 52.044542091234874], [-63.64881840489333, 52.044797289867034], [-63.64925769612316, 52.044984092399], [-63.65028500282198, 52.04528301402942], [-63.65078331345734, 52.045478996099035], [-63.651019994356915, 52.04562961166688], [-63.65234419777692, 52.04564530979583], [-63.65293669488243, 52.04552179443566], [-63.65318378775293, 52.045314898818404], [-63.65310177865525, 52.04412260032431], [-63.652895813606925, 52.043879090676576], [-63.65269700775284, 52.04376170324103], [-63.6521072051903, 52.04369010265545], [-63.651683200491135, 52.0437352982215], [-63.6512563933169, 52.043841397307816], [-63.650593688905005, 52.043776703479516], [-63.650311596543226, 52.04333259437572], [-63.65030344247741, 52.04298088167022], [-63.6502986148791, 52.04277149970052], [-63.65049409010718, 52.04212470348894], [-63.65078988544374, 52.0418618000336], [-63.6518353878699, 52.041218190572216], [-63.65224330657869, 52.041095500742415], [-63.65284289189481, 52.04109810907675], [-63.6531823041034, 52.041169311424206], [-63.65367638432939, 52.041312295432235], [-63.65468992278233, 52.04176129215375], [-63.65515598533114, 52.041802206610775], [-63.65579651452771, 52.0417771926783], [-63.65641022666352, 52.041632624668246], [-63.65646967648495, 52.0416186048352], [-63.657355692790425, 52.041138585543045], [-63.6581454190986, 52.04088460339349], [-63.65872200107962, 52.040817711815706], [-63.65881299622126, 52.04070279216284], [-63.65889019619797, 52.04060529625119], [-63.65913529859635, 52.04043900126249], [-63.65977767244982, 52.04037330516759], [-63.65993318544748, 52.04029070410467], [-63.65992910044565, 52.04023781432451], [-63.65932630255267, 52.04016200636105], [-63.65907020786383, 52.040283415713624], [-63.65871710468544, 52.04036241325732], [-63.658483089302436, 52.04057359209195], [-63.65800824016117, 52.040595286108086], [-63.65771690194442, 52.04060861356962], [-63.65698811201745, 52.04047447452791], [-63.65666487713678, 52.040415007174495], [-63.656523109290205, 52.040347410939994], [-63.65652140050063, 52.0399653080589], [-63.656592111667386, 52.03986499227556], [-63.656947985171534, 52.03972500485007], [-63.65807439027766, 52.039737104634284], [-63.658525522881106, 52.03981429537255], [-63.65956799959278, 52.039788286193286], [-63.66012490641574, 52.03985930038241], [-63.660451300215186, 52.03992608966306], [-63.66081589766556, 52.04016020978989], [-63.660859180835075, 52.040360206439956], [-63.66080441555511, 52.04040390311739], [-63.6601002898696, 52.040521283604946], [-63.6599719979626, 52.0407263080993], [-63.66000241599228, 52.040859523414575], [-63.66001017782014, 52.04089360605169], [-63.66007697746812, 52.04091438010899], [-63.66052338744974, 52.04105318827847], [-63.66119169385719, 52.040996111481945], [-63.66146841241618, 52.041139201470344], [-63.6624371830555, 52.04114029739173], [-63.662836379465, 52.04120029672347], [-63.66320731803269, 52.04158090479141], [-63.663403808479906, 52.042027393422636], [-63.66380770925006, 52.0424085989857], [-63.664528885913484, 52.04277100211645], [-63.66497359526268, 52.043124410996775], [-63.665614897642754, 52.043924409042944], [-63.66627118737469, 52.044265287672296], [-63.666576691571635, 52.044356097598204], [-63.66737399305118, 52.04436219637912], [-63.669801408455506, 52.04516559984271], [-63.67025291233792, 52.045376890565], [-63.670243420329946, 52.0455798946242], [-63.66948487673975, 52.04643210197916], [-63.66910400688941, 52.04654321461072], [-63.66856697527099, 52.0464685023611], [-63.668085721731224, 52.046329895135244], [-63.667404316376135, 52.04638280354847], [-63.66724248209556, 52.046318896563676], [-63.667081420487946, 52.046100601191334], [-63.666830611905496, 52.04596610401093], [-63.66672490184948, 52.045972303297276], [-63.6666186930465, 52.046267098974745], [-63.666347853132365, 52.04648969697567], [-63.666207307491355, 52.046605198852916], [-63.66621549958512, 52.046711096002426], [-63.6664204122715, 52.04684068935068], [-63.666706899443625, 52.046914891616844], [-63.6668613935086, 52.04692909594888], [-63.667310786311205, 52.04697039789653], [-63.66806408717773, 52.046931009117124], [-63.66914450552969, 52.0468040141652], [-63.67033189598838, 52.04678449802404], [-63.672426895657466, 52.046951909305896], [-63.67324250701467, 52.047129005127964], [-63.67484291238207, 52.04786470260939], [-63.67548540122764, 52.04948969175341], [-63.6754809928999, 52.049725410613284], [-63.675109202679685, 52.05076739558397], [-63.67477257792537, 52.05105810551268], [-63.67447871263191, 52.05128050731909], [-63.67386650336833, 52.05196461368587], [-63.67344347447045, 52.05223707619294], [-63.67329550023252, 52.052332400043454], [-63.67323818600468, 52.05257120099693], [-63.67356881454854, 52.052690900569665], [-63.674035916275194, 52.05271139027245], [-63.67423805077678, 52.052648438021286], [-63.67451759765155, 52.052561394782614], [-63.67546609486436, 52.05272058501201], [-63.67572390603665, 52.05284709321943], [-63.67639089753887, 52.05296459996966], [-63.67691120336353, 52.0531160899741], [-63.67770990549427, 52.05323601396037], [-63.67808458599467, 52.05340110883583], [-63.67928490390017, 52.05367439635862], [-63.67958390013849, 52.05390729472918], [-63.679607379144464, 52.05411100333943], [-63.67952699748205, 52.054280299596066], [-63.67907632333486, 52.05447139970817], [-63.67908549300823, 52.05455688704416], [-63.67921060521026, 52.05470141123368], [-63.67931004566669, 52.05474955694585], [-63.67968129834149, 52.05492929620489], [-63.680556702022606, 52.05496101275883], [-63.680734714255316, 52.05510239330011], [-63.68110340412644, 52.0552552008418], [-63.68139041668107, 52.05546349361854], [-63.68163990106959, 52.0554841954343], [-63.68139371188603, 52.05482550744988], [-63.68139520957806, 52.05422799573511], [-63.68147748869577, 52.05401808414313], [-63.68214969085536, 52.053034294479815], [-63.68255790690447, 52.05262290272154], [-63.68288088580501, 52.05248229699451], [-63.68380652341211, 52.05228319755237], [-63.68438640810325, 52.05228940412356], [-63.68513819285928, 52.05242470349569], [-63.68555342194425, 52.05242789634674], [-63.686172779848434, 52.05229259612642], [-63.68685638214378, 52.05191039538049], [-63.68744881181908, 52.0513639960205], [-63.68779400198244, 52.05060200149306], [-63.688127685527576, 52.050372100097306], [-63.68847481485386, 52.05028069938486], [-63.68880190153859, 52.049481699989734], [-63.689240719533075, 52.048977396788956], [-63.690071015515336, 52.04827260122659], [-63.69103341497141, 52.047704299910826], [-63.69143711020272, 52.04752849385117], [-63.69196961477141, 52.047415989953514], [-63.69222010182158, 52.04741628808765], [-63.692597603375646, 52.04752050059973], [-63.693343586225545, 52.04806610366628], [-63.69394240155482, 52.04808881381113], [-63.69485789515328, 52.04824720007116], [-63.69545839455085, 52.04851790879118], [-63.69571309885565, 52.048571110374105], [-63.69618899607968, 52.048542890628354], [-63.69638341001635, 52.048473201906084], [-63.69655139590996, 52.04826070894944], [-63.69648831104313, 52.04748739547102], [-63.69668787952994, 52.04716170566888], [-63.696646781315934, 52.04676669697403], [-63.69682791778859, 52.046558598931625], [-63.69675480196094, 52.04614270806168], [-63.697533811496946, 52.045689012626816], [-63.6979745096186, 52.04556670588398], [-63.69879371238751, 52.04523969809672], [-63.699401882883, 52.045059299531644], [-63.700006826159566, 52.044805795209015], [-63.70087838456036, 52.04462999384854], [-63.701402389342135, 52.04470020063878], [-63.701981121447766, 52.045015092417344], [-63.70241570672766, 52.04516910798076], [-63.7026067007134, 52.045314691935324], [-63.702767098339706, 52.04555319041134], [-63.702773006265396, 52.045854095694644], [-63.702937494643955, 52.046145495627], [-63.70319259409104, 52.04633288668491], [-63.703864998631786, 52.04661700490293], [-63.70388488738572, 52.04690180200755], [-63.70406011328523, 52.047104012773296], [-63.70433978863163, 52.047186094167344], [-63.704521981101145, 52.04738040096965], [-63.70522418574086, 52.04759180765507], [-63.70556820110512, 52.04813839460269], [-63.705830188926775, 52.04831770393971], [-63.70649339855878, 52.04851628872707], [-63.706811610358535, 52.04876571634797], [-63.707433114396956, 52.04901230807109], [-63.70781610654499, 52.04928310727028], [-63.70862510164764, 52.04946801217581], [-63.70873409078938, 52.04953488402696], [-63.708808705300314, 52.04977600623562], [-63.70890980756107, 52.049871192948515], [-63.70940609891326, 52.04997339236881], [-63.709750206582164, 52.050231405957724], [-63.710103695844545, 52.05028629064596], [-63.710249801924626, 52.050406692274436], [-63.71087369824616, 52.050458308137046], [-63.711235889615374, 52.0507531086811], [-63.71180039159753, 52.05094990919405], [-63.711968796296865, 52.05116020924432], [-63.71248878326432, 52.05117730869136], [-63.713178993580236, 52.05165268968841], [-63.71351068339725, 52.051752000103164], [-63.71374158829674, 52.05217869489121], [-63.7140514812985, 52.05232230157781], [-63.71426068481336, 52.05250470394349], [-63.714308489914686, 52.05275759734373], [-63.71419938580997, 52.0529792048164], [-63.71426810135629, 52.053207991058116], [-63.71462247627866, 52.053242601069044], [-63.71498938633227, 52.05314739325815], [-63.71583189802068, 52.05317830835007], [-63.71578270060741, 52.05367739607042], [-63.716017920868396, 52.05386839794443], [-63.71593249484867, 52.054005094877866], [-63.715876301668814, 52.054512193123315], [-63.71571207805072, 52.05464350464779], [-63.715714387630946, 52.05473698565022], [-63.715784505576266, 52.05479099262114], [-63.71633889370811, 52.054922605566276], [-63.71698459268962, 52.0549298061548], [-63.71764760370769, 52.05528268993731], [-63.71783917986033, 52.05527380057438], [-63.718082294115106, 52.055147984058884], [-63.71844649763122, 52.05511369596682], [-63.71851051102142, 52.05515540382537], [-63.718521200513855, 52.05535479173607], [-63.71861719431378, 52.05541738867044], [-63.71909830691714, 52.0554217025408], [-63.719182309604356, 52.055459713037955], [-63.71919160499514, 52.05554520816157], [-63.71901850573555, 52.05572511507398], [-63.71864551224583, 52.055808109760264], [-63.71847481969015, 52.0560814959919], [-63.718100172334715, 52.056284099098505], [-63.717906892066836, 52.056388600901904], [-63.717834582411065, 52.056818204124205], [-63.71745410002756, 52.05706359647201], [-63.717273214758265, 52.057271792873614], [-63.71721010830533, 52.057498311926125], [-63.71723791101766, 52.05775489328739], [-63.71774037496333, 52.057869306839486], [-63.718400092914386, 52.05786038714604], [-63.71863350952402, 52.05780351089802], [-63.718838601596936, 52.05764449267093], [-63.71905291346128, 52.05757100556555], [-63.71961289270842, 52.05758071123183], [-63.71994600097302, 52.057505187207276], [-63.720070816862254, 52.05751550831064], [-63.72054358643992, 52.05770248997323], [-63.72070928798149, 52.05772745249657], [-63.72151928307205, 52.05784949550774], [-63.72173279714425, 52.05808479812523], [-63.72207292445383, 52.05828989783304], [-63.72217640806942, 52.05847861391625], [-63.72219100839709, 52.05856370370252], [-63.72227007970097, 52.05902490428819], [-63.72235739769297, 52.059136086456654], [-63.72270261360414, 52.059373802588965], [-63.723115098093835, 52.05943780248819], [-63.72349140926297, 52.05942810412088], [-63.723685251278944, 52.059391970574055], [-63.72381061135164, 52.059368609166704], [-63.72396689248759, 52.05926561217569], [-63.72382769011589, 52.05884861028887], [-63.72407870622477, 52.05869449597646], [-63.72413150618079, 52.05840270322125], [-63.72433659911345, 52.05824370835067], [-63.72462790290147, 52.058216191414786], [-63.72496150197294, 52.05827489867253], [-63.72519589328953, 52.05848621272182], [-63.725217709422644, 52.05873040181064], [-63.725122606129325, 52.05893610979678], [-63.72453850035993, 52.05916580161619], [-63.72422119792948, 52.059473208870195], [-63.723965576403714, 52.05955049790935], [-63.723699682396024, 52.05963090447351], [-63.723712782544006, 52.05992370643627], [-63.72352669008904, 52.06009931130198], [-63.723537406439846, 52.06029870165454], [-63.72388220641944, 52.06040221181982], [-63.724003812662325, 52.0606278102133], [-63.72426601029831, 52.06080720662214], [-63.72542318484032, 52.060879993322374], [-63.72566402177531, 52.06094920103012], [-63.72591740814141, 52.061177114114464], [-63.726157288885915, 52.06126660569042], [-63.726447791316055, 52.06125949426235], [-63.726635217499314, 52.06119769795777], [-63.7265265855772, 52.060976297857486], [-63.7262398084456, 52.0609022944248], [-63.72625328295153, 52.06075210705982], [-63.7263418710933, 52.060695773218846], [-63.726402718454445, 52.06065710246239], [-63.726867587983456, 52.060583894480494], [-63.72699979256379, 52.06043169951569], [-63.727447523056455, 52.06030129823167], [-63.72765619445038, 52.06006099697963], [-63.727901685890814, 52.06002870687786], [-63.72791380351278, 52.06034180592202], [-63.728149986552694, 52.060512500260586], [-63.7283197987389, 52.06054800934539], [-63.728671102228375, 52.06050930283031], [-63.72880600379411, 52.06029628784417], [-63.72888070866115, 52.06024879551481], [-63.72979062385436, 52.06010599393416], [-63.72976422185206, 52.060251799880255], [-63.72961200091694, 52.060407686267865], [-63.72911469890267, 52.06061449588035], [-63.72849631018755, 52.0610183928689], [-63.728329567762906, 52.0611505381824], [-63.7277985864525, 52.06157139844259], [-63.7274385094285, 52.06165861068622], [-63.7272078996244, 52.061654606841095], [-63.7267044790431, 52.061560603327926], [-63.726726306283226, 52.061804794353215], [-63.7268984975067, 52.06193379980332], [-63.72712029121257, 52.06198638331262], [-63.727410796800605, 52.06197921113036], [-63.727697985558, 52.06189880580848], [-63.728156404515495, 52.06167920620236], [-63.72841058551639, 52.06159820979104], [-63.72894890966638, 52.06165218932565], [-63.72910019782598, 52.06180518613076], [-63.72957630831407, 52.06206539691659], [-63.729992978088255, 52.062182307226415], [-63.73022970504187, 52.06219860173676], [-63.73078410270342, 52.0620415084068], [-63.73124423218053, 52.061813524147254], [-63.731870219609306, 52.0615033946014], [-63.73237172331732, 52.061349495951745], [-63.73265620297571, 52.06133001105467], [-63.73307012234521, 52.06150779711332], [-63.73381209817524, 52.0615774869605], [-63.73405899095056, 52.06165889162258], [-63.73552848759586, 52.06270029161553], [-63.73551550094244, 52.0627923975557], [-63.735499323053155, 52.06290709387541], [-63.73480519285816, 52.063090285403916], [-63.73474260823347, 52.063162400428546], [-63.73477101356453, 52.06326449229539], [-63.73517340824672, 52.063551797681804], [-63.73538039491732, 52.063640703735864], [-63.735678886359025, 52.06389380076801], [-63.73632169826092, 52.06411619843942], [-63.736701306646616, 52.06417960404448], [-63.73704558894083, 52.064149007883564], [-63.73723339224119, 52.06393270358876], [-63.737303786393994, 52.06354370355483], [-63.73736640497796, 52.06347159800306], [-63.737371305760796, 52.063215698986625], [-63.737645007527014, 52.06299680958055], [-63.73791549044061, 52.06299329735161], [-63.7382854139059, 52.063125700423946], [-63.73842887475497, 52.06330700260773], [-63.73916160740732, 52.06329108858965], [-63.73927490356884, 52.06341091381773], [-63.73973668803601, 52.06355300071604], [-63.739942809372906, 52.063662205066386], [-63.74011956652253, 52.06383753832725], [-63.74017628784126, 52.06389380956071], [-63.74040848804819, 52.064300198379016], [-63.740773300271826, 52.064399906458306], [-63.7412553092267, 52.06482680337395], [-63.74196309931705, 52.065070611957914], [-63.742348693853096, 52.065146306867035], [-63.74252102324225, 52.065275193697296], [-63.74282540503092, 52.065252003614376], [-63.74291310078918, 52.0652088100542], [-63.742891589097184, 52.06509868629743], [-63.74346150201623, 52.065039302793444], [-63.74396328483732, 52.064730893394255], [-63.744016204064486, 52.06472769536267], [-63.74408729454605, 52.06476150432505], [-63.744167582938, 52.06488070605401], [-63.7440514208669, 52.06526489775468], [-63.74383941496722, 52.06543189963062], [-63.74386232300352, 52.06565589706509], [-63.7439626035633, 52.06577139737873], [-63.744429600049145, 52.06594598787198], [-63.744650195813236, 52.06617329659852], [-63.744622213757104, 52.06664840777592], [-63.74495059897979, 52.06711741025336], [-63.74494931603404, 52.067292103975305], [-63.74483807912604, 52.06742030289252], [-63.74486372386593, 52.06758329550733], [-63.74548299654998, 52.067890608734615], [-63.74561591017427, 52.06816111284551], [-63.74602668710757, 52.06826569767313], [-63.7471657056597, 52.068455898199524], [-63.74753770064839, 52.068836199250484], [-63.74791100667788, 52.06904169967461], [-63.748043390811624, 52.06917810027021], [-63.74843300114218, 52.069461095687245], [-63.748736089700735, 52.06961259521916], [-63.74901001252643, 52.06968229828274], [-63.749250592417496, 52.069905909144914], [-63.749717605622195, 52.0700804902341], [-63.75034369995997, 52.07009119529902], [-63.75088539942376, 52.070218285322305], [-63.751747191832536, 52.07070849521521], [-63.75217828381134, 52.07109789942198], [-63.752434594302144, 52.07126488703598], [-63.753940690793335, 52.071802589820834], [-63.7548371014086, 52.071964192205364], [-63.755184491370976, 52.0721610863887], [-63.75590459708999, 52.07242940989859], [-63.75658750011703, 52.072644292031434], [-63.75688050611641, 52.07273049831318], [-63.75756460535196, 52.073213614377515], [-63.75780169288978, 52.07351838369436], [-63.75838221198728, 52.07381280510039], [-63.758875609044274, 52.07428450055269], [-63.75901099880868, 52.074648606625644], [-63.75972609063954, 52.07532729688607], [-63.76030749427445, 52.07560130812278], [-63.76139391659071, 52.07579449190541], [-63.76193210414778, 52.07600279673899], [-63.7626048792645, 52.07615240626839], [-63.76329188673014, 52.07657450348447], [-63.76344461463886, 52.07699579253459], [-63.76462820978783, 52.07767419356173], [-63.76560158007153, 52.078036201515154], [-63.76667239952881, 52.07872898937971], [-63.76767269751956, 52.07890022203579], [-63.76777889730907, 52.07891839021636], [-63.76816291702896, 52.07903459795265], [-63.7691611145049, 52.07913680249198], [-63.76959198652131, 52.079237509793316], [-63.770130591576475, 52.079291300799646], [-63.77027699223118, 52.079411685874845], [-63.77036678503138, 52.07961639259083], [-63.77074520225549, 52.08000890676843], [-63.7707500911167, 52.080195996566175], [-63.770551922429654, 52.08050149371903], [-63.770556481037254, 52.08065391594062], [-63.7705625185275, 52.080855296107615], [-63.77074677813069, 52.08116330140738], [-63.77103168837005, 52.08143228972163], [-63.77129181262414, 52.08151800902138], [-63.77145730168573, 52.08165489096113], [-63.77139511953219, 52.0820156005204], [-63.77177708484245, 52.082326900517344], [-63.77217329778403, 52.082467709595846], [-63.77308750555691, 52.083129305723254], [-63.77355048356967, 52.08325090620759], [-63.77389830531893, 52.08329330480391], [-63.77494707952679, 52.08329880037318], [-63.77498068742445, 52.083295697377814], [-63.77558300992056, 52.08324039963351], [-63.776064695238425, 52.0830898929798], [-63.77638520956054, 52.08285551646275], [-63.776554808957684, 52.082789861655264], [-63.77688857953533, 52.08266070339422], [-63.77708320612453, 52.08243640552389], [-63.77739127572921, 52.08233180500761], [-63.77773398855443, 52.08234160774212], [-63.77794897761778, 52.08240209930159], [-63.7791920066246, 52.08308949391758], [-63.77975118493444, 52.08327370486382], [-63.78031251575295, 52.08326280613496], [-63.78076317711874, 52.082916704719885], [-63.78152419090057, 52.08271398416296], [-63.781912010780026, 52.08274899496205], [-63.78202121749293, 52.08281579602029], [-63.78286750852472, 52.083073888872526], [-63.78314039672962, 52.08331818453535], [-63.78322897798376, 52.08368274775157], [-63.78324651620521, 52.08375489648576], [-63.783207111361385, 52.084051011803886], [-63.78283532115833, 52.084402401861674], [-63.78256200591726, 52.085064505050454], [-63.782592112487386, 52.085280399956005], [-63.78272710745985, 52.085510297715956], [-63.78300611182954, 52.08576699512532], [-63.78301191258891, 52.085803597898725], [-63.78301638952756, 52.08583220654125], [-63.78318459120477, 52.08590808463204], [-63.78332339562334, 52.08590230227063], [-63.78340602094199, 52.08582649985412], [-63.783486910068646, 52.0856368087906], [-63.78384078578966, 52.08569149353732], [-63.78460501307266, 52.08571649499953], [-63.784839191622545, 52.0857934904852], [-63.78521891540648, 52.086011196750825], [-63.78571940536706, 52.08603181306422], [-63.78599598784175, 52.086194909591846], [-63.78636619643572, 52.08632709273727], [-63.786622808316615, 52.086493990676445], [-63.786894006096965, 52.086779002388965], [-63.7874167823911, 52.08704379482391], [-63.787508090376676, 52.08691929744023], [-63.78743399282237, 52.086503408484816], [-63.787512785240935, 52.0859112976686], [-63.78743530145642, 52.08542230158596], [-63.787459001055325, 52.085182889428076], [-63.78763280355042, 52.08498249579157], [-63.787867112321365, 52.08490511461367], [-63.788192722905464, 52.08470329379072], [-63.78841650382453, 52.084715094992674], [-63.78853331259147, 52.08490809938386], [-63.7887127953249, 52.08502899567435], [-63.78879351410505, 52.0849936939751], [-63.788824493326224, 52.08443739957311], [-63.78898281178167, 52.08413930503368], [-63.78899349144995, 52.08389558938246], [-63.78888509842898, 52.08380839380528], [-63.78813571171319, 52.08374710888937], [-63.78767529496806, 52.08356469209247], [-63.787180820161105, 52.08355639337105], [-63.787025404022444, 52.08363919688506], [-63.786911624726585, 52.083828294412406], [-63.78686929904177, 52.08433980421401], [-63.786698384647835, 52.084324699352145], [-63.78640910564402, 52.08400289489], [-63.78586189023982, 52.08384328875401], [-63.785850910583214, 52.083643994561], [-63.786071487013146, 52.08342819539249], [-63.78605959390624, 52.08324910681607], [-63.78556568060701, 52.0827775064782], [-63.7853203811531, 52.08265549568963], [-63.78464630748997, 52.08268090764037], [-63.78456400115912, 52.08260230464605], [-63.78458750092478, 52.08251729946418], [-63.784845781731846, 52.08232166958223], [-63.78492882386081, 52.08225879640447], [-63.78497919276324, 52.08216209136328], [-63.78496089757548, 52.08212713433722], [-63.78461410374229, 52.081464995159976], [-63.78461021704208, 52.08110319270564], [-63.78469879108558, 52.08103960576897], [-63.78559569323763, 52.0810464961425], [-63.785661272017784, 52.0809792280034], [-63.78574769538999, 52.08089049538468], [-63.78574993269115, 52.08085787080177], [-63.78576619699664, 52.08061850591504], [-63.7856291926211, 52.08058369592224], [-63.78520770787123, 52.080568492676434], [-63.78473449093301, 52.08022731105522], [-63.78505651571569, 52.08010669388564], [-63.7855630260142, 52.080139593791934], [-63.78588898396066, 52.08022629306821], [-63.78616571760698, 52.08023500646152], [-63.786275095481926, 52.08014738815587], [-63.786270753926914, 52.08006866230871], [-63.786264092580346, 52.079948003625766], [-63.786094297520165, 52.079758197136414], [-63.785836901911544, 52.07961170265088], [-63.78586128746166, 52.07950640023279], [-63.78597588964555, 52.0794513978272], [-63.78642519257526, 52.079434506154136], [-63.78657375012768, 52.07961494129022], [-63.78666949012057, 52.0797311891073], [-63.78691481356236, 52.07985320671115], [-63.787467995674, 52.08002500819927], [-63.78779060250787, 52.080038489266585], [-63.78797987637128, 52.07993600475769], [-63.787981999159605, 52.07958649947642], [-63.78777999808163, 52.079530298918435], [-63.78715459440027, 52.079499511838144], [-63.78704629590242, 52.079412395691534], [-63.787075404457006, 52.07905110789156], [-63.78696619962004, 52.07898431293399], [-63.78667131681736, 52.07893870430982], [-63.786679415935815, 52.078755907885366], [-63.786877281538, 52.07860479496021], [-63.78690248350853, 52.077881709211894], [-63.787044091714314, 52.07766049987058], [-63.78715179545761, 52.07761350978945], [-63.78787528911357, 52.07751180152041], [-63.78835518752643, 52.07724749269594], [-63.78863880761157, 52.07724810447869], [-63.788894998749605, 52.07697200399769], [-63.78926810284352, 52.076888795768966], [-63.78928050288988, 52.07735638672036], [-63.78961690276836, 52.07750830355525], [-63.78971651836093, 52.07764410676452], [-63.78976120963094, 52.07797809449237], [-63.790040882432955, 52.07836889527844], [-63.79002648610794, 52.07884829296001], [-63.790177190947375, 52.07902150575984], [-63.79044600585172, 52.07905850913515], [-63.79079309199277, 52.07896671071343], [-63.791149600536514, 52.07896051071682], [-63.791389925730066, 52.07889539464731], [-63.79166859139527, 52.07870900261675], [-63.79209279191962, 52.07866319238138], [-63.792259192583074, 52.07877978901927], [-63.79259912547538, 52.07885049479125], [-63.7926804971588, 52.07894940060889], [-63.79271801598586, 52.079968738758716], [-63.7927227044734, 52.080096310121235], [-63.79262741209006, 52.0807654073601], [-63.79244489064079, 52.081014301580694], [-63.79218292011981, 52.08112379549149], [-63.79224679486234, 52.081319900432696], [-63.79238380768923, 52.081354701720066], [-63.79268141396032, 52.08133941180391], [-63.7927649051298, 52.081088706370586], [-63.79310677621073, 52.08096440047714], [-63.7934689077019, 52.08068180291764], [-63.793705714492646, 52.08069790705583], [-63.79380970743037, 52.08073219616906], [-63.79395417689595, 52.081047501880164], [-63.79467280597973, 52.08151068879115], [-63.794538309878526, 52.08156941178206], [-63.79423468210275, 52.081572504556696], [-63.79369000614069, 52.08150649688079], [-63.79347389461253, 52.081620786992524], [-63.7933418968999, 52.081773111284534], [-63.793416611028725, 52.082477511761105], [-63.793178781263094, 52.08263609680733], [-63.7924007140204, 52.08262721140813], [-63.79192689163634, 52.08274940082984], [-63.791682090804656, 52.08291609021819], [-63.79163768536951, 52.083025095338975], [-63.79172408658451, 52.083310988724115], [-63.79188890018347, 52.08331380230638], [-63.79212409575021, 52.08321609039781], [-63.79292842704696, 52.08307899389972], [-63.793367619436545, 52.08284250435187], [-63.79387599859166, 52.08283469737536], [-63.79422909690726, 52.08275519390196], [-63.7943584946529, 52.082663807590194], [-63.794510588670406, 52.082353401251424], [-63.7946269968582, 52.08225780395778], [-63.79504348030339, 52.08208590249622], [-63.79523522378523, 52.08207679829519], [-63.79585867925507, 52.08230260719484], [-63.79599138759066, 52.08228450175277], [-63.79632389894061, 52.08207460698933], [-63.7964974015911, 52.082028698273], [-63.79748697602282, 52.08217920655235], [-63.79851421460396, 52.082074307598575], [-63.798632303560154, 52.08193808776267], [-63.798650687201665, 52.08180075729776], [-63.79868118889531, 52.08157310604994], [-63.79862340762907, 52.08123481577368], [-63.79888639480272, 52.08110499388221], [-63.79908869677332, 52.08085229654745], [-63.799512875833216, 52.080806502470516], [-63.79949711948171, 52.081017600792485], [-63.80015981685919, 52.08110170089056], [-63.80076918439539, 52.08149789103077], [-63.80122190846483, 52.08170868779032], [-63.80152801665083, 52.08179910800144], [-63.801774905801786, 52.082189314422635], [-63.80235679470945, 52.08230870248844], [-63.802973119431535, 52.08285129193069], [-63.803360703810306, 52.08304059348317], [-63.803667005931274, 52.08297661418952], [-63.80399418484227, 52.082734091861994], [-63.80428400518356, 52.082746988488864], [-63.80437639267309, 52.08319970977533], [-63.804718793128416, 52.083518302882744], [-63.8047017930264, 52.08366820353172], [-63.804675989921805, 52.08389560762298], [-63.80527599274584, 52.08436070580268], [-63.805279920559975, 52.08487699791752], [-63.805368301922044, 52.08496790296877], [-63.80602160694785, 52.08496650613813], [-63.80620709456116, 52.08509960984174], [-63.80646990123194, 52.085124301113304], [-63.80647010265655, 52.084969801684785], [-63.80627931538666, 52.08480409601155], [-63.80631680703167, 52.084548602174515], [-63.80669050106071, 52.08428027415071], [-63.80684799661673, 52.0841671973623], [-63.807022595033914, 52.08394650810314], [-63.80713098312444, 52.08387920074813], [-63.80744771567079, 52.083880393925845], [-63.80776570107818, 52.084304195291075], [-63.80811790111666, 52.084399496664034], [-63.80817861093087, 52.084368010481185], [-63.80817280469573, 52.08404678974819], [-63.80822752256483, 52.08400299681195], [-63.808583115037656, 52.08401689646339], [-63.80898899549718, 52.08424309384967], [-63.80906591262393, 52.084598000723595], [-63.809303491514285, 52.08474819989257], [-63.8099202185002, 52.084981893720546], [-63.811165000615894, 52.08503089765529], [-63.811365405392145, 52.085127706633806], [-63.811541298482666, 52.08532971209855], [-63.81184058904566, 52.085428094386955], [-63.812084292850294, 52.08559068540964], [-63.81235470451227, 52.08605031027112], [-63.81286990910155, 52.086188916569164], [-63.81337470470258, 52.086416694539025], [-63.81369649697107, 52.086450393273516], [-63.81385278602393, 52.08619279880771], [-63.81421630009106, 52.08617849130229], [-63.81449652281372, 52.08626029460607], [-63.81468120787941, 52.086413693054986], [-63.81527109360358, 52.08650470584425], [-63.815724709973914, 52.08669499446436], [-63.81594851267195, 52.08670679409178], [-63.816023202433996, 52.08665930406086], [-63.81600510533141, 52.08646800472523], [-63.815443810459655, 52.08632459885983], [-63.815455986667, 52.08619480427619], [-63.81586648258909, 52.08601049798769], [-63.816274203548616, 52.086041503599645], [-63.81641991448265, 52.08618210054126], [-63.81681718107362, 52.08630240694072], [-63.81724041261741, 52.08658581173334], [-63.817255105807284, 52.08670389825737], [-63.81705027929741, 52.08686310232299], [-63.816984292609106, 52.087016489505984], [-63.817012823601296, 52.08727299597369], [-63.81726769137873, 52.08748040535684], [-63.817543588974345, 52.087509298734034], [-63.817696302172365, 52.08748750673322], [-63.81788119039594, 52.08733200516319], [-63.818301297813946, 52.08676980309001], [-63.81888002434367, 52.08681589677277], [-63.820227307972, 52.08678509466808], [-63.82104112116307, 52.08673329508948], [-63.821588599540114, 52.08658379979662], [-63.82193659739358, 52.08631709740608], [-63.82264110238629, 52.08604409757061], [-63.82321989506173, 52.08562679975384], [-63.82329277848244, 52.08546540437056], [-63.823013474292665, 52.085208805031215], [-63.822715181160234, 52.08509020114438], [-63.82264231105813, 52.08494269352622], [-63.82286248985943, 52.08478206758947], [-63.8229147987402, 52.084743885689036], [-63.824117278969574, 52.08439770636979], [-63.82461349275613, 52.084365196982304], [-63.82476970564267, 52.084416547274614], [-63.824834694167, 52.08443790683128], [-63.82521281322163, 52.08485049069602], [-63.825490403639236, 52.08499320591665], [-63.82580259545619, 52.08525031207003], [-63.826449715803655, 52.08554540900499], [-63.826718589545386, 52.08558228409142], [-63.8271498022296, 52.08552831137349], [-63.82725220067562, 52.08544868794566], [-63.82725049220433, 52.08533490254811], [-63.82713169937179, 52.08518260898767], [-63.82709541985321, 52.08464540197124], [-63.826734612368185, 52.08398108954848], [-63.82672428977321, 52.083761385285335], [-63.82698505546474, 52.0835486348469], [-63.82706608443785, 52.08348249198602], [-63.82717107110917, 52.08347084387372], [-63.827417497722, 52.08344350468589], [-63.82825631165764, 52.083574997267014], [-63.82865189581542, 52.08358150695894], [-63.829071691615916, 52.083482597621035], [-63.829740605749144, 52.08327001544592], [-63.82996527650304, 52.083261404752214], [-63.8302307105306, 52.083379590843144], [-63.83026888771022, 52.08356720163751], [-63.830331295766584, 52.08364948724273], [-63.83046229401173, 52.08367188714462], [-63.83077889327081, 52.08367299899896], [-63.83095939636509, 52.08361900203517], [-63.831151117246904, 52.083455496666936], [-63.831365419864134, 52.08307290323724], [-63.831796605903584, 52.08286441435691], [-63.83206461673792, 52.08261269542874], [-63.83221302029498, 52.08207459476788], [-63.83228070008276, 52.082034995353474], [-63.83253919824696, 52.08200670716606], [-63.83278117969783, 52.082055301785545], [-63.83311000596633, 52.08223549873618], [-63.83331288998013, 52.08242570598844], [-63.833443908130484, 52.08244819460579], [-63.833576579437285, 52.0824300062946], [-63.8336729015287, 52.082183587575535], [-63.83383598375187, 52.08207249197866], [-63.83466968796329, 52.08186240406888], [-63.83478849992037, 52.08186030680086], [-63.83498277914357, 52.08194480108841], [-63.83537319084854, 52.08191858901696], [-63.835762617059274, 52.08175820191085], [-63.835871890422816, 52.08167058871292], [-63.8372812280083, 52.080234618658785], [-63.83714679181085, 52.08006172840327], [-63.83692947872406, 52.0798976751134], [-63.83673297463203, 52.0794778660483], [-63.83654733814883, 52.079267566835775], [-63.83626237585121, 52.078602467306105], [-63.835773163728874, 52.0779320249954], [-63.83534947604712, 52.07750447945912], [-63.83522159297484, 52.0774109202387], [-63.83488373630762, 52.07713516814336], [-63.83484152819968, 52.07702193469807], [-63.83478313644074, 52.07686528145362], [-63.83469034049957, 52.07656706805569], [-63.83433473629574, 52.07632151253945], [-63.83412703636751, 52.076011313963576], [-63.83410668279516, 52.07579353346316], [-63.83409496813618, 52.07560432357274], [-63.83416047305141, 52.075461061706584], [-63.83429534925682, 52.07531491524061], [-63.83481435964233, 52.07482140958707], [-63.83499827554722, 52.07468621566197], [-63.83518387546519, 52.07435592152376], [-63.83538422880556, 52.07422097069566], [-63.836204686641594, 52.0735433195515], [-63.83662100699471, 52.07346524956458], [-63.83690281845897, 52.073412375227605], [-63.83736593418224, 52.0730703225858], [-63.83790100737333, 52.07297332232564], [-63.83794825156638, 52.07294767637686], [-63.838013756592645, 52.07288167672299], [-63.8380371748715, 52.07279673098376], [-63.83830904671924, 52.07283971991254], [-63.839192724730026, 52.067806883480024], [-63.83940206165279, 52.06661457818042], [-63.83949307441496, 52.06602671375286], [-63.839176990485015, 52.06570661204183], [-63.839275788439096, 52.06547658275681], [-63.83939327147337, 52.065350419272185], [-63.83934384222996, 52.06511797568341], [-63.839416227012016, 52.06496670955329], [-63.83938805300404, 52.06477726349647], [-63.83942437304903, 52.06438771014238], [-63.839456479361914, 52.06433132289897], [-63.839554881200975, 52.06426587888484], [-63.83967764345313, 52.06415155380723], [-63.83972650845229, 52.06410606401825], [-63.83994195863163, 52.06400186075352], [-63.84113836228779, 52.05649827547488], [-63.84030399151099, 52.056661578154284], [-63.84024981181272, 52.05654082577743], [-63.84007294194488, 52.056359126762395], [-63.839283183725314, 52.056171563508855], [-63.838795960813236, 52.056001115303275], [-63.83821511892645, 52.05593887170721], [-63.83761914137493, 52.05576868257147], [-63.83733178124265, 52.05562786001646], [-63.837112036396796, 52.0554475188013], [-63.836569773123465, 52.055331018787285], [-63.83643415367842, 52.05511136619025], [-63.83615848042407, 52.05492807644036], [-63.83586204531444, 52.05476882441294], [-63.8357007746218, 52.0546077169845], [-63.83546801605654, 52.05380531393939], [-63.835326345640155, 52.05349616823829], [-63.83523663465085, 52.05343581819956], [-63.83514256101387, 52.05332251427619], [-63.83512912175171, 52.053173968338584], [-63.83493279569524, 52.052522574724385], [-63.83483528529838, 52.05233606630938], [-63.8346957230248, 52.05220781235727], [-63.834557062095385, 52.05205921486425], [-63.834492937771394, 52.05178593061359], [-63.83438111140869, 52.05162556336859], [-63.834205164545615, 52.05150076110025], [-63.83408429616884, 52.05116761261742], [-63.834050473986295, 52.050878516128535], [-63.83391048717356, 52.05060595667409], [-63.833767065052704, 52.05041467518489], [-63.833671784855454, 52.05002296071121], [-63.833363224000905, 52.0496846747371], [-63.8332037126365, 52.049482915277665], [-63.833122695515634, 52.049373919973746], [-63.83298792037626, 52.049288406413396], [-63.832816808304656, 52.048897508451255], [-63.8325840816951, 52.04848122901639], [-63.832392125420775, 52.04819156960255], [-63.832255218648015, 52.04800237844042], [-63.8321937038048, 52.04782257238793], [-63.83158405860236, 52.04720511711048], [-63.83138648652541, 52.04697026922067], [-63.83122446271972, 52.0465977624949], [-63.831052013265975, 52.046391772423675], [-63.830766550401066, 52.04566977329518], [-63.83039432812287, 52.045356856968574], [-63.830222340821635, 52.045140723819756], [-63.83007379303701, 52.04491682925481], [-63.829845040236776, 52.04471801810998], [-63.829705049758786, 52.04459633859895], [-63.82968298667852, 52.04457717862333], [-63.82963356709786, 52.04449917856456], [-63.82963186865998, 52.04438429236786], [-63.82962932479889, 52.04421460450435], [-63.82954305335298, 52.044073021884756], [-63.82940530701082, 52.043672470926055], [-63.82937275465594, 52.04363344215342], [-63.828979063234776, 52.043161563618455], [-63.82880933614061, 52.042817426511995], [-63.82855896705758, 52.04204526576399], [-63.82813270194561, 52.04137997344619], [-63.82785644531924, 52.04075366994034], [-63.82767549819836, 52.04021016613302], [-63.827546384436054, 52.040069918375195], [-63.82746540893806, 52.03980646801056], [-63.82752137065148, 52.039577779153404], [-63.82736130067992, 52.03839250872697], [-63.82736523461045, 52.03806947589703], [-63.82748666918183, 52.037543152285174], [-63.82748242952278, 52.037181410343756], [-63.82753432530697, 52.03669446227999], [-63.82759265299731, 52.0361468533666], [-63.82771248695091, 52.03488895674488], [-63.82770460472883, 52.03330597755312], [-63.827655817418545, 52.032842802284804], [-63.8275805313154, 52.03212746798396], [-63.827570227770345, 52.03167615213191], [-63.8275215653715, 52.03153210521575], [-63.82733343476805, 52.03097531961808], [-63.827265925199384, 52.030397157585], [-63.82721055144379, 52.03007521124318], [-63.82705861649, 52.029778111602575], [-63.82686739161759, 52.02893780788593], [-63.82659020266377, 52.02864067189333], [-63.82396144422214, 52.02733795055693], [-63.8235825234202, 52.02726470762465], [-63.82301976618654, 52.02763552519403], [-63.82273000470017, 52.0276328003894], [-63.82240507130219, 52.02791195961941], [-63.82227725978333, 52.02797284776371], [-63.822033315866555, 52.02828381892141], [-63.822017224461945, 52.0284278229952], [-63.821781407292846, 52.02885472210523], [-63.821433921591826, 52.029275721697545], [-63.82137797714381, 52.02950441123539], [-63.821226646514724, 52.029881920719454], [-63.82127714161777, 52.03107655185247], [-63.82128379511064, 52.031234123788], [-63.82143404726272, 52.032411072189426], [-63.82126852922468, 52.03266030578139], [-63.82124896942801, 52.032885526839564], [-63.8210405001677, 52.03305886305533], [-63.82095942845726, 52.03325871906564], [-63.8207813794511, 52.03341631472105], [-63.82057512277338, 52.03353895234965], [-63.82037144078052, 52.03367786583694], [-63.81981990609784, 52.033861868658185], [-63.81927660606808, 52.03408460100422], [-63.81898719541188, 52.03414896699869], [-63.81819562020952, 52.03439809842617], [-63.81756133818958, 52.0345136667662], [-63.817080902614755, 52.03457686678956], [-63.81652816210586, 52.03455966408162], [-63.81617377573615, 52.03456650744118], [-63.81612923075061, 52.034567373477564], [-63.81543738113522, 52.03443283639132], [-63.81531013148297, 52.03438525797979], [-63.814851462233264, 52.0343188293992], [-63.81483537591029, 52.034316499655155], [-63.814823741043845, 52.03431133295117], [-63.81447327685144, 52.03415611886183], [-63.814200436673815, 52.0340663239783], [-63.81410172914041, 52.03398747455726], [-63.813876540196254, 52.03386187022549], [-63.81360327638382, 52.03370496144787], [-63.81343616035853, 52.0335315137822], [-63.81333480655708, 52.03343636520687], [-63.81305856894004, 52.03319610106199], [-63.81287548564145, 52.03293505633597], [-63.812672855796386, 52.03266757326163], [-63.812601526978604, 52.03248960886463], [-63.81251640922358, 52.03209601642552], [-63.812433716491796, 52.032027624131466], [-63.81244273066715, 52.03151566776207], [-63.812447414853644, 52.03087367017889], [-63.812552566853455, 52.03034711729873], [-63.812603383236485, 52.03016301703115], [-63.812893057554035, 52.029558172778245], [-63.81313800738164, 52.02914970835486], [-63.81326510883066, 52.02880032152484], [-63.8136701962269, 52.02628730767794], [-63.81356323949179, 52.02556221764316], [-63.813410708131606, 52.02489936655083], [-63.81343392596327, 52.02443851506855], [-63.813402977430776, 52.024088515525946], [-63.81326639108629, 52.02359045505869], [-63.81312804033741, 52.023133007629184], [-63.81280274221368, 52.02250591268768], [-63.81271143768558, 52.02240892035796], [-63.81257937376404, 52.02233972096298], [-63.812429690625564, 52.0219918194581], [-63.81222852639511, 52.021693872393364], [-63.81201517859611, 52.021448570951605], [-63.81184637062828, 52.02131571587271], [-63.81115865492539, 52.02061556944844], [-63.81075012108779, 52.02023901991515], [-63.81046662049415, 52.02001690242269], [-63.81007790983405, 52.019791058782396], [-63.8097303068475, 52.01960450960396], [-63.80970567960518, 52.01956550707617], [-63.80948011000782, 52.019450005635065], [-63.808605175860265, 52.01912066178075], [-63.80817957028103, 52.01898565917543], [-63.80788911766663, 52.0188487540778], [-63.80765231965398, 52.01876562169485], [-63.80711131358921, 52.01840716571147], [-63.80677672472524, 52.0182248502611], [-63.8066053358975, 52.01815296288518], [-63.80646010885873, 52.01811271976776], [-63.806046855803416, 52.01789175439674], [-63.80547807857275, 52.017642609039044], [-63.80475950058433, 52.01735440501245], [-63.8038657472563, 52.01685402124911], [-63.80336670593498, 52.016591767272175], [-63.803101016861596, 52.016416706594626], [-63.80269466150454, 52.01614379747711], [-63.80255892423506, 52.01601337462086], [-63.80238485536279, 52.0158460648008], [-63.802073310875386, 52.01558889588341], [-63.802067915899734, 52.01533486232911], [-63.801957647774046, 52.01514406569102], [-63.80158888246259, 52.01453856839584], [-63.80150985801955, 52.01431169862642], [-63.8013436852235, 52.01419516297012], [-63.80131259344937, 52.01407680534711], [-63.80118006864708, 52.013641868730744], [-63.80136204958828, 52.013470109911616], [-63.80136689306091, 52.01335846496273], [-63.801363411572574, 52.01237906436532], [-63.801232961177654, 52.01204771488082], [-63.80107556783224, 52.01180535230652], [-63.80101131879747, 52.011542174775556], [-63.80090732336065, 52.01120920614488], [-63.80087981383214, 52.01093242569461], [-63.800642296615635, 52.01043548806826], [-63.80050600878091, 52.01013991902884], [-63.80043211441837, 52.01002286253721], [-63.80038991830376, 52.00978241407178], [-63.80037581973962, 52.009576962410065], [-63.80036014959584, 52.00918050235224], [-63.80039458941473, 52.008953866576654], [-63.800384374609855, 52.008699405609825], [-63.800496523446824, 52.008164864210116], [-63.80048631162748, 52.007945219819185], [-63.80055879790373, 52.00771681663358], [-63.80062831580878, 52.007482324931374], [-63.8008957953603, 52.00708645648453], [-63.80106881855765, 52.00674187164397], [-63.801559373404515, 52.006136413089756], [-63.80201739799221, 52.00559744766681], [-63.80252159090889, 52.00520755286571], [-63.803075142830565, 52.004818469843215], [-63.80329425026889, 52.00470016798302], [-63.80363047377958, 52.0043115736344], [-63.804942543066446, 52.003132453943785], [-63.80507816797413, 52.003043319154976], [-63.80568703032819, 52.00286982604859], [-63.80573521540231, 52.00246697370106], [-63.80587819326373, 52.00228240257331], [-63.80610536354621, 52.00182696193959], [-63.80617515366775, 52.00165946186729], [-63.80624250526414, 52.00132132014699], [-63.8064284125507, 52.00105819844515], [-63.806449652230135, 52.00094686357458], [-63.80640229855139, 52.00059661644232], [-63.80639227724004, 52.00014256643075], [-63.80146264007818, 51.99784367693502], [-63.75712522513505, 51.997799573471084], [-63.72892548452947, 51.99776159535974], [-63.6773666337597, 51.997672207187], [-63.56475876462369, 51.997387234786125], [-63.54093863100081, 51.99731119407699], [-63.533004311974, 51.99728463685961], [-63.5201285761828, 51.997307824243926], [-63.499999994086835, 51.99734082830583], [-63.38539283838315, 51.99745380910531], [-63.34165413523103, 51.99746330941678], [-63.225528437493196, 51.997398489066754], [-63.20380528146648, 51.9974112616351], [-63.11655055051565, 51.997416408886984], [-63.00019688227902, 51.99730828780424], [-62.9999999926884, 51.997307995018645], [-62.959567666174756, 51.99723959153073], [-62.94605251283989, 51.99721317971616], [-62.919734096161626, 51.997156691804314], [-62.89431082562464, 51.99709572532211], [-62.87028728141526, 51.997032352821655], [-62.84418228921176, 51.99695712357867], [-62.69876850643716, 51.99723343992762], [-62.55163395054265, 51.99730411920569], [-62.51418978844306, 51.99728855723979], [-62.50000001152868, 51.99730664451001], [-62.34636718200971, 51.997377242518766], [-62.332893348239395, 51.997372497203756], [-62.16049788080012, 51.99715647045665], [-62.14728015544214, 51.997127977771115], [-62.14262211347541, 51.99711754083702], [-62.02173857297774, 51.99677305649347], [-62.00155052293865, 51.996701715910866], [-61.999999994317285, 51.99669604897998], [-61.80652165858192, 51.99580870901418], [-61.74691311107265, 51.99602601038844], [-61.72975489761889, 51.99608216816286], [-61.65399990076985, 51.99629594727431], [-61.64342611415791, 51.99632135559956], [-61.50000002046989, 51.99655883007878], [-61.468205782915234, 51.99658446069573], [-61.383956651477256, 51.99660486708732], [-61.36860047535835, 51.99660118251986], [-61.24094420170317, 51.996481844715156], [-61.22121157022868, 51.99644927592555], [-61.21356497531668, 51.99643565152836], [-61.21077138800633, 51.99643053076844], [-61.18115017028081, 51.996371554582446], [-61.12988609220476, 51.99624937040803], [-61.11523980694669, 51.9963171847765], [-60.999999990772345, 51.9967781392585], [-60.883378849557204, 51.99711339199278], [-60.78681389025362, 51.997291092373935], [-60.499999992296395, 51.996724657032956], [-60.44169206058536, 51.996511876052885], [-60.21353376105533, 51.99720987117301], [-60.201707304928355, 51.99723227975689], [-59.03440954986103, 51.99698112161029], [-58.99999999290962, 51.997102983505684], [-58.980797490398956, 51.997165984250856], [-58.78662989583802, 51.9976020950293], [-58.679962394977565, 51.997685997883195], [-58.63175694609269, 51.99767503926877], [-58.52318314469596, 51.99756775585763], [-58.499999992737266, 51.99753004236748], [-58.32292644669303, 51.99706981254501], [-58.16506724374085, 51.99694979009383], [-57.999999996756756, 51.99656562082072], [-57.97219920761872, 51.99647489859996], [-57.9647349877852, 51.99644928430001], [-57.89356881582474, 51.99680488038287], [-57.881965461110966, 51.99685818427896], [-57.81037284835359, 51.99715826493237], [-57.808886637280125, 51.997163958117035], [-57.78598307220293, 51.99724911916833], [-57.70545588944716, 51.99750813878021], [-57.68186987133623, 51.997572085510136], [-57.63138576107848, 51.99769081369922], [-57.58816538734983, 51.99777281373249], [-57.54121023407087, 51.997841329938296], [-57.500000020292, 51.99788385734901], [-57.49014975314437, 51.99789159119227], [-57.44920856695877, 51.99791357626839], [-57.442802955711365, 51.9979155623993], [-57.31938168497626, 51.997875792359814], [-57.27957296740257, 51.99802542871041], [-57.26684826241303, 51.99806999828498], [-57.2553290858124, 51.998109010765226], [-57.255153417444994, 51.99848101044382], [-57.25397231257937, 51.99825877656362], [-57.253736638507085, 51.99811429883085], [-57.21719229987451, 51.99822896437392], [-57.168993651502994, 51.99836037060093], [-57.13430249241086, 51.99844097758146], [-57.10775937302735, 51.998494772022596], [-57.10774055853671, 51.99178119979607], [-57.10772315432326, 51.9855760884194], [-57.10766211438972, 51.9637601442576], [-57.10760828689011, 51.944502725051635], [-57.107549489763905, 51.92345017376776], [-57.106858714672015, 51.83967506874983], [-57.10629601099347, 51.789803179252694], [-57.106302622289455, 51.773544362717594], [-57.10630349131517, 51.771352724367034], [-57.10630677920127, 51.76313262204681], [-57.10631098065886, 51.7527640301031], [-57.106312065044975, 51.750074521409765], [-57.10631301156964, 51.74775127929237], [-57.10627957881581, 51.74406754520982], [-57.10618499060441, 51.73363574972223], [-57.10607890665727, 51.721932250809544], [-57.106045038605075, 51.718196062333874], [-57.105772354630126, 51.688081029459326], [-57.10549327871402, 51.65721079623509], [-57.10548640008561, 51.65645137314765], [-57.10559131314048, 51.63518249666829], [-57.10567008655317, 51.619208550163435], [-57.105684326164805, 51.61631145984877], [-57.105735059766715, 51.60601535381664], [-57.105859111292084, 51.59097553710081], [-57.10787998778421, 51.590928202793556], [-57.10787040301808, 51.58657623099097], [-57.107836775644294, 51.571273999287264], [-57.107834542354425, 51.57026391636923], [-57.10781301694987, 51.56046785286811], [-57.107775610555784, 51.54342787322175], [-57.107833547503645, 51.539139943555284], [-57.10785939348754, 51.53722739161575], [-57.10807338193174, 51.521380443790015], [-57.10808487288938, 51.520530020118464], [-57.107457230333374, 51.52052940168443], [-57.107462274544446, 51.520098583890075], [-57.10748292265009, 51.51833913117025], [-57.10753124115461, 51.51363297051277], [-57.10754976627215, 51.51182670890083], [-57.10756292124042, 51.51054658624974], [-57.10759886514797, 51.50704224088427], [-57.10765885319304, 51.501197763360246], [-57.107670352554614, 51.50007519273996], [-57.10768093047364, 51.49904317214443], [-57.10773392931332, 51.49387467188129], [-57.10775021534091, 51.49228804362619], [-57.10779972969888, 51.48745821930862], [-57.10783021224927, 51.48448401237251], [-57.10788162228886, 51.479466915402114], [-57.107898211536, 51.47784857467554], [-57.107917162019014, 51.47599956537137], [-57.10795087764654, 51.47270966882615], [-57.107971399583086, 51.47070526031903], [-57.107987942042264, 51.46908810148018], [-57.108063194384535, 51.46174235849293], [-57.10820180538942, 51.44820098724265], [-57.10833159756195, 51.43551191247627], [-57.10848491775761, 51.4205147767265], [-57.10854297508533, 51.41563490289837], [-57.1085371403675, 51.41540112475037], [-57.10849260384902, 51.41537418001537], [-57.10856639581105, 51.411784739331104], [-57.10878398232566, 51.40119573984053], [-57.10896954353955, 51.39216237367866], [-57.1089865969932, 51.378782368417404], [-57.10883229634509, 51.378885650084094], [-57.10957146458247, 51.287163264191115], [-56.83228206579067, 51.39886179371545], [-56.59549520080919, 51.49318617877228], [-56.39336673950687, 51.57293957650805], [-55.97580883241473, 51.73548766149806], [-55.76797280273276, 51.74178863900498], [-55.767885205048294, 51.741791212488735], [-55.58278857010557, 51.74797753193206], [-55.553320946069924, 51.7489313109034], [-55.51930477479922, 51.750021731767994], [-55.49999999873394, 51.75063552392973], [-55.23844029859845, 51.75859155394216], [-55.182434838512734, 52.00005980987917], [-55.177891783286114, 52.019524139102664], [-55.49999526921052, 52.01656820009989], [-55.50696973040831, 52.01653028252378], [-55.50685528421363, 52.25000805696875], [-55.506842739716234, 52.27545605209346], [-55.50682525248567, 52.31087480421994], [-55.506815529622585, 52.33054593169359], [-55.50608486576974, 52.49036373668428], [-55.506040529558014, 52.50000706895628], [-55.505744837191, 52.56430227221772], [-55.50581991084552, 52.59025008874506], [-55.50620935169954, 52.724310299618885], [-55.50624521966716, 52.73661100229223], [-55.50619931482539, 52.75000720593893], [-55.505988030714576, 52.81158815684323], [-55.50569116495162, 52.89781234622394], [-55.50570177394458, 53.0000066006182], [-55.50570792520605, 53.05930980931106], [-55.50524658111332, 53.18930817916958], [-55.50779361588428, 53.19470435099442], [-55.533950782843455, 53.2500345899875], [-55.573231951711946, 53.332828969814365], [-55.57443453952189, 53.335358105484175], [-55.593389320476845, 53.43308316588801], [-55.613134230905075, 53.50007256408825], [-55.61603480701701, 53.50989428054011], [-55.67261565685632, 53.62190260468952], [-55.714034725265215, 53.66850678869824], [-55.783052557285025, 53.730403718394285], [-55.805014439952835, 53.750049985947314], [-55.82046415865232, 53.76385634733554], [-55.90938510315893, 53.84354998450153], [-55.984321147084465, 53.9234469009776], [-56.00000000397783, 53.94076859501288], [-56.05377802609475, 54.00004887961029], [-56.08853571593674, 54.03825373880296], [-56.22602248310389, 54.17770695176717], [-56.22620534275396, 54.17770777138745], [-56.29825508028428, 54.25004480816656], [-56.42073908123162, 54.375075212355306], [-56.50000000056742, 54.44596779042604], [-56.56070758742759, 54.500052577642435], [-56.57590840622976, 54.5135662705407], [-56.79565352090064, 54.688907729082274], [-56.79549463724101, 54.68890719104407], [-56.86911944690015, 54.74930488965669], [-56.87009992759421, 54.750070932163744], [-56.891917687624264, 54.76710729685824], [-56.96137391057301, 54.81071831646845], [-56.996492222989396, 54.8251411825337], [-56.99999999880762, 54.826580597104], [-57.06553976992661, 54.85343439375332], [-57.17969974606568, 54.891905635785264], [-57.483155107269965, 54.98997116984634], [-57.5000000209738, 54.99563654558172], [-57.51302400128663, 55.00001394941891], [-57.52341046058304, 55.00350305816241], [-57.62842830849685, 55.03869101545104], [-57.796627018896736, 55.09470686599616], [-57.99999999467683, 55.15662905214531], [-58.009490529889085, 55.15950467216923], [-58.17738944114932, 55.250057848437365], [-58.46511716515981, 55.403654049184496], [-58.50000000020073, 55.420549968868485], [-58.59894307594347, 55.46833288548202], [-58.6646148396979, 55.500062705959955], [-58.67500905083765, 55.505076319900475], [-58.67960734822925, 55.50654243946146], [-58.88037256239016, 55.570259343339984], [-58.99999998942989, 55.603871648604006], [-59.128889801256705, 55.63987678710811], [-59.24036925716603, 55.66717959749993], [-59.499999998956994, 55.73018571279911], [-59.500000010749424, 55.74999999944481], [-59.58260118181706, 55.75006131026549], [-59.60802634675322, 55.75616271155898], [-59.858981876909006, 55.80515526868299], [-59.99999997982107, 55.83400680321655], [-60.000387322394765, 55.83408574548341], [-60.11581588871204, 55.88848475139033], [-60.32783104377115, 56.000059030964245], [-60.3290657687961, 56.00070569494785], [-60.3292019354971, 56.00077701232602], [-60.369642266112145, 56.093096606595836], [-60.4217623259078, 56.23380897464719], [-60.42800977068603, 56.25005607674989], [-60.44016926298545, 56.28163592802583], [-60.478280581525134, 56.380257214505185], [-60.50000000923063, 56.41782298875798], [-60.53480730176885, 56.47785616377279], [-60.535355951465824, 56.47880077156708], [-60.54742592671987, 56.50004177458659], [-60.560060904587566, 56.5222491224886], [-60.69061050237492, 56.75004888198006], [-60.70045745164397, 56.767109466939274], [-60.83242931358051, 57.00005926150674], [-60.84921784431769, 57.029467398277575], [-60.985737902293565, 57.25001431806135], [-60.99999998381092, 57.272888784262555], [-61.015427315711115, 57.29759702700465], [-61.1474836558421, 57.500063978768765], [-61.183510151364175, 57.55487325782006], [-61.323975489726706, 57.750054718237216], [-61.35419272105766, 57.79173830574241], [-61.49339325111553, 57.99061158665884], [-61.50000000581123, 57.9906524930976], [-61.499999999284036, 57.999999988111846], [-61.7499999814219, 57.99999999664719], [-62.00000000408356, 57.99999999871149], [-62.01392911735012, 58.00001371325397], [-62.03994160235424, 58.105265555712826], [-62.092303868757774, 58.24564309496367], [-62.09469260575054, 58.25006094476031], [-62.14511908342177, 58.343047459499665], [-62.215657488405796, 58.42972094855482], [-62.28747682958434, 58.50003276183017], [-62.31279418840867, 58.52473971474216], [-62.500000013542525, 58.709882531811544], [-62.540908859849004, 58.75003495940454], [-62.54308356912561, 58.75216640063618], [-62.71563683140021, 58.907118587604785], [-62.830330866397894, 58.99696301372713], [-62.83327447207121, 59.00005631709284], [-62.925797495969874, 59.09695938250217], [-62.99393015910228, 59.16835004838059], [-63.00000002642359, 59.17479754610224], [-63.07104075376022, 59.25005119481679], [-63.21015240881354, 59.396315805464845], [-63.277461347524266, 59.46669360744596], [-63.31373631807579, 59.50004744406535], [-63.427608823346304, 59.60424555178734], [-63.50000001958286, 59.67251102003491], [-63.5826511315949, 59.750054880874345], [-63.657718034031355, 59.82011900888887], [-63.76878327222362, 59.92243909534477], [-63.8592809566745, 59.965686638210165], [-63.99589880730891, 60.0000039571084]]]}, "properties": {"FED_NUM": 10004, "ED_NAMEE": "Labrador", "ED_NAMEF": "Labrador", "REPORDER": "2023", "SHAPE_Leng": 5831256.33875, "SHAPE_Area": 334056287749}}, {"type": "Feature", "geometry": {"type": "Polygon", "coordinates": [[[-57.10957146458247, 51.287163264191115], [-57.15177748469196, 51.278133674888174], [-57.20044433697927, 51.26769528660691], [-57.262625730690694, 51.25431674301596], [-57.28248165356968, 51.250034855387206], [-57.31825855543767, 51.242307664024715], [-57.49999999723553, 51.202816004807175], [-57.524421019018305, 51.19747897906713], [-57.52378277279477, 51.19724250626349], [-57.51023764588329, 51.19222236011539], [-57.500000000133134, 51.18842604384478], [-57.40413947457842, 51.15279614904844], [-57.391631137319216, 51.148135911634725], [-57.29663157782392, 51.1126580591125], [-57.27456432796258, 51.10287763782748], [-57.25510887885458, 51.09424708504966], [-57.19540755733021, 51.05257604535096], [-57.190970631534434, 51.048406520534655], [-57.18754033108442, 51.045182218909765], [-57.18621918163537, 51.043940262015425], [-57.18348124554547, 51.041366137401646], [-57.17438172872206, 51.032808315548124], [-57.166855711087535, 51.02210903472949], [-57.16791466831458, 51.00054232598151], [-57.16793710624085, 51.00008516827895], [-57.16793793135615, 51.00006835531479], [-57.16796653829758, 50.99948566914879], [-57.18183800110142, 50.987755855277385], [-57.1887172594333, 50.98193561198364], [-57.20217818360693, 50.97054098450595], [-57.2233273640798, 50.95262246849315], [-57.24740077164951, 50.93220280934751], [-57.26268220379101, 50.9192276413826], [-57.28443021281522, 50.90074434100475], [-57.30567581193654, 50.882668150312206], [-57.32890972622102, 50.86309509098695], [-57.35544728519044, 50.84030499758919], [-57.36414891129167, 50.83302923745168], [-57.39996533825393, 50.8041571923361], [-57.40001526567281, 50.803912639966754], [-57.40764344452779, 50.79735642324508], [-57.455258143077636, 50.756374673570086], [-57.45886966087715, 50.750042838839704], [-57.46761201377461, 50.73322952811394], [-57.4785675620795, 50.71214027833613], [-57.49087739288656, 50.68841805168585], [-57.49999999591479, 50.67082014168184], [-57.5089532229332, 50.653534272778025], [-57.50944649551251, 50.65258149483391], [-57.511948846528, 50.647747374230704], [-57.517434365632184, 50.63458974645856], [-57.52999679061032, 50.60442602653257], [-57.57332118677185, 50.50006495151245], [-57.58149944656114, 50.48030652000216], [-57.49999999580098, 50.47581509272837], [-57.49999998718389, 50.47561367527694], [-57.500422242531734, 50.47563418545375], [-57.539699042375204, 50.43495312060299], [-57.53980102796589, 50.43484437522197], [-57.543716743083124, 50.430727530304445], [-57.63241918435069, 50.33969356786648], [-57.68406899545655, 50.28949489903617], [-57.71235004209113, 50.26194815874566], [-57.71758870706153, 50.250035544417855], [-57.736607394454964, 50.206730628916105], [-57.737257255210295, 50.20524938607301], [-57.790513623663834, 50.08519503069371], [-57.82709507318363, 50.060459975215586], [-57.91060921041578, 50.007701619115], [-57.91405191244114, 50.00007720720453], [-57.91405449450474, 50.000071452014886], [-57.914055695494106, 50.00006882464697], [-57.92998418032129, 49.96475670199233], [-57.932276712133024, 49.95933506191855], [-57.93521625622105, 49.952381343577244], [-57.9428375358591, 49.93434180868663], [-57.96332142185041, 49.88578067555], [-57.9711213368704, 49.86726023234211], [-57.978983016198086, 49.848442664208754], [-57.99224837283484, 49.81389344907317], [-57.99416796305101, 49.783257631001725], [-57.996248526187536, 49.75000471357889], [-57.996248556770276, 49.75000442624176], [-57.996259704550134, 49.7498263438602], [-57.99999420459179, 49.746693815577004], [-57.999999980900135, 49.7466889346394], [-58.1087149453052, 49.65524176605185], [-58.163010625994296, 49.60938392283003], [-58.249126925357366, 49.50000110616356], [-58.37162091567447, 49.343353936768885], [-58.443224866382714, 49.2511950332268], [-58.444058402173475, 49.25005586364945], [-58.444063419034705, 49.25004896927994], [-58.46861044086479, 49.216470771884204], [-58.499996378033515, 49.18334339900154], [-58.49999635322364, 49.166676812831085], [-58.49999636243918, 49.16523343760452], [-58.499996370060344, 49.15793685716836], [-58.499996347693816, 49.150010093209225], [-58.49999636503807, 49.13334339112441], [-58.49999638028569, 49.11667678728914], [-58.49999637204898, 49.10263459524304], [-58.49999634167359, 49.100010084956644], [-58.499996345530434, 49.08334338122206], [-58.499996347303885, 49.06667677902901], [-58.49999634870988, 49.050010072295564], [-58.49999633910631, 49.03334337684107], [-58.49999634699715, 49.01667676397999], [-58.49999636006269, 49.00773809029867], [-58.5733790868051, 48.95398039348258], [-58.58345939691026, 48.94731815449794], [-58.618509515327695, 48.9241995856837], [-58.69397286266423, 48.89101372271368], [-58.75624243326965, 48.86231338607058], [-58.81604674441304, 48.82018173940156], [-58.81752153880617, 48.81913819015716], [-58.83506262728693, 48.80644043388866], [-58.86694335280893, 48.78139428552817], [-58.88785767019265, 48.76166923261057], [-58.900047199685915, 48.75007795586305], [-58.900052104402526, 48.750073304939576], [-58.90036157900366, 48.749778911253], [-58.935744275235876, 48.73524348553496], [-58.970785866838064, 48.72052906865102], [-58.98427188360213, 48.71486018446365], [-58.99939458963799, 48.7093542621626], [-58.99999670940537, 48.70923144545811], [-58.9999999920798, 48.709230790820484], [-59.01520365818002, 48.706128161242496], [-59.07275316792231, 48.6941060545952], [-59.07833686435863, 48.69314511278161], [-59.09614626168154, 48.69007781500777], [-59.1111895149672, 48.68706536973145], [-59.114005315080604, 48.6859024560337], [-59.141033995993624, 48.67473276511483], [-59.16724121596722, 48.66310112061396], [-59.17171067393007, 48.65997994847807], [-59.18043743163303, 48.65186129620258], [-59.19236919489003, 48.63919952989898], [-59.201302069558565, 48.62971455275532], [-59.222306581438694, 48.60383362508044], [-59.23857083932138, 48.58350475549597], [-59.245649600406566, 48.57138559715385], [-59.25231640629536, 48.557385160099514], [-59.25356086545769, 48.55303202270191], [-59.256797755856695, 48.541705471596636], [-59.25935973896831, 48.52923276840834], [-59.2596029646855, 48.51429861611217], [-59.263182647643845, 48.50440239570918], [-59.26614283773523, 48.500019717753005], [-59.267125477376766, 48.49856465913526], [-59.27809343310821, 48.488441642467], [-59.29415137033674, 48.473709940643076], [-59.297404207816975, 48.46867956072317], [-59.297876403226155, 48.46433768764338], [-59.29628041731674, 48.46055172376595], [-59.28843298122567, 48.45071720132031], [-59.28848538969806, 48.45067606533549], [-59.28841446546875, 48.45066639217359], [-59.283872812897584, 48.438188946794504], [-59.28075648610693, 48.428822763307], [-59.27633249927121, 48.41545247081481], [-59.262347656178704, 48.39521921959646], [-59.24869017121739, 48.38002366936141], [-59.22981158563886, 48.36630007909967], [-59.21917759313809, 48.35988500027829], [-59.19880832297612, 48.34433915068956], [-59.176567975585506, 48.32714225570961], [-59.15350387626108, 48.30899887093654], [-59.14531204032729, 48.30262822771974], [-59.12620301463438, 48.291589489390034], [-59.09117690336055, 48.26991575520015], [-59.0715121002418, 48.25348597080121], [-59.07046907874651, 48.25215295015707], [-59.06795936374308, 48.25006495663736], [-59.060689610713375, 48.250060319701525], [-59.056902005309304, 48.25005769172102], [-59.065475970876314, 48.24705764001948], [-59.08764541183457, 48.23726653359235], [-59.15329835712204, 48.20821634897139], [-59.253460662074716, 48.16364856634756], [-59.30454380245634, 48.13344729839736], [-59.31133051041694, 48.12910787261439], [-59.31808387031485, 48.12480608903782], [-59.32621066037053, 48.11966768996618], [-59.33414183046518, 48.11458120024764], [-59.34212798757743, 48.1095155248665], [-59.345722758265076, 48.10723386680508], [-59.34880798637728, 48.10515556307302], [-59.34975705350777, 48.10451619056494], [-59.357439075413595, 48.09936159824928], [-59.36509076921855, 48.09419579553601], [-59.373767468378894, 48.08833821008915], [-59.37962855744946, 48.0838777820326], [-59.38675723308473, 48.07839100167033], [-59.39389997676714, 48.072884772957195], [-59.40096812300788, 48.06737582008629], [-59.4080309933093, 48.061915244660334], [-59.418670336687335, 48.0538669510179], [-59.41975447190569, 48.05274682618735], [-59.42523881960185, 48.046845065368075], [-59.430387790913834, 48.041343429322175], [-59.4356943646906, 48.035651014769634], [-59.44163331727304, 48.029645609363115], [-59.44477434422034, 48.02657747739885], [-59.447852282942144, 48.023570447666934], [-59.45368923607743, 48.01772771003202], [-59.45926963795068, 48.011564059634395], [-59.46538209494952, 48.00004229171556], [-59.46538364597544, 48.000039325966355], [-59.46303952621928, 48.000041539989354], [-59.46213178310034, 48.00004238757939], [-59.420579573831645, 47.94890031324228], [-59.43057741632201, 47.918813762063635], [-59.430005056451655, 47.91720142732602], [-59.427861451040194, 47.90736373430783], [-59.42346813296636, 47.88718834863106], [-59.41898892445486, 47.87787887386441], [-59.41782698229346, 47.875803305545126], [-59.407939283381275, 47.85813287790412], [-59.40763074077741, 47.85758120806389], [-59.405669239298845, 47.854073991058975], [-59.39746997625121, 47.83940730365192], [-59.389971067957276, 47.825984676950846], [-59.38629132403926, 47.818649903306046], [-59.375934764350504, 47.79799326312295], [-59.37194434938467, 47.79002903661607], [-59.36047624987483, 47.77448342819671], [-59.35330128484732, 47.76414978344004], [-59.34837728882074, 47.75705514889456], [-59.35069193551339, 47.75007971164869], [-59.35069151903942, 47.75006949855842], [-59.349563250768746, 47.72177061625937], [-59.34548252569813, 47.6717964374599], [-59.342701815407246, 47.651416596026316], [-59.339636356700666, 47.63620099609352], [-59.336203461749264, 47.6190653784656], [-59.31466785100835, 47.59663174465704], [-59.31236213870811, 47.594228314274666], [-59.308154165770155, 47.589672031034944], [-59.26429139573087, 47.55340686704332], [-59.20265002592136, 47.500749605209236], [-59.19281894178739, 47.50177863178039], [-59.18491117716355, 47.50281927573112], [-59.177003012270085, 47.50385928006419], [-59.17479562428913, 47.50414757308637], [-59.16921054045363, 47.50487674153175], [-59.16176674492551, 47.50547480281094], [-59.15432279427607, 47.5060722655571], [-59.14701188274778, 47.50658757449542], [-59.139700796487105, 47.50710231510479], [-59.1324109920076, 47.50766893054087], [-59.12817975477311, 47.50797048740987], [-59.12538761108728, 47.50807192446911], [-59.11767313565759, 47.50836421612461], [-59.11006389491881, 47.508607862536586], [-59.1024513171598, 47.50889387977878], [-59.09491600583313, 47.50916472533233], [-59.08741932499307, 47.50942772205164], [-59.082074278359954, 47.50965372061428], [-59.079901140722185, 47.50963768702375], [-59.072758390505236, 47.509593163514914], [-59.06566506271942, 47.509567101767736], [-59.05867385178572, 47.50953547886472], [-59.05168266539148, 47.50950337013985], [-59.04474418227339, 47.50944673671059], [-59.037805717473816, 47.50938959047143], [-59.0320929528399, 47.50929723118052], [-59.02682798063708, 47.50919387169552], [-59.00068672307595, 47.50867628819955], [-59.00060300131946, 47.50870208017842], [-58.99999999058857, 47.50888784591555], [-58.99999521678915, 47.50888929851165], [-58.9618544464396, 47.52062776862624], [-58.92150136721443, 47.53402083920276], [-58.91296493238845, 47.53685085535474], [-58.88639517835619, 47.545652186507226], [-58.88112322139794, 47.54739726094615], [-58.84801664586319, 47.55823155132257], [-58.84409031162685, 47.559560455098406], [-58.843655214886894, 47.559594721687866], [-58.69373500514208, 47.56375214843486], [-58.662604013774036, 47.56458536364019], [-58.52588934436507, 47.568122069143065], [-58.52588786383025, 47.56810705838167], [-58.500000325797856, 47.56885632703655], [-58.5000000025234, 47.568856348031005], [-58.465975682275925, 47.56983024574197], [-58.419804923336024, 47.571281500603305], [-58.390459787584895, 47.57204707689941], [-58.37354272281005, 47.57248425913542], [-58.32725121717133, 47.5733670672521], [-58.1394965640865, 47.578331011480806], [-58.000006225340876, 47.581334965868294], [-58.00000452889296, 47.58133500131668], [-58.000000015877106, 47.581335100169156], [-57.99806632020671, 47.58137529713281], [-57.92025905631637, 47.56085317606883], [-57.714426302139586, 47.506166018131836], [-57.71448837168871, 47.50623469219241], [-57.68285595099821, 47.5000654040212], [-57.680077612789745, 47.499583951587084], [-57.51764278601255, 47.47127536671075], [-57.501177531785366, 47.468322756905025], [-57.50000000263025, 47.46811146457914], [-57.395543031785195, 47.44930237083215], [-57.27492765084907, 47.4289052833162], [-57.27446381911216, 47.42882650671282], [-57.151841882640355, 47.40686864964454], [-57.076849807047296, 47.39336099362275], [-57.066688445066276, 47.39065142495305], [-57.00983590680488, 47.37435839151434], [-57.00000000237306, 47.37187851351008], [-56.950170774576755, 47.35927844822441], [-56.92206228230452, 47.358055492181094], [-56.86998134319466, 47.35560532207594], [-56.83878639390608, 47.35412374990237], [-56.82078972709587, 47.35457843542187], [-56.70323945370235, 47.38187048829572], [-56.69858362130438, 47.3828726589796], [-56.624894062454565, 47.398697711688435], [-56.560002570459574, 47.41443137764819], [-56.5501048842525, 47.415894029707594], [-56.507130219750096, 47.42103697983142], [-56.49999999330359, 47.42394408600376], [-56.49004174651493, 47.428002739791324], [-56.473298946822176, 47.43166044708523], [-56.44057725114306, 47.43929342274067], [-56.438921161912646, 47.43918825792766], [-56.43873607066899, 47.439279424756876], [-56.70428421975324, 47.579279379453006], [-56.704950736894425, 47.57950085670422], [-56.7291199308083, 47.587527274064584], [-56.746892074716875, 47.599697886759685], [-56.750151269417834, 47.606952771634475], [-56.74315199723677, 47.615717704548956], [-56.744504148049046, 47.61975240385423], [-56.74941376630684, 47.622886940595514], [-56.7663835707997, 47.62552888402966], [-56.770106003176544, 47.63221208819701], [-56.772277966645106, 47.63611071281628], [-56.77313227341226, 47.643380729029516], [-56.77564243929861, 47.64904698848772], [-56.77408052110335, 47.65151565614277], [-56.774227724490785, 47.65157357249459], [-56.86391547375084, 47.67518867396903], [-56.985893126664664, 47.70726912676271], [-57.100688818047324, 47.73610661480928], [-57.10068987520311, 47.73610686913729], [-57.52013933787572, 47.843415130023565], [-57.412279657008575, 48.13096422021071], [-57.38059252467526, 48.21474640911455], [-57.38058921527047, 48.2147550945124], [-57.36719276542296, 48.250081690250255], [-57.29036204600787, 48.451613335204], [-57.280425424514036, 48.47754503390576], [-57.26332261236488, 48.522107446949], [-57.251566332494626, 48.552687510909315], [-57.240750696276, 48.58078349616757], [-57.06687500824478, 48.850369516439414], [-56.99316300913619, 48.96360741678517], [-56.94364953357025, 49.149367444649116], [-56.92482029447557, 49.219607455921626], [-56.917909077348185, 49.24446675605198], [-56.905135004963675, 49.293408099710156], [-56.8842111030929, 49.37033146491821], [-56.88171948411522, 49.37954874665005], [-56.86864766030809, 49.427704960495895], [-56.847716882506255, 49.50491846174699], [-56.84642699247658, 49.5192535372944], [-56.83442017557057, 49.539347617459704], [-56.7909340994489, 49.6119608066482], [-56.80447986213627, 49.61961590598672], [-56.794603532623405, 49.63238254842835], [-56.792388293167214, 49.63493264930442], [-56.79249409548799, 49.63499674264917], [-56.774088615850545, 49.67198968841283], [-56.76168293790712, 49.69688718298298], [-56.75409986053796, 49.71209145812137], [-56.73813836507647, 49.74405896166464], [-56.73257866332014, 49.75001749960051], [-56.73257571396103, 49.75002064912741], [-56.73034560956133, 49.75241019714968], [-56.700959030860815, 49.783868954645726], [-56.668789698763646, 49.81824562292904], [-56.665699104838524, 49.821544923996115], [-56.662729876746724, 49.82471407546387], [-56.6604986224728, 49.82709523580393], [-56.64832961385854, 49.84300954493789], [-56.53971557829051, 49.984481104077915], [-56.52772897094327, 50.000031232480644], [-56.52755404223169, 50.0002580713674], [-56.50557324919829, 50.028741004393225], [-56.499999982208664, 50.03595627384077], [-56.4380484041256, 50.115980412837146], [-56.43796787597815, 50.11605184683589], [-56.41894762513058, 50.13349159867088], [-56.2934913670754, 50.24808650456751], [-56.29323064807423, 50.248323872671094], [-56.29066649384826, 50.25004290622957], [-56.20000130267235, 50.310696643899696], [-56.18334228732541, 50.32181407734633], [-56.07398968192109, 50.3958241396454], [-56.00189244679133, 50.41417362735359], [-56.00000417081035, 50.41465329730408], [-56.000000007022386, 50.414654364353986], [-55.95004201911797, 50.427328286292365], [-55.79325903588651, 50.467249836306394], [-55.6951234395836, 50.491849331166364], [-55.66081199983261, 50.50007191080871], [-55.591390557981875, 50.516662876349436], [-55.50000000248764, 50.537651916393266], [-55.495222160859306, 50.6499325557186], [-55.50000000399242, 50.7228176413757], [-55.50000002298845, 50.73091552536494], [-55.45523279493503, 50.747202261628914], [-55.45522067646331, 50.7481965893003], [-55.45519815156369, 50.750045848386904], [-55.45174120894894, 50.82469717736023], [-55.486597951014815, 50.83325150559318], [-55.49548168393943, 50.83542923540026], [-55.49951955705893, 50.99283523354858], [-55.499704067127, 51.00000037772576], [-55.49970415657061, 51.00000296740815], [-55.500000010395134, 51.01148741215931], [-55.50000000919356, 51.04190080282801], [-55.41356883578843, 51.229710709450586], [-55.413781158481555, 51.22974063001227], [-55.403516026105486, 51.25007306970732], [-55.39473866431364, 51.26706413204434], [-55.376222316010015, 51.30958746752818], [-55.3634340339814, 51.338904575767174], [-55.347294737922475, 51.3758439986327], [-55.33848683091037, 51.39509271262359], [-55.328824234970256, 51.416188261354705], [-55.30550910317033, 51.467000273425064], [-55.29949518161945, 51.48008622531594], [-55.29524646126302, 51.50004545320031], [-55.294589713754654, 51.50312896294702], [-55.28344679941258, 51.55537709124326], [-55.27968309937589, 51.572995399475], [-55.27559969455094, 51.5920935220963], [-55.26727082160282, 51.629555709004975], [-55.240388650468475, 51.75001126872775], [-55.2393903789339, 51.75447105643556], [-55.23844029859845, 51.75859155394216], [-55.49999999873394, 51.75063552392973], [-55.51930477479922, 51.750021731767994], [-55.553320946069924, 51.7489313109034], [-55.58278857010557, 51.74797753193206], [-55.767885205048294, 51.741791212488735], [-55.76797280273276, 51.74178863900498], [-55.97580883241473, 51.73548766149806], [-56.39336673950687, 51.57293957650805], [-56.59549520080919, 51.49318617877228], [-56.83228206579067, 51.39886179371545], [-57.10957146458247, 51.287163264191115]]]}, "properties": {"FED_NUM": 10005, "ED_NAMEE": "Long Range Mountains", "ED_NAMEF": "Long Range Mountains", "REPORDER": "2023", "SHAPE_Leng": 1489363.13103, "SHAPE_Area": 57888760921.2}}, {"type": "Feature", "geometry": {"type": "Polygon", "coordinates": [[[-52.96196566346914, 47.804457532170716], [-52.962939573759975, 47.80324379649443], [-52.972251927729715, 47.79163443739909], [-53.00972004431017, 47.74485679127812], [-53.018102430153775, 47.73437685618971], [-53.04015477387852, 47.70678035022481], [-53.070060234916625, 47.66929621512356], [-53.07370226703122, 47.664726440059475], [-53.07371277249855, 47.66468665356055], [-53.073738514793504, 47.664681000107926], [-53.08380656643402, 47.63117050232095], [-53.0869202630425, 47.62625140104534], [-53.106226994774175, 47.59938775247444], [-53.04273572451588, 47.54153521953717], [-53.03580030693544, 47.535204510195186], [-53.03173529289301, 47.53400381816985], [-52.99999999600405, 47.52462199934153], [-52.98086598389785, 47.51895846358059], [-52.97954872494815, 47.519718273913895], [-52.97045254436593, 47.52496383168922], [-52.968426330009855, 47.526132991062234], [-52.96521783168329, 47.528556422715816], [-52.96335360256984, 47.53114475578454], [-52.96283400894298, 47.53177867939852], [-52.96158357192842, 47.53330419748573], [-52.959297861447126, 47.53506082567307], [-52.958178937476, 47.535559869703704], [-52.955397159591804, 47.53680044134601], [-52.95137673636934, 47.53741712332152], [-52.9478634750549, 47.53750273379172], [-52.946959606850534, 47.537524723149936], [-52.946950430590455, 47.537524950342124], [-52.94658091252534, 47.53775198460964], [-52.94470365101246, 47.53890530459421], [-52.94366475987018, 47.5394615390101], [-52.94024945253182, 47.54128992553137], [-52.9382697705948, 47.54184954340668], [-52.93426678486049, 47.54121046723657], [-52.93321743817549, 47.54133485583146], [-52.93067804502434, 47.54163105378128], [-52.92763660302793, 47.54231032337104], [-52.923705858226164, 47.54418228301803], [-52.92041887430933, 47.546557886092145], [-52.91855427514457, 47.549137282253525], [-52.918151154836615, 47.552331677025194], [-52.9178201089878, 47.554221766536735], [-52.91694917871697, 47.55534918818782], [-52.91547453394692, 47.55570476137171], [-52.91574948245124, 47.55351455909802], [-52.915094320135786, 47.553395383695204], [-52.915048909872695, 47.55350470251666], [-52.914789889925345, 47.55429739471294], [-52.91465651538153, 47.554442501283695], [-52.914416401417704, 47.55487589182754], [-52.91434549912964, 47.555003906237886], [-52.914296709072154, 47.555148212649065], [-52.914201620626535, 47.555245398823956], [-52.914118005778526, 47.55550730818169], [-52.913127998481635, 47.557342786969045], [-52.91300710013096, 47.55781181133564], [-52.91301042424648, 47.55798349683642], [-52.91267048093275, 47.558438998579845], [-52.91259521567113, 47.558490007416815], [-52.91245939466541, 47.558724383191745], [-52.912402397821225, 47.5589776978265], [-52.912192285046935, 47.559320406021406], [-52.9120238097209, 47.55988890068583], [-52.911845106222, 47.5601460081395], [-52.91180770669303, 47.56045501366506], [-52.911670496805414, 47.56093809080051], [-52.91143171787878, 47.56107289780347], [-52.91137222214558, 47.56151749704899], [-52.911225592107435, 47.562052397575535], [-52.911145710474244, 47.56207820207484], [-52.91096240861532, 47.562310305039205], [-52.91090989543837, 47.562588711153346], [-52.910407492197386, 47.56328719577565], [-52.91033440221533, 47.56345271499216], [-52.91040260085348, 47.56356798612283], [-52.91034791581767, 47.56383390340498], [-52.91014959182041, 47.56393340602658], [-52.91017971909434, 47.56399460163312], [-52.91015748543304, 47.56413019325158], [-52.910021910045536, 47.564160802090356], [-52.909963999050184, 47.56415290357641], [-52.90981219830348, 47.56419749788041], [-52.909836315644, 47.56438029958877], [-52.909555481390754, 47.56479900167525], [-52.90958660802645, 47.564917409571855], [-52.9096827061266, 47.564979407802234], [-52.9096756033792, 47.56514570888284], [-52.90958859396676, 47.56523579151988], [-52.90944262556866, 47.56526089716037], [-52.909268707921306, 47.56533919077403], [-52.90924767474117, 47.565430203298796], [-52.909007784317964, 47.56550769397461], [-52.90908848839557, 47.56584499566877], [-52.90901197993796, 47.565940603753056], [-52.90855849852256, 47.56629098393655], [-52.908272103091264, 47.56642339518507], [-52.9081665960597, 47.566515112581634], [-52.9080866174989, 47.56654099856416], [-52.907680698822226, 47.56679168699904], [-52.907571709237864, 47.56691559809689], [-52.90744861505298, 47.567168105908415], [-52.90764419480815, 47.56736191323737], [-52.90763710549644, 47.567528194852024], [-52.90756401535206, 47.56759170639057], [-52.90746548338593, 47.567619105966216], [-52.907351699205506, 47.567819803998574], [-52.9071823990995, 47.56792318625593], [-52.90713249967442, 47.568010310929076], [-52.90705830061727, 47.56801649430244], [-52.90674051235676, 47.568234405798265], [-52.906417906845654, 47.56863111208398], [-52.90644452317123, 47.568724397681336], [-52.906155803229595, 47.568844311248405], [-52.905784582179095, 47.56918139685452], [-52.90452378938835, 47.57005830155725], [-52.9042279830939, 47.57034450779726], [-52.90408399655097, 47.57058599978722], [-52.904202908742526, 47.570977409372844], [-52.90405289202956, 47.57144240778393], [-52.904058616531245, 47.57152479313464], [-52.90399700179785, 47.57165100723408], [-52.903993002968804, 47.57209101572025], [-52.90419888827196, 47.572494307626876], [-52.904167282986734, 47.57268169881484], [-52.904082497243685, 47.57288639533855], [-52.904158813120205, 47.5730965981077], [-52.90417259938246, 47.57317188768564], [-52.90394280912558, 47.57345880435116], [-52.90406879790084, 47.57368401046961], [-52.90364077820758, 47.57396850380989], [-52.90346232074124, 47.57402169918138], [-52.90325809916737, 47.57414080759927], [-52.90313279117488, 47.574278800693435], [-52.90312801542507, 47.57445759417246], [-52.9033328132317, 47.574701699641885], [-52.90321090169062, 47.57490938787974], [-52.903056702164, 47.57494148650006], [-52.90293029834553, 47.57502218580654], [-52.90254609201265, 47.575443193970486], [-52.90220270114642, 47.57572700005697], [-52.90211801415912, 47.575829694069284], [-52.90209120290022, 47.575940205939894], [-52.90188348304203, 47.57609150750336], [-52.90186480426975, 47.576194988199724], [-52.901707001876126, 47.57636119132291], [-52.90145280548938, 47.57666930603364], [-52.90118839122094, 47.57676800776423], [-52.90083199986935, 47.57723760753766], [-52.90074940649768, 47.57745478942031], [-52.90083840260846, 47.57768308770097], [-52.900798895125206, 47.577775603169236], [-52.900646814032854, 47.57792220159347], [-52.9000497006291, 47.57897920101276], [-52.899913896862984, 47.57911158806171], [-52.899571698894235, 47.579350693732486], [-52.89932910065256, 47.57961961529321], [-52.89940998720661, 47.579752899092774], [-52.89915008734592, 47.57997870920144], [-52.89909651524843, 47.58019979995794], [-52.89914259382587, 47.58045088606754], [-52.89894298892587, 47.58059509626114], [-52.89890810292945, 47.5807127054205], [-52.89866672419324, 47.58093689588724], [-52.89869438308359, 47.580985496969475], [-52.8986409046749, 47.581104695960306], [-52.89853189192033, 47.58112658980887], [-52.898119503579366, 47.581804792201325], [-52.8975648131899, 47.58227200357612], [-52.897538007941286, 47.58238249610462], [-52.89768138910036, 47.58265091075868], [-52.89738901773536, 47.5829047948073], [-52.89742008973514, 47.583023292754966], [-52.89711828077833, 47.58332900135132], [-52.897209692175046, 47.58346788768038], [-52.897109905963674, 47.58353998853629], [-52.896984602842885, 47.583575999346415], [-52.89691129449078, 47.583843400402294], [-52.89676841167813, 47.584040204704245], [-52.89670418990367, 47.58407940424074], [-52.89619549621128, 47.58377036292842], [-52.89568031758633, 47.58355652033849], [-52.89493091206891, 47.583129766727325], [-52.89466023094613, 47.58297282451013], [-52.89462934720839, 47.58291937582889], [-52.894521358569605, 47.58273118361185], [-52.893811602985174, 47.58224709140542], [-52.89348658292516, 47.58172619803584], [-52.89328254812711, 47.581526580089324], [-52.89301435065553, 47.58093017056221], [-52.89300030848255, 47.580776945487244], [-52.89034997115287, 47.57799237994032], [-52.88706104782796, 47.57440557844165], [-52.88445595634789, 47.57041120776484], [-52.884151053000934, 47.56899975492418], [-52.883688108506355, 47.56685631303209], [-52.883399414123865, 47.5655195353998], [-52.883215474870056, 47.564755480240706], [-52.88272091569273, 47.56270108234822], [-52.882772910005386, 47.55980177999362], [-52.88281417145884, 47.55949593181637], [-52.88162848500916, 47.5580016360969], [-52.878562843765906, 47.554137462130896], [-52.878387532836264, 47.553916463584606], [-52.878046683751016, 47.5539388628966], [-52.87804456207729, 47.553935353882615], [-52.87517988736601, 47.554109574821226], [-52.87485657775085, 47.55398594780563], [-52.8749369929384, 47.553411079341096], [-52.87505268957019, 47.55318298943898], [-52.87524158577661, 47.55281055823411], [-52.87539867753264, 47.55273690172847], [-52.87515143363317, 47.55251774190891], [-52.8746296652602, 47.55197784104028], [-52.875198665429004, 47.55174278744077], [-52.87541454883975, 47.551653619042014], [-52.87594527551389, 47.55143438572249], [-52.87504880113883, 47.55053931809311], [-52.87486614869757, 47.55035694114887], [-52.87475672607786, 47.55026194455426], [-52.87471747690258, 47.55021264203978], [-52.874623334525694, 47.550134511287624], [-52.87457797308381, 47.55006902260857], [-52.874573918606934, 47.549979319668395], [-52.87460242634734, 47.54990512404707], [-52.87469593491026, 47.54986188415724], [-52.87484772754787, 47.549934172801095], [-52.87539030970397, 47.550182163072094], [-52.8754439460588, 47.5502181071365], [-52.87588146765365, 47.54862725751952], [-52.87571444671032, 47.54856967560773], [-52.87562771873309, 47.5485283730653], [-52.87552050933823, 47.54844439464907], [-52.87547511744842, 47.54837889215023], [-52.87547871228452, 47.54828187004219], [-52.875693104268365, 47.54749855344026], [-52.875481723851955, 47.54743949012233], [-52.875495096688915, 47.54730477055407], [-52.875522555488395, 47.547028206232426], [-52.87663052542857, 47.5468622670546], [-52.87722222347022, 47.54677367206337], [-52.8767471501191, 47.547054989032524], [-52.876494130350366, 47.5472047974271], [-52.876737474089786, 47.54723260310472], [-52.87701386341906, 47.547264213477845], [-52.87863668229891, 47.547450309757714], [-52.87866479246601, 47.54742840136155], [-52.87912501910244, 47.54693189855844], [-52.87924059643898, 47.546807092192076], [-52.87954798871922, 47.5465995930243], [-52.88001921145598, 47.54628148990168], [-52.880084481688336, 47.5461718022326], [-52.88025738787757, 47.54588161906239], [-52.87983231008456, 47.54580207432503], [-52.87923878450756, 47.54569337896563], [-52.87841449882171, 47.545518264838336], [-52.87781584744856, 47.54535148846035], [-52.87753451561431, 47.545273137850515], [-52.87712747578365, 47.5451121493871], [-52.877074891885904, 47.54510597226004], [-52.876274919855156, 47.54489009191919], [-52.87592923950311, 47.54465942913421], [-52.87585252807625, 47.544499611819305], [-52.875719834916204, 47.54442338973906], [-52.87493848011874, 47.54387730323672], [-52.87434595884626, 47.543479115453124], [-52.874303229762795, 47.543443427319815], [-52.87388743045067, 47.5430960461752], [-52.87329137889817, 47.543446961664884], [-52.872817463636316, 47.543075731986825], [-52.87201645485117, 47.5434823522887], [-52.87086922831809, 47.54282454930824], [-52.871792629537275, 47.542257155551766], [-52.8717661656097, 47.541815622562204], [-52.87164927339051, 47.54132411062293], [-52.87157423037943, 47.54088520614237], [-52.8714529506743, 47.54041337460866], [-52.871363615385754, 47.540065709454005], [-52.87123279112748, 47.539850864702956], [-52.8711299131083, 47.53967110363722], [-52.87103334662339, 47.53944615253332], [-52.86791244329856, 47.541151641762106], [-52.86751533444205, 47.54095688860152], [-52.867211519214855, 47.54073685980617], [-52.86720532014253, 47.54074002878799], [-52.867171903411545, 47.54075709407918], [-52.866096675242595, 47.5397967984056], [-52.86539809259649, 47.53913282772582], [-52.86466097140061, 47.5381818055598], [-52.86417482675056, 47.53760376037905], [-52.864078822677044, 47.53743596747472], [-52.86295157602419, 47.5377114908542], [-52.86200546174368, 47.538029623205915], [-52.86108315931718, 47.53835269683423], [-52.86031308131571, 47.53873244400658], [-52.85887923103399, 47.5396379475383], [-52.8573890414038, 47.54005584667129], [-52.8562173306803, 47.54021240125755], [-52.85455487447774, 47.54036244238168], [-52.8544954894088, 47.54038299837985], [-52.853792022459686, 47.54074122286468], [-52.853778204044126, 47.54074825765743], [-52.85272773064604, 47.54128314722413], [-52.85158594163505, 47.54181893759978], [-52.84977892199981, 47.54240537981305], [-52.84814483338681, 47.54276946817536], [-52.84602440826201, 47.54342081038009], [-52.845019311134706, 47.543481220986756], [-52.84302681869652, 47.544077202972275], [-52.84284078282866, 47.54392719803025], [-52.84150051075154, 47.544046490084014], [-52.840234151387584, 47.54451438464185], [-52.83941886764166, 47.544726130573316], [-52.83873185665073, 47.544840585288526], [-52.83813499768004, 47.54495053051983], [-52.837525959433876, 47.5450104186618], [-52.83719268539466, 47.54498288636574], [-52.836583774075635, 47.54499677006038], [-52.836006805296215, 47.544977635837], [-52.83548544457482, 47.544935832402146], [-52.83428031601615, 47.544787446836644], [-52.8304718391804, 47.5443329161264], [-52.82794752906528, 47.54369058069776], [-52.826569173341916, 47.54332686252717], [-52.8261224351755, 47.54313277158013], [-52.8254553668508, 47.54233500383441], [-52.82534572641677, 47.54158206572723], [-52.824261745954004, 47.53974178389306], [-52.82189160537851, 47.535707312772466], [-52.82188967513546, 47.53570770423658], [-52.82052280415195, 47.5360207033317], [-52.81996898133178, 47.53614649937678], [-52.818172591503185, 47.53645389121486], [-52.815402097914536, 47.536944544623026], [-52.81191690164462, 47.537561636163446], [-52.81167649239901, 47.53760418743679], [-52.811646246600944, 47.537609565778624], [-52.810717111181205, 47.53777412152295], [-52.81057600270976, 47.537799092065555], [-52.80924449865483, 47.5380348947708], [-52.807796608633296, 47.53843570485243], [-52.80682529912113, 47.53878390359631], [-52.804624110728625, 47.53972159788453], [-52.80412730526699, 47.53993321122028], [-52.803731692732505, 47.54010739631227], [-52.79984651744435, 47.54181810329874], [-52.79916571871969, 47.54210719548763], [-52.79399559076968, 47.54430260104949], [-52.791634703384375, 47.54534809231129], [-52.79036247785681, 47.54584490039559], [-52.7879320162943, 47.54667469410553], [-52.78567150914177, 47.54742078944576], [-52.78484711009786, 47.54774730182037], [-52.78180830391287, 47.54895068924097], [-52.781522697724654, 47.549077209208185], [-52.7791479052823, 47.55012860358657], [-52.77735060301098, 47.550924391353185], [-52.77563080642535, 47.5516857900569], [-52.77549551616827, 47.55174910610489], [-52.77535400092006, 47.551808290874106], [-52.77482318424787, 47.552043295129174], [-52.774405678288524, 47.55223043580397], [-52.77390686903701, 47.55245399721494], [-52.77346420148074, 47.552652412040025], [-52.773137355391164, 47.552798878232124], [-52.772599171413965, 47.55303927450352], [-52.77074540225045, 47.553854799712795], [-52.76998988871621, 47.554187201024725], [-52.769006783072506, 47.554571802653754], [-52.7667039970068, 47.55526409047893], [-52.759424192280925, 47.557382691734034], [-52.757673403490216, 47.55789541428363], [-52.75657907782215, 47.558164200839904], [-52.75232719590889, 47.55908780458117], [-52.75207880496715, 47.559141803295766], [-52.751697701072246, 47.55927360802683], [-52.750787000609414, 47.559564812810194], [-52.75025239004435, 47.55983839507922], [-52.74958760033005, 47.560178703081746], [-52.74883039911662, 47.56059519342938], [-52.74842241795157, 47.560718399561196], [-52.74834981776262, 47.5607423998055], [-52.74825148254555, 47.560774896541], [-52.748181383801466, 47.56066799425], [-52.74811139967044, 47.56056111530807], [-52.747833400079394, 47.560196397385184], [-52.74773072916587, 47.56008280302083], [-52.74747114380584, 47.559795517024355], [-52.747296537052115, 47.559602291513556], [-52.74692509230606, 47.559265485557724], [-52.74612960254011, 47.55853070405844], [-52.74581029027871, 47.55812168827079], [-52.745501610784935, 47.557631511476], [-52.745342284832084, 47.557238000536785], [-52.74533062189835, 47.55716982914405], [-52.74522689456325, 47.55656488715562], [-52.74527238588043, 47.55593430482107], [-52.74532778226931, 47.55560050180191], [-52.7445583825623, 47.55564820209963], [-52.74360329284585, 47.555707689147084], [-52.74271521554895, 47.55578420333186], [-52.74147680171738, 47.556117991794835], [-52.74043939460623, 47.556502589042374], [-52.73857698624252, 47.557664692610665], [-52.73787919030145, 47.55706340128409], [-52.737266204374855, 47.55661378777693], [-52.73670740955044, 47.55700009933246], [-52.73630171604186, 47.557195298756234], [-52.73560320297894, 47.55737680942116], [-52.73400267983028, 47.557617004244854], [-52.732096299948225, 47.55825769675604], [-52.73112229022275, 47.55855129309143], [-52.73093165472769, 47.558618112487416], [-52.73040988296086, 47.55871500145184], [-52.729708697703984, 47.558815589341705], [-52.72857099814266, 47.55898570592872], [-52.7281745108061, 47.55905470940162], [-52.72768849064122, 47.559232991745276], [-52.72721881210269, 47.55950100468095], [-52.72614109745693, 47.56028208386805], [-52.725723321349015, 47.560513297764565], [-52.72549155495679, 47.56059353655461], [-52.725315803854585, 47.56065439733597], [-52.724840997893935, 47.56076958655997], [-52.723782178676345, 47.56091150027426], [-52.72290432130037, 47.56108881534836], [-52.72268803444067, 47.561137534817675], [-52.72249615953677, 47.56111411136176], [-52.722132480480305, 47.56112014195084], [-52.72012199827429, 47.561182410033126], [-52.718965985184205, 47.56119969415582], [-52.718315493338444, 47.56122749010406], [-52.717227100856654, 47.56127980993483], [-52.71736267555367, 47.56112503467434], [-52.71832921225612, 47.56002149470435], [-52.71971181395091, 47.558399091452564], [-52.72001287941814, 47.55804169988832], [-52.72005730325148, 47.557988992231294], [-52.71916521254074, 47.5579122105073], [-52.71756448572206, 47.55777439895768], [-52.716777682259625, 47.557696201210135], [-52.71568287918884, 47.55755060140555], [-52.71506911069207, 47.55747880321018], [-52.714402701821626, 47.55742579670718], [-52.714602106330275, 47.55701789242782], [-52.71464820244092, 47.55680120221764], [-52.71460100831433, 47.556576995609305], [-52.7143215003132, 47.55615830555889], [-52.714265987499935, 47.55608710740712], [-52.713896098613084, 47.55575068844334], [-52.71386829019219, 47.555715095409035], [-52.71360769912641, 47.5554671099864], [-52.713429203696904, 47.555289655988226], [-52.71309937749276, 47.55496180089314], [-52.71282049642022, 47.554560983489935], [-52.71272851126741, 47.55439249416463], [-52.712537794606604, 47.55404330364187], [-52.7123977497795, 47.553625747541886], [-52.71235360412688, 47.5534843861857], [-52.71231650578865, 47.55337180827092], [-52.712254939779186, 47.55270684779921], [-52.7121202878647, 47.55261968973295], [-52.710509318250935, 47.55157674102084], [-52.704761606856415, 47.5549009414216], [-52.691835473855015, 47.56237380142775], [-52.680606903750814, 47.56093657257753], [-52.656733711551674, 47.55750132267695], [-52.65531819489848, 47.56310142796541], [-52.65285960875029, 47.57204126765707], [-52.65117794728882, 47.5781540343508], [-52.620543612056, 47.689227407837286], [-52.67039891500726, 47.73295166805501], [-52.68992726022253, 47.75004912789764], [-52.68994023299278, 47.7500604888434], [-52.72597117181304, 47.78156697264258], [-52.76975538102252, 47.81977768315799], [-52.8257945656376, 47.87755161391488], [-52.96196566346914, 47.804457532170716]]]}, "properties": {"FED_NUM": 10006, "ED_NAMEE": "St. John's East", "ED_NAMEF": "St. John’s-Est", "REPORDER": "2023", "SHAPE_Leng": 131759.09777, "SHAPE_Area": 905358970.298}}, {"type": "Feature", "geometry": {"type": "Polygon", "coordinates": [[[-53.53320443879565, 49.90549867095816], [-53.57297676893158, 49.870102741431516], [-53.62329883629023, 49.824689340039036], [-53.673993747961646, 49.779083618799895], [-53.70556162871784, 49.75004651933064], [-53.70604188486103, 49.74960440224015], [-53.71813931665405, 49.744386690852345], [-53.78951878013789, 49.7115771116482], [-53.82533522774388, 49.69527758433077], [-53.84982069725536, 49.68392808192843], [-53.85331898053147, 49.68180043333349], [-53.87244799691889, 49.67016052092704], [-53.887025836282966, 49.66128336107834], [-53.94023748002012, 49.62993196172765], [-53.97301640785518, 49.611254883211565], [-53.982684663060134, 49.605805103375204], [-53.9999900325721, 49.59604470619298], [-54.00000000559582, 49.596039083603216], [-54.00000927094343, 49.59603386468884], [-54.00598219946743, 49.59266337628734], [-54.03390290043251, 49.57606336626528], [-54.074551649830966, 49.552762568396595], [-54.12248915464203, 49.5245662517276], [-54.130861541909994, 49.51963564250105], [-54.159686159745974, 49.50323708918776], [-54.1661626684804, 49.50007500254696], [-54.16617024709188, 49.50007131374315], [-54.167387397127854, 49.49947693614484], [-54.39999482867886, 49.4798521804526], [-54.43523250084448, 49.47682938632384], [-54.439633231413495, 49.44397823964334], [-54.44359073006946, 49.41439442776073], [-54.45220383648975, 49.349872635607476], [-54.45463037155128, 49.33166150416188], [-54.45493172806883, 49.330057126956575], [-54.417568109259705, 49.32837221591989], [-54.414234786666775, 49.328221201245945], [-54.34135345658144, 49.32716424781476], [-54.32510318280681, 49.326921147288914], [-54.315883864372246, 49.32678201496875], [-54.26958808939476, 49.14974135194264], [-54.25909304444391, 49.1094100515955], [-54.22396888287105, 48.97389808188088], [-54.219862794491085, 48.95800257638687], [-54.21516753773926, 48.93981240852519], [-54.21516091400896, 48.93980789606704], [-54.21515804599578, 48.939775766498414], [-54.25682584391635, 48.90567537193175], [-54.31899110694376, 48.8546714079318], [-54.321369098227706, 48.81422650156587], [-54.36101982388478, 48.75023766263674], [-54.38701942383679, 48.708172703525015], [-54.498341561630056, 48.52710445953159], [-54.62931392394018, 48.31206440618733], [-54.666824260005136, 48.250072835247536], [-54.74973088457598, 48.1124127337997], [-54.75268455252639, 48.10749200607167], [-54.76052612904267, 48.09442257059155], [-54.94086492531333, 47.79159144803484], [-54.94514916015493, 47.78295595752573], [-54.95217003161226, 47.776984774234336], [-54.96396583016135, 47.75966462659393], [-54.978558947380684, 47.75000919770014], [-54.981662512146826, 47.74795513197996], [-54.99275794161454, 47.730471038833656], [-55.02218179780594, 47.71035058818336], [-55.022368513127354, 47.70144563332079], [-55.03008915207879, 47.680180987554564], [-55.033787997047774, 47.676374261456886], [-55.06737262117647, 47.6524707595095], [-55.06813077597163, 47.64125396059078], [-55.07211839932754, 47.63731025284144], [-55.08058135062045, 47.635786480475666], [-55.09909343183167, 47.61466999579851], [-55.09712426005191, 47.598652440282024], [-55.10066324367158, 47.58728983717912], [-55.10978033000566, 47.567210981843374], [-55.109652398897616, 47.56718654471603], [-55.18861246495749, 47.50006168802858], [-55.188618999476866, 47.50005609743927], [-55.228635233825244, 47.4657771351849], [-55.37019303486226, 47.402822966963484], [-55.46751861575648, 47.35931821925747], [-55.46757929622545, 47.35936084290607], [-55.50000000908601, 47.34569802735493], [-55.500005424104174, 47.34569575123083], [-55.55758595154914, 47.321382845255314], [-55.59279276627004, 47.30648731363703], [-55.725752974517555, 47.250029309104725], [-55.72575452512457, 47.25002865112739], [-55.74366796041075, 47.24239743300396], [-55.74366735287737, 47.24238987459241], [-55.792257386617216, 47.22133268676692], [-55.81242988974531, 47.22079109703594], [-55.919440267709206, 47.217871522408394], [-55.997907611503315, 47.21656617025042], [-55.99999542195558, 47.01393752083813], [-55.99999543889391, 47.00071875819774], [-55.9999954367388, 47.0000097584529], [-55.999999980874755, 46.89179905147925], [-56.00000000519527, 46.84218502367126], [-55.95720901226746, 46.7947813053156], [-55.887935621748966, 46.79570562805725], [-55.77106379497297, 46.797147546533886], [-55.69862357226054, 46.79796724894262], [-55.64599028534695, 46.79852725789149], [-55.598242262304915, 46.799009379910466], [-55.52802075856898, 46.79967369709326], [-55.52802096536884, 46.799663584837575], [-55.50000000167172, 46.79969126335905], [-55.490078018635025, 46.799699040451024], [-55.44319029826525, 46.79986647520888], [-55.35914005047184, 46.800107238605044], [-55.29493328749577, 46.800162475925816], [-55.22753182047955, 46.80017260121072], [-55.18113433316906, 46.800594508135376], [-55.120253648830264, 46.800725365956765], [-55.12012131560903, 46.8007255940547], [-55.00180155005748, 46.801271229997745], [-54.99899225217186, 46.8012823562725], [-54.99746076107179, 46.80128838562379], [-54.98176062510126, 46.80134866884842], [-54.968490873392064, 46.801270428042415], [-54.954873602439626, 46.80118818626165], [-54.94039314649312, 46.801098512483826], [-54.8730931902711, 46.80065202195134], [-54.857550463969275, 46.80054196703905], [-54.84276699906024, 46.80043485919322], [-54.833564372474875, 46.80039039185689], [-54.74873595769054, 46.7993741712966], [-54.682067233095886, 46.79852352101945], [-54.64321523150131, 46.810196121837315], [-54.612761813352904, 46.81933014867865], [-54.60041823300905, 46.82302855624994], [-54.589689279825606, 46.826100796422566], [-54.53760582283898, 46.840991679049694], [-54.50869318979316, 46.84497335399867], [-54.50084985856533, 46.846205194643865], [-54.49897366244966, 46.84649973931713], [-54.49489876187956, 46.84924225328109], [-54.48841101199673, 46.85360766024918], [-54.48836790621499, 46.85366179250231], [-54.459237504102255, 46.890224789015214], [-54.40849103725739, 46.953154029198686], [-54.370110040062784, 47.00008391104985], [-54.370107895179956, 47.00008651760552], [-54.36823602456612, 47.0023725392017], [-54.35914256900157, 47.013357701545814], [-54.18322719379881, 47.000065797584455], [-54.18322849346065, 47.00005822260739], [-54.18346680002897, 46.99869576167525], [-54.18380752384526, 46.996747538759635], [-54.18413526322619, 46.995904032949774], [-54.20292743507176, 46.947485166686675], [-54.21678656598328, 46.91218067102138], [-54.225162371680995, 46.87172500697386], [-54.22832196696934, 46.83344747397571], [-54.21574539893144, 46.805493127926205], [-54.19796932411693, 46.79253598850602], [-54.186490451323515, 46.78730157634335], [-54.14101805421246, 46.76654077409668], [-54.06135343235308, 46.76056280569309], [-54.00000160316977, 46.75442417116078], [-53.99999998134909, 46.754424000548845], [-53.99813615526158, 46.754236853054486], [-53.8595234172203, 46.75796323796586], [-53.84075161684922, 46.757474176324166], [-53.83439677365385, 46.753994644054465], [-53.83435672501444, 46.753972722827505], [-53.834326747272485, 46.754068835214156], [-53.82640715017548, 46.77947415180208], [-53.813156597599644, 46.821216767683865], [-53.79236211779276, 46.88657501440528], [-53.86493238882224, 46.94667500540721], [-53.86514404266553, 46.94698129251631], [-53.86549794827971, 46.94720728842301], [-53.86623755272315, 46.94748158659268], [-53.86680442963701, 46.94786826543304], [-53.86760507983541, 46.9484443956514], [-53.86784227823995, 46.94863039377492], [-53.868127029561904, 46.94916102525309], [-53.86830947515635, 46.949821507353995], [-53.86854411010865, 46.95059991424464], [-53.868851983989195, 46.95179009433216], [-53.868952792318524, 46.951965191538555], [-53.86927198824492, 46.95225308840148], [-53.869305286498125, 46.95237090494065], [-53.869298296130424, 46.95242827940878], [-53.86928091280215, 46.952570602904636], [-53.86936580595489, 46.95280449478935], [-53.869495146533986, 46.952989798906515], [-53.86951627681044, 46.953020047528696], [-53.86953669829924, 46.95304928783381], [-53.869832677435426, 46.95326940092506], [-53.86997099208657, 46.95321790205902], [-53.87077588855123, 46.95324289195511], [-53.8713619055921, 46.95328869085655], [-53.87188769906017, 46.95340398972854], [-53.87250259372559, 46.95340888955827], [-53.872585549519464, 46.95342801756175], [-53.872736806828655, 46.953462899833816], [-53.87338297765877, 46.95343930148448], [-53.87382881780279, 46.95339029585012], [-53.87538420894181, 46.95280840389146], [-53.87630731372824, 46.95263729661615], [-53.87646660870052, 46.95255201274906], [-53.87654968689339, 46.95259489595083], [-53.87682443129873, 46.9526266248958], [-53.87691170120981, 46.95263669300841], [-53.87761639536948, 46.952944995976765], [-53.8778793082302, 46.95313601186524], [-53.87894870013095, 46.95391291234916], [-53.87921419351802, 46.95398300879854], [-53.87960519638308, 46.95393919905252], [-53.88010107960291, 46.9537262009361], [-53.88044087934066, 46.95347710590358], [-53.88080127933024, 46.953283403233414], [-53.88117519863304, 46.952973701509805], [-53.88138561303158, 46.952889409625236], [-53.88146749336658, 46.95285658881744], [-53.88176997666205, 46.95278940224684], [-53.88245268275614, 46.95276220315209], [-53.88252299827281, 46.95278730069535], [-53.88260908053447, 46.952753600501985], [-53.883384989757914, 46.95286400746549], [-53.8835957010527, 46.95293931050558], [-53.88386389607626, 46.952977304082665], [-53.88538770990957, 46.95306069007943], [-53.88604649285523, 46.953143997355646], [-53.88635777613889, 46.95330485316386], [-53.88654373706986, 46.953314382990044], [-53.88705170821289, 46.95347256157067], [-53.8870805872514, 46.953502493975904], [-53.88724080797019, 46.95352638824851], [-53.8876527914742, 46.953448710170335], [-53.88785840447459, 46.953499005071855], [-53.88787639638912, 46.95354189717207], [-53.887654581669025, 46.95363959892232], [-53.88757080909853, 46.953730405594285], [-53.88772389140434, 46.9538876845713], [-53.88802599312735, 46.953909703995556], [-53.888673912742995, 46.954121491996354], [-53.88901429211572, 46.954330792987065], [-53.88918289761918, 46.954518498486216], [-53.88935879922306, 46.95483280872827], [-53.88936165953374, 46.954850689324054], [-53.88942478807594, 46.95524680668974], [-53.88965761274335, 46.95565759944622], [-53.88986392231934, 46.9561664986804], [-53.889970092683015, 46.95632190101533], [-53.89022169394369, 46.95659710996485], [-53.89046081660621, 46.956765303658585], [-53.89075200353753, 46.95691569477834], [-53.891327466598156, 46.95708893784659], [-53.89142602217732, 46.95711860057861], [-53.89272021391384, 46.95730659904036], [-53.893251378485935, 46.9574021034165], [-53.893423106315765, 46.95746849972273], [-53.893920905497964, 46.95744618990653], [-53.894530308464574, 46.957515201133006], [-53.89493099696751, 46.95765508435442], [-53.8951025060048, 46.95776599601094], [-53.89520109621536, 46.957883895764695], [-53.895205985995794, 46.957953504765115], [-53.8948977955526, 46.9581296117864], [-53.89476918573939, 46.95836479448852], [-53.89458372256645, 46.95850359655971], [-53.89454678309593, 46.958596297002764], [-53.894546178292906, 46.958743071903925], [-53.89454568700989, 46.958863890573014], [-53.89465705485488, 46.95928668863227], [-53.89471260154546, 46.95949759221678], [-53.89481385085, 46.95956412554453], [-53.89511020032873, 46.95975880193069], [-53.8960002049415, 46.96006200424399], [-53.89626789215526, 46.96023368991344], [-53.896407895422726, 46.96041778975932], [-53.896411702749546, 46.96075499512459], [-53.89625889893339, 46.96119001521147], [-53.89626332061722, 46.96139339552128], [-53.8963249839467, 46.96160399812934], [-53.89655859904266, 46.96183640264766], [-53.89725739659204, 46.96238720224332], [-53.89768270054554, 46.96291960663372], [-53.897972453888706, 46.96321658141441], [-53.89801228433087, 46.96325739413068], [-53.898008164631, 46.96336659962433], [-53.89800651421716, 46.963410792204506], [-53.89809405129854, 46.96351558863524], [-53.89815431127043, 46.963587693630856], [-53.89850510222721, 46.96384708690941], [-53.899178604561904, 46.964228304674336], [-53.8993217358444, 46.96428032257198], [-53.89998270026384, 46.96452060038102], [-53.90046909551175, 46.96476048264477], [-53.90073409778538, 46.964964384230356], [-53.90136400535066, 46.96585940828564], [-53.90148597830532, 46.96663750479857], [-53.90190034904398, 46.96732352960217], [-53.90203510235599, 46.96754660887791], [-53.90260358662481, 46.968141704602665], [-53.902855591280534, 46.96832770966984], [-53.90362351434387, 46.968578793049076], [-53.90371189122985, 46.96864680334358], [-53.90377718478996, 46.968602295068386], [-53.90420958760021, 46.96866910615826], [-53.90455569206542, 46.96881419396052], [-53.90477129227845, 46.969003685587886], [-53.9048597819918, 46.96902709603232], [-53.90497191902188, 46.96902899626317], [-53.90520928457137, 46.968961695651565], [-53.905655279674484, 46.968775271886955], [-53.905723598459694, 46.9687467144186], [-53.90611470719955, 46.96870279039794], [-53.906778577618226, 46.96890020187654], [-53.90696820940012, 46.96902824219689], [-53.90719969578284, 46.96918459159114], [-53.90758507969346, 46.96929409909922], [-53.908342284776104, 46.969629097312556], [-53.90852170246866, 46.96973278368375], [-53.90913554670594, 46.969871805204995], [-53.90933158805925, 46.96991620125941], [-53.91044300880912, 46.97034450490147], [-53.91086711522768, 46.97055220323208], [-53.91106810105915, 46.97116991248335], [-53.91102140990923, 46.971849590358936], [-53.911186739503705, 46.97220982424269], [-53.911189392573256, 46.97221558741114], [-53.911192603727564, 46.972219699700666], [-53.911365896636, 46.972440695152734], [-53.91226288641757, 46.97304879496636], [-53.91267860708729, 46.97344200662573], [-53.91267309049236, 46.97350630454821], [-53.913274597852556, 46.974397608930836], [-53.913395682558296, 46.974806308361586], [-53.91359020387698, 46.97507429096583], [-53.91412050122098, 46.97548199399626], [-53.91420607821727, 46.97562660442117], [-53.9142058333492, 46.9756964342915], [-53.91570159545109, 46.97615393561472], [-53.91571380119819, 46.97616068848032], [-53.91596400417815, 46.97607559116043], [-53.91611789009729, 46.976054388971235], [-53.916597404486716, 46.9760783913595], [-53.91692038743016, 46.976155702728086], [-53.917224600143214, 46.97636851433075], [-53.91722429175628, 46.97645769296558], [-53.91735421147855, 46.97659169722125], [-53.918079608289716, 46.9771334933165], [-53.91848589146815, 46.97725370722979], [-53.91901728326118, 46.97734910002917], [-53.91930890420433, 46.977454892386696], [-53.91944941701484, 46.97754969292552], [-53.91954799358409, 46.9776676111359], [-53.919547396194154, 46.97784600482129], [-53.91945720675766, 46.9779608476171], [-53.91938510264262, 46.97805270090287], [-53.91943942124326, 46.978181196559376], [-53.919579802413026, 46.97827599639715], [-53.91993391089922, 46.97841400249551], [-53.92045433414623, 46.97852304478932], [-53.92080920328218, 46.97859740578669], [-53.92091070922814, 46.97863860828758], [-53.921009313143955, 46.978756504395335], [-53.92121750871026, 46.97886390157889], [-53.921469992355306, 46.978976662047124], [-53.92167998293812, 46.979198396330574], [-53.92168049670692, 46.97916970434074], [-53.92160029898696, 46.979005399484144], [-53.92181421632726, 46.978959400228035], [-53.92218170704071, 46.978981388679045], [-53.92247779027592, 46.97929048762532], [-53.9228021996274, 46.97973709761456], [-53.92290203675705, 46.97982961993561], [-53.923101099526, 46.98001410229213], [-53.92359519262991, 46.98038058647152], [-53.9239349153788, 46.980902206597705], [-53.924048087531126, 46.981362690170855], [-53.92430490870579, 46.98175199448825], [-53.92436690931323, 46.98191800253495], [-53.92448891951918, 46.98210379459081], [-53.92484779176426, 46.98235590733248], [-53.92492289564531, 46.98249519097594], [-53.92492510523674, 46.98264151569076], [-53.9248994344187, 46.98266480185037], [-53.92487801503914, 46.982684302261646], [-53.92490640560136, 46.98277710730796], [-53.924971192127714, 46.982866398623905], [-53.92526521743874, 46.9830737995487], [-53.92521458510227, 46.9833717072921], [-53.92560340395589, 46.98408600568055], [-53.92587588610993, 46.9844610991003], [-53.92601319874621, 46.984547856697695], [-53.926164687730164, 46.98464360420925], [-53.9275655090627, 46.985209490369314], [-53.92812759567169, 46.9855440080483], [-53.928207881816775, 46.985708304960625], [-53.929193114370555, 46.98665190664219], [-53.92935439470969, 46.98675739881101], [-53.9298153900256, 46.98691688672039], [-53.93013801810066, 46.987127897531096], [-53.931400995997635, 46.98847158870932], [-53.93183820949529, 46.98874160761574], [-53.932600985474025, 46.98910139211441], [-53.932614328310144, 46.98911113305025], [-53.93280918744309, 46.989253405988656], [-53.93294169549637, 46.98939989512398], [-53.93298049714545, 46.98949811169424], [-53.93295381514529, 46.9896343345076], [-53.932878187677574, 46.99002044075955], [-53.93282150618857, 46.990309708205245], [-53.93304950325902, 46.99078460047869], [-53.93306671941325, 46.99097165319219], [-53.9331100043063, 46.99144130896495], [-53.93276466867273, 46.992311435089555], [-53.93276038310467, 46.992322199092854], [-53.93276008439105, 46.99241149667304], [-53.93279388277201, 46.99244010432063], [-53.932754699679734, 46.992475695399996], [-53.93278319504011, 46.99252389855264], [-53.93274099486145, 46.99268089008692], [-53.93291095467246, 46.9928690185055], [-53.93300667119048, 46.993233821368094], [-53.9330063255443, 46.99324179420695], [-53.932960878803925, 46.99325220202016], [-53.93283950003094, 46.99370339159362], [-53.93275820608454, 46.993851407115045], [-53.93188229147683, 46.99457271155941], [-53.93178801621151, 46.994702899623334], [-53.93151080478913, 46.99493980982229], [-53.93117528101745, 46.99506149043475], [-53.93091300339337, 46.99515659152759], [-53.93060210087069, 46.99532020942186], [-53.929954481916326, 46.99556730418975], [-53.929588580646296, 46.995825501805484], [-53.92931709788853, 46.995908901397456], [-53.92931276891694, 46.99591135795723], [-53.92914211263833, 46.9960085953759], [-53.929091985832855, 46.99617269664064], [-53.92911480484518, 46.99637428723001], [-53.92925249029956, 46.99654580110238], [-53.9293280709271, 46.99657332967805], [-53.92969531768878, 46.99670709946813], [-53.930194606022575, 46.99714319244809], [-53.93065219090067, 46.99760248743869], [-53.931229597382234, 46.99810119293624], [-53.93160199074026, 46.99828188809165], [-53.88283612719554, 47.055412742161266], [-53.791949438953246, 47.16145818682114], [-53.776148572815266, 47.17983736865793], [-53.743782567454566, 47.21743213524206], [-53.69759420854264, 47.236953026372255], [-53.556778490864616, 47.29623529542749], [-53.556209607554294, 47.29618276190128], [-53.55612008357756, 47.296174492834965], [-53.55549830399731, 47.29634619679568], [-53.55519871106552, 47.2965838925526], [-53.55495111057751, 47.297084612147685], [-53.554645019957256, 47.29743129880594], [-53.554176803830984, 47.29771640031482], [-53.55388581697049, 47.29779830694516], [-53.55363358840058, 47.297817720400666], [-53.5532525299476, 47.297871214887586], [-53.55316028459166, 47.297842344161424], [-53.5532395965319, 47.2979041910654], [-53.55285809941467, 47.29796460317789], [-53.55268800725001, 47.29791000309973], [-53.55235669759774, 47.29794039908773], [-53.55214336053915, 47.29791277196893], [-53.55186640765396, 47.2978769121413], [-53.55173149630042, 47.297952997082554], [-53.55174890720439, 47.29804058878295], [-53.55186319047291, 47.29814490745178], [-53.5519530950108, 47.29831510066855], [-53.55187984489985, 47.298361893212416], [-53.55164971552174, 47.29837488424347], [-53.5515598080867, 47.2984308582298], [-53.5515600412361, 47.29843558236604], [-53.551276495650654, 47.298447094267864], [-53.55117349418931, 47.29849480572786], [-53.55118790262241, 47.29861460017498], [-53.55150548830513, 47.298846792058136], [-53.551502022846975, 47.29892359641312], [-53.55130338403927, 47.299056505882966], [-53.551461902818886, 47.29919499096661], [-53.551296315928, 47.2992992555408], [-53.55123700019314, 47.299336584640365], [-53.55120280684358, 47.299338430464815], [-53.55090319757421, 47.29935438567061], [-53.55071020407355, 47.29946769734251], [-53.55074587941026, 47.299553705864554], [-53.550985492702694, 47.2997229100613], [-53.55099430415471, 47.29986229537599], [-53.55079579473733, 47.29999520560044], [-53.550216717799614, 47.300099200151905], [-53.55007088212988, 47.30021450196518], [-53.55021240084849, 47.300456513811405], [-53.55022181067331, 47.30055129878216], [-53.550151832254805, 47.30059714555852], [-53.550097398912804, 47.30063279463831], [-53.54972980072271, 47.3006218088256], [-53.548977006243476, 47.30032100457895], [-53.548927802325814, 47.30032103163113], [-53.54869600827322, 47.3003211928178], [-53.548203507710085, 47.300436409927265], [-53.54779179618874, 47.30081820384313], [-53.54768080896074, 47.30087299076945], [-53.547508101949866, 47.301041792558145], [-53.547661705706446, 47.301155190299475], [-53.54767409319463, 47.301217794143746], [-53.54734720785087, 47.3013178134551], [-53.546577213733016, 47.301356394265376], [-53.546411011429576, 47.30141620116226], [-53.54608985761443, 47.30166002573326], [-53.54597078930684, 47.30159691687051], [-53.545678341964994, 47.30156742718714], [-53.54566943444478, 47.301572273802684], [-53.54544290173122, 47.3015429862387], [-53.54524980303858, 47.301656187741635], [-53.545119616800584, 47.30199319940736], [-53.5451658149278, 47.30208460296391], [-53.54511420012974, 47.302439790173], [-53.544953808642944, 47.302671199441136], [-53.544757696998666, 47.302816603249795], [-53.5440284170107, 47.30296610229145], [-53.54295579613808, 47.30303868714435], [-53.54258309591214, 47.30323851100718], [-53.54234599924317, 47.30350869047584], [-53.54202541788809, 47.30373559648678], [-53.541574601403035, 47.303872416880225], [-53.540958409386896, 47.30378849109049], [-53.54027240253767, 47.30382579169906], [-53.54000742052638, 47.303942130168814], [-53.538677415384, 47.30452599178274], [-53.537593310167026, 47.304552860087846], [-53.536612590887835, 47.30456489981015], [-53.535676088776576, 47.30420792858827], [-53.53491047785851, 47.30413467369882], [-53.534157575998094, 47.30396726239634], [-53.53338656747403, 47.30401771095835], [-53.53315689631098, 47.3040425055931], [-53.53292122155094, 47.30398759610264], [-53.53185169671213, 47.304027909174934], [-53.531429698342876, 47.30416839555474], [-53.53091419647942, 47.30464240662563], [-53.530165817981164, 47.30483819837644], [-53.52976329198494, 47.304887696285235], [-53.529278711636486, 47.304995696368806], [-53.528939582566295, 47.30522420036172], [-53.52877078159712, 47.30569849749383], [-53.528656802755044, 47.305785402520826], [-53.52804271598765, 47.30594980327321], [-53.52661350222827, 47.30597188568692], [-53.525824599348034, 47.306247808922826], [-53.52496610036877, 47.306217813370196], [-53.52387170247425, 47.30628084380155], [-53.52346164494572, 47.30653792400718], [-53.522729207754814, 47.30714940207243], [-53.52140944999096, 47.307658966949106], [-53.52109083727569, 47.30787120702107], [-53.52094478623114, 47.308031591102086], [-53.520930703094855, 47.30813449901185], [-53.520892777725834, 47.308227205005416], [-53.52113749438845, 47.30923089523214], [-53.521588496104464, 47.30971238377265], [-53.521627395609755, 47.30995740591105], [-53.52155319042787, 47.31000880495216], [-53.521261101241, 47.31004821164451], [-53.52109431369206, 47.31015260042891], [-53.52108947535694, 47.31031880258673], [-53.52129910933734, 47.31057369934745], [-53.5212949044311, 47.310695207297], [-53.521104983121404, 47.31096739823552], [-53.521140877491305, 47.311244603945234], [-53.52131778653953, 47.31138140060889], [-53.521802201840664, 47.31150930254605], [-53.52197168811453, 47.31160859998459], [-53.522093489170885, 47.311941604488396], [-53.52204610398966, 47.312366601244065], [-53.521433091084, 47.31305979379912], [-53.52139473830683, 47.313292513196025], [-53.52135632287492, 47.313525699431345], [-53.52115849717152, 47.31399619528224], [-53.52110728067341, 47.314306804349606], [-53.52136152120916, 47.31436009940306], [-53.521565706287305, 47.31420761086141], [-53.52183939157394, 47.3141698925844], [-53.52221719762041, 47.314422290587025], [-53.523298220392334, 47.31453399620923], [-53.52373588989622, 47.3146152014497], [-53.52389441997448, 47.314753699999684], [-53.5238479152054, 47.314898104644826], [-53.523928318425185, 47.31540070056014], [-53.52385181676159, 47.3155108629203], [-53.523767715351084, 47.31563200024318], [-53.52372464389434, 47.3156603314248], [-53.52326169795775, 47.31596499577219], [-53.504800818625604, 47.40407401429701], [-53.49794349627926, 47.414355801038596], [-53.48798994013701, 47.42927116609217], [-53.47621473381694, 47.446902784349675], [-53.47611534445622, 47.447051561130834], [-53.47462577957279, 47.44928093019096], [-53.465894438018175, 47.46234388914389], [-53.46349200958204, 47.4659367967438], [-53.445581659495666, 47.492712216404044], [-53.439486787629555, 47.501816107736396], [-53.43742764580533, 47.50488209139943], [-53.43617871504375, 47.5067415272058], [-53.43469407625421, 47.508957280192774], [-53.4344822422002, 47.50927341006268], [-53.40174122920106, 47.55807788238272], [-53.39385973977178, 47.565673332271736], [-53.392766072575185, 47.56693716757009], [-53.39218622900711, 47.56755815299917], [-53.389731491115676, 47.57026390430123], [-53.38691488713113, 47.57348390017538], [-53.38535294453739, 47.57869196204329], [-53.384296958241215, 47.580286742900235], [-53.384512193872204, 47.580600309828576], [-53.38475351246453, 47.5806888962128], [-53.392361239137045, 47.597320458591696], [-53.40796948901764, 47.6042902271359], [-53.40754082593937, 47.609607850193115], [-53.39978314308325, 47.619521338280876], [-53.40051389782938, 47.6239546984835], [-53.40041004571872, 47.62491433727305], [-53.39978663447207, 47.625855516659726], [-53.39824314836792, 47.62678886578582], [-53.39541679594805, 47.62773559043903], [-53.39006693997867, 47.62868050208952], [-53.38705032436067, 47.629227867681344], [-53.38601467186799, 47.629811433383686], [-53.38539010765084, 47.6307651030058], [-53.3850291058758, 47.63308015096864], [-53.38446320313542, 47.6375683612546], [-53.38432431171631, 47.638015053777885], [-53.38433702143238, 47.638073941522556], [-53.38448127743027, 47.63874090678184], [-53.385367753765784, 47.6397187380702], [-53.38703831160333, 47.64187111126689], [-53.38703297059182, 47.64189039690869], [-53.38755513924252, 47.643160058476816], [-53.38749229229581, 47.64459807279959], [-53.3873500006511, 47.64599900721353], [-53.386771906119435, 47.6469920199053], [-53.386679876527424, 47.649042649572], [-53.38529261916818, 47.65017868876878], [-53.38475219837534, 47.65589887938575], [-53.38412236555495, 47.66256355243527], [-53.382548234701204, 47.67921707842259], [-53.381667161578555, 47.68884362060074], [-53.381634079162225, 47.68887034750426], [-53.38158305386908, 47.68921335478971], [-53.381573931646315, 47.68923026039603], [-53.38143728708639, 47.69073322183028], [-53.381180985054144, 47.69355205535355], [-53.381156031472294, 47.693826375197695], [-53.38089958102964, 47.69664674476389], [-53.3808517690447, 47.697151678640935], [-53.37965837594773, 47.70975946880906], [-53.3784673203924, 47.72233547581485], [-53.37754171486277, 47.73210410220334], [-53.37722532614252, 47.7352314818377], [-53.37362466389438, 47.770796182661], [-53.373024334970616, 47.77672028722184], [-53.31452021449443, 47.78390050526577], [-53.272396669823735, 47.78904650582464], [-53.27210196562461, 47.788962192670894], [-53.2719845785342, 47.788991579467336], [-53.27103796913187, 47.78906175005876], [-53.26590592416266, 47.78818474240566], [-53.265898726057394, 47.788183927300075], [-53.26178070900257, 47.78950333036754], [-53.25743430890632, 47.79066962596281], [-53.25374723394793, 47.79161101181571], [-53.2499624096364, 47.79087801450395], [-53.24637956564787, 47.789888473335466], [-53.243012042855746, 47.78850829372559], [-53.23889165315722, 47.78594437875872], [-53.23871515002462, 47.78588697197573], [-53.23625936298915, 47.785986105570174], [-53.23367878030912, 47.78663031888648], [-53.229766281997684, 47.78771750448178], [-53.225877676446466, 47.78797344422833], [-53.223503979455714, 47.78735851825576], [-53.2223926859035, 47.7870706182156], [-53.19884165375247, 47.77872359355239], [-53.19877497768868, 47.778724875748885], [-53.19820861380615, 47.77893525408281], [-53.19788120907333, 47.77905692915576], [-53.19787719972074, 47.7790569178276], [-53.197660605582435, 47.779912919580646], [-53.197017146603756, 47.78093891556803], [-53.18381877324505, 47.78577230902309], [-53.17565897843282, 47.788855476120375], [-53.16846426396752, 47.78861348713493], [-53.167870381873186, 47.788593500611135], [-53.16149050115736, 47.789361289137226], [-53.15905477234703, 47.7895664060681], [-53.157965095657204, 47.789659959999106], [-53.15740968087142, 47.78970812502347], [-53.15710277044259, 47.7897349971246], [-53.15006250683194, 47.78976820169844], [-53.15005804366325, 47.78976853672564], [-53.14861176492668, 47.78987495041737], [-53.148123621059895, 47.78991086903388], [-53.14771862727386, 47.78994067536807], [-53.14771303576901, 47.78994107255702], [-53.14770541784893, 47.78994164007015], [-53.03112933514746, 47.79909603955655], [-53.01806745058438, 47.80011257645719], [-52.96196566346914, 47.804457532170716], [-52.8257945656376, 47.87755161391488], [-52.831984261776235, 47.90520222450034], [-52.83673590511576, 47.98908350124322], [-52.836922451368295, 47.98991953613629], [-52.83463462028384, 47.993486433238765], [-52.83140209484384, 48.000072418542885], [-52.826909868524744, 48.009221654104465], [-52.82005748125905, 48.022211826751544], [-52.8081478992837, 48.044770645321734], [-52.803752006982734, 48.05309137244695], [-52.775051355011186, 48.107338841903214], [-52.78045533923341, 48.175151227244406], [-52.781381251708645, 48.186750286505], [-52.9257631119434, 48.24069230928878], [-52.942450531671554, 48.2500581405629], [-52.95687256302719, 48.25004685337793], [-52.95829438114883, 48.250045611534254], [-52.99999998973008, 48.2500000069521], [-52.99999999534162, 48.25000138584006], [-53.00000000439289, 48.25630822206006], [-53.00000000256089, 48.278699747564886], [-53.000000005840725, 48.451051520984926], [-52.99999998322975, 48.49999850672187], [-53.00000001727141, 48.49999999408031], [-53.000000013309425, 48.50009823909904], [-52.9984163499619, 48.50431344931821], [-52.99771572358456, 48.50802327796251], [-52.99658747253286, 48.51608921467575], [-52.99599577535199, 48.51922631453237], [-52.995547656050775, 48.521601988905424], [-52.99463444717323, 48.52913444778284], [-52.99480144288078, 48.532268017303494], [-52.99480145215701, 48.53226836607811], [-52.99400511618262, 48.53870235018975], [-52.99340482131458, 48.54799590318895], [-52.993214025117624, 48.55459681287536], [-52.99210108671905, 48.56272991598611], [-52.991771246671746, 48.56765178361114], [-52.99164123437498, 48.57024433328708], [-52.993012360337126, 48.595452179114524], [-52.99373011308615, 48.60432238122125], [-52.99345961064377, 48.60754220564095], [-52.994579523833266, 48.616757742362246], [-52.99484155415725, 48.6189131791005], [-52.99575790660993, 48.62891437007515], [-52.9948406667639, 48.639333453755384], [-52.99590587390849, 48.655288700357], [-52.99697659745214, 48.683593730374405], [-52.997872375111065, 48.71355105318187], [-52.99922334796844, 48.7259486499803], [-52.99999599369806, 48.73233347665118], [-53.00000005175649, 48.7323353257364], [-53.00619380558462, 48.73517395246727], [-53.01226481548567, 48.73754520707589], [-53.06358632601034, 48.74328308384673], [-53.07579073999949, 48.74464332569687], [-53.11452489483766, 48.74814762675018], [-53.267361813785115, 48.715151327067176], [-53.2796201537166, 48.71254481159144], [-53.3501025764508, 48.69752176617888], [-53.394855604883546, 48.68795087646625], [-53.41975691001557, 48.6822444059926], [-53.45630002164139, 48.674512796165786], [-53.4981807764081, 48.66535371007892], [-53.49999935334191, 48.665320936245585], [-53.499999987801694, 48.66532091415956], [-53.50630952293995, 48.66520696019598], [-53.517910279243594, 48.66550241202272], [-53.51791579292144, 48.66549040955985], [-53.52358195100426, 48.665461306547], [-53.52537966456969, 48.66628088416803], [-53.53344377184747, 48.674092710092], [-53.53901604087236, 48.679796319836875], [-53.544403053020424, 48.69848064744576], [-53.54404048492612, 48.72046976200441], [-53.54407957391713, 48.74289429462982], [-53.543897035192565, 48.75004215934919], [-53.543896917671994, 48.75004702805945], [-53.54364918653372, 48.75974355162248], [-53.543543778107406, 48.76386831549308], [-53.54263968642864, 48.80602348962107], [-53.54321428866184, 48.82775824248271], [-53.543035648016165, 48.84921523450948], [-53.54274675348438, 48.8524838268711], [-53.53936092746596, 48.890755353376036], [-53.53486971107615, 48.91570887533168], [-53.533623594942625, 48.927683638266735], [-53.52922469902407, 48.94087962055553], [-53.5252224379505, 48.952667193850324], [-53.52009595565738, 48.961496743556026], [-53.51348568371992, 48.97287637338781], [-53.505494988323505, 48.98975215207134], [-53.50000000933776, 48.99789734621659], [-53.49858173945654, 48.999999132203655], [-53.498579911659206, 49.00000182905206], [-53.493567760278935, 49.005137453225224], [-53.48659754856405, 49.0108787811441], [-53.46473994193832, 49.02147521628274], [-53.43133386147721, 49.03178287414202], [-53.385530574082104, 49.04105354933958], [-53.339511425073766, 49.04844305484017], [-53.3100088659057, 49.05342537473], [-53.290378698518225, 49.05670209508417], [-53.2831241840677, 49.07739557010277], [-53.26411073322736, 49.13321132910644], [-53.25419614744404, 49.1622606478805], [-53.242645647289024, 49.196054916828516], [-53.224160792974594, 49.250029794469015], [-53.19728560394824, 49.3282676913134], [-53.197452950824925, 49.32825574493177], [-53.16335698181874, 49.414433532649355], [-53.139956213614866, 49.500078852813935], [-53.12231441810673, 49.5644271655863], [-53.1133083897231, 49.61451439141035], [-53.11307537571898, 49.615808648033294], [-53.103646023248935, 49.668126213688076], [-53.100595852472416, 49.75007656096716], [-53.10037488007247, 49.756002065110266], [-53.11032924630676, 49.775051403280756], [-53.33067470963461, 49.8326928436095], [-53.49999999746495, 49.89526923432186], [-53.53320443879565, 49.90549867095816]]]}, "properties": {"FED_NUM": 10007, "ED_NAMEE": "Terra Nova—The Peninsulas", "ED_NAMEF": "Terra Nova—Les Péninsules", "REPORDER": "2023", "SHAPE_Leng": 1156696.90028, "SHAPE_Area": 37814372987.6}}, {"type": "Feature", "geometry": {"type": "Polygon", "coordinates": [[[-52.96196566346914, 47.804457532170716], [-53.01806745058438, 47.80011257645719], [-53.03112933514746, 47.79909603955655], [-53.14770541784893, 47.78994164007015], [-53.14771303576901, 47.78994107255702], [-53.14771862727386, 47.78994067536807], [-53.148123621059895, 47.78991086903388], [-53.14861176492668, 47.78987495041737], [-53.15005804366325, 47.78976853672564], [-53.15006250683194, 47.78976820169844], [-53.15710277044259, 47.7897349971246], [-53.15740968087142, 47.78970812502347], [-53.157965095657204, 47.789659959999106], [-53.15905477234703, 47.7895664060681], [-53.16149050115736, 47.789361289137226], [-53.167870381873186, 47.788593500611135], [-53.16846426396752, 47.78861348713493], [-53.17565897843282, 47.788855476120375], [-53.18381877324505, 47.78577230902309], [-53.197017146603756, 47.78093891556803], [-53.197660605582435, 47.779912919580646], [-53.19787719972074, 47.7790569178276], [-53.19788120907333, 47.77905692915576], [-53.19820861380615, 47.77893525408281], [-53.19877497768868, 47.778724875748885], [-53.19884165375247, 47.77872359355239], [-53.2223926859035, 47.7870706182156], [-53.223503979455714, 47.78735851825576], [-53.225877676446466, 47.78797344422833], [-53.229766281997684, 47.78771750448178], [-53.23367878030912, 47.78663031888648], [-53.23625936298915, 47.785986105570174], [-53.23871515002462, 47.78588697197573], [-53.23889165315722, 47.78594437875872], [-53.243012042855746, 47.78850829372559], [-53.24637956564787, 47.789888473335466], [-53.2499624096364, 47.79087801450395], [-53.25374723394793, 47.79161101181571], [-53.25743430890632, 47.79066962596281], [-53.26178070900257, 47.78950333036754], [-53.265898726057394, 47.788183927300075], [-53.26590592416266, 47.78818474240566], [-53.27103796913187, 47.78906175005876], [-53.2719845785342, 47.788991579467336], [-53.27210196562461, 47.788962192670894], [-53.272396669823735, 47.78904650582464], [-53.31452021449443, 47.78390050526577], [-53.373024334970616, 47.77672028722184], [-53.37362466389438, 47.770796182661], [-53.37722532614252, 47.7352314818377], [-53.37754171486277, 47.73210410220334], [-53.3784673203924, 47.72233547581485], [-53.37965837594773, 47.70975946880906], [-53.3808517690447, 47.697151678640935], [-53.38089958102964, 47.69664674476389], [-53.381156031472294, 47.693826375197695], [-53.381180985054144, 47.69355205535355], [-53.38143728708639, 47.69073322183028], [-53.381573931646315, 47.68923026039603], [-53.38158305386908, 47.68921335478971], [-53.381634079162225, 47.68887034750426], [-53.381667161578555, 47.68884362060074], [-53.382548234701204, 47.67921707842259], [-53.38412236555495, 47.66256355243527], [-53.38475219837534, 47.65589887938575], [-53.38529261916818, 47.65017868876878], [-53.386679876527424, 47.649042649572], [-53.386771906119435, 47.6469920199053], [-53.3873500006511, 47.64599900721353], [-53.38749229229581, 47.64459807279959], [-53.38755513924252, 47.643160058476816], [-53.38703297059182, 47.64189039690869], [-53.38703831160333, 47.64187111126689], [-53.385367753765784, 47.6397187380702], [-53.38448127743027, 47.63874090678184], [-53.38433702143238, 47.638073941522556], [-53.38432431171631, 47.638015053777885], [-53.38446320313542, 47.6375683612546], [-53.3850291058758, 47.63308015096864], [-53.38539010765084, 47.6307651030058], [-53.38601467186799, 47.629811433383686], [-53.38705032436067, 47.629227867681344], [-53.39006693997867, 47.62868050208952], [-53.39541679594805, 47.62773559043903], [-53.39824314836792, 47.62678886578582], [-53.39978663447207, 47.625855516659726], [-53.40041004571872, 47.62491433727305], [-53.40051389782938, 47.6239546984835], [-53.39978314308325, 47.619521338280876], [-53.40754082593937, 47.609607850193115], [-53.40796948901764, 47.6042902271359], [-53.392361239137045, 47.597320458591696], [-53.38475351246453, 47.5806888962128], [-53.384512193872204, 47.580600309828576], [-53.384296958241215, 47.580286742900235], [-53.38535294453739, 47.57869196204329], [-53.38691488713113, 47.57348390017538], [-53.389731491115676, 47.57026390430123], [-53.39218622900711, 47.56755815299917], [-53.392766072575185, 47.56693716757009], [-53.39385973977178, 47.565673332271736], [-53.40174122920106, 47.55807788238272], [-53.4344822422002, 47.50927341006268], [-53.43469407625421, 47.508957280192774], [-53.43617871504375, 47.5067415272058], [-53.43742764580533, 47.50488209139943], [-53.439486787629555, 47.501816107736396], [-53.445581659495666, 47.492712216404044], [-53.46349200958204, 47.4659367967438], [-53.465894438018175, 47.46234388914389], [-53.47462577957279, 47.44928093019096], [-53.47611534445622, 47.447051561130834], [-53.47621473381694, 47.446902784349675], [-53.48798994013701, 47.42927116609217], [-53.49794349627926, 47.414355801038596], [-53.504800818625604, 47.40407401429701], [-53.52326169795775, 47.31596499577219], [-53.52372464389434, 47.3156603314248], [-53.523767715351084, 47.31563200024318], [-53.52385181676159, 47.3155108629203], [-53.523928318425185, 47.31540070056014], [-53.5238479152054, 47.314898104644826], [-53.52389441997448, 47.314753699999684], [-53.52373588989622, 47.3146152014497], [-53.523298220392334, 47.31453399620923], [-53.52221719762041, 47.314422290587025], [-53.52183939157394, 47.3141698925844], [-53.521565706287305, 47.31420761086141], [-53.52136152120916, 47.31436009940306], [-53.52110728067341, 47.314306804349606], [-53.52115849717152, 47.31399619528224], [-53.52135632287492, 47.313525699431345], [-53.52139473830683, 47.313292513196025], [-53.521433091084, 47.31305979379912], [-53.52204610398966, 47.312366601244065], [-53.522093489170885, 47.311941604488396], [-53.52197168811453, 47.31160859998459], [-53.521802201840664, 47.31150930254605], [-53.52131778653953, 47.31138140060889], [-53.521140877491305, 47.311244603945234], [-53.521104983121404, 47.31096739823552], [-53.5212949044311, 47.310695207297], [-53.52129910933734, 47.31057369934745], [-53.52108947535694, 47.31031880258673], [-53.52109431369206, 47.31015260042891], [-53.521261101241, 47.31004821164451], [-53.52155319042787, 47.31000880495216], [-53.521627395609755, 47.30995740591105], [-53.521588496104464, 47.30971238377265], [-53.52113749438845, 47.30923089523214], [-53.520892777725834, 47.308227205005416], [-53.520930703094855, 47.30813449901185], [-53.52094478623114, 47.308031591102086], [-53.52109083727569, 47.30787120702107], [-53.52140944999096, 47.307658966949106], [-53.522729207754814, 47.30714940207243], [-53.52346164494572, 47.30653792400718], [-53.52387170247425, 47.30628084380155], [-53.52496610036877, 47.306217813370196], [-53.525824599348034, 47.306247808922826], [-53.52661350222827, 47.30597188568692], [-53.52804271598765, 47.30594980327321], [-53.528656802755044, 47.305785402520826], [-53.52877078159712, 47.30569849749383], [-53.528939582566295, 47.30522420036172], [-53.529278711636486, 47.304995696368806], [-53.52976329198494, 47.304887696285235], [-53.530165817981164, 47.30483819837644], [-53.53091419647942, 47.30464240662563], [-53.531429698342876, 47.30416839555474], [-53.53185169671213, 47.304027909174934], [-53.53292122155094, 47.30398759610264], [-53.53315689631098, 47.3040425055931], [-53.53338656747403, 47.30401771095835], [-53.534157575998094, 47.30396726239634], [-53.53491047785851, 47.30413467369882], [-53.535676088776576, 47.30420792858827], [-53.536612590887835, 47.30456489981015], [-53.537593310167026, 47.304552860087846], [-53.538677415384, 47.30452599178274], [-53.54000742052638, 47.303942130168814], [-53.54027240253767, 47.30382579169906], [-53.540958409386896, 47.30378849109049], [-53.541574601403035, 47.303872416880225], [-53.54202541788809, 47.30373559648678], [-53.54234599924317, 47.30350869047584], [-53.54258309591214, 47.30323851100718], [-53.54295579613808, 47.30303868714435], [-53.5440284170107, 47.30296610229145], [-53.544757696998666, 47.302816603249795], [-53.544953808642944, 47.302671199441136], [-53.54511420012974, 47.302439790173], [-53.5451658149278, 47.30208460296391], [-53.545119616800584, 47.30199319940736], [-53.54524980303858, 47.301656187741635], [-53.54544290173122, 47.3015429862387], [-53.54566943444478, 47.301572273802684], [-53.545678341964994, 47.30156742718714], [-53.54597078930684, 47.30159691687051], [-53.54608985761443, 47.30166002573326], [-53.546411011429576, 47.30141620116226], [-53.546577213733016, 47.301356394265376], [-53.54734720785087, 47.3013178134551], [-53.54767409319463, 47.301217794143746], [-53.547661705706446, 47.301155190299475], [-53.547508101949866, 47.301041792558145], [-53.54768080896074, 47.30087299076945], [-53.54779179618874, 47.30081820384313], [-53.548203507710085, 47.300436409927265], [-53.54869600827322, 47.3003211928178], [-53.548927802325814, 47.30032103163113], [-53.548977006243476, 47.30032100457895], [-53.54972980072271, 47.3006218088256], [-53.550097398912804, 47.30063279463831], [-53.550151832254805, 47.30059714555852], [-53.55022181067331, 47.30055129878216], [-53.55021240084849, 47.300456513811405], [-53.55007088212988, 47.30021450196518], [-53.550216717799614, 47.300099200151905], [-53.55079579473733, 47.29999520560044], [-53.55099430415471, 47.29986229537599], [-53.550985492702694, 47.2997229100613], [-53.55074587941026, 47.299553705864554], [-53.55071020407355, 47.29946769734251], [-53.55090319757421, 47.29935438567061], [-53.55120280684358, 47.299338430464815], [-53.55123700019314, 47.299336584640365], [-53.551296315928, 47.2992992555408], [-53.551461902818886, 47.29919499096661], [-53.55130338403927, 47.299056505882966], [-53.551502022846975, 47.29892359641312], [-53.55150548830513, 47.298846792058136], [-53.55118790262241, 47.29861460017498], [-53.55117349418931, 47.29849480572786], [-53.551276495650654, 47.298447094267864], [-53.5515600412361, 47.29843558236604], [-53.5515598080867, 47.2984308582298], [-53.55164971552174, 47.29837488424347], [-53.55187984489985, 47.298361893212416], [-53.5519530950108, 47.29831510066855], [-53.55186319047291, 47.29814490745178], [-53.55174890720439, 47.29804058878295], [-53.55173149630042, 47.297952997082554], [-53.55186640765396, 47.2978769121413], [-53.55214336053915, 47.29791277196893], [-53.55235669759774, 47.29794039908773], [-53.55268800725001, 47.29791000309973], [-53.55285809941467, 47.29796460317789], [-53.5532395965319, 47.2979041910654], [-53.55316028459166, 47.297842344161424], [-53.5532525299476, 47.297871214887586], [-53.55363358840058, 47.297817720400666], [-53.55388581697049, 47.29779830694516], [-53.554176803830984, 47.29771640031482], [-53.554645019957256, 47.29743129880594], [-53.55495111057751, 47.297084612147685], [-53.55519871106552, 47.2965838925526], [-53.55549830399731, 47.29634619679568], [-53.55612008357756, 47.296174492834965], [-53.556209607554294, 47.29618276190128], [-53.556778490864616, 47.29623529542749], [-53.69759420854264, 47.236953026372255], [-53.743782567454566, 47.21743213524206], [-53.776148572815266, 47.17983736865793], [-53.791949438953246, 47.16145818682114], [-53.88283612719554, 47.055412742161266], [-53.93160199074026, 46.99828188809165], [-53.931229597382234, 46.99810119293624], [-53.93065219090067, 46.99760248743869], [-53.930194606022575, 46.99714319244809], [-53.92969531768878, 46.99670709946813], [-53.9293280709271, 46.99657332967805], [-53.92925249029956, 46.99654580110238], [-53.92911480484518, 46.99637428723001], [-53.929091985832855, 46.99617269664064], [-53.92914211263833, 46.9960085953759], [-53.92931276891694, 46.99591135795723], [-53.92931709788853, 46.995908901397456], [-53.929588580646296, 46.995825501805484], [-53.929954481916326, 46.99556730418975], [-53.93060210087069, 46.99532020942186], [-53.93091300339337, 46.99515659152759], [-53.93117528101745, 46.99506149043475], [-53.93151080478913, 46.99493980982229], [-53.93178801621151, 46.994702899623334], [-53.93188229147683, 46.99457271155941], [-53.93275820608454, 46.993851407115045], [-53.93283950003094, 46.99370339159362], [-53.932960878803925, 46.99325220202016], [-53.9330063255443, 46.99324179420695], [-53.93300667119048, 46.993233821368094], [-53.93291095467246, 46.9928690185055], [-53.93274099486145, 46.99268089008692], [-53.93278319504011, 46.99252389855264], [-53.932754699679734, 46.992475695399996], [-53.93279388277201, 46.99244010432063], [-53.93276008439105, 46.99241149667304], [-53.93276038310467, 46.992322199092854], [-53.93276466867273, 46.992311435089555], [-53.9331100043063, 46.99144130896495], [-53.93306671941325, 46.99097165319219], [-53.93304950325902, 46.99078460047869], [-53.93282150618857, 46.990309708205245], [-53.932878187677574, 46.99002044075955], [-53.93295381514529, 46.9896343345076], [-53.93298049714545, 46.98949811169424], [-53.93294169549637, 46.98939989512398], [-53.93280918744309, 46.989253405988656], [-53.932614328310144, 46.98911113305025], [-53.932600985474025, 46.98910139211441], [-53.93183820949529, 46.98874160761574], [-53.931400995997635, 46.98847158870932], [-53.93013801810066, 46.987127897531096], [-53.9298153900256, 46.98691688672039], [-53.92935439470969, 46.98675739881101], [-53.929193114370555, 46.98665190664219], [-53.928207881816775, 46.985708304960625], [-53.92812759567169, 46.9855440080483], [-53.9275655090627, 46.985209490369314], [-53.926164687730164, 46.98464360420925], [-53.92601319874621, 46.984547856697695], [-53.92587588610993, 46.9844610991003], [-53.92560340395589, 46.98408600568055], [-53.92521458510227, 46.9833717072921], [-53.92526521743874, 46.9830737995487], [-53.924971192127714, 46.982866398623905], [-53.92490640560136, 46.98277710730796], [-53.92487801503914, 46.982684302261646], [-53.9248994344187, 46.98266480185037], [-53.92492510523674, 46.98264151569076], [-53.92492289564531, 46.98249519097594], [-53.92484779176426, 46.98235590733248], [-53.92448891951918, 46.98210379459081], [-53.92436690931323, 46.98191800253495], [-53.92430490870579, 46.98175199448825], [-53.924048087531126, 46.981362690170855], [-53.9239349153788, 46.980902206597705], [-53.92359519262991, 46.98038058647152], [-53.923101099526, 46.98001410229213], [-53.92290203675705, 46.97982961993561], [-53.9228021996274, 46.97973709761456], [-53.92247779027592, 46.97929048762532], [-53.92218170704071, 46.978981388679045], [-53.92181421632726, 46.978959400228035], [-53.92160029898696, 46.979005399484144], [-53.92168049670692, 46.97916970434074], [-53.92167998293812, 46.979198396330574], [-53.921469992355306, 46.978976662047124], [-53.92121750871026, 46.97886390157889], [-53.921009313143955, 46.978756504395335], [-53.92091070922814, 46.97863860828758], [-53.92080920328218, 46.97859740578669], [-53.92045433414623, 46.97852304478932], [-53.91993391089922, 46.97841400249551], [-53.919579802413026, 46.97827599639715], [-53.91943942124326, 46.978181196559376], [-53.91938510264262, 46.97805270090287], [-53.91945720675766, 46.9779608476171], [-53.919547396194154, 46.97784600482129], [-53.91954799358409, 46.9776676111359], [-53.91944941701484, 46.97754969292552], [-53.91930890420433, 46.977454892386696], [-53.91901728326118, 46.97734910002917], [-53.91848589146815, 46.97725370722979], [-53.918079608289716, 46.9771334933165], [-53.91735421147855, 46.97659169722125], [-53.91722429175628, 46.97645769296558], [-53.917224600143214, 46.97636851433075], [-53.91692038743016, 46.976155702728086], [-53.916597404486716, 46.9760783913595], [-53.91611789009729, 46.976054388971235], [-53.91596400417815, 46.97607559116043], [-53.91571380119819, 46.97616068848032], [-53.91570159545109, 46.97615393561472], [-53.9142058333492, 46.9756964342915], [-53.91420607821727, 46.97562660442117], [-53.91412050122098, 46.97548199399626], [-53.91359020387698, 46.97507429096583], [-53.913395682558296, 46.974806308361586], [-53.913274597852556, 46.974397608930836], [-53.91267309049236, 46.97350630454821], [-53.91267860708729, 46.97344200662573], [-53.91226288641757, 46.97304879496636], [-53.911365896636, 46.972440695152734], [-53.911192603727564, 46.972219699700666], [-53.911189392573256, 46.97221558741114], [-53.911186739503705, 46.97220982424269], [-53.91102140990923, 46.971849590358936], [-53.91106810105915, 46.97116991248335], [-53.91086711522768, 46.97055220323208], [-53.91044300880912, 46.97034450490147], [-53.90933158805925, 46.96991620125941], [-53.90913554670594, 46.969871805204995], [-53.90852170246866, 46.96973278368375], [-53.908342284776104, 46.969629097312556], [-53.90758507969346, 46.96929409909922], [-53.90719969578284, 46.96918459159114], [-53.90696820940012, 46.96902824219689], [-53.906778577618226, 46.96890020187654], [-53.90611470719955, 46.96870279039794], [-53.905723598459694, 46.9687467144186], [-53.905655279674484, 46.968775271886955], [-53.90520928457137, 46.968961695651565], [-53.90497191902188, 46.96902899626317], [-53.9048597819918, 46.96902709603232], [-53.90477129227845, 46.969003685587886], [-53.90455569206542, 46.96881419396052], [-53.90420958760021, 46.96866910615826], [-53.90377718478996, 46.968602295068386], [-53.90371189122985, 46.96864680334358], [-53.90362351434387, 46.968578793049076], [-53.902855591280534, 46.96832770966984], [-53.90260358662481, 46.968141704602665], [-53.90203510235599, 46.96754660887791], [-53.90190034904398, 46.96732352960217], [-53.90148597830532, 46.96663750479857], [-53.90136400535066, 46.96585940828564], [-53.90073409778538, 46.964964384230356], [-53.90046909551175, 46.96476048264477], [-53.89998270026384, 46.96452060038102], [-53.8993217358444, 46.96428032257198], [-53.899178604561904, 46.964228304674336], [-53.89850510222721, 46.96384708690941], [-53.89815431127043, 46.963587693630856], [-53.89809405129854, 46.96351558863524], [-53.89800651421716, 46.963410792204506], [-53.898008164631, 46.96336659962433], [-53.89801228433087, 46.96325739413068], [-53.897972453888706, 46.96321658141441], [-53.89768270054554, 46.96291960663372], [-53.89725739659204, 46.96238720224332], [-53.89655859904266, 46.96183640264766], [-53.8963249839467, 46.96160399812934], [-53.89626332061722, 46.96139339552128], [-53.89625889893339, 46.96119001521147], [-53.896411702749546, 46.96075499512459], [-53.896407895422726, 46.96041778975932], [-53.89626789215526, 46.96023368991344], [-53.8960002049415, 46.96006200424399], [-53.89511020032873, 46.95975880193069], [-53.89481385085, 46.95956412554453], [-53.89471260154546, 46.95949759221678], [-53.89465705485488, 46.95928668863227], [-53.89454568700989, 46.958863890573014], [-53.894546178292906, 46.958743071903925], [-53.89454678309593, 46.958596297002764], [-53.89458372256645, 46.95850359655971], [-53.89476918573939, 46.95836479448852], [-53.8948977955526, 46.9581296117864], [-53.895205985995794, 46.957953504765115], [-53.89520109621536, 46.957883895764695], [-53.8951025060048, 46.95776599601094], [-53.89493099696751, 46.95765508435442], [-53.894530308464574, 46.957515201133006], [-53.893920905497964, 46.95744618990653], [-53.893423106315765, 46.95746849972273], [-53.893251378485935, 46.9574021034165], [-53.89272021391384, 46.95730659904036], [-53.89142602217732, 46.95711860057861], [-53.891327466598156, 46.95708893784659], [-53.89075200353753, 46.95691569477834], [-53.89046081660621, 46.956765303658585], [-53.89022169394369, 46.95659710996485], [-53.889970092683015, 46.95632190101533], [-53.88986392231934, 46.9561664986804], [-53.88965761274335, 46.95565759944622], [-53.88942478807594, 46.95524680668974], [-53.88936165953374, 46.954850689324054], [-53.88935879922306, 46.95483280872827], [-53.88918289761918, 46.954518498486216], [-53.88901429211572, 46.954330792987065], [-53.888673912742995, 46.954121491996354], [-53.88802599312735, 46.953909703995556], [-53.88772389140434, 46.9538876845713], [-53.88757080909853, 46.953730405594285], [-53.887654581669025, 46.95363959892232], [-53.88787639638912, 46.95354189717207], [-53.88785840447459, 46.953499005071855], [-53.8876527914742, 46.953448710170335], [-53.88724080797019, 46.95352638824851], [-53.8870805872514, 46.953502493975904], [-53.88705170821289, 46.95347256157067], [-53.88654373706986, 46.953314382990044], [-53.88635777613889, 46.95330485316386], [-53.88604649285523, 46.953143997355646], [-53.88538770990957, 46.95306069007943], [-53.88386389607626, 46.952977304082665], [-53.8835957010527, 46.95293931050558], [-53.883384989757914, 46.95286400746549], [-53.88260908053447, 46.952753600501985], [-53.88252299827281, 46.95278730069535], [-53.88245268275614, 46.95276220315209], [-53.88176997666205, 46.95278940224684], [-53.88146749336658, 46.95285658881744], [-53.88138561303158, 46.952889409625236], [-53.88117519863304, 46.952973701509805], [-53.88080127933024, 46.953283403233414], [-53.88044087934066, 46.95347710590358], [-53.88010107960291, 46.9537262009361], [-53.87960519638308, 46.95393919905252], [-53.87921419351802, 46.95398300879854], [-53.87894870013095, 46.95391291234916], [-53.8778793082302, 46.95313601186524], [-53.87761639536948, 46.952944995976765], [-53.87691170120981, 46.95263669300841], [-53.87682443129873, 46.9526266248958], [-53.87654968689339, 46.95259489595083], [-53.87646660870052, 46.95255201274906], [-53.87630731372824, 46.95263729661615], [-53.87538420894181, 46.95280840389146], [-53.87382881780279, 46.95339029585012], [-53.87338297765877, 46.95343930148448], [-53.872736806828655, 46.953462899833816], [-53.872585549519464, 46.95342801756175], [-53.87250259372559, 46.95340888955827], [-53.87188769906017, 46.95340398972854], [-53.8713619055921, 46.95328869085655], [-53.87077588855123, 46.95324289195511], [-53.86997099208657, 46.95321790205902], [-53.869832677435426, 46.95326940092506], [-53.86953669829924, 46.95304928783381], [-53.86951627681044, 46.953020047528696], [-53.869495146533986, 46.952989798906515], [-53.86936580595489, 46.95280449478935], [-53.86928091280215, 46.952570602904636], [-53.869298296130424, 46.95242827940878], [-53.869305286498125, 46.95237090494065], [-53.86927198824492, 46.95225308840148], [-53.868952792318524, 46.951965191538555], [-53.868851983989195, 46.95179009433216], [-53.86854411010865, 46.95059991424464], [-53.86830947515635, 46.949821507353995], [-53.868127029561904, 46.94916102525309], [-53.86784227823995, 46.94863039377492], [-53.86760507983541, 46.9484443956514], [-53.86680442963701, 46.94786826543304], [-53.86623755272315, 46.94748158659268], [-53.86549794827971, 46.94720728842301], [-53.86514404266553, 46.94698129251631], [-53.86493238882224, 46.94667500540721], [-53.79236211779276, 46.88657501440528], [-53.813156597599644, 46.821216767683865], [-53.82640715017548, 46.77947415180208], [-53.834326747272485, 46.754068835214156], [-53.83435672501444, 46.753972722827505], [-53.83439677365385, 46.753994644054465], [-53.83360086415693, 46.75341134155061], [-53.83200129327801, 46.75235989748622], [-53.829552712331385, 46.750351124530034], [-53.82931639726832, 46.750073137880555], [-53.82589909029695, 46.746053150156925], [-53.81853688877232, 46.73683317954555], [-53.812567335782674, 46.72932572078268], [-53.80219356125139, 46.71643484102575], [-53.79182894393109, 46.7033458767707], [-53.7715902079716, 46.67805187284086], [-53.756484964976785, 46.658875464202914], [-53.75149180590595, 46.65600635037057], [-53.75150582306126, 46.656000027055285], [-53.684634839596626, 46.62211830341713], [-53.632459260420156, 46.59561560085622], [-53.49999999780672, 46.61154291732236], [-53.463949015132705, 46.61584307962098], [-53.37970358417523, 46.60665859575837], [-53.32447183626319, 46.6005935434789], [-53.18326817009918, 46.599225200986126], [-53.10944058608875, 46.60011633022665], [-53.091518006901744, 46.60861354132422], [-53.01217567697298, 46.70946090365974], [-53.0059545294747, 46.717347594218296], [-53.00594857606929, 46.717401951524046], [-53.000000005441485, 46.750000002665246], [-52.9942578638444, 46.75172767629323], [-52.994254425269894, 46.75172235155597], [-52.979093283372656, 46.75560867993934], [-52.92432410738144, 46.78721406400481], [-52.87023907248841, 46.81915985384556], [-52.83039381996505, 46.842420394830214], [-52.822843020371174, 46.85199864194399], [-52.785162356939594, 46.8983769345385], [-52.74950565086629, 46.94243106348561], [-52.75012086765767, 46.962242821804416], [-52.75129472024061, 46.9999990346624], [-52.75129481038082, 47.00000173090855], [-52.751491530295546, 47.005491628691885], [-52.75277096428493, 47.041162094836224], [-52.75383277708912, 47.07072597693446], [-52.75375309389258, 47.07716763304948], [-52.75349850390252, 47.09773343586617], [-52.75350686047824, 47.10100253265106], [-52.75357329107338, 47.12696720261202], [-52.753523124530915, 47.14031378271594], [-52.753622710474104, 47.14493708642735], [-52.75346197663099, 47.16180586914827], [-52.753022028677606, 47.207918476290544], [-52.75287998630112, 47.22278634490638], [-52.75272171626793, 47.23934347384156], [-52.75270257619836, 47.239341451889565], [-52.75256199467414, 47.24815651560766], [-52.752532524922756, 47.25000335385458], [-52.75253245682584, 47.250006913684395], [-52.752530736060834, 47.25011423841007], [-52.74151914151646, 47.26171843091978], [-52.7363811296388, 47.26713056624843], [-52.73329829594781, 47.27037716565847], [-52.73265728440733, 47.2709604407316], [-52.7251603675831, 47.27778049091332], [-52.71578142874377, 47.28588933812066], [-52.69767104585323, 47.31517415222886], [-52.62181671010158, 47.43740249118901], [-52.69688421390102, 47.459411492766506], [-52.71502102721653, 47.46149145965129], [-52.71516827528414, 47.461510591909686], [-52.72106798968916, 47.465886906409224], [-52.721947974980935, 47.47648870932756], [-52.72155290169319, 47.47907851773472], [-52.72154604707682, 47.479123402885044], [-52.72143942646809, 47.47991588148756], [-52.721153978107566, 47.48190382027919], [-52.73165520767108, 47.484788951527], [-52.75449939548599, 47.49105995730894], [-52.76483032952331, 47.49389354881688], [-52.76484256680671, 47.49389690300737], [-52.767081101668985, 47.49451069127926], [-52.76720562454327, 47.49426589753817], [-52.76739199887736, 47.492301389933026], [-52.787611962163275, 47.50005582461987], [-52.78854305824855, 47.50041273888672], [-52.78879359831546, 47.500508785725444], [-52.788832510278944, 47.500499410915715], [-52.78883310432322, 47.50049919475642], [-52.79006592700035, 47.500073911694365], [-52.79017178691298, 47.500037399180215], [-52.791755294515426, 47.49946300909304], [-52.792375402046375, 47.49923811146914], [-52.79420891912275, 47.4985584466264], [-52.795771485951285, 47.49797919184739], [-52.79644330383954, 47.497752624533646], [-52.796834793830826, 47.4976205844831], [-52.79763720435718, 47.497401108645235], [-52.79850694608755, 47.49723790751403], [-52.799259993486174, 47.49709659984956], [-52.800371606344385, 47.49698919092872], [-52.80134951736096, 47.49695042644328], [-52.8014987034735, 47.49694449117919], [-52.802655406771045, 47.49698931100378], [-52.803179190400705, 47.49704423999081], [-52.80377470130082, 47.497106687178025], [-52.804575900289706, 47.49723800546232], [-52.80561960705587, 47.49747359406108], [-52.805626110307145, 47.49727549569247], [-52.806722020858814, 47.49748319559189], [-52.80699099751607, 47.49750860935902], [-52.807374780270955, 47.49754490307212], [-52.81013941165876, 47.49762720296129], [-52.81035321140095, 47.49766890344381], [-52.81105290640261, 47.49793679139433], [-52.811282802355876, 47.498059086632416], [-52.81162299668113, 47.4982966983945], [-52.812594622982424, 47.49913619637158], [-52.81300298298426, 47.49942670233207], [-52.81339439263379, 47.499648606730226], [-52.813647601800454, 47.499792213070506], [-52.81377491383724, 47.499864400512756], [-52.814193083312574, 47.50005570493466], [-52.81448290630184, 47.50037510862159], [-52.81467091408194, 47.50043509689098], [-52.81490659048122, 47.50054360293408], [-52.81599318461137, 47.501043995946404], [-52.816845405006084, 47.501498396872236], [-52.817153212434214, 47.50170440303617], [-52.81801437688206, 47.50228080080464], [-52.8185734783644, 47.50270380415498], [-52.81943660065407, 47.503473006460425], [-52.81990796583577, 47.50397755651609], [-52.82173960106573, 47.50593789807503], [-52.823740780153585, 47.508119700853065], [-52.82426421602106, 47.508660298969055], [-52.82491826465772, 47.50924152647637], [-52.824990412356904, 47.50930559239122], [-52.825847195019996, 47.50988590859618], [-52.8265651124686, 47.51028839725877], [-52.82679824527099, 47.51039802955325], [-52.82692218618467, 47.51045628743717], [-52.82701983989396, 47.510502215454224], [-52.82706470642655, 47.51052328892007], [-52.827871983753276, 47.51082539681648], [-52.82871760533545, 47.511081896032174], [-52.82989451603122, 47.51131509267694], [-52.830495310442664, 47.511404498699164], [-52.831706611110185, 47.511484101822774], [-52.832723600527196, 47.511467858512155], [-52.8329410942397, 47.51146439314247], [-52.84014802017657, 47.51094400112171], [-52.841352692947396, 47.51083461146131], [-52.843745502347936, 47.510517212018186], [-52.84614503804203, 47.51013481100859], [-52.84657181217384, 47.51006679977549], [-52.84698110375055, 47.509997195247195], [-52.84727760473502, 47.50996522393802], [-52.84864819278518, 47.50981738607868], [-52.85004129115005, 47.50977689235348], [-52.85144951332611, 47.50979020072833], [-52.853840899914054, 47.509814513581134], [-52.85435919467553, 47.509824109711055], [-52.85465118572499, 47.5098193930833], [-52.854863893251164, 47.50982500077844], [-52.854864489335284, 47.50982500392436], [-52.85514298797647, 47.509829500929754], [-52.85725618881568, 47.50985243834463], [-52.86219919490095, 47.509905883184885], [-52.86312790236412, 47.509915895037224], [-52.864229325646846, 47.509888897071114], [-52.86466980166793, 47.509851213741776], [-52.86591070404797, 47.50974470878082], [-52.86728391008156, 47.50951539447296], [-52.868627507346986, 47.50920548988442], [-52.86945309887799, 47.508986049229804], [-52.886123245237705, 47.50455277425108], [-52.886599113953416, 47.50442618823962], [-52.89310890297463, 47.502693913443984], [-52.893990923497206, 47.502481498532106], [-52.89575921396509, 47.5021732042328], [-52.896977206599246, 47.50207210011135], [-52.898490909630745, 47.50206509000271], [-52.89991632019486, 47.502194400547275], [-52.90077088921833, 47.50232418994248], [-52.90160021362346, 47.50249040059303], [-52.90950864131328, 47.50455387959475], [-52.91354231728008, 47.50560605311924], [-52.91606289236496, 47.50625924531693], [-52.91610831992072, 47.506365493622106], [-52.916595179511035, 47.506713001983066], [-52.916663292625636, 47.506828298714034], [-52.91684456657789, 47.50696171303888], [-52.916989506341835, 47.507068406124226], [-52.9170865116861, 47.50728950789055], [-52.9173061980096, 47.507462085421814], [-52.91762898891158, 47.507530496603174], [-52.918043100004326, 47.5078395865286], [-52.918162297194094, 47.50782308472762], [-52.91824910035075, 47.50783489820813], [-52.91864349505233, 47.508088306886826], [-52.91895930926809, 47.50822100186892], [-52.91928431920292, 47.50840380110283], [-52.91918940682999, 47.50850100338614], [-52.91918100341915, 47.50853755244233], [-52.91916847815693, 47.50859189900328], [-52.91924129516721, 47.508732309236514], [-52.91958711634583, 47.50892610194097], [-52.91974777481808, 47.50913550221572], [-52.9195868927123, 47.509231901770434], [-52.91948840731597, 47.50936130433506], [-52.91958091064301, 47.50945539462474], [-52.91986428844942, 47.509616189869725], [-52.92006791651366, 47.50980289776628], [-52.92013151585417, 47.50989309576324], [-52.920277207071294, 47.50997001178537], [-52.92056309855303, 47.5099395911321], [-52.92070189617114, 47.51008071172398], [-52.920659010625414, 47.51010350505832], [-52.92064850900504, 47.51030180902643], [-52.92070859175948, 47.5104242004248], [-52.920968803778194, 47.51066339421012], [-52.92099989769839, 47.510781885487035], [-52.9206953965834, 47.51101780636531], [-52.92068951166444, 47.511139303298805], [-52.920720936094675, 47.51116312180546], [-52.92009526231472, 47.511318598063745], [-52.91877187885358, 47.51165301294377], [-52.91908146709326, 47.51306656587518], [-52.919371635898486, 47.514391369188274], [-52.91937228385187, 47.514394299631384], [-52.91952679869055, 47.51509972357248], [-52.92002897425017, 47.51739210604649], [-52.920213853335504, 47.51892333810394], [-52.92040653232271, 47.519669860876945], [-52.92070965363456, 47.5207964146605], [-52.921259265248295, 47.52196899803024], [-52.92158433404391, 47.522750057755495], [-52.92177096415349, 47.52309590719742], [-52.922273161019106, 47.523539028594335], [-52.922589281445106, 47.52380213179322], [-52.92285232979716, 47.524005305167115], [-52.92326459532144, 47.52426213431559], [-52.92366065328554, 47.52448521616286], [-52.9240293462474, 47.52466059736363], [-52.92440243837595, 47.524794710399604], [-52.92482232256499, 47.524912184237735], [-52.9246343015907, 47.52511713929223], [-52.92423033172773, 47.52550677465228], [-52.92386273175822, 47.52595466731276], [-52.92346808644646, 47.52628862161929], [-52.923217816217495, 47.52673223981463], [-52.923084380782484, 47.52703205916984], [-52.92297141606811, 47.5273743625839], [-52.922933222616194, 47.52787790975837], [-52.92292605648832, 47.528538219488105], [-52.922912200580356, 47.528924953517084], [-52.92288630498844, 47.529136612976934], [-52.92275343719972, 47.529420320803965], [-52.9224994432544, 47.52971193849609], [-52.92205905436037, 47.53004329089664], [-52.92147045394517, 47.53026865181673], [-52.92079469140029, 47.530422488950975], [-52.9200091566784, 47.530573273707255], [-52.91924037855095, 47.53061455329073], [-52.918742256394715, 47.53064347618089], [-52.918672228943976, 47.530647531305306], [-52.91852460225215, 47.53065609776064], [-52.91842291567839, 47.5306620122291], [-52.918416404030054, 47.53066237974748], [-52.91788511820397, 47.53077020700531], [-52.91763044715968, 47.53087576126612], [-52.91737086515176, 47.53109573620015], [-52.91736410883957, 47.531101450519216], [-52.91696192505096, 47.531489224424895], [-52.916703336849054, 47.5317540985311], [-52.91598395902104, 47.53215212797468], [-52.915364216565955, 47.53237630866529], [-52.91496106585168, 47.53248499633479], [-52.91440725111061, 47.53250561310757], [-52.913802469115616, 47.532466481171014], [-52.91344497716884, 47.532375600538636], [-52.913171255000364, 47.532297287803466], [-52.91293475584872, 47.53215198386632], [-52.91238514563076, 47.53190412615568], [-52.9119590296709, 47.5317860797557], [-52.911587531694444, 47.531677596376696], [-52.91137732708672, 47.53161582291857], [-52.91106187151768, 47.5315777424257], [-52.91072220262312, 47.5315007897972], [-52.91009655602933, 47.53127957640984], [-52.90992441307682, 47.53120106652115], [-52.910373939070084, 47.53238956283397], [-52.91048931397332, 47.532912558048686], [-52.91153461204305, 47.53791630387766], [-52.91366663489313, 47.54870695201302], [-52.91429945895409, 47.55335176415633], [-52.91492262824579, 47.55336412612637], [-52.915094320135786, 47.553395383695204], [-52.91574948245124, 47.55351455909802], [-52.91547453394692, 47.55570476137171], [-52.91694917871697, 47.55534918818782], [-52.9178201089878, 47.554221766536735], [-52.918151154836615, 47.552331677025194], [-52.91855427514457, 47.549137282253525], [-52.92041887430933, 47.546557886092145], [-52.923705858226164, 47.54418228301803], [-52.92763660302793, 47.54231032337104], [-52.93067804502434, 47.54163105378128], [-52.93321743817549, 47.54133485583146], [-52.93426678486049, 47.54121046723657], [-52.9382697705948, 47.54184954340668], [-52.94024945253182, 47.54128992553137], [-52.94366475987018, 47.5394615390101], [-52.94470365101246, 47.53890530459421], [-52.94658091252534, 47.53775198460964], [-52.946950430590455, 47.537524950342124], [-52.946959606850534, 47.537524723149936], [-52.9478634750549, 47.53750273379172], [-52.95137673636934, 47.53741712332152], [-52.955397159591804, 47.53680044134601], [-52.958178937476, 47.535559869703704], [-52.959297861447126, 47.53506082567307], [-52.96158357192842, 47.53330419748573], [-52.96283400894298, 47.53177867939852], [-52.96335360256984, 47.53114475578454], [-52.96521783168329, 47.528556422715816], [-52.968426330009855, 47.526132991062234], [-52.97045254436593, 47.52496383168922], [-52.97954872494815, 47.519718273913895], [-52.98086598389785, 47.51895846358059], [-52.99999999600405, 47.52462199934153], [-53.03173529289301, 47.53400381816985], [-53.03580030693544, 47.535204510195186], [-53.04273572451588, 47.54153521953717], [-53.106226994774175, 47.59938775247444], [-53.0869202630425, 47.62625140104534], [-53.08380656643402, 47.63117050232095], [-53.073738514793504, 47.664681000107926], [-53.07371277249855, 47.66468665356055], [-53.07370226703122, 47.664726440059475], [-53.070060234916625, 47.66929621512356], [-53.04015477387852, 47.70678035022481], [-53.018102430153775, 47.73437685618971], [-53.00972004431017, 47.74485679127812], [-52.972251927729715, 47.79163443739909], [-52.962939573759975, 47.80324379649443], [-52.96196566346914, 47.804457532170716]]]}, "properties": {"FED_NUM": 10001, "ED_NAMEE": "Avalon", "ED_NAMEF": "Avalon", "REPORDER": "2023", "SHAPE_Leng": 422619.235867, "SHAPE_Area": 8020017126.44}}]}