{"type": "FeatureCollection", "features": [{"type": "Feature", "id": 19, "geometry": {"type": "Polygon", "coordinates": [[[-135.07353780759965, 60.77861293405844], [-135.07374256509883, 60.77896684578537], [-135.07403844828335, 60.7793619020656], [-135.0745462285626, 60.78019664257723], [-135.07500468374147, 60.780788932125844], [-135.07594798531343, 60.78158635909035], [-135.07754658794087, 60.782528240453935], [-135.07946163722497, 60.78340651657202], [-135.08020026481137, 60.78385000959099], [-135.08070775426643, 60.7843267478269], [-135.08072968656504, 60.784942042486215], [-135.08077962275502, 60.78554245953423], [-135.0805647854116, 60.78669706205878], [-135.08094397390005, 60.78810233076408], [-135.08165157697437, 60.789600942594696], [-135.08207664776197, 60.79050580560517], [-135.08262288669488, 60.791465332718346], [-135.08359500045577, 60.792287918478706], [-135.0846693285162, 60.79293720493207], [-135.08567480926988, 60.79345941893808], [-135.0870859716698, 60.79360247242629], [-135.08830351143632, 60.7935210474866], [-135.0903602465444, 60.793365735155376], [-135.0921889088931, 60.79327204152912], [-135.09270968480018, 60.79320763998548], [-135.09165150020885, 60.78132964172202], [-135.09162315197483, 60.77826385171103], [-135.096424914276, 60.778137145055034], [-135.09646499265259, 60.77846048190125], [-135.0984238069421, 60.778402414327566], [-135.09881578349302, 60.778391667652606], [-135.09873881620925, 60.77790797023446], [-135.09872306240027, 60.77780896641162], [-135.0987141261335, 60.77775280679851], [-135.09882084906852, 60.777749798093865], [-135.09895217547302, 60.77774609635067], [-135.10018755897795, 60.77770725675458], [-135.1004464847825, 60.7777001724847], [-135.10112671084616, 60.77768155911737], [-135.1011813080427, 60.77768006309103], [-135.10231579589876, 60.777648977150136], [-135.10269050268786, 60.777638707948036], [-135.1034174913773, 60.77761540998997], [-135.1038670186159, 60.77760100119972], [-135.1073001198016, 60.777490910111965], [-135.10825699647302, 60.77746020942481], [-135.10844376516846, 60.7774542159778], [-135.11047798053065, 60.77740394882055], [-135.11089820008485, 60.77740013869273], [-135.11089753248854, 60.7773935769662], [-135.11089735284327, 60.777391812281934], [-135.11271832551643, 60.77734368993038], [-135.11423676665711, 60.77729959267633], [-135.1146151660998, 60.77728860105089], [-135.11477827740433, 60.77727935833553], [-135.1149843063052, 60.77727519380221], [-135.11510575002708, 60.77727571182697], [-135.1152771710971, 60.77729305896142], [-135.1159368144115, 60.77741351763502], [-135.11677249070118, 60.77756783651052], [-135.11762015039207, 60.7777243619034], [-135.11797812512756, 60.777794422384815], [-135.11804678500056, 60.77781681843004], [-135.11811494609833, 60.777833278601236], [-135.11819672805325, 60.77786730266923], [-135.1182974390298, 60.77790986247802], [-135.11835573375703, 60.777953281613264], [-135.11843976991264, 60.778014018407966], [-135.11848569419064, 60.77805471400341], [-135.11853993165946, 60.77812200071027], [-135.11858205076734, 60.77818953268655], [-135.11860624069627, 60.77826040052827], [-135.11866899738524, 60.7787883656813], [-135.1187517384885, 60.77926538113104], [-135.12142321562374, 60.77919938477879], [-135.12384201587872, 60.77731730363554], [-135.1251957695339, 60.776263821250964], [-135.12481606958872, 60.77629959656983], [-135.1243938466336, 60.776317872330786], [-135.1239165053937, 60.77630939582106], [-135.12342050100114, 60.77625598660847], [-135.1228693409806, 60.77616665520806], [-135.1222998070974, 60.776068344421375], [-135.1220960811387, 60.77602042222157], [-135.12173019123006, 60.77593425280391], [-135.12157087047697, 60.77588149761546], [-135.12127901233202, 60.7757848735113], [-135.1197930712377, 60.77529284019553], [-135.11974834007623, 60.775260752071894], [-135.11213374071636, 60.769797207850466], [-135.10927547002547, 60.767745752003236], [-135.10739608106476, 60.76818603038805], [-135.10681015919974, 60.768294501269715], [-135.10679551395796, 60.76829721207346], [-135.10568657558647, 60.76850249914768], [-135.10548890887637, 60.76839006088011], [-135.10544449865546, 60.7682185283652], [-135.10602134135303, 60.76701692274534], [-135.10608413467912, 60.76685733322086], [-135.10615168194312, 60.766614889739124], [-135.10616325175857, 60.766492356091284], [-135.10514694861578, 60.76340565633232], [-135.10494394942233, 60.76309155667399], [-135.10466754916274, 60.76280445699992], [-135.10429984938733, 60.76255335678907], [-135.10387684880365, 60.76232025697439], [-135.10336244749124, 60.762123156388725], [-135.1028115476587, 60.761979957244634], [-135.10224204809109, 60.7618636569638], [-135.10167314844512, 60.76178325721569], [-135.10125131102689, 60.76177068997447], [-135.10108574840675, 60.761765757100555], [-135.10104856547477, 60.76176834625508], [-135.10061224878487, 60.762253357551714], [-135.10032204738965, 60.76265445750865], [-135.099610249197, 60.76327465746403], [-135.0984423493848, 60.763714457350076], [-135.0977144484039, 60.76408875801038], [-135.0969968496281, 60.7646423573834], [-135.09706217207716, 60.76485094435815], [-135.09708384847, 60.76492015765359], [-135.09746784972825, 60.76553805807895], [-135.09727154974348, 60.76666065776813], [-135.0971106513491, 60.76716415730942], [-135.09655925084886, 60.76757835781394], [-135.0965170426164, 60.76760159102849], [-135.0962638515463, 60.76774095735067], [-135.09614961062422, 60.76809007837676], [-135.08839821228565, 60.76823518838212], [-135.0791202553739, 60.76832596612812], [-135.07910615084148, 60.76832573678745], [-135.07959205613423, 60.76868625545848], [-135.08057824532293, 60.76933733333349], [-135.08166001000205, 60.7700863962166], [-135.08210441313884, 60.7708767188423], [-135.08198142322036, 60.77184962268446], [-135.08154721771416, 60.77258327046864], [-135.08053813971404, 60.773060086703175], [-135.07894617354643, 60.77353424575612], [-135.07716003336498, 60.77412642315886], [-135.0753121093443, 60.77467698982148], [-135.0739734770048, 60.77504614092848], [-135.0733470396197, 60.77557236685101], [-135.07307434016332, 60.77614863696216], [-135.0730484971036, 60.776891250269664], [-135.07309145803583, 60.77776093328354], [-135.07315044670668, 60.778236655933824], [-135.07353780759965, 60.77861293405844]]]}, "properties": {"NAME": "Whistle Bend South"}}, {"type": "Feature", "id": 20, "geometry": {"type": "Polygon", "coordinates": [[[-135.0453031563225, 60.71388262198211], [-135.04516687843787, 60.71400344086739], [-135.04486877084233, 60.7142677255254], [-135.04459841273626, 60.7148724769841], [-135.044715925543, 60.71559802867895], [-135.04484382061844, 60.7160950257811], [-135.04504843737038, 60.71681885935793], [-135.0454306305204, 60.7172252101347], [-135.04569189932437, 60.71743705340702], [-135.04592896325133, 60.717629269676664], [-135.04674213503233, 60.718326827722294], [-135.04725494333948, 60.71880726657704], [-135.04730907035494, 60.718857975698796], [-135.04738215791275, 60.71894248947341], [-135.04761396484471, 60.71921053496896], [-135.04785516490838, 60.719489435488434], [-135.04788585182192, 60.71957839967977], [-135.04804586417055, 60.72004227559392], [-135.04838057593994, 60.72057800208155], [-135.04874550397392, 60.72112740210002], [-135.04929745579173, 60.72147472984881], [-135.04964605265098, 60.721824644012564], [-135.05005057041075, 60.722501705895716], [-135.05043307899845, 60.7232648309962], [-135.0505025481626, 60.72351547087941], [-135.05059831603472, 60.72386098536011], [-135.050682288934, 60.72453010239498], [-135.05084987530753, 60.72515475202522], [-135.05117416998135, 60.72556222881334], [-135.0513474271152, 60.72590132977065], [-135.05182395060774, 60.72639142808466], [-135.05240612514228, 60.72675099074352], [-135.05287683033276, 60.7271698413917], [-135.05304471792223, 60.727410927354306], [-135.05576309698444, 60.72692079349062], [-135.05760861892074, 60.7265624647808], [-135.0595341203196, 60.72617506415803], [-135.06245821949128, 60.72562486388623], [-135.06436391870443, 60.72527386350136], [-135.06547642566076, 60.725067744102944], [-135.06548172039655, 60.72506676327546], [-135.0674973191511, 60.72469766317617], [-135.0689459191087, 60.72444066328998], [-135.07254072242907, 60.72380066809748], [-135.07154320313248, 60.72225370102238], [-135.07130680167657, 60.72188706352108], [-135.07093647210075, 60.72148800407745], [-135.06983812153965, 60.720304379564986], [-135.06907622671272, 60.72009730174167], [-135.06884023418434, 60.72003315859723], [-135.06726658728644, 60.71877509897761], [-135.06566457193793, 60.71792112351679], [-135.06485967161248, 60.7174906719172], [-135.062200182845, 60.71606828664814], [-135.06185125142224, 60.715881652513374], [-135.06076431455483, 60.71547377429888], [-135.05887010342877, 60.71476291549926], [-135.05754594535426, 60.71293400160207], [-135.05697473857273, 60.71137172256156], [-135.05679299082465, 60.710317458310165], [-135.05671509799416, 60.70883126831846], [-135.05646168560892, 60.707694371664246], [-135.0558458691413, 60.7044787565669], [-135.05563758169853, 60.70379808579711], [-135.05531184001796, 60.702905787297944], [-135.05481335192334, 60.701830959558535], [-135.05421149835664, 60.70064970532755], [-135.05276777846558, 60.69875407581025], [-135.04282176358464, 60.69875219474519], [-135.04286105824545, 60.6988570488036], [-135.0429598399193, 60.69935462878199], [-135.04284270718918, 60.69969946988953], [-135.0426141682614, 60.7001035945717], [-135.0425898999108, 60.700517965820886], [-135.04275654059686, 60.70109962128264], [-135.04287451919373, 60.701511408420366], [-135.04304881221913, 60.702221581517676], [-135.04309199664297, 60.70310560290558], [-135.0433139598178, 60.70404318853239], [-135.04332786658662, 60.70410717165684], [-135.04346832824234, 60.70475342206648], [-135.04415131286837, 60.70542180260282], [-135.04479128514862, 60.70605311837865], [-135.0457567114556, 60.70702564147357], [-135.04643746018695, 60.70767798761851], [-135.04726424940876, 60.70842477853493], [-135.04929462518584, 60.70898624313984], [-135.04980402902657, 60.71001425659563], [-135.04950799592734, 60.71055494886198], [-135.04910975928127, 60.71118990624756], [-135.04835213967138, 60.71178997788571], [-135.04785275009098, 60.7120691883332], [-135.0469175258727, 60.71259205641986], [-135.04603443382564, 60.71323428633369], [-135.04564736506555, 60.71357745654952], [-135.0453031563225, 60.71388262198211]]]}, "properties": {"NAME": "Whitehorse Centre"}}, {"type": "Feature", "id": 21, "geometry": {"type": "Polygon", "coordinates": [[[-135.10473191027629, 60.70367355820279], [-135.10512100982035, 60.704065057687686], [-135.10646011014776, 60.70544905782355], [-135.1067120108093, 60.70573305773394], [-135.10692701036757, 60.70602405733114], [-135.1070170113778, 60.70617205743331], [-135.1070940116901, 60.7063210573211], [-135.10721091151666, 60.706615057571476], [-135.10725491246944, 60.706760057819054], [-135.10731401202128, 60.70704605778802], [-135.1073300117224, 60.70718605753824], [-135.10732631176757, 60.70752445749739], [-135.10728311742275, 60.707747683389435], [-135.10726791276142, 60.707826257463594], [-135.10715701327317, 60.70817635717325], [-135.1069193134928, 60.70880175767886], [-135.10620191506814, 60.71061265717153], [-135.10604100870637, 60.7110229785902], [-135.10579301486058, 60.71165535798649], [-135.1057769156524, 60.71169605781755], [-135.10564701477074, 60.71194605722555], [-135.1055994156508, 60.712016557343645], [-135.10556401534978, 60.71206905753998], [-135.10536101534188, 60.71231005796389], [-135.10523911572264, 60.71242705792947], [-135.10510711589075, 60.71254105734726], [-135.10503144341664, 60.7125999487081], [-135.10494565157148, 60.71266555428087], [-135.1049457486282, 60.71266555412038], [-135.1067946020861, 60.712663769014554], [-135.11950700271876, 60.71266369166776], [-135.1196570519864, 60.712663683689385], [-135.13335535081322, 60.71266218373115], [-135.13335534537723, 60.70152259292483], [-135.13335534234915, 60.69746330017372], [-135.11713590572785, 60.697486379771675], [-135.1163950199564, 60.69748702464645], [-135.11592209731305, 60.6974874327795], [-135.11542902506199, 60.697749100629764], [-135.1149774416289, 60.69793559967852], [-135.1137552713623, 60.69844032445834], [-135.11336175013247, 60.698530721190245], [-135.1130948950464, 60.69859201970088], [-135.11309452329286, 60.698592105449414], [-135.11282803898496, 60.6986533185529], [-135.11251303101693, 60.698725675839405], [-135.11234613897412, 60.69876240343877], [-135.11238845281054, 60.69882138102719], [-135.1124640063831, 60.69892675662676], [-135.1125334604467, 60.69910343899357], [-135.11253809493206, 60.69911522552256], [-135.1125381067075, 60.699115256751725], [-135.11252040700083, 60.69931275692524], [-135.11248148913697, 60.6994392804108], [-135.1123574080941, 60.69984265721167], [-135.11162340724752, 60.69978405698274], [-135.11105970726464, 60.69980575694681], [-135.11059890773637, 60.699897957355915], [-135.11001350717206, 60.70009305698372], [-135.1094956073634, 60.70040385763085], [-135.10884507257254, 60.70112938593268], [-135.10884500898794, 60.701129457345644], [-135.1081330832378, 60.70184818248755], [-135.10813300905954, 60.70184825860953], [-135.10747590922261, 60.702540157380355], [-135.10705580947408, 60.702935457325296], [-135.10667180978848, 60.703142257186286], [-135.10619621023432, 60.703304257685325], [-135.10491480878918, 60.703601558138025], [-135.1047821536494, 60.703653778784634], [-135.10473191027629, 60.70367355820279]]]}, "properties": {"NAME": "Whitehorse West"}}, {"type": "Feature", "id": 1, "geometry": {"type": "Polygon", "coordinates": [[[-135.10126680624091, 60.70010345871881], [-135.10140050701096, 60.70024205877901], [-135.10152970691573, 60.70037605811759], [-135.10165160748224, 60.70050235834824], [-135.10176740680296, 60.700621758878825], [-135.10196720662194, 60.70082845865546], [-135.10204470820597, 60.70091425809723], [-135.10230590668917, 60.70111635851185], [-135.10259980817634, 60.70144855808395], [-135.10389426698575, 60.70279946081436], [-135.10399072583184, 60.70290012021078], [-135.10473191027629, 60.70367355820279], [-135.1047821536494, 60.703653778784634], [-135.10491480878918, 60.703601558138025], [-135.10619621023432, 60.703304257685325], [-135.10667180978848, 60.703142257186286], [-135.10705580947408, 60.702935457325296], [-135.10747590922261, 60.702540157380355], [-135.10813300905954, 60.70184825860953], [-135.1081330832378, 60.70184818248755], [-135.10884500898794, 60.701129457345644], [-135.10884507257254, 60.70112938593268], [-135.1094956073634, 60.70040385763085], [-135.11001350717206, 60.70009305698372], [-135.11059890773637, 60.699897957355915], [-135.11105970726464, 60.69980575694681], [-135.11162340724752, 60.69978405698274], [-135.1123574080941, 60.69984265721167], [-135.11248148913697, 60.6994392804108], [-135.11252040700083, 60.69931275692524], [-135.1125381067075, 60.699115256751725], [-135.11253809493206, 60.69911522552256], [-135.1125334604467, 60.69910343899357], [-135.1124640063831, 60.69892675662676], [-135.11238845281054, 60.69882138102719], [-135.11234613897412, 60.69876240343877], [-135.11251303101693, 60.698725675839405], [-135.11282803898496, 60.6986533185529], [-135.11309452329286, 60.698592105449414], [-135.1130948950464, 60.69859201970088], [-135.11336175013247, 60.698530721190245], [-135.1137552713623, 60.69844032445834], [-135.1149774416289, 60.69793559967852], [-135.11542902506199, 60.697749100629764], [-135.11592209731305, 60.6974874327795], [-135.1163950199564, 60.69748702464645], [-135.11713590572785, 60.697486379771675], [-135.13335534234915, 60.69746330017372], [-135.1333553356939, 60.68971676108796], [-135.13335533478931, 60.68757770003902], [-135.13335533274974, 60.68471197749197], [-135.12493327606413, 60.68471703708271], [-135.0921826308218, 60.68473148801639], [-135.0924170437233, 60.69578430332839], [-135.0924800536297, 60.69875395040397], [-135.09996370482952, 60.698752559178274], [-135.10004430656036, 60.69883805909949], [-135.10012560591036, 60.69892175846549], [-135.1002036818498, 60.69900403388453], [-135.10020370588126, 60.6990040585741], [-135.10028490657305, 60.69908715835253], [-135.10028493067958, 60.69908718393965], [-135.10036590629986, 60.69917095890737], [-135.10044560577495, 60.69925485844137], [-135.10052630644412, 60.699338158748446], [-135.1006832054976, 60.6994994582543], [-135.10083250678613, 60.69965455880971], [-135.10092272381308, 60.69974734190954], [-135.1009837066678, 60.69981005876721], [-135.10112840581192, 60.69995995894503], [-135.10126680624091, 60.70010345871881]]]}, "properties": {"NAME": "Copperbelt North"}}, {"type": "Feature", "id": 2, "geometry": {"type": "Polygon", "coordinates": [[[-135.05276777846558, 60.69875407581025], [-135.0919711862632, 60.69875402972226], [-135.0924800536297, 60.69875395040397], [-135.0924170437233, 60.69578430332839], [-135.0921826308218, 60.68473148801639], [-135.12493327606413, 60.68471703708271], [-135.13335533274974, 60.68471197749197], [-135.1333268245883, 60.65060790283025], [-135.13338536345117, 60.61590347272149], [-135.13123151951555, 60.61441901472542], [-135.1292470332772, 60.61305070151508], [-135.10713521921258, 60.59779790293631], [-135.09364013333862, 60.58847961608914], [-135.0501253654103, 60.55838460254487], [-134.92842904157104, 60.57839565066976], [-134.92826976781075, 60.578421748191175], [-134.92705901567822, 60.578620126144585], [-134.92606340093943, 60.578783243406455], [-134.89440331016752, 60.58396538671914], [-134.89395825075795, 60.587407490651735], [-134.89254483640372, 60.59833374468044], [-134.89239424262612, 60.599503426452515], [-134.89233845522503, 60.59993671364279], [-134.8923383001431, 60.5999367138303], [-134.8923307399113, 60.599995386881936], [-134.892288597688, 60.60032243157612], [-134.8902508431203, 60.61612839892709], [-134.88910707830834, 60.62499292666019], [-134.88900052095093, 60.625818314543544], [-134.88980751043863, 60.62595175329966], [-134.89067677294, 60.62606596008172], [-134.89164519083008, 60.62617831889574], [-134.89320102455915, 60.6261819903168], [-134.8947786672172, 60.626038595111886], [-134.8963587967112, 60.62592772126509], [-134.89815471768964, 60.626040918018404], [-134.89978290230056, 60.626124628879424], [-134.90129267206106, 60.62638975831864], [-134.9030476042473, 60.626829523260405], [-134.90387465899963, 60.627254008802325], [-134.90490506113295, 60.627739864394826], [-134.90589114924978, 60.62807989752007], [-134.90712786333404, 60.62823600802751], [-134.90865742012525, 60.627897820259086], [-134.91017563058773, 60.62741318278329], [-134.91123486484182, 60.62698600596313], [-134.91198564321357, 60.62644630737369], [-134.9133116332978, 60.62609794896992], [-134.91500704389728, 60.626028093240656], [-134.91597642955807, 60.626066992152644], [-134.916988831756, 60.626162165450914], [-134.9178957542305, 60.626392521884334], [-134.91902986432035, 60.626561512740906], [-134.9198982131881, 60.62679257942744], [-134.92050227084783, 60.627104729706346], [-134.92083024105307, 60.62734595005301], [-134.92087005519454, 60.62785900646214], [-134.92067088886077, 60.628281407952414], [-134.92009454208892, 60.62882507847555], [-134.9194439160553, 60.62940820082463], [-134.91869071557323, 60.63016451437791], [-134.91800143024332, 60.63074835373931], [-134.91747537892698, 60.63144330152698], [-134.91760886884197, 60.63166915171166], [-134.91783282864097, 60.6320645696385], [-134.91849620413092, 60.63264203050415], [-134.91940185017634, 60.63285337137232], [-134.92056448836104, 60.63288860796098], [-134.92148368446908, 60.632776175715385], [-134.92276680239436, 60.63237144296637], [-134.92406929554946, 60.63171894420337], [-134.92536434672286, 60.630971422424444], [-134.926580650931, 60.63020634085942], [-134.92774350149634, 60.629251954556615], [-134.92860043024564, 60.62834138730067], [-134.92942462922844, 60.62750754902322], [-134.9301761372154, 60.62623738734003], [-134.9306346578843, 60.62533154601749], [-134.93085100488895, 60.624542473631436], [-134.93103479671086, 60.62411082709185], [-134.9312659016674, 60.62366639177725], [-134.93153269112003, 60.62336995478531], [-134.9318621218454, 60.62294744832136], [-134.93224166317216, 60.62239316291797], [-134.93258771845603, 60.622029213435376], [-134.93282853015768, 60.62155485635029], [-134.9329264675237, 60.62110698660756], [-134.9329807692046, 60.62087403076565], [-134.93294326517926, 60.62039303993962], [-134.93293127200405, 60.61992940662623], [-134.93292714823477, 60.619566722745745], [-134.93305148946675, 60.61930270764961], [-134.93343511300316, 60.61895647956532], [-134.9338646499159, 60.61857964702535], [-134.9347464064681, 60.6179623263844], [-134.93535539417957, 60.6177188725254], [-134.93604506920846, 60.61758093345279], [-134.9367750858141, 60.61749574798902], [-134.93965989232865, 60.61747677179145], [-134.94119551944428, 60.61750117227714], [-134.9419515198065, 60.61759387432921], [-134.94289351883603, 60.617748457486385], [-134.94375809144913, 60.617993709780585], [-134.94446405061257, 60.618218180977514], [-134.9448741279697, 60.61851963351639], [-134.94512837464393, 60.618835939415355], [-134.94528568842847, 60.61914813930142], [-134.94543001459493, 60.619448692859756], [-134.94560875381313, 60.61972599329649], [-134.94625311447624, 60.62008840533583], [-134.9468743023204, 60.62046314950451], [-134.94765414736906, 60.62085866102094], [-134.94871838407389, 60.621337961951376], [-134.94970143308902, 60.62170580766845], [-134.95062327071557, 60.62206291790563], [-134.95172930291844, 60.6224581418363], [-134.95287938822287, 60.622952425967554], [-134.9535341749646, 60.6234454375177], [-134.9542622818816, 60.62394894246949], [-134.95496947247076, 60.62433985030763], [-134.95592678903682, 60.624838974302584], [-134.956698070835, 60.625276225177934], [-134.95748998735252, 60.62566847583967], [-134.9585507953603, 60.62610018819227], [-134.95937683766695, 60.626465014272625], [-134.96019306350055, 60.626705137009914], [-134.96077766400967, 60.62676532627906], [-134.96138029821697, 60.62674785814387], [-134.96188596792098, 60.62672629343963], [-134.96250944527378, 60.62666679267872], [-134.9632197000361, 60.62663536235695], [-134.96394623339881, 60.6266571390134], [-134.96472664863006, 60.62674924448895], [-134.96558131529525, 60.62686371073618], [-134.96657665578306, 60.62707657466973], [-134.96778260877028, 60.62735556889175], [-134.96867599653893, 60.627653629993574], [-134.96906277701686, 60.62796140205098], [-134.96906262192473, 60.62826470208002], [-134.9689112905251, 60.62864226424059], [-134.96872909250567, 60.62924045708572], [-134.96864370731686, 60.629688118165845], [-134.96865294510724, 60.630110176023976], [-134.96874474920062, 60.63050686285266], [-134.96892695493275, 60.630824505007666], [-134.9691490045873, 60.63103493219435], [-134.969626389805, 60.631418275273795], [-134.96989980258002, 60.6319720460747], [-134.97007717899078, 60.63253360414215], [-134.97034465833295, 60.63316479719845], [-134.97067371697105, 60.63365802755303], [-134.97110939499902, 60.634124233820465], [-134.97141135470014, 60.6344276798091], [-134.97194178578863, 60.63486946561128], [-134.97243650819314, 60.635317882265134], [-134.97318055777623, 60.63586260641553], [-134.9738674234151, 60.63629543332803], [-134.97461963255336, 60.63663779669687], [-134.9751977533825, 60.636918085486194], [-134.9757377045026, 60.63717412873775], [-134.97691596593577, 60.637859156990565], [-134.97793316745813, 60.63849375197405], [-134.97881558061894, 60.63895252443307], [-134.97965284937078, 60.63929916956103], [-134.98049889792816, 60.63960401096434], [-134.98136389911642, 60.63984306589066], [-134.98217875340927, 60.64005929339959], [-134.98259058224878, 60.64022262685948], [-134.98308295048957, 60.64048669459925], [-134.98353226072857, 60.64081700685114], [-134.98390467664328, 60.641243951385874], [-134.9843627548909, 60.6418357580748], [-134.98484877174397, 60.64247459886194], [-134.98520111246057, 60.642952475767714], [-134.98550779295476, 60.64346394161523], [-134.98598107720716, 60.64394245631317], [-134.9865097517388, 60.64450910403421], [-134.9870029610066, 60.64523700142714], [-134.9874007155084, 60.64582877105435], [-134.98759457176968, 60.6462888880699], [-134.9877806279006, 60.64680267727045], [-134.98802441925443, 60.64713099584175], [-134.98844452437496, 60.647396438702366], [-134.98900688692675, 60.64777807091318], [-134.9897763763862, 60.648331131111355], [-134.99033829770553, 60.64870681896245], [-134.99095183515325, 60.6491231346372], [-134.9915341309175, 60.64945084794291], [-134.991984609152, 60.64979300238146], [-134.99248812797256, 60.6501935982589], [-134.9929136309207, 60.65052552856374], [-134.99333647516795, 60.65097525783615], [-134.99377777257206, 60.65137961892509], [-134.9938322338489, 60.6514295206494], [-134.99439406873933, 60.65195386592346], [-134.9949285473289, 60.65243829890658], [-134.99513671729792, 60.65277324114757], [-134.99522464684657, 60.65311645907299], [-134.99535658777558, 60.653405301726295], [-134.99547265679408, 60.65364687709808], [-134.9957108753498, 60.65390392625483], [-134.99600071905618, 60.6542016029918], [-134.99638125679007, 60.654574832659854], [-134.99684209842076, 60.65519567855159], [-134.9971497458761, 60.65556437114784], [-134.9976604392634, 60.65575072029534], [-134.99831696928408, 60.6559461325766], [-134.9986765339742, 60.65620796013813], [-134.99924156151295, 60.65661923187714], [-134.99975021395284, 60.65693049696316], [-135.00021455723942, 60.65714152282716], [-135.00080552139903, 60.657272779836255], [-135.00151293929656, 60.65734825175063], [-135.00210296122518, 60.65746762763079], [-135.00283500876404, 60.65754856142122], [-135.00331843310326, 60.657545116991336], [-135.00384633672283, 60.6574932319139], [-135.0045901309306, 60.65741930755498], [-135.00513010098516, 60.65736718258898], [-135.00620321755383, 60.65732847402946], [-135.0068895003593, 60.6572913366735], [-135.00746855357585, 60.657274122398725], [-135.0082557232926, 60.65728853639564], [-135.00888928334487, 60.657347564919775], [-135.0095112496477, 60.65741276345788], [-135.00988397771417, 60.657536336076895], [-135.01029914792343, 60.657736391091305], [-135.0105380665168, 60.65785008068505], [-135.01127003416897, 60.65807964108104], [-135.01188473329844, 60.65820443944334], [-135.01253135089004, 60.65827508964943], [-135.0130886642542, 60.658288009921606], [-135.01371698526006, 60.65828170072028], [-135.01445205571898, 60.65824951803829], [-135.01527451496065, 60.65825130737028], [-135.01567678746036, 60.65829103017665], [-135.01604475649467, 60.65835520898004], [-135.01648708745643, 60.65844172288088], [-135.01696516534662, 60.658521589760824], [-135.01757989408435, 60.65864636003913], [-135.01804830206552, 60.65875614667956], [-135.01891700208384, 60.65903056964388], [-135.01948249254377, 60.65914439987472], [-135.0199219651517, 60.659195276111156], [-135.02030929945337, 60.65919959479567], [-135.02075364271354, 60.659161168605856], [-135.02114632632785, 60.65908212304841], [-135.02171819585885, 60.658975782311195], [-135.02239386522078, 60.658956610722235], [-135.02307626238132, 60.65902056193877], [-135.02391658812547, 60.659093310187465], [-135.02483754180713, 60.65926557162669], [-135.0255566123467, 60.65948341215006], [-135.0262380236188, 60.659684145979355], [-135.02736327489214, 60.65998916528897], [-135.0277322173607, 60.66021386147575], [-135.0278052095817, 60.66036823999615], [-135.02792833086846, 60.660544234075715], [-135.0281253478461, 60.66073661945787], [-135.02826681078122, 60.6609895633038], [-135.02842179714767, 60.661260083624974], [-135.02863956870277, 60.66155910574702], [-135.02884527044208, 60.66185836521874], [-135.02904880734698, 60.66213090429138], [-135.02932214992364, 60.66236936586565], [-135.0295713442558, 60.66260829996025], [-135.02975146486222, 60.6628902189413], [-135.0299808548772, 60.663183064190484], [-135.0302377756213, 60.66351699706589], [-135.03044157304038, 60.66379250283335], [-135.03046566876452, 60.66423805076872], [-135.03049144762232, 60.664704380572786], [-135.03041748269465, 60.66513401315938], [-135.03038169439742, 60.66543801057366], [-135.03030871056134, 60.66573084345982], [-135.03028401165943, 60.66617140186327], [-135.03023371174854, 60.66659462157908], [-135.0302597301819, 60.667063918550454], [-135.03030978744837, 60.667680228118556], [-135.03045371106327, 60.66796285473045], [-135.03070247831988, 60.668195848045826], [-135.0310536582597, 60.66849819294089], [-135.0313386494107, 60.6688791469538], [-135.03156282190426, 60.6692856772596], [-135.0318352552441, 60.66977986786575], [-135.0317308180355, 60.67063827502055], [-135.03134918083438, 60.67201593679178], [-135.03053385020888, 60.67305956690601], [-135.02976302502387, 60.67465180796358], [-135.02935926495087, 60.6757587110611], [-135.02920485209987, 60.676717995580965], [-135.02919315349197, 60.67728912397307], [-135.02955364395416, 60.6785094817785], [-135.02975875965006, 60.67960443502486], [-135.0299787630234, 60.68052497083955], [-135.0298021809291, 60.682283938640474], [-135.02958152611984, 60.68385822555736], [-135.02926226826287, 60.685291720427095], [-135.0288437483775, 60.686934104889914], [-135.02871942622636, 60.68790705662455], [-135.02922505131536, 60.6891245571612], [-135.03041065900862, 60.69012890668825], [-135.03217650203277, 60.69112185527191], [-135.0341826477483, 60.69185316136192], [-135.03632580381768, 60.69248183734111], [-135.0380977361382, 60.69318914509869], [-135.03930983949368, 60.69380040781207], [-135.04003288352624, 60.694471241717245], [-135.0407222949211, 60.69508564601462], [-135.04132586037383, 60.6957160090128], [-135.041619546387, 60.696109846549476], [-135.04182504094408, 60.696491148665], [-135.04203519415887, 60.696929447378125], [-135.04219337961482, 60.697442984967175], [-135.04260090924106, 60.69816283798466], [-135.04282176358464, 60.69875219474519], [-135.05276777846558, 60.69875407581025]]]}, "properties": {"NAME": "Copperbelt South"}}, {"type": "Feature", "id": 3, "geometry": {"type": "Polygon", "coordinates": [[[-136.00002713806404, 66.50000368466294], [-138.00002726114454, 66.5000033904566], [-138.00002675150412, 66.0000034026107], [-141.00002299595158, 66.00000291946992], [-141.00002696445372, 66.00000288104646], [-141.0000256539737, 64.68463034319119], [-141.00002565263665, 64.68318021947405], [-141.00002565253695, 64.68308034352081], [-141.00002398300919, 62.75000302874195], [-140.12479906892045, 62.756716857339484], [-140.05999875190017, 62.756993972423466], [-140.05342324721406, 62.75702039806717], [-140.0474270164815, 62.75704422389893], [-140.04689501371192, 62.75704632509228], [-138.00002379479238, 62.75000349205965], [-137.58335706193859, 62.75000359675306], [-137.5833574446154, 63.22572181176975], [-137.58335810189857, 64.00000355342863], [-137.00002470683188, 64.00000364975176], [-137.00002662505204, 66.00000357890278], [-136.00002652235423, 66.00000375141305], [-136.00002713806404, 66.50000368466294]]]}, "properties": {"NAME": "Klondike"}}, {"type": "Feature", "id": 4, "geometry": {"type": "Polygon", "coordinates": [[[-135.6666889315315, 61.000003960992366], [-136.500022296092, 61.00000385709904], [-136.50002287230478, 61.75000380663849], [-136.50004809302968, 61.750003947825384], [-138.00002300758248, 61.75000356207664], [-138.00002303528592, 61.785724290035276], [-138.000023549001, 62.44554529288888], [-138.0000237476902, 62.692749082286774], [-138.00002379479238, 62.75000349205965], [-140.04689501371192, 62.75704632509228], [-140.0474270164815, 62.75704422389893], [-140.05342324721406, 62.75702039806717], [-140.05999875190017, 62.756993972423466], [-140.12479906892045, 62.756716857339484], [-141.00002398300919, 62.75000302874195], [-141.00002394087147, 62.696365502586524], [-141.00002354937033, 62.20000355860827], [-141.00002294372086, 61.434433859358336], [-141.0000228853103, 61.20000361130061], [-141.00002249894922, 60.80000233122698], [-141.00002241984146, 60.60000173148102], [-141.00002234877422, 60.40000477952563], [-141.00002236662695, 60.29738188973737], [-140.51923298988646, 60.21698703685005], [-140.4564584099982, 60.30446924679241], [-139.98073488651937, 60.18094189613492], [-139.750022144354, 60.304038975802335], [-139.6933203796061, 60.33407917053258], [-139.40750809131873, 60.34151006315152], [-139.07599570122528, 60.350131676585704], [-139.0723641503733, 60.31790493239563], [-139.20043112052412, 60.08843972194384], [-139.13002114217232, 60.044895248208896], [-139.1164112148797, 60.03645970667829], [-139.0563723316822, 60.001811348428056], [-139.05356656365646, 60.00018955952124], [-139.05020241399126, 59.9997051103765], [-139.04496853206024, 59.999732838032244], [-139.0395461566902, 59.99976133466418], [-139.0326111228937, 59.99979744235421], [-139.02777350533373, 59.999822403507984], [-139.02378644973132, 59.9998428361761], [-139.01834471246644, 59.999870520485814], [-139.01333791344913, 59.999895784912844], [-139.00889656310176, 59.99991802962711], [-139.0042860487074, 59.99994095699984], [-138.9971431235349, 59.99997614319801], [-138.99249393892308, 59.99999882779611], [-138.98788340123298, 60.00002115569655], [-138.98264941571765, 60.00004629689195], [-138.975356609104, 60.000080966629504], [-138.95961591666864, 60.00015435984575], [-138.95658560268623, 60.000168264015], [-138.9475819579054, 60.0002091452095], [-138.84110475513162, 60.00064386681637], [-138.83491741701536, 60.000666364696045], [-138.83335521901105, 60.0006719967134], [-138.77433870373136, 60.00087060759014], [-138.61428127270236, 60.00127027497004], [-138.4111433221935, 60.00148510100553], [-138.16657128194225, 60.001309777080365], [-138.00611381995762, 60.0009371728369], [-138.00002285469418, 60.00091900801871], [-138.00002182163135, 60.00091900533704], [-137.94438293766373, 60.000750304660606], [-137.71303079626483, 60.00077464500138], [-137.69101642663492, 60.00080038599357], [-137.59295399581694, 60.000798248879036], [-137.53101982099795, 60.00076929497477], [-137.36330258804028, 60.00077511292031], [-137.34449918196617, 60.00078268556454], [-137.3217489230459, 60.00078832256709], [-137.3128618266027, 60.0007895233189], [-137.26651134890935, 60.000786233592834], [-137.2576998087096, 60.00078389202499], [-137.24737202265777, 60.00078043592094], [-137.24036371131223, 60.00077762610672], [-137.21719639595753, 60.00076575238347], [-137.21026728338782, 60.00076147678269], [-137.03881690628842, 60.00006144480779], [-137.0164044488955, 59.99997161007539], [-136.98443408708343, 59.999850839301715], [-136.9658682824074, 59.99977774700454], [-136.9520644761182, 59.99971596850231], [-136.92926305040135, 59.9996324292461], [-136.9172020094619, 59.99958444316291], [-136.90220519093, 59.999525703425476], [-136.90045926333056, 59.99951876658708], [-136.88239286068307, 59.99945205567402], [-136.87696908060718, 59.99945625339967], [-136.86717170018855, 59.9994632514962], [-136.8544844268785, 59.99947094522132], [-136.8479960592855, 59.999475388983114], [-136.8477014945317, 59.99947584549753], [-136.8465419462253, 59.99947660531582], [-136.84625537051943, 59.99947678546021], [-136.83954019949323, 59.999480960699316], [-136.8127181720436, 59.99949865954514], [-136.62362831666618, 59.999609406168446], [-136.59668435599662, 59.99962790960445], [-136.5783100799658, 59.99964086802783], [-136.55654170998548, 59.99970158854185], [-136.52907117764187, 59.999776561741655], [-136.5096195364098, 59.99983748801712], [-136.4860287751455, 59.9999051979555], [-136.4635117462364, 59.99997019291053], [-136.44705554051177, 60.00002060567685], [-136.42677297332747, 60.00008004535627], [-136.3949805906211, 60.00017117045861], [-136.21203464319282, 60.000209787417994], [-136.17052954092793, 60.00021951608798], [-136.10793690128241, 60.00016781137587], [-136.07942469386936, 60.000066450434836], [-136.01478780318357, 59.99981570310249], [-135.8499121961307, 59.9990299404382], [-135.8178561648417, 59.999103620080966], [-135.7947149595088, 59.999116820672896], [-135.79103573131914, 59.99911853417896], [-135.78856248281485, 59.999119628361434], [-135.7350712038412, 59.99914446205926], [-135.72868802194188, 59.99914591057286], [-135.72576297035278, 59.99914826585134], [-135.6569969195024, 59.99915758528578], [-135.62799767136042, 59.999157300483404], [-135.61292209290104, 59.9991583582977], [-135.605280569682, 59.999159458292446], [-135.60119676803583, 59.99915930709947], [-135.5508539838513, 59.99916600532289], [-135.53805568994994, 59.9991671014061], [-135.5290500112445, 59.99916709411613], [-135.52275826911443, 59.99916670766873], [-135.52271500336275, 59.99916670370261], [-135.5158598805204, 59.99916705236289], [-135.51110084258448, 59.99916747201075], [-135.50482838840887, 59.99916775047635], [-135.50203501584545, 59.99916777403519], [-135.501560289644, 59.999167772327816], [-135.50103498609445, 59.999167767680824], [-135.50007189885474, 59.99916775361139], [-135.49998731086671, 59.99916775225906], [-135.49998763976524, 59.999175767275894], [-135.500021595844, 60.00000401114997], [-135.500021596065, 60.00036884978836], [-135.50002159600433, 60.00099486621143], [-135.50002175546322, 60.25000400528692], [-135.50006846268087, 60.55840649066257], [-135.3114484550812, 60.558406456803965], [-135.31154354755063, 60.71425216425288], [-135.2176975425737, 60.71552480167798], [-135.2341138072898, 60.73653177417816], [-135.50001123184228, 60.736530025607266], [-135.5000220812169, 60.75050299401582], [-135.5025461820926, 60.75198689344349], [-135.50331808245753, 60.75215579302973], [-135.503793483256, 60.75219059287516], [-135.50402448341157, 60.752141493207624], [-135.50526768316504, 60.752093793288765], [-135.50569668245132, 60.751926992726474], [-135.50575728264454, 60.75164079258356], [-135.5055299820699, 60.7514126931038], [-135.50554418143955, 60.750924793231576], [-135.50567748218882, 60.750842092616985], [-135.50599568104232, 60.75077289281731], [-135.50606688170546, 60.75054019274493], [-135.50570758095986, 60.75030249333169], [-135.50568758103785, 60.750102792735504], [-135.50620908208984, 60.750003993148894], [-135.50763688154697, 60.74977649236971], [-135.50801248108408, 60.74965209218746], [-135.50819128137098, 60.74955279276727], [-135.5083528809217, 60.74849439240065], [-135.5082227807954, 60.74834609220045], [-135.50752328061375, 60.747852192650235], [-135.50704327910194, 60.74761219274605], [-135.50599408003976, 60.74729089324851], [-135.50548037976182, 60.747028592990375], [-135.50511367801624, 60.746506192686894], [-135.5050235778062, 60.7459181928066], [-135.50530777842923, 60.745562393215216], [-135.5059122785162, 60.7452631927647], [-135.50669437824376, 60.74522139332466], [-135.50903147950652, 60.74578899234037], [-135.5098263789881, 60.74592649246543], [-135.51037757911195, 60.74593379212087], [-135.51118857969183, 60.745709092237945], [-135.511982378093, 60.74536419244139], [-135.51380407924646, 60.745233291337385], [-135.51404177923888, 60.745250691493204], [-135.514737678724, 60.74544699161995], [-135.51492517916162, 60.745539991988345], [-135.5153020798895, 60.74616219136186], [-135.51558218052628, 60.74639409122342], [-135.51597248013013, 60.74657459115809], [-135.51643257921097, 60.74661489091482], [-135.5168067809274, 60.746582791165096], [-135.51690328103825, 60.746708791113996], [-135.51690818123703, 60.746913890830676], [-135.51679577984666, 60.747414391665835], [-135.5168330805261, 60.74773429079609], [-135.51694688033237, 60.74798049130302], [-135.5171899815873, 60.74815679158165], [-135.51814298177607, 60.74861639077769], [-135.51848178081877, 60.74870059064018], [-135.51917898270108, 60.74880449048752], [-135.51973078093036, 60.74876549040422], [-135.5198494815196, 60.748642090948415], [-135.51973908228322, 60.7484291907029], [-135.51929068225476, 60.74835019091049], [-135.51891098208867, 60.748223290678304], [-135.51868638153488, 60.74807469057958], [-135.51872648175856, 60.74789929130845], [-135.51879568112793, 60.74780519115488], [-135.51911318135765, 60.74778219121129], [-135.51943738187904, 60.74782569106741], [-135.51983108139018, 60.74803949072031], [-135.52005688130293, 60.74809569071121], [-135.52058228092682, 60.748054791060014], [-135.5213623815202, 60.74788729022035], [-135.52169108132065, 60.74787169019931], [-135.52218438171622, 60.74798039047226], [-135.52234488204937, 60.74811769017908], [-135.52225998179125, 60.748263390703826], [-135.52193728138417, 60.748391790396056], [-135.52133538232317, 60.74850629066656], [-135.52137208209095, 60.74887239015137], [-135.52201988264164, 60.749005590070965], [-135.5229064831927, 60.74906389051589], [-135.52343138244592, 60.749069190001194], [-135.52368878237328, 60.74902199000681], [-135.5237928822502, 60.748857789842305], [-135.52409188265568, 60.74880698958357], [-135.5244378822383, 60.748911590248234], [-135.52473478249183, 60.74930988947842], [-135.52503808381442, 60.749510390008744], [-135.52570348253278, 60.74945328968076], [-135.52593498214986, 60.74935798936381], [-135.52665468177807, 60.74890178931054], [-135.52711208329825, 60.748862589088816], [-135.52759358226285, 60.74901008910005], [-135.5280367826304, 60.74919448943489], [-135.52832328345733, 60.749228589299115], [-135.52962158262883, 60.74899968879644], [-135.52990478288217, 60.74900058905944], [-135.5303564826797, 60.749112889236855], [-135.53070138264442, 60.749309889181774], [-135.53084168296968, 60.74955798873747], [-135.5304655839287, 60.74972868867219], [-135.53007008392188, 60.750003989127876], [-135.53006408293658, 60.75011558871105], [-135.53023538420146, 60.750306488594646], [-135.53056118479248, 60.75052188916666], [-135.53082068508246, 60.75060028886349], [-135.53141298505523, 60.750650188985276], [-135.53200368463825, 60.75052808841487], [-135.53188428306058, 60.75012298844417], [-135.5319390839545, 60.75000398911336], [-135.5320304843004, 60.74990908879659], [-135.53224688306335, 60.74981918875841], [-135.53268128433936, 60.74981128856048], [-135.5328806845581, 60.74986548842482], [-135.53299708308808, 60.7500039881759], [-135.53301768360907, 60.75008028825937], [-135.5327657844814, 60.75028648903086], [-135.53271158433873, 60.7506855889303], [-135.53299368482405, 60.750778788599334], [-135.53405348435214, 60.750889288203965], [-135.53442948460568, 60.750718488533444], [-135.53450278388775, 60.75030108810178], [-135.53473498488418, 60.75015948873316], [-135.53542678383164, 60.75010428848023], [-135.5362549853861, 60.75031008812736], [-135.53718528440965, 60.75080078807572], [-135.5375498855109, 60.75093308791861], [-135.53845518484357, 60.75101908797756], [-135.53916098615207, 60.75105078774793], [-135.540164184748, 60.75085968701779], [-135.54070418482652, 60.7508594872086], [-135.54109588532432, 60.75094748736554], [-135.54160608582345, 60.75122258756368], [-135.5424427866531, 60.751356286701565], [-135.54278388567116, 60.75125568717915], [-135.54285258613808, 60.75089728698078], [-135.5433933843321, 60.75022988667072], [-135.54386708447532, 60.75000398652385], [-135.5446030854008, 60.750003986703526], [-135.54485218585748, 60.75013808680535], [-135.5449105856283, 60.75030088642717], [-135.54473528620747, 60.75043348624877], [-135.5443266850634, 60.75048958667138], [-135.5443255851993, 60.750581986922064], [-135.54500268613097, 60.75079648695232], [-135.54569148709194, 60.75159328612838], [-135.5462162870005, 60.75190898597593], [-135.54667138708663, 60.7520544859425], [-135.54759808671105, 60.752247586462836], [-135.548423586728, 60.75268438569084], [-135.54871018692046, 60.752718485948115], [-135.5487708882348, 60.75269648621181], [-135.5487349866166, 60.75254848590056], [-135.5484258871993, 60.75218908571205], [-135.5484640862756, 60.75215218593181], [-135.54892608683988, 60.752053786384955], [-135.54964318774392, 60.75209288625273], [-135.54971448648888, 60.752434985572705], [-135.54955768738088, 60.752595285984505], [-135.54965938744505, 60.752926386122475], [-135.54983588681148, 60.75301198563522], [-135.55023488700263, 60.75312028534571], [-135.55063498854594, 60.75313628591158], [-135.55095138766615, 60.75320558579623], [-135.55148868873346, 60.75343628575679], [-135.55182978806127, 60.75364618584054], [-135.55245818923711, 60.75384388581484], [-135.55308028894888, 60.75392888564787], [-135.55368898914742, 60.753880785259675], [-135.5540986881489, 60.75373228520928], [-135.55434758758025, 60.75344648476007], [-135.5545290877665, 60.75311618506962], [-135.55448018869455, 60.75278888467037], [-135.55420758791143, 60.7522206852765], [-135.55428788724925, 60.7518235851614], [-135.55469868791988, 60.75158268474767], [-135.55497518711525, 60.751516985461166], [-135.555587186895, 60.75150208523571], [-135.55655208793857, 60.75196878511299], [-135.5570820872024, 60.752179084589905], [-135.55752268737226, 60.75228388440687], [-135.5578739887293, 60.75228308499351], [-135.55800318804205, 60.75221318465582], [-135.55833128746062, 60.75193318430813], [-135.5587100870953, 60.75184188447961], [-135.55945748859236, 60.751869884452496], [-135.55963388865155, 60.75164488385146], [-135.55909768794302, 60.75132178462698], [-135.55902018694658, 60.75117738483462], [-135.55927968756708, 60.75094528408649], [-135.55948428715456, 60.75089408476043], [-135.55996198678343, 60.751054384044416], [-135.56057008741587, 60.7513629844654], [-135.5607931883746, 60.75133958390367], [-135.56114268732063, 60.751166884024606], [-135.56138088800725, 60.75113798429307], [-135.56156868746953, 60.75123088371699], [-135.56160468754794, 60.75137888427317], [-135.5617614879607, 60.75152898417121], [-135.56220998763808, 60.75160788351835], [-135.5623346880289, 60.75159718369398], [-135.5627723879219, 60.751311883645926], [-135.56307808793747, 60.75132758357727], [-135.56364688720217, 60.751454884024675], [-135.56387388856, 60.75141848332643], [-135.56409018713435, 60.7513285836768], [-135.56433048702914, 60.75080438336794], [-135.56473068697102, 60.750820283545075], [-135.56491888688686, 60.75086698320903], [-135.56506848824043, 60.75099678386482], [-135.56494278747346, 60.751410483324065], [-135.56493998813298, 60.75164148306558], [-135.5652249877445, 60.75181418306331], [-135.56555718873406, 60.751831683090614], [-135.56577348924102, 60.75174178327529], [-135.56603068812277, 60.75138398356437], [-135.5661868882554, 60.75126978331298], [-135.56664088787505, 60.7511971828767], [-135.56714668761722, 60.75122068326527], [-135.5677941877443, 60.751399983410835], [-135.56808858898788, 60.75140818328699], [-135.56833578920882, 60.75126098333093], [-135.5683716886923, 60.751098483109175], [-135.5682376886707, 60.750606482645445], [-135.56790878725462, 60.75031168267461], [-135.5679935885342, 60.75016598325333], [-135.56831888735272, 60.75011698296972], [-135.56878698717372, 60.75013118259872], [-135.56934118791327, 60.7502177829292], [-135.56956318832457, 60.75028678263123], [-135.57024598764204, 60.75034958264685], [-135.5706703886319, 60.7505522821437], [-135.57096608763868, 60.75077858283658], [-135.57123258763178, 60.75092348249179], [-135.57156078778388, 60.75095388261971], [-135.572305288358, 60.75090238255337], [-135.57285208803557, 60.75096858243944], [-135.57281628898912, 60.751131082102184], [-135.57239988797414, 60.75121318239981], [-135.5717002883402, 60.75129438269369], [-135.5712075890004, 60.75145008267062], [-135.5710356881921, 60.751615982460564], [-135.57106958857858, 60.75194878253851], [-135.5713507895265, 60.7521343824623], [-135.5716226884497, 60.75212768254379], [-135.5720429885363, 60.752032782554814], [-135.57287058985708, 60.75166358186772], [-135.5731064885296, 60.75150898256342], [-135.57368868898618, 60.751458782156604], [-135.57561708883128, 60.75190948153869], [-135.57650448961815, 60.75192118124701], [-135.57694389000184, 60.75180778164064], [-135.57702228891344, 60.75154918176748], [-135.57674098908325, 60.75105318160313], [-135.5769611882023, 60.750950281206634], [-135.57735398961566, 60.750945781054384], [-135.57768168966578, 60.7510224815851], [-135.5779993898387, 60.751309781643904], [-135.578303589995, 60.75146398124582], [-135.57865768921107, 60.75154258124521], [-135.57884308921336, 60.751509780871665], [-135.5789175892614, 60.75126418101709], [-135.57882548867147, 60.75072248149946], [-135.57890688919213, 60.75054338141463], [-135.5794805884513, 60.75056528135424], [-135.57971628854887, 60.75076738087895], [-135.57975238944422, 60.75158248089956], [-135.57998178947892, 60.75167188134406], [-135.580261590141, 60.7516392813547], [-135.58066928993455, 60.75131888055444], [-135.5810714905049, 60.75114988055498], [-135.58142379016897, 60.751056581085535], [-135.58189428964354, 60.75119648103523], [-135.58232579010578, 60.75110888037879], [-135.58253968922776, 60.75089318045472], [-135.58279848990367, 60.75070728063168], [-135.58305588938896, 60.75065988072383], [-135.58338248960146, 60.750828980296], [-135.58351198929762, 60.75106958022527], [-135.5835133890936, 60.751287680861275], [-135.5837270900169, 60.751428680043404], [-135.5845351910494, 60.751434580630644], [-135.5849886902875, 60.75140797998695], [-135.58539999069143, 60.75143128036821], [-135.58556479116052, 60.75155558020092], [-135.5854301901711, 60.751776980469714], [-135.58515378957537, 60.75184277994193], [-135.58487288997392, 60.75196768054873], [-135.58490459070424, 60.75217478042018], [-135.58527289125502, 60.75234028013024], [-135.58561919099296, 60.752444680213735], [-135.58606429049746, 60.75249017991288], [-135.5865515911097, 60.75248598016231], [-135.58663519033277, 60.75243258015626], [-135.58697569042238, 60.752378079710844], [-135.58722829058163, 60.75207928008742], [-135.5874939912293, 60.75195987962766], [-135.587723890414, 60.75200297956958], [-135.5880989913989, 60.75223498016754], [-135.58841539054322, 60.75230417944704], [-135.5887069909879, 60.75223287995404], [-135.58919769142827, 60.75226187991658], [-135.58932919158661, 60.75231767958714], [-135.58912169087023, 60.752646179436546], [-135.58868189088247, 60.752805779219685], [-135.5886015921664, 60.75289237922227], [-135.58881479097099, 60.753079679506165], [-135.58965719232668, 60.75306157989218], [-135.59009259205965, 60.752960979423584], [-135.59067629180066, 60.752772179437386], [-135.5913759916739, 60.75233417943151], [-135.59181429176095, 60.75231307896138], [-135.59211909197964, 60.7524210792686], [-135.59231319137163, 60.752626779098804], [-135.59222069137104, 60.75279837893814], [-135.59221869178603, 60.75298317899953], [-135.5924093914683, 60.75315557896592], [-135.59286479276304, 60.7533009792753], [-135.59324439225466, 60.75347377905506], [-135.5936532930859, 60.75372807889466], [-135.59383869250172, 60.75405197854758], [-135.5946296929193, 60.75424807853629], [-135.59536489286845, 60.75471757877495], [-135.5956808937487, 60.75483297868384], [-135.59573719306286, 60.75487007883919], [-135.59642059381633, 60.75488657813215], [-135.59700129317648, 60.754974977994415], [-135.59741079486443, 60.75518307836016], [-135.5980672933504, 60.755243877838936], [-135.5986309946338, 60.75516577796247], [-135.5989581934037, 60.75528867817724], [-135.5987785951502, 60.75583707803869], [-135.59905309382327, 60.75595607773531], [-135.59918129390016, 60.75597857767263], [-135.5993554942488, 60.755938377893045], [-135.59967049503368, 60.75578947763536], [-135.5998392947805, 60.755544077453706], [-135.60022979470654, 60.755413877429994], [-135.60051349427786, 60.755368377323414], [-135.60066709483146, 60.75512847730626], [-135.6010124950217, 60.75496857723995], [-135.60129479455182, 60.75506167791528], [-135.60139069358192, 60.75528007748677], [-135.60164219465025, 60.755430377111225], [-135.60199589444963, 60.75555507742196], [-135.60298999526358, 60.7554818772663], [-135.60378459490184, 60.755354477389396], [-135.6044953935858, 60.75492377708092], [-135.60474389426236, 60.754994576825446], [-135.6052546938076, 60.75491277661215], [-135.60552129451318, 60.75505757655983], [-135.60536529443394, 60.75552847676464], [-135.60626409578808, 60.755904076644], [-135.6062249945324, 60.756033276834195], [-135.60568439501102, 60.756079977151586], [-135.6056217963582, 60.75628687703799], [-135.60654759593675, 60.756974877034814], [-135.60680739609208, 60.757409776649745], [-135.60688329659095, 60.757738976485044], [-135.6066612963984, 60.758026776804535], [-135.60586479688754, 60.75833897681678], [-135.60568769632746, 60.75865637649101], [-135.60564519714117, 60.759465777175095], [-135.605934398036, 60.75962547664321], [-135.60602299871394, 60.75982347693309], [-135.60598639768776, 60.760078376764874], [-135.60572409825875, 60.760231176401994], [-135.60530379854785, 60.76032617660362], [-135.60492949821605, 60.760358576556364], [-135.60441769882505, 60.76053287679406], [-135.60414759817908, 60.76071147741235], [-135.60415689783386, 60.7609036765563], [-135.6045322981339, 60.76113567659663], [-135.60478869896704, 60.76118067719848], [-135.6051595980768, 60.76111497679557], [-135.60574139878656, 60.76111097666019], [-135.60631099847694, 60.76119187629593], [-135.60679349811846, 60.76129287675152], [-135.60698429997214, 60.761465176869095], [-135.60667559830077, 60.76172687621575], [-135.60632579938644, 60.76194597655896], [-135.6063189987924, 60.76223607683538], [-135.60667229924672, 60.76240697610078], [-135.60682699920753, 60.76243137637828], [-135.60718269916558, 60.762371276170676], [-135.6073313995658, 60.762236776713394], [-135.60765389899095, 60.76210817677186], [-135.60800770063878, 60.76223287668572], [-135.60795690002007, 60.76240097639614], [-135.60774789978214, 60.76251127668517], [-135.60770150027287, 60.76262027665287], [-135.60783850056484, 60.7628811760247], [-135.6080454998473, 60.76295567605165], [-135.60836269977332, 60.76297857591714], [-135.6084815010003, 60.76280887607037], [-135.60879269982055, 60.76267287661768], [-135.60909949928688, 60.762595975944166], [-135.60961780020395, 60.76289117580327], [-135.60972160020563, 60.76308357569087], [-135.60956119980364, 60.76325697626707], [-135.60937480136377, 60.76338217587017], [-135.60941690137406, 60.76368907595109], [-135.60972970073595, 60.763771175667785], [-135.61016860178, 60.76370387614939], [-135.61025660126103, 60.76359137609081], [-135.61028550049335, 60.763362176287686], [-135.6110415005931, 60.76331787574999], [-135.61140270079616, 60.76346297612837], [-135.61135140182193, 60.76367717604942], [-135.61117230086242, 60.76382277557917], [-135.6106180003541, 60.76409307600388], [-135.61056810116878, 60.76416877563591], [-135.61066400184853, 60.764387075509376], [-135.61109810179784, 60.76442507604957], [-135.61131830226802, 60.76432217589264], [-135.61175040205302, 60.76418827537725], [-135.61210430193313, 60.764312975866844], [-135.61220760149106, 60.76455167593054], [-135.61215580097343, 60.76481207548274], [-135.61187010146904, 60.76504247585981], [-135.61164690245695, 60.765065876026064], [-135.61133030187176, 60.76499677559358], [-135.61098820249208, 60.76483327554266], [-135.61063380138026, 60.76475477597769], [-135.61039210208938, 60.76475047577863], [-135.61014150199753, 60.764864475574974], [-135.61013330162783, 60.765293176041716], [-135.60989890186258, 60.76530927568092], [-135.6093116026296, 60.76510817563321], [-135.60925480243156, 60.76511727586638], [-135.60929060197512, 60.76531147568963], [-135.60945800124486, 60.765561376261125], [-135.60976940146313, 60.76578207617666], [-135.6100821018108, 60.76586417594693], [-135.61065370167645, 60.76576027627668], [-135.6115179016112, 60.765492575913285], [-135.61286560195157, 60.76523337504419], [-135.61295750195546, 60.76510797564291], [-135.6130339014229, 60.7650341757454], [-135.6129402013164, 60.76458487536259], [-135.6131579010791, 60.76435617538568], [-135.61359690134253, 60.764288875405434], [-135.61413670202813, 60.7643345750052], [-135.61457970252485, 60.764611075361344], [-135.61448380264753, 60.76474937532999], [-135.6139667026311, 60.76507527503762], [-135.6139227028994, 60.76530987573489], [-135.6140989020575, 60.76544157518894], [-135.61438180229953, 60.76548847530309], [-135.61445720305576, 60.765507075344686], [-135.61462450179405, 60.76540027560971], [-135.61471350227956, 60.76519537516923], [-135.61497330304977, 60.764916975510886], [-135.61523210246995, 60.76473087541829], [-135.61584770167656, 60.764748974988436], [-135.61635920308558, 60.76497757530559], [-135.61655710237255, 60.76521647519587], [-135.6164697037621, 60.765639475291195], [-135.6159089034808, 60.765797075197504], [-135.61545570282763, 60.765777474975415], [-135.61508480357006, 60.765843174936435], [-135.6150838035738, 60.765935574875165], [-135.6152449034868, 60.76607267469632], [-135.61569330350738, 60.76619767529893], [-135.61621840236364, 60.76620257450332], [-135.61704050229696, 60.76598467475397], [-135.6172572035225, 60.76584837505272], [-135.61747330322316, 60.765401674521634], [-135.61767920319008, 60.76521177457967], [-135.61834620247026, 60.76501567494277], [-135.61849880208854, 60.764868174511044], [-135.6191301018134, 60.76483457409241], [-135.61961820206977, 60.765140674101524], [-135.61978570314992, 60.76539057437468], [-135.62015910283085, 60.76545057388983], [-135.62039880301987, 60.76528297430884], [-135.62055920338292, 60.76510967462895], [-135.62039910247148, 60.76488007425517], [-135.6208840030302, 60.764750074324134], [-135.62127950308195, 60.76487107450238], [-135.62149210218647, 60.76515067443392], [-135.62145510345124, 60.76545187436974], [-135.62076950404537, 60.76562027401376], [-135.6203639039331, 60.76575607441008], [-135.62041440277858, 60.765990874189136], [-135.62058630305583, 60.766181674083676], [-135.6209065030238, 60.76628407388495], [-135.62102250436598, 60.76639157431612], [-135.62078930316255, 60.76667197419965], [-135.62081780343325, 60.766845774543974], [-135.62134640414453, 60.76688397419404], [-135.62195220407668, 60.766755974359434], [-135.62240330358543, 60.766603673950236], [-135.62267980392537, 60.76653777422173], [-135.6234095046534, 60.76649147334901], [-135.6237094044496, 60.76634807380211], [-135.6240084042238, 60.766296973633544], [-135.6244528041717, 60.766434773242935], [-135.62450730430504, 60.766656673351164], [-135.62438370372897, 60.766931774049965], [-135.62454780510578, 60.76714847396237], [-135.62503530452102, 60.76714407325437], [-135.62529750502227, 60.7669912732193], [-135.62537050389898, 60.76648127377684], [-135.62576400447713, 60.766430473288956], [-135.6261214050864, 60.766588373542746], [-135.62625950519384, 60.766756973687464], [-135.62623080391478, 60.766986073377076], [-135.62601140542276, 60.76739947360475], [-135.62574920480697, 60.7675522732171], [-135.62610320490958, 60.767676973440686], [-135.62639440477432, 60.767651772983], [-135.62662190533166, 60.76756917291255], [-135.62688410564033, 60.767416373240636], [-135.62696430533322, 60.767329673479956], [-135.62740530576187, 60.76743417330657], [-135.62731990547866, 60.76767237266043], [-135.62693980526404, 60.76790257280736], [-135.62672010578544, 60.76795937359838], [-135.62654110520685, 60.76810497348052], [-135.62680840553392, 60.76820347284022], [-135.62742020596377, 60.768234473185686], [-135.62785060585486, 60.76788247265309], [-135.6284247054931, 60.767904172784796], [-135.62877040648803, 60.76810087301101], [-135.62869330578812, 60.76826707258177], [-135.62834700677988, 60.76851947269656], [-135.62818520537485, 60.768831372895015], [-135.6282704059842, 60.76939897293569], [-135.62850000612443, 60.76948827270576], [-135.62898750652386, 60.769483872360404], [-135.6293394069456, 60.76943657240016], [-135.62993490663862, 60.7692087725329], [-135.63006700719944, 60.769218373050435], [-135.63042310742358, 60.76951487244383], [-135.63076680705942, 60.76953967220698], [-135.63091930710144, 60.7693921720433], [-135.63085440667336, 60.76907047266873], [-135.6306638061966, 60.7688519726957], [-135.6307995067632, 60.768491872497414], [-135.63092820615438, 60.76846807230085], [-135.63128220588055, 60.768592772473326], [-135.63161100666662, 60.76897977243621], [-135.63191650706304, 60.76904147202068], [-135.63217090651497, 60.768914572344734], [-135.63224640687136, 60.76853027241105], [-135.632553206226, 60.76845337242236], [-135.6332512069974, 60.76855657248516], [-135.63343670640612, 60.768523772327384], [-135.63388480577785, 60.76829197245076], [-135.63452350671315, 60.768278571623355], [-135.6348745068901, 60.76832377174684], [-135.6349182075161, 60.768492072227204], [-135.63481850683226, 60.768643371738705], [-135.63373950664098, 60.768862671761696], [-135.63362510653036, 60.76897327181469], [-135.63369830616836, 60.76922297201952], [-135.63404490673602, 60.76932727207636], [-135.63441540674816, 60.76930777149474], [-135.63458230723407, 60.76924717170092], [-135.63478080708907, 60.769036972055616], [-135.63509100682546, 60.76899327158998], [-135.63544590661823, 60.76902547213147], [-135.63537530685443, 60.76930447146146], [-135.63493800648033, 60.769589871803525], [-135.634346506649, 60.76980477205367], [-135.63428060838734, 60.76997837228765], [-135.63446040820074, 60.770143271805686], [-135.63486040849105, 60.770205172261775], [-135.63538600718672, 60.77016387173224], [-135.63569670801903, 60.77007397179432], [-135.63595500719742, 60.76993417167115], [-135.63640480704416, 60.76992037129995], [-135.63668780778735, 60.76996717139274], [-135.63816020833391, 60.770502870950764], [-135.63825860860726, 60.77049007114557], [-135.63833400877226, 60.770508771131865], [-135.6388137086091, 60.770530171604875], [-135.63912440766325, 60.77044027146219], [-135.63937100871877, 60.7703391715153], [-135.63955780777528, 60.77016777136372], [-135.6396982080379, 60.77010517149917], [-135.64025060775253, 60.76961667122349], [-135.64049330755356, 60.769528471007234], [-135.6409335083269, 60.76932247086227], [-135.64141370759023, 60.769297670857966], [-135.64194970866944, 60.76935617053683], [-135.64278610900035, 60.769627870302386], [-135.64278480863635, 60.76976647027954], [-135.64217420779403, 60.769999871128334], [-135.64199180848163, 60.770112171077194], [-135.64212360839593, 60.77016787043668], [-135.6424026087235, 60.77022767089192], [-135.64397950926588, 60.770103670349144], [-135.64471230860667, 60.77013666992429], [-135.6454217082028, 60.770247270320986], [-135.646675008253, 60.77039047024289], [-135.64858530940393, 60.77099717004297], [-135.64915560880954, 60.77103166914503], [-135.64995441024567, 60.77129396896866], [-135.65048801054945, 60.77162966934195], [-135.65153760989907, 60.77173166933161], [-135.65159871046092, 60.771663469564544], [-135.65179850975116, 60.771717468902], [-135.65226491094248, 60.77196246927692], [-135.65238460988425, 60.7721031691396], [-135.65245091008848, 60.77228626890617], [-135.65197261011227, 60.77252916934787], [-135.65139321039032, 60.772659169483504], [-135.65114671036224, 60.7727602694144], [-135.65116101178546, 60.77284716873794], [-135.6514350112214, 60.77305846937289], [-135.65201841067682, 60.77331846944039], [-135.65236521154773, 60.77342276890292], [-135.65279211109282, 60.77344026890658], [-135.6531024109227, 60.77339656847831], [-135.65389021173246, 60.77320236900813], [-135.65420051157656, 60.773158668536595], [-135.654854412539, 60.773139768873094], [-135.65556061172782, 60.77361986874945], [-135.6560185114815, 60.77398306861624], [-135.65610621311833, 60.77431966868763], [-135.65599111244526, 60.77452276871137], [-135.65598981210988, 60.77466136853603], [-135.6561858123784, 60.77472826811668], [-135.6565108137812, 60.77472526858772], [-135.65702651332143, 60.774537868286856], [-135.65783961301312, 60.77403496773622], [-135.65837271338748, 60.77401396780946], [-135.65884861263413, 60.774048168110724], [-135.66012611290628, 60.77447036771081], [-135.66052851387246, 60.774704167501035], [-135.66076011309715, 60.77501136802678], [-135.6607141141234, 60.775523267608655], [-135.66096211388958, 60.77568646745396], [-135.66396841469282, 60.776378267146136], [-135.66450071513842, 60.77644966681638], [-135.6651753158598, 60.77667646675221], [-135.66548171631425, 60.777094767109226], [-135.66551001468991, 60.77731476703894], [-135.66545011575803, 60.77769356661099], [-135.66523231674518, 60.777968467171284], [-135.66450821694346, 60.77822026711974], [-135.66459771536879, 60.77837196692498], [-135.66514601609862, 60.77834536717577], [-135.66540341673627, 60.77829786684138], [-135.66572231700195, 60.77813586680902], [-135.6658747164716, 60.777988267070626], [-135.6661438160876, 60.777901966944505], [-135.66656381587126, 60.777852966606815], [-135.66688891664418, 60.77784986652484], [-135.66700161571555, 60.77792406672704], [-135.66708101590038, 60.77792976686205], [-135.66743441563156, 60.77814666602645], [-135.66761371727875, 60.7784039668265], [-135.66767241727084, 60.77861296649967], [-135.66740991661098, 60.778812066023235], [-135.6672431164425, 60.7788726666343], [-135.6672714160958, 60.77909266602331], [-135.66758101614178, 60.779141366042545], [-135.66820041637598, 60.77919246604386], [-135.6684820170654, 60.77942406648194], [-135.66847651664747, 60.77962186592829], [-135.6685586169035, 60.779753266428884], [-135.66892721740504, 60.77996466584314], [-135.6692014173771, 60.780175966208624], [-135.66946351854284, 60.78047216581562], [-135.66985861806987, 60.78068546576349], [-135.6709160179073, 60.78080776628014], [-135.6711731190645, 60.78080636547407], [-135.6716491184764, 60.78084066546349], [-135.67219471953507, 60.78113746532346], [-135.6731274192131, 60.78216876517595], [-135.6737050191699, 60.78226966525155], [-135.67445161951707, 60.78203276543612], [-135.67495801935297, 60.78205586534509], [-135.67537571900115, 60.782284065334046], [-135.67541472054225, 60.782603865006585], [-135.67533231945507, 60.782967764755455], [-135.67496102004029, 60.78352896552258], [-135.67567672118096, 60.783844564835555], [-135.67618152119462, 60.78360346532023], [-135.67619742029046, 60.78350546512619], [-135.67625812121827, 60.783483465038536], [-135.6776376201614, 60.78352306439249], [-135.67821562148708, 60.783577764511385], [-135.67906222060435, 60.78359236413861], [-135.67929212052275, 60.783681564744555], [-135.6795279209099, 60.783975864150364], [-135.679920421353, 60.78406346466901], [-135.6802117222414, 60.78403816450847], [-135.6803909216588, 60.78384626408539], [-135.68038872104177, 60.783179064647584], [-135.68027502042122, 60.78274826395824], [-135.68033331989588, 60.78255426410171], [-135.68075331979128, 60.782505164130974], [-135.6817533210038, 60.782728864420854], [-135.68210372022247, 60.78286636372511], [-135.6821093212978, 60.78311766423666], [-135.68164772067772, 60.78317046362873], [-135.68156792151726, 60.783210963607644], [-135.68180872163444, 60.78335366405188], [-135.68273832201382, 60.783407264125174], [-135.68292662223186, 60.78349996337266], [-135.6829212206235, 60.78369776407433], [-135.68302872183548, 60.78396966416314], [-135.68322122263874, 60.784003263954204], [-135.68356152243962, 60.7839946637086], [-135.68381582207488, 60.78386766329896], [-135.683942120748, 60.78367196363666], [-135.68427692201098, 60.78341196375392], [-135.6846009211337, 60.78354756315264], [-135.68455252155542, 60.783933763436686], [-135.68443672247724, 60.78422916381705], [-135.68443882262287, 60.78444726362911], [-135.68508872241475, 60.784487363289166], [-135.68530532300164, 60.784350963620064], [-135.68548452288084, 60.784159063571344], [-135.68590912121363, 60.78400466359014], [-135.68619262194017, 60.78400516365302], [-135.6865809217615, 60.784151963387146], [-135.68649622172103, 60.784343962904664], [-135.68628002145985, 60.784434163116885], [-135.68596972264584, 60.78447796339905], [-135.685692823234, 60.78459016364001], [-135.68578972177627, 60.784762163750344], [-135.68588002347383, 60.78482156353595], [-135.68637512306418, 60.784837262824006], [-135.68647212361756, 60.78500926356944], [-135.6862516233706, 60.78515856343933], [-135.68625442218922, 60.785284263643966], [-135.68689242363706, 60.785409263426565], [-135.6875804228961, 60.78541246264372], [-135.68841272277638, 60.785340062526494], [-135.6892221223748, 60.7852990631144], [-135.6900152233772, 60.7854021622564], [-135.69008572431733, 60.785572362532086], [-135.6899831229493, 60.78564426259403], [-135.68913532404972, 60.7857683629381], [-135.68862532348402, 60.78571196309989], [-135.6883449241271, 60.78579086296488], [-135.6879375231752, 60.78615796269867], [-135.68782682418527, 60.786301862932795], [-135.6882866242749, 60.78648016322521], [-135.6888075244055, 60.78659016275681], [-135.68956962363092, 60.78679676259724], [-135.6900528242663, 60.78689746292629], [-135.6904598241784, 60.78707196211591], [-135.69163882506643, 60.787149862766924], [-135.69219462413594, 60.78714356222772], [-135.69273112449005, 60.78720176249902], [-135.69325942570845, 60.787332161808465], [-135.6937116251197, 60.78803156158271], [-135.6940318264207, 60.78818006189288], [-135.6945937251493, 60.788378861792], [-135.69504302587492, 60.788457261635955], [-135.69535022620425, 60.788333961755725], [-135.69534422508343, 60.78812886155518], [-135.6951537248742, 60.787817961564734], [-135.69515832499397, 60.787712661886225], [-135.69571872541204, 60.78760086141706], [-135.69763032470945, 60.787308661020866], [-135.69832192560946, 60.78734496092181], [-135.6987854255086, 60.78755646078035], [-135.69893142616132, 60.78774526155105], [-135.69868852563317, 60.78837506096978], [-135.69869392693278, 60.788672660949835], [-135.69882722617268, 60.789038861137286], [-135.6990869264299, 60.78920936072613], [-135.69987312666441, 60.78924586119345], [-135.70018022676294, 60.7891225611621], [-135.70078432577, 60.788729961007], [-135.70131022757892, 60.788688361171744], [-135.7019786270031, 60.78880226106747], [-135.70215052676573, 60.789085360351024], [-135.7019806270925, 60.78956196041803], [-135.70293362795866, 60.7905745608687], [-135.70303912806926, 60.7906283605761], [-135.7030571275457, 60.79074856043069], [-135.70341522863075, 60.79090626066964], [-135.703898828658, 60.79096066016551], [-135.70500052817275, 60.79129715980391], [-135.70546472899895, 60.79141626018526], [-135.70580342846625, 60.79163856012463], [-135.70610192980283, 60.79167976002094], [-135.70675402845035, 60.79144245993072], [-135.7067485283565, 60.791144959828536], [-135.70688702885883, 60.79081806000719], [-135.7070513280959, 60.79058545974784], [-135.70752172793811, 60.79036815982085], [-135.70814602848188, 60.79031375965984], [-135.70846322760522, 60.790382659278926], [-135.70876452894683, 60.79054955945033], [-135.70880832915418, 60.790763959765414], [-135.70877762906846, 60.79082125960837], [-135.70883762949967, 60.79089155964858], [-135.70841393006023, 60.79144905925475], [-135.70854912974144, 60.79158415989624], [-135.70887752899063, 60.79166055958753], [-135.70931632919974, 60.791639059524044], [-135.71149712908075, 60.79126015910001], [-135.7119355301182, 60.79128495918516], [-135.7127612298235, 60.79164115930827], [-135.7132067305779, 60.79173255863412], [-135.71360783066393, 60.79170175891802], [-135.7140924291452, 60.79161755878863], [-135.71446443043973, 60.79141305872764], [-135.71474932971682, 60.7912286585738], [-135.7152422299293, 60.791026158803206], [-135.71575302898682, 60.79099005837238], [-135.71621692887248, 60.79115535797077], [-135.71643502966745, 60.791329358530824], [-135.71652182917495, 60.791355458003615], [-135.71678063029998, 60.79166445856619], [-135.7169107312739, 60.79199735830118], [-135.71679622983714, 60.7921543584132], [-135.71590793158978, 60.792638958518], [-135.71570993137084, 60.792849258682615], [-135.71576543115222, 60.793024958249376], [-135.71628613034517, 60.79318105873896], [-135.71676633196654, 60.79320215823197], [-135.71708863091476, 60.79307335782568], [-135.7176945308819, 60.79294495837607], [-135.71817853187585, 60.79295315829003], [-135.71860383148874, 60.793247757896104], [-135.7186239319075, 60.793632157522985], [-135.71825153231643, 60.79388295763121], [-135.71794833142263, 60.79399335780946], [-135.7175733320824, 60.794072158066726], [-135.7174662326239, 60.79424945817631], [-135.71757893230898, 60.79436975839342], [-135.71796323311995, 60.79457555792092], [-135.71869923253567, 60.7947800582801], [-135.72010453281186, 60.79500595795829], [-135.72073963244375, 60.79505135789472], [-135.72133623330328, 60.79517985778881], [-135.72179223327575, 60.795417157246575], [-135.7217987324608, 60.79557615741458], [-135.72121503402744, 60.79576555774078], [-135.72062843353478, 60.79582925735955], [-135.72020803423936, 60.79592475720866], [-135.71991923385156, 60.796122057711855], [-135.7197853328998, 60.79634355740522], [-135.71999873393509, 60.796669257206844], [-135.72065963334398, 60.79680895783995], [-135.72110203490143, 60.79682075757849], [-135.72126853372492, 60.79680615719494], [-135.72157033430014, 60.796926857171485], [-135.72170073511282, 60.79721345760886], [-135.72166983444984, 60.797316956906165], [-135.7214910340907, 60.797462657754735], [-135.72119583469606, 60.79750105730282], [-135.72088123443132, 60.797604057419456], [-135.72070633515258, 60.79773675762978], [-135.7207128347578, 60.7978957572741], [-135.72101783523993, 60.798095857573884], [-135.7213344357524, 60.79825715769098], [-135.72194603483064, 60.798426357434316], [-135.72216093533498, 60.798520957132965], [-135.72240173500333, 60.79870985755393], [-135.7228934356562, 60.7992798569854], [-135.72305783572116, 60.79958885680381], [-135.7235432372191, 60.79995365711966], [-135.72416823618602, 60.8003945566804], [-135.7246772365061, 60.80063565661203], [-135.72516813689413, 60.80075655687945], [-135.72630203802672, 60.80089695621789], [-135.72713603670496, 60.80118105617606], [-135.7283466380152, 60.80174295614213], [-135.72906743749272, 60.801999156269275], [-135.72991463897804, 60.8026011559974], [-135.7302266385467, 60.80291395614981], [-135.73053473965774, 60.80323975608724], [-135.73099503870273, 60.80341785602709], [-135.7318863399283, 60.803646555665395], [-135.73234404019132, 60.80365275531606], [-135.73321063935188, 60.803602355427266], [-135.73360464045828, 60.80350495529926], [-135.73443103974878, 60.8032271549733], [-135.7353100390299, 60.802999255045684], [-135.73594204009464, 60.80296515511286], [-135.73645324018872, 60.80288275459562], [-135.73706393878854, 60.8026026543078], [-135.7374050390725, 60.802501554493574], [-135.73810593992167, 60.80232695443304], [-135.7383215387775, 60.80232915478932], [-135.73862723995316, 60.80243685411331], [-135.73887173940548, 60.802658954562126], [-135.73925993991236, 60.802897954182335], [-135.7403741412863, 60.80441705394536], [-135.7404294409005, 60.804638853991264], [-135.7403133411154, 60.80507305455344], [-135.74040154098395, 60.80550195452697], [-135.74049524113622, 60.80564075429696], [-135.74078944217385, 60.805787154483525], [-135.74121264159126, 60.80586355400961], [-135.7421429430966, 60.805916654223765], [-135.74259984196098, 60.8060614541941], [-135.74276944203842, 60.806172653531455], [-135.74278874373746, 60.80674195390686], [-135.743097542744, 60.80697525394751], [-135.74319124367793, 60.807113953885995], [-135.74321244299898, 60.80735985387997], [-135.74307454414492, 60.80764055378336], [-135.7424408433169, 60.80795205371657], [-135.74211734401942, 60.80826575410458], [-135.74252464435182, 60.80848625384249], [-135.74350744426417, 60.808635553403285], [-135.74389264481422, 60.808748853862745], [-135.7440884441945, 60.80890805370307], [-135.74486334539603, 60.809029353507775], [-135.7453536447639, 60.80928875335], [-135.74617024561374, 60.80940635347628], [-135.7465295442026, 60.80942535299673], [-135.74696884557946, 60.80935765311477], [-135.74876514548012, 60.80886475265004], [-135.7492576447356, 60.80875455253172], [-135.75004844429236, 60.808731652447975], [-135.75069154416943, 60.808751052024654], [-135.75089924564676, 60.80882525221383], [-135.75106474428407, 60.80899555239029], [-135.7515485459119, 60.809729951988025], [-135.7521164452609, 60.810318451726225], [-135.75245574644455, 60.810540751642606], [-135.75273534717817, 60.81060025216238], [-135.75303434602787, 60.81059515193195], [-135.75348904693385, 60.810475552181536], [-135.75397384633467, 60.810391251987895], [-135.75492774661456, 60.810320451998486], [-135.75521894575624, 60.810341151569865], [-135.7557196470963, 60.81079285157626], [-135.75598744641675, 60.81093735155221], [-135.756304946235, 60.81100615156444], [-135.75686114648872, 60.81099945164047], [-135.75756524779368, 60.81095055094197], [-135.75774744752357, 60.81083805113819], [-135.7576898461294, 60.81030565167383], [-135.7580196466283, 60.810197051333944], [-135.75892344673565, 60.81029435122485], [-135.75920714717043, 60.81029475089774], [-135.7592940466844, 60.8103207506764], [-135.7596269471706, 60.81033775090669], [-135.76076974706896, 60.81031345111936], [-135.76096584703097, 60.81042645034414], [-135.76069034775568, 60.81098795110375], [-135.76054564809306, 60.81115595050348], [-135.76062094784456, 60.81122075118466], [-135.76067704808312, 60.81135015027581], [-135.76120914763516, 60.81160595054792], [-135.76236874920463, 60.81197895083422], [-135.76332404879116, 60.81235715009181], [-135.76342554793524, 60.81247005059408], [-135.76384934970463, 60.813180350147405], [-135.7641124492419, 60.813522649866165], [-135.7645620503536, 60.81364705010397], [-135.7648684505882, 60.81366214988046], [-135.76606435000474, 60.813641549952436], [-135.76667795004184, 60.81353324929324], [-135.76695474901692, 60.813420850006324], [-135.76701205005426, 60.81331925000963], [-135.76734644955283, 60.813059049888686], [-135.76813735016955, 60.81303604930049], [-135.768519150574, 60.813116049589794], [-135.76889655037854, 60.81330124917073], [-135.76925165070742, 60.813425549651996], [-135.76947095084682, 60.81346094951029], [-135.7698685494231, 60.813396749201004], [-135.7704181495473, 60.81323104881231], [-135.77030285013709, 60.81284654870017], [-135.77013384900843, 60.812596749261644], [-135.77039954865612, 60.81243074915637], [-135.7710545485567, 60.812365048754884], [-135.7717390488346, 60.81242684922261], [-135.77197324909793, 60.81250294861065], [-135.77240324932185, 60.81278434846754], [-135.7727195502756, 60.813084248685], [-135.77356545118366, 60.813421648611225], [-135.7742613501418, 60.81349084875157], [-135.77475705128188, 60.81350624837266], [-135.77504485123535, 60.8134474485893], [-135.77510235072032, 60.81329964860353], [-135.77499354999972, 60.81312024863659], [-135.77469484945013, 60.81307914856322], [-135.7745479504376, 60.81293664863891], [-135.77463244940006, 60.81269834863715], [-135.7747125490823, 60.81256534854434], [-135.77478654945958, 60.81213484835108], [-135.77497854851043, 60.81158054820408], [-135.77540334883264, 60.81137964871811], [-135.77561174953627, 60.81131514789605], [-135.77622794987656, 60.81142494846376], [-135.77661265030326, 60.81167674854598], [-135.77692615043978, 60.81180464820408], [-135.7775464504503, 60.8118553480147], [-135.77823525047825, 60.81181174786787], [-135.7791407500077, 60.81158554754367], [-135.77989345034743, 60.81164554794694], [-135.78045984998022, 60.81187724762481], [-135.78047025090018, 60.8120694478094], [-135.78008675047622, 60.81235914751047], [-135.7794987512918, 60.81265424789792], [-135.7793389508442, 60.81282774786198], [-135.77935735039665, 60.8129479477048], [-135.77943635144956, 60.81304594730904], [-135.7797794509715, 60.81330144734144], [-135.78078855048915, 60.81354474788965], [-135.78305515117657, 60.81356024740704], [-135.78346365237226, 60.81359584690837], [-135.78435965120306, 60.81376504728602], [-135.78491855187943, 60.81402254715575], [-135.78505025177566, 60.81417054683761], [-135.78496585210718, 60.8144088472239], [-135.78472675252377, 60.81457684687378], [-135.78437025265666, 60.814729846852295], [-135.78397265309783, 60.814794046932946], [-135.78362065177356, 60.81479554673414], [-135.78307935206823, 60.81484294668402], [-135.78295395325435, 60.81494634708445], [-135.78304785228158, 60.815085046638735], [-135.78334985312648, 60.815251746963526], [-135.78368985239064, 60.81538144711645], [-135.78395075288395, 60.81541324720034], [-135.78453745347016, 60.81539534710993], [-135.78491245295936, 60.81531634643521], [-135.78645285274936, 60.81445494686198], [-135.78745695208133, 60.814169546592154], [-135.78808905205742, 60.81413514597013], [-135.78848205181623, 60.814268646030136], [-135.7888632520416, 60.81448714620102], [-135.7891948532274, 60.814781346488516], [-135.78962905254238, 60.815003646397315], [-135.79013905248246, 60.81519824583029], [-135.79066075286713, 60.815307846266414], [-135.7916062534082, 60.81544744541403], [-135.79192335450318, 60.81560864530833], [-135.79211175335445, 60.81579364542626], [-135.79214125461246, 60.81596744584734], [-135.79206445501703, 60.81622604573488], [-135.79150235447372, 60.81666164532706], [-135.79106205361254, 60.81696064559436], [-135.79106105534544, 60.81719164546838], [-135.79141105514236, 60.81760604548699], [-135.79166035507507, 60.81772274594464], [-135.79203835498987, 60.817815545710786], [-135.7924740552031, 60.81771434567553], [-135.79284925426174, 60.817589045272896], [-135.79320535431168, 60.8175284453768], [-135.7938951544272, 60.81730004569988], [-135.79418335583986, 60.817148745317766], [-135.79435505503434, 60.81684394533304], [-135.79470455534877, 60.8165319454444], [-135.79520855425986, 60.81638274511913], [-135.79580305448525, 60.816292845399616], [-135.79589005374228, 60.81631884519806], [-135.7966414546422, 60.81670214503762], [-135.79661685519906, 60.81714944439792], [-135.79678235532705, 60.81736584458031], [-135.79698255464834, 60.817465845025644], [-135.79752695503797, 60.81759024427088], [-135.7978635550514, 60.81764054446526], [-135.79855235634489, 60.81764304490911], [-135.79879095496466, 60.81761374450491], [-135.79941295477173, 60.81729464440407], [-135.79988655507697, 60.81715644448036], [-135.80023125616682, 60.8170884442577], [-135.80040125460792, 60.81715324410729], [-135.8005482551798, 60.81729574462521], [-135.80047915658656, 60.817528544053985], [-135.80024295665615, 60.817914644514076], [-135.80029895558727, 60.81809024460192], [-135.80091075652217, 60.818397643949496], [-135.80125405648295, 60.81865304412004], [-135.8012982566793, 60.818959944059834], [-135.80118055710494, 60.819037444488146], [-135.80069175755318, 60.81918114422923], [-135.80037705620782, 60.81933054412883], [-135.80014875650934, 60.819598244673934], [-135.79990465782998, 60.82005644403628], [-135.79967625832523, 60.82037034428537], [-135.79936545766463, 60.82046064393194], [-135.79836955718508, 60.82058164475481], [-135.79806645728092, 60.820645944907035], [-135.79769085854437, 60.82086374470185], [-135.79764035750563, 60.82117044463324], [-135.79771015906138, 60.8216640442602], [-135.7980106583021, 60.82220034465608], [-135.7982637587886, 60.82230404464571], [-135.79858145809519, 60.822372743995615], [-135.79889935913417, 60.82239524453388], [-135.7993190597282, 60.82248444408311], [-135.79999665888118, 60.822479544107146], [-135.80053065918443, 60.82241174386139], [-135.80111775918692, 60.82230144414349], [-135.80162485997124, 60.822324044215826], [-135.80200325844768, 60.82237064397598], [-135.8022671588313, 60.82262044346834], [-135.80217885918486, 60.82291794345478], [-135.80195085946664, 60.82313954403838], [-135.80160565991247, 60.823299943596375], [-135.8013058600325, 60.82349004410412], [-135.8007753605653, 60.82363734437999], [-135.80048296007402, 60.82384774413488], [-135.8004484605037, 60.8239641441779], [-135.80054615977397, 60.82413614431465], [-135.80073475956777, 60.82427494362973], [-135.8007106599935, 60.82462984440324], [-135.80084206020996, 60.82487024418534], [-135.80124976152382, 60.82513674381978], [-135.80158636106995, 60.8252332434114], [-135.8020063617295, 60.825276143763276], [-135.80236936094417, 60.82537444354107], [-135.80253906219292, 60.82553174341159], [-135.80254956092114, 60.82572394339443], [-135.80224246102193, 60.82584754384632], [-135.80162486224165, 60.82596884377585], [-135.8015104608713, 60.82617204372994], [-135.80115496228942, 60.82700534402865], [-135.8011944629154, 60.82750994377295], [-135.80103606292468, 60.82827124396815], [-135.80091786299428, 60.82848734393868], [-135.80064466321804, 60.82863314395535], [-135.800481664089, 60.82868104414196], [-135.79928506281385, 60.82874824391284], [-135.79874646321008, 60.82896764388661], [-135.79862416327904, 60.829242844434596], [-135.79845266381852, 60.82950144459224], [-135.7985156646712, 60.829836043898275], [-135.7987759632831, 60.830052543961195], [-135.79896146413236, 60.83006574419907], [-135.7991545643457, 60.8300529445369], [-135.7994730632798, 60.829936843670524], [-135.79981026342818, 60.82989464405429], [-135.80048796363326, 60.82988984383497], [-135.80165756356527, 60.82995934406262], [-135.8040261642208, 60.83031844290532], [-135.80428686543584, 60.83044244368912], [-135.80451666432063, 60.830716243214155], [-135.80451956429118, 60.83093434329656], [-135.80443586542506, 60.831034043108104], [-135.8039620645187, 60.831172243206254], [-135.80363646579866, 60.83117564296963], [-135.80325376551306, 60.83123434336271], [-135.803124766118, 60.83130454333097], [-135.8030408661039, 60.83145044337113], [-135.80308546523563, 60.83166484379259], [-135.80327366485088, 60.83194234356549], [-135.8034965662532, 60.83205714304947], [-135.80385576529457, 60.83216834330377], [-135.80413976558577, 60.8321686429651], [-135.8045452655933, 60.832078443147275], [-135.8048827665811, 60.83194384333669], [-135.8053752655331, 60.83187964341024], [-135.80649216566718, 60.831899242483935], [-135.80706356588638, 60.83197924258433], [-135.80765686596908, 60.8322588423893], [-135.80778166622798, 60.83229414287514], [-135.8080386671189, 60.83243114276285], [-135.80807536759653, 60.83271764290772], [-135.8079154664032, 60.832937442602535], [-135.80750906790132, 60.83325864267736], [-135.8073681667799, 60.83345994247401], [-135.80747726648258, 60.83363934314215], [-135.8078774674667, 60.8339317429479], [-135.8087394671238, 60.83426344288951], [-135.80898810291194, 60.834536639716006], [-135.8067299640848, 60.83501339631516], [-135.80590095598413, 60.835243189399534], [-135.8048835509907, 60.83570728556156], [-135.80434559694868, 60.83606525839953], [-135.80359645550772, 60.83704409684873], [-135.8028733827937, 60.83766757963666], [-135.80169023511763, 60.83797939194316], [-135.80039642732996, 60.838054078403445], [-135.79902901161927, 60.83783853374782], [-135.79783875359925, 60.83748285208153], [-135.7970785962317, 60.837157944634804], [-135.79611228081424, 60.83690086852805], [-135.7947090234559, 60.83674878300522], [-135.7930324357795, 60.83663492387522], [-135.79111844248382, 60.836495778789256], [-135.78967266437235, 60.83634471976572], [-135.78780016287598, 60.836194040388406], [-135.78626015334532, 60.83616008483378], [-135.7849484133664, 60.836266367597275], [-135.78373061804783, 60.83645371128486], [-135.7831175297286, 60.836709176411915], [-135.7827205635376, 60.836990458640514], [-135.782415335506, 60.837332006138055], [-135.78232039576613, 60.8378455650623], [-135.78263644968112, 60.83841130347857], [-135.7829157906128, 60.838831927631254], [-135.78384358274099, 60.839330005653466], [-135.78475154005207, 60.83964080971763], [-135.78575931123092, 60.83988648656628], [-135.78724338618423, 60.839994894700396], [-135.78883859987008, 60.83994398899064], [-135.79000923095055, 60.83991427505461], [-135.7913891123778, 60.840046144012895], [-135.79257275675218, 60.84033946160391], [-135.7937785585862, 60.84084084103113], [-135.79466290990342, 60.84132951867643], [-135.79550361090952, 60.84180886976236], [-135.79594876847233, 60.842381729140655], [-135.79638927376274, 60.8431111815206], [-135.79642448178623, 60.84364230698386], [-135.79617164109112, 60.84427464222682], [-135.7958010348526, 60.84500385770731], [-135.79525813793165, 60.84551838429031], [-135.79469504196447, 60.84604385391038], [-135.79358089245147, 60.84640598379613], [-135.7930564248887, 60.846492330408196], [-135.79233039707734, 60.84648990989211], [-135.79200137659228, 60.846206179067735], [-135.79205692604438, 60.84572491039172], [-135.79216969909186, 60.8451795974818], [-135.7921870944752, 60.84474102325154], [-135.79147851302747, 60.84430002439785], [-135.79051533686408, 60.84407411980025], [-135.78980512712337, 60.84401912632266], [-135.78882179016472, 60.84380415306713], [-135.78772761530072, 60.84355025738249], [-135.78680485405704, 60.843302437676726], [-135.786272194292, 60.842909108604026], [-135.78577880784908, 60.84248348667153], [-135.78529568125262, 60.84195328658495], [-135.78450322353382, 60.84152481019873], [-135.78356951485773, 60.841172929335364], [-135.7824846282645, 60.84080400790254], [-135.78135796484656, 60.840644769833574], [-135.77965662469302, 60.84050006677831], [-135.77745217473841, 60.840441087202976], [-135.7761750873898, 60.84047337823858], [-135.77534645530375, 60.840306554419136], [-135.77445655665196, 60.83996393540403], [-135.77396079622412, 60.83971567045707], [-135.77335461004913, 60.839230264993375], [-135.77289632763842, 60.8387306907541], [-135.77262702160832, 60.8384036799508], [-135.77245643941592, 60.83800115480707], [-135.7720374591613, 60.83746928919999], [-135.77148710015294, 60.83710764678357], [-135.77043656187968, 60.837061143386215], [-135.76959294939746, 60.83715545367184], [-135.76921274224065, 60.837394541730106], [-135.76897231089222, 60.83774485046464], [-135.76917098946643, 60.83861609279836], [-135.769217810709, 60.839261670496015], [-135.76856156087953, 60.83971635005358], [-135.76747562844218, 60.83994193405415], [-135.7664605530402, 60.84003011284283], [-135.7652532501563, 60.839914496368394], [-135.76454910660274, 60.83971317301008], [-135.76369578405243, 60.83910877443988], [-135.76331557028158, 60.83833598299246], [-135.763167749033, 60.83733827671669], [-135.76315530504047, 60.83641018055257], [-135.7630572823087, 60.83568243827169], [-135.76268260899414, 60.83496166274507], [-135.7621482050248, 60.834547422747406], [-135.761547321106, 60.83431219166242], [-135.7602878400104, 60.834103963211234], [-135.75894168114093, 60.83408567094123], [-135.75746297145162, 60.83422717098015], [-135.75664455818858, 60.834560689165194], [-135.75627631840027, 60.834914184750176], [-135.75592229038065, 60.83540293204722], [-135.75530630400857, 60.835835668961145], [-135.75437485346293, 60.83610942193811], [-135.75369942626122, 60.83699219812014], [-135.75272760142064, 60.837694641204614], [-135.75176390744235, 60.83827169438421], [-135.75042633269229, 60.83874337219846], [-135.74932720301115, 60.838843956498565], [-135.74809653773377, 60.83911473039875], [-135.747440533912, 60.839371092968214], [-135.74704102780964, 60.83963145688163], [-135.74663768449582, 60.84005881816606], [-135.74612681220574, 60.840478438787656], [-135.74564541036116, 60.84077214378548], [-135.74509942594634, 60.841047904131024], [-135.7446320171689, 60.84167896802912], [-135.7434874603534, 60.842212885098725], [-135.7417611912099, 60.84292433126423], [-135.73963910140492, 60.84367824304798], [-135.73738918481075, 60.84384855201645], [-135.73466677422044, 60.84396541814224], [-135.7321174465936, 60.844143106174705], [-135.72963357318537, 60.844628788137946], [-135.72815198060312, 60.8448123840729], [-135.727457469062, 60.84518825002283], [-135.72755513522054, 60.84580516866795], [-135.7280818643253, 60.846378804967735], [-135.72897114251342, 60.846910811181786], [-135.73038253390254, 60.84733200886245], [-135.73181195492992, 60.84760605543415], [-135.73376177907647, 60.84775301364971], [-135.73635315955153, 60.84765574613273], [-135.73870240757117, 60.84715700497696], [-135.74003056764587, 60.84678153920455], [-135.74163935491293, 60.84621975400311], [-135.74279090296912, 60.84575088132719], [-135.74475437101663, 60.845392065376025], [-135.74651904576876, 60.84536417777105], [-135.7483007761648, 60.845498827528395], [-135.74941298826715, 60.845927321814024], [-135.75023438499576, 60.846444593511045], [-135.75030265777175, 60.847094840668326], [-135.749897542592, 60.84800143975956], [-135.74882705878193, 60.84892471284992], [-135.74769404848655, 60.849316241887124], [-135.746082414743, 60.84982601363468], [-135.7439499054632, 60.85025491790906], [-135.74251998494975, 60.85066621470976], [-135.74178991885864, 60.85123732662065], [-135.7416543537485, 60.85198133129291], [-135.74200527208643, 60.85268187834592], [-135.74316378634904, 60.853143169836244], [-135.7438446209076, 60.853324330041595], [-135.74562294693686, 60.85338413780336], [-135.74710480638308, 60.853263583871616], [-135.7486407099849, 60.85304777799433], [-135.75092952107212, 60.852886094975325], [-135.75289130795593, 60.85306637831476], [-135.75395716487583, 60.85345688310436], [-135.75497069681896, 60.85416163275532], [-135.75475244501993, 60.8549285944849], [-135.75410061042786, 60.85563341890786], [-135.75269406125162, 60.85606509836435], [-135.75027836324523, 60.85664723500195], [-135.7489235881272, 60.85696282930358], [-135.74782052197364, 60.8574390029611], [-135.7472219892805, 60.85824676244921], [-135.74673811481296, 60.85892647186623], [-135.7468614929178, 60.85969528852279], [-135.74750752570336, 60.86035713688451], [-135.7482628156365, 60.860838915720635], [-135.74932069279694, 60.86135483425259], [-135.75074507777111, 60.86190328330711], [-135.75158018868365, 60.86233088840133], [-135.75203467212626, 60.86299751735509], [-135.7524476646425, 60.86367561723593], [-135.75289781111152, 60.864300628038634], [-135.7527864645575, 60.864866701820674], [-135.75233370485103, 60.86523271411934], [-135.7518563511829, 60.86556804756438], [-135.75125339298683, 60.866334202091835], [-135.7512616113572, 60.86661563574423], [-135.75141842646934, 60.867091536006164], [-135.75196142661648, 60.867380425702166], [-135.7525650672004, 60.86763649937666], [-135.75348499507555, 60.86785334443144], [-135.75469553262073, 60.867989873960006], [-135.75560075294675, 60.86826966047002], [-135.7563552667431, 60.86874098494301], [-135.7571207580284, 60.86931634028456], [-135.7572001239159, 60.86986719630349], [-135.7569882763602, 60.870289758938085], [-135.75679723572483, 60.87090998989205], [-135.75683179602922, 60.87144110761968], [-135.75733571410987, 60.87216906359881], [-135.75841214891807, 60.87265315536113], [-135.75987654054325, 60.873169215845245], [-135.76069625768108, 60.873649309801564], [-135.76229123710615, 60.87398473336298], [-135.7638065053583, 60.874374299898165], [-135.76477811689915, 60.87467321924185], [-135.76517990187935, 60.87503862884532], [-135.7653057784781, 60.87542141146831], [-135.76517374918865, 60.87578982299942], [-135.76465001474665, 60.8762932629581], [-135.76362580263324, 60.87691360031397], [-135.76273206378826, 60.87735331975378], [-135.76165354849576, 60.877662072852104], [-135.76053348490723, 60.87798229142002], [-135.7592308510526, 60.87819234470608], [-135.75805764674598, 60.87821137599814], [-135.7567937179523, 60.87818051855814], [-135.75515764614036, 60.87806510574305], [-135.75336803315273, 60.87791179917926], [-135.75205384079004, 60.877809139247205], [-135.75085221156485, 60.87755761326097], [-135.7496106943621, 60.87723923410265], [-135.74767634229548, 60.87670194143151], [-135.74630231256563, 60.87653259531791], [-135.7448975914696, 60.876567732159046], [-135.74165983089253, 60.87703065220204], [-135.73978269967472, 60.877535921837236], [-135.73724773547076, 60.878235837417904], [-135.73503015664363, 60.8789787192897], [-135.7346617307137, 60.87944628831802], [-135.73436658062704, 60.880115756499194], [-135.73430346341476, 60.881008631469385], [-135.7343364452008, 60.88182271353169], [-135.73352354922446, 60.88253054503127], [-135.73228899583899, 60.8831979394062], [-135.73098377116273, 60.88368882067627], [-135.72972523737175, 60.884127595002575], [-135.7278995222582, 60.88463139363688], [-135.72637009641198, 60.88497500691953], [-135.72446309409733, 60.88520065550614], [-135.72243344619923, 60.885251062137456], [-135.72035174880344, 60.88530272831135], [-135.71811920664402, 60.88540903206768], [-135.71685513476888, 60.88579688093962], [-135.71564307577447, 60.88618342798568], [-135.71450151852756, 60.88674647274111], [-135.71346929325617, 60.88735773012987], [-135.7118098192133, 60.88795903414689], [-135.71045993376543, 60.88852719417278], [-135.7072441239364, 60.88921784775684], [-135.70466270270055, 60.88948531965979], [-135.70254648249139, 60.88920650164186], [-135.7005785605608, 60.8888475985984], [-135.69853549617656, 60.88877063148884], [-135.69624795102604, 60.88885244122955], [-135.69453076164356, 60.88940400538741], [-135.69338388205713, 60.89042534472058], [-135.69335324711622, 60.891139108209586], [-135.69335190348397, 60.89264155361358], [-135.69321757623004, 60.893867155929584], [-135.6928824498157, 60.89466479870943], [-135.69182108015627, 60.89550575821957], [-135.68999407648252, 60.89600901728822], [-135.68678719017623, 60.89629147911179], [-135.68359541287677, 60.89570770488229], [-135.6817908525066, 60.89440233125596], [-135.68030097757972, 60.892096118270395], [-135.67888184888878, 60.890475692716905], [-135.67629978508157, 60.88972403574997], [-135.67337184246972, 60.889668320925104], [-135.6710971945028, 60.88987669038749], [-135.66901775774485, 60.89097149907625], [-135.66669829039134, 60.8924339095903], [-135.66669819945167, 60.89245072281427], [-135.6666935767122, 60.89330206821107], [-135.66668886000105, 60.89417063066279], [-135.6666889315315, 61.000003960992366]]]}, "properties": {"NAME": "Kluane"}}, {"type": "Feature", "id": 5, "geometry": {"type": "Polygon", "coordinates": [[[-133.75002242739095, 61.53333759003251], [-133.75002258097675, 61.750004251821046], [-136.5000026742838, 61.750003862990575], [-136.5000027937894, 61.75000386300852], [-136.50002287230478, 61.75000380663849], [-136.500022296092, 61.00000385709904], [-135.6666889315315, 61.000003960992366], [-135.66668886000105, 60.89417063066279], [-135.6666935767122, 60.89330206821107], [-135.66669819945167, 60.89245072281427], [-135.66669829039134, 60.8924339095903], [-135.66901775774485, 60.89097149907625], [-135.6710971945028, 60.88987669038749], [-135.67337184246972, 60.889668320925104], [-135.67629978508157, 60.88972403574997], [-135.67888184888878, 60.890475692716905], [-135.68030097757972, 60.892096118270395], [-135.6817908525066, 60.89440233125596], [-135.68359541287677, 60.89570770488229], [-135.68678719017623, 60.89629147911179], [-135.68999407648252, 60.89600901728822], [-135.69182108015627, 60.89550575821957], [-135.6928824498157, 60.89466479870943], [-135.69321757623004, 60.893867155929584], [-135.69335190348397, 60.89264155361358], [-135.69335324711622, 60.891139108209586], [-135.69338388205713, 60.89042534472058], [-135.69453076164356, 60.88940400538741], [-135.69624795102604, 60.88885244122955], [-135.69853549617656, 60.88877063148884], [-135.7005785605608, 60.8888475985984], [-135.70254648249139, 60.88920650164186], [-135.70466270270055, 60.88948531965979], [-135.7072441239364, 60.88921784775684], [-135.71045993376543, 60.88852719417278], [-135.7118098192133, 60.88795903414689], [-135.71346929325617, 60.88735773012987], [-135.71450151852756, 60.88674647274111], [-135.71564307577447, 60.88618342798568], [-135.71685513476888, 60.88579688093962], [-135.71811920664402, 60.88540903206768], [-135.72035174880344, 60.88530272831135], [-135.72243344619923, 60.885251062137456], [-135.72446309409733, 60.88520065550614], [-135.72637009641198, 60.88497500691953], [-135.7278995222582, 60.88463139363688], [-135.72972523737175, 60.884127595002575], [-135.73098377116273, 60.88368882067627], [-135.73228899583899, 60.8831979394062], [-135.73352354922446, 60.88253054503127], [-135.7343364452008, 60.88182271353169], [-135.73430346341476, 60.881008631469385], [-135.73436658062704, 60.880115756499194], [-135.7346617307137, 60.87944628831802], [-135.73503015664363, 60.8789787192897], [-135.73724773547076, 60.878235837417904], [-135.73978269967472, 60.877535921837236], [-135.74165983089253, 60.87703065220204], [-135.7448975914696, 60.876567732159046], [-135.74630231256563, 60.87653259531791], [-135.74767634229548, 60.87670194143151], [-135.7496106943621, 60.87723923410265], [-135.75085221156485, 60.87755761326097], [-135.75205384079004, 60.877809139247205], [-135.75336803315273, 60.87791179917926], [-135.75515764614036, 60.87806510574305], [-135.7567937179523, 60.87818051855814], [-135.75805764674598, 60.87821137599814], [-135.7592308510526, 60.87819234470608], [-135.76053348490723, 60.87798229142002], [-135.76165354849576, 60.877662072852104], [-135.76273206378826, 60.87735331975378], [-135.76362580263324, 60.87691360031397], [-135.76465001474665, 60.8762932629581], [-135.76517374918865, 60.87578982299942], [-135.7653057784781, 60.87542141146831], [-135.76517990187935, 60.87503862884532], [-135.76477811689915, 60.87467321924185], [-135.7638065053583, 60.874374299898165], [-135.76229123710615, 60.87398473336298], [-135.76069625768108, 60.873649309801564], [-135.75987654054325, 60.873169215845245], [-135.75841214891807, 60.87265315536113], [-135.75733571410987, 60.87216906359881], [-135.75683179602922, 60.87144110761968], [-135.75679723572483, 60.87090998989205], [-135.7569882763602, 60.870289758938085], [-135.7572001239159, 60.86986719630349], [-135.7571207580284, 60.86931634028456], [-135.7563552667431, 60.86874098494301], [-135.75560075294675, 60.86826966047002], [-135.75469553262073, 60.867989873960006], [-135.75348499507555, 60.86785334443144], [-135.7525650672004, 60.86763649937666], [-135.75196142661648, 60.867380425702166], [-135.75141842646934, 60.867091536006164], [-135.7512616113572, 60.86661563574423], [-135.75125339298683, 60.866334202091835], [-135.7518563511829, 60.86556804756438], [-135.75233370485103, 60.86523271411934], [-135.7527864645575, 60.864866701820674], [-135.75289781111152, 60.864300628038634], [-135.7524476646425, 60.86367561723593], [-135.75203467212626, 60.86299751735509], [-135.75158018868365, 60.86233088840133], [-135.75074507777111, 60.86190328330711], [-135.74932069279694, 60.86135483425259], [-135.7482628156365, 60.860838915720635], [-135.74750752570336, 60.86035713688451], [-135.7468614929178, 60.85969528852279], [-135.74673811481296, 60.85892647186623], [-135.7472219892805, 60.85824676244921], [-135.74782052197364, 60.8574390029611], [-135.7489235881272, 60.85696282930358], [-135.75027836324523, 60.85664723500195], [-135.75269406125162, 60.85606509836435], [-135.75410061042786, 60.85563341890786], [-135.75475244501993, 60.8549285944849], [-135.75497069681896, 60.85416163275532], [-135.75395716487583, 60.85345688310436], [-135.75289130795593, 60.85306637831476], [-135.75092952107212, 60.852886094975325], [-135.7486407099849, 60.85304777799433], [-135.74710480638308, 60.853263583871616], [-135.74562294693686, 60.85338413780336], [-135.7438446209076, 60.853324330041595], [-135.74316378634904, 60.853143169836244], [-135.74200527208643, 60.85268187834592], [-135.7416543537485, 60.85198133129291], [-135.74178991885864, 60.85123732662065], [-135.74251998494975, 60.85066621470976], [-135.7439499054632, 60.85025491790906], [-135.746082414743, 60.84982601363468], [-135.74769404848655, 60.849316241887124], [-135.74882705878193, 60.84892471284992], [-135.749897542592, 60.84800143975956], [-135.75030265777175, 60.847094840668326], [-135.75023438499576, 60.846444593511045], [-135.74941298826715, 60.845927321814024], [-135.7483007761648, 60.845498827528395], [-135.74651904576876, 60.84536417777105], [-135.74475437101663, 60.845392065376025], [-135.74279090296912, 60.84575088132719], [-135.74163935491293, 60.84621975400311], [-135.74003056764587, 60.84678153920455], [-135.73870240757117, 60.84715700497696], [-135.73635315955153, 60.84765574613273], [-135.73376177907647, 60.84775301364971], [-135.73181195492992, 60.84760605543415], [-135.73038253390254, 60.84733200886245], [-135.72897114251342, 60.846910811181786], [-135.7280818643253, 60.846378804967735], [-135.72755513522054, 60.84580516866795], [-135.727457469062, 60.84518825002283], [-135.72815198060312, 60.8448123840729], [-135.72963357318537, 60.844628788137946], [-135.7321174465936, 60.844143106174705], [-135.73466677422044, 60.84396541814224], [-135.73738918481075, 60.84384855201645], [-135.73963910140492, 60.84367824304798], [-135.7417611912099, 60.84292433126423], [-135.7434874603534, 60.842212885098725], [-135.7446320171689, 60.84167896802912], [-135.74509942594634, 60.841047904131024], [-135.74564541036116, 60.84077214378548], [-135.74612681220574, 60.840478438787656], [-135.74663768449582, 60.84005881816606], [-135.74704102780964, 60.83963145688163], [-135.747440533912, 60.839371092968214], [-135.74809653773377, 60.83911473039875], [-135.74932720301115, 60.838843956498565], [-135.75042633269229, 60.83874337219846], [-135.75176390744235, 60.83827169438421], [-135.75272760142064, 60.837694641204614], [-135.75369942626122, 60.83699219812014], [-135.75437485346293, 60.83610942193811], [-135.75530630400857, 60.835835668961145], [-135.75592229038065, 60.83540293204722], [-135.75627631840027, 60.834914184750176], [-135.75664455818858, 60.834560689165194], [-135.75746297145162, 60.83422717098015], [-135.75894168114093, 60.83408567094123], [-135.7602878400104, 60.834103963211234], [-135.761547321106, 60.83431219166242], [-135.7621482050248, 60.834547422747406], [-135.76268260899414, 60.83496166274507], [-135.7630572823087, 60.83568243827169], [-135.76315530504047, 60.83641018055257], [-135.763167749033, 60.83733827671669], [-135.76331557028158, 60.83833598299246], [-135.76369578405243, 60.83910877443988], [-135.76454910660274, 60.83971317301008], [-135.7652532501563, 60.839914496368394], [-135.7664605530402, 60.84003011284283], [-135.76747562844218, 60.83994193405415], [-135.76856156087953, 60.83971635005358], [-135.769217810709, 60.839261670496015], [-135.76917098946643, 60.83861609279836], [-135.76897231089222, 60.83774485046464], [-135.76921274224065, 60.837394541730106], [-135.76959294939746, 60.83715545367184], [-135.77043656187968, 60.837061143386215], [-135.77148710015294, 60.83710764678357], [-135.7720374591613, 60.83746928919999], [-135.77245643941592, 60.83800115480707], [-135.77262702160832, 60.8384036799508], [-135.77289632763842, 60.8387306907541], [-135.77335461004913, 60.839230264993375], [-135.77396079622412, 60.83971567045707], [-135.77445655665196, 60.83996393540403], [-135.77534645530375, 60.840306554419136], [-135.7761750873898, 60.84047337823858], [-135.77745217473841, 60.840441087202976], [-135.77965662469302, 60.84050006677831], [-135.78135796484656, 60.840644769833574], [-135.7824846282645, 60.84080400790254], [-135.78356951485773, 60.841172929335364], [-135.78450322353382, 60.84152481019873], [-135.78529568125262, 60.84195328658495], [-135.78577880784908, 60.84248348667153], [-135.786272194292, 60.842909108604026], [-135.78680485405704, 60.843302437676726], [-135.78772761530072, 60.84355025738249], [-135.78882179016472, 60.84380415306713], [-135.78980512712337, 60.84401912632266], [-135.79051533686408, 60.84407411980025], [-135.79147851302747, 60.84430002439785], [-135.7921870944752, 60.84474102325154], [-135.79216969909186, 60.8451795974818], [-135.79205692604438, 60.84572491039172], [-135.79200137659228, 60.846206179067735], [-135.79233039707734, 60.84648990989211], [-135.7930564248887, 60.846492330408196], [-135.79358089245147, 60.84640598379613], [-135.79469504196447, 60.84604385391038], [-135.79525813793165, 60.84551838429031], [-135.7958010348526, 60.84500385770731], [-135.79617164109112, 60.84427464222682], [-135.79642448178623, 60.84364230698386], [-135.79638927376274, 60.8431111815206], [-135.79594876847233, 60.842381729140655], [-135.79550361090952, 60.84180886976236], [-135.79466290990342, 60.84132951867643], [-135.7937785585862, 60.84084084103113], [-135.79257275675218, 60.84033946160391], [-135.7913891123778, 60.840046144012895], [-135.79000923095055, 60.83991427505461], [-135.78883859987008, 60.83994398899064], [-135.78724338618423, 60.839994894700396], [-135.78575931123092, 60.83988648656628], [-135.78475154005207, 60.83964080971763], [-135.78384358274099, 60.839330005653466], [-135.7829157906128, 60.838831927631254], [-135.78263644968112, 60.83841130347857], [-135.78232039576613, 60.8378455650623], [-135.782415335506, 60.837332006138055], [-135.7827205635376, 60.836990458640514], [-135.7831175297286, 60.836709176411915], [-135.78373061804783, 60.83645371128486], [-135.7849484133664, 60.836266367597275], [-135.78626015334532, 60.83616008483378], [-135.78780016287598, 60.836194040388406], [-135.78967266437235, 60.83634471976572], [-135.79111844248382, 60.836495778789256], [-135.7930324357795, 60.83663492387522], [-135.7947090234559, 60.83674878300522], [-135.79611228081424, 60.83690086852805], [-135.7970785962317, 60.837157944634804], [-135.79783875359925, 60.83748285208153], [-135.79902901161927, 60.83783853374782], [-135.80039642732996, 60.838054078403445], [-135.80169023511763, 60.83797939194316], [-135.8028733827937, 60.83766757963666], [-135.80359645550772, 60.83704409684873], [-135.80434559694868, 60.83606525839953], [-135.8048835509907, 60.83570728556156], [-135.80590095598413, 60.835243189399534], [-135.8067299640848, 60.83501339631516], [-135.80898810291194, 60.834536639716006], [-135.8087394671238, 60.83426344288951], [-135.8078774674667, 60.8339317429479], [-135.80747726648258, 60.83363934314215], [-135.8073681667799, 60.83345994247401], [-135.80750906790132, 60.83325864267736], [-135.8079154664032, 60.832937442602535], [-135.80807536759653, 60.83271764290772], [-135.8080386671189, 60.83243114276285], [-135.80778166622798, 60.83229414287514], [-135.80765686596908, 60.8322588423893], [-135.80706356588638, 60.83197924258433], [-135.80649216566718, 60.831899242483935], [-135.8053752655331, 60.83187964341024], [-135.8048827665811, 60.83194384333669], [-135.8045452655933, 60.832078443147275], [-135.80413976558577, 60.8321686429651], [-135.80385576529457, 60.83216834330377], [-135.8034965662532, 60.83205714304947], [-135.80327366485088, 60.83194234356549], [-135.80308546523563, 60.83166484379259], [-135.8030408661039, 60.83145044337113], [-135.803124766118, 60.83130454333097], [-135.80325376551306, 60.83123434336271], [-135.80363646579866, 60.83117564296963], [-135.8039620645187, 60.831172243206254], [-135.80443586542506, 60.831034043108104], [-135.80451956429118, 60.83093434329656], [-135.80451666432063, 60.830716243214155], [-135.80428686543584, 60.83044244368912], [-135.8040261642208, 60.83031844290532], [-135.80165756356527, 60.82995934406262], [-135.80048796363326, 60.82988984383497], [-135.79981026342818, 60.82989464405429], [-135.7994730632798, 60.829936843670524], [-135.7991545643457, 60.8300529445369], [-135.79896146413236, 60.83006574419907], [-135.7987759632831, 60.830052543961195], [-135.7985156646712, 60.829836043898275], [-135.79845266381852, 60.82950144459224], [-135.79862416327904, 60.829242844434596], [-135.79874646321008, 60.82896764388661], [-135.79928506281385, 60.82874824391284], [-135.800481664089, 60.82868104414196], [-135.80064466321804, 60.82863314395535], [-135.80091786299428, 60.82848734393868], [-135.80103606292468, 60.82827124396815], [-135.8011944629154, 60.82750994377295], [-135.80115496228942, 60.82700534402865], [-135.8015104608713, 60.82617204372994], [-135.80162486224165, 60.82596884377585], [-135.80224246102193, 60.82584754384632], [-135.80254956092114, 60.82572394339443], [-135.80253906219292, 60.82553174341159], [-135.80236936094417, 60.82537444354107], [-135.8020063617295, 60.825276143763276], [-135.80158636106995, 60.8252332434114], [-135.80124976152382, 60.82513674381978], [-135.80084206020996, 60.82487024418534], [-135.8007106599935, 60.82462984440324], [-135.80073475956777, 60.82427494362973], [-135.80054615977397, 60.82413614431465], [-135.8004484605037, 60.8239641441779], [-135.80048296007402, 60.82384774413488], [-135.8007753605653, 60.82363734437999], [-135.8013058600325, 60.82349004410412], [-135.80160565991247, 60.823299943596375], [-135.80195085946664, 60.82313954403838], [-135.80217885918486, 60.82291794345478], [-135.8022671588313, 60.82262044346834], [-135.80200325844768, 60.82237064397598], [-135.80162485997124, 60.822324044215826], [-135.80111775918692, 60.82230144414349], [-135.80053065918443, 60.82241174386139], [-135.79999665888118, 60.822479544107146], [-135.7993190597282, 60.82248444408311], [-135.79889935913417, 60.82239524453388], [-135.79858145809519, 60.822372743995615], [-135.7982637587886, 60.82230404464571], [-135.7980106583021, 60.82220034465608], [-135.79771015906138, 60.8216640442602], [-135.79764035750563, 60.82117044463324], [-135.79769085854437, 60.82086374470185], [-135.79806645728092, 60.820645944907035], [-135.79836955718508, 60.82058164475481], [-135.79936545766463, 60.82046064393194], [-135.79967625832523, 60.82037034428537], [-135.79990465782998, 60.82005644403628], [-135.80014875650934, 60.819598244673934], [-135.80037705620782, 60.81933054412883], [-135.80069175755318, 60.81918114422923], [-135.80118055710494, 60.819037444488146], [-135.8012982566793, 60.818959944059834], [-135.80125405648295, 60.81865304412004], [-135.80091075652217, 60.818397643949496], [-135.80029895558727, 60.81809024460192], [-135.80024295665615, 60.817914644514076], [-135.80047915658656, 60.817528544053985], [-135.8005482551798, 60.81729574462521], [-135.80040125460792, 60.81715324410729], [-135.80023125616682, 60.8170884442577], [-135.79988655507697, 60.81715644448036], [-135.79941295477173, 60.81729464440407], [-135.79879095496466, 60.81761374450491], [-135.79855235634489, 60.81764304490911], [-135.7978635550514, 60.81764054446526], [-135.79752695503797, 60.81759024427088], [-135.79698255464834, 60.817465845025644], [-135.79678235532705, 60.81736584458031], [-135.79661685519906, 60.81714944439792], [-135.7966414546422, 60.81670214503762], [-135.79589005374228, 60.81631884519806], [-135.79580305448525, 60.816292845399616], [-135.79520855425986, 60.81638274511913], [-135.79470455534877, 60.8165319454444], [-135.79435505503434, 60.81684394533304], [-135.79418335583986, 60.817148745317766], [-135.7938951544272, 60.81730004569988], [-135.79320535431168, 60.8175284453768], [-135.79284925426174, 60.817589045272896], [-135.7924740552031, 60.81771434567553], [-135.79203835498987, 60.817815545710786], [-135.79166035507507, 60.81772274594464], [-135.79141105514236, 60.81760604548699], [-135.79106105534544, 60.81719164546838], [-135.79106205361254, 60.81696064559436], [-135.79150235447372, 60.81666164532706], [-135.79206445501703, 60.81622604573488], [-135.79214125461246, 60.81596744584734], [-135.79211175335445, 60.81579364542626], [-135.79192335450318, 60.81560864530833], [-135.7916062534082, 60.81544744541403], [-135.79066075286713, 60.815307846266414], [-135.79013905248246, 60.81519824583029], [-135.78962905254238, 60.815003646397315], [-135.7891948532274, 60.814781346488516], [-135.7888632520416, 60.81448714620102], [-135.78848205181623, 60.814268646030136], [-135.78808905205742, 60.81413514597013], [-135.78745695208133, 60.814169546592154], [-135.78645285274936, 60.81445494686198], [-135.78491245295936, 60.81531634643521], [-135.78453745347016, 60.81539534710993], [-135.78395075288395, 60.81541324720034], [-135.78368985239064, 60.81538144711645], [-135.78334985312648, 60.815251746963526], [-135.78304785228158, 60.815085046638735], [-135.78295395325435, 60.81494634708445], [-135.78307935206823, 60.81484294668402], [-135.78362065177356, 60.81479554673414], [-135.78397265309783, 60.814794046932946], [-135.78437025265666, 60.814729846852295], [-135.78472675252377, 60.81457684687378], [-135.78496585210718, 60.8144088472239], [-135.78505025177566, 60.81417054683761], [-135.78491855187943, 60.81402254715575], [-135.78435965120306, 60.81376504728602], [-135.78346365237226, 60.81359584690837], [-135.78305515117657, 60.81356024740704], [-135.78078855048915, 60.81354474788965], [-135.7797794509715, 60.81330144734144], [-135.77943635144956, 60.81304594730904], [-135.77935735039665, 60.8129479477048], [-135.7793389508442, 60.81282774786198], [-135.7794987512918, 60.81265424789792], [-135.78008675047622, 60.81235914751047], [-135.78047025090018, 60.8120694478094], [-135.78045984998022, 60.81187724762481], [-135.77989345034743, 60.81164554794694], [-135.7791407500077, 60.81158554754367], [-135.77823525047825, 60.81181174786787], [-135.7775464504503, 60.8118553480147], [-135.77692615043978, 60.81180464820408], [-135.77661265030326, 60.81167674854598], [-135.77622794987656, 60.81142494846376], [-135.77561174953627, 60.81131514789605], [-135.77540334883264, 60.81137964871811], [-135.77497854851043, 60.81158054820408], [-135.77478654945958, 60.81213484835108], [-135.7747125490823, 60.81256534854434], [-135.77463244940006, 60.81269834863715], [-135.7745479504376, 60.81293664863891], [-135.77469484945013, 60.81307914856322], [-135.77499354999972, 60.81312024863659], [-135.77510235072032, 60.81329964860353], [-135.77504485123535, 60.8134474485893], [-135.77475705128188, 60.81350624837266], [-135.7742613501418, 60.81349084875157], [-135.77356545118366, 60.813421648611225], [-135.7727195502756, 60.813084248685], [-135.77240324932185, 60.81278434846754], [-135.77197324909793, 60.81250294861065], [-135.7717390488346, 60.81242684922261], [-135.7710545485567, 60.812365048754884], [-135.77039954865612, 60.81243074915637], [-135.77013384900843, 60.812596749261644], [-135.77030285013709, 60.81284654870017], [-135.7704181495473, 60.81323104881231], [-135.7698685494231, 60.813396749201004], [-135.76947095084682, 60.81346094951029], [-135.76925165070742, 60.813425549651996], [-135.76889655037854, 60.81330124917073], [-135.768519150574, 60.813116049589794], [-135.76813735016955, 60.81303604930049], [-135.76734644955283, 60.813059049888686], [-135.76701205005426, 60.81331925000963], [-135.76695474901692, 60.813420850006324], [-135.76667795004184, 60.81353324929324], [-135.76606435000474, 60.813641549952436], [-135.7648684505882, 60.81366214988046], [-135.7645620503536, 60.81364705010397], [-135.7641124492419, 60.813522649866165], [-135.76384934970463, 60.813180350147405], [-135.76342554793524, 60.81247005059408], [-135.76332404879116, 60.81235715009181], [-135.76236874920463, 60.81197895083422], [-135.76120914763516, 60.81160595054792], [-135.76067704808312, 60.81135015027581], [-135.76062094784456, 60.81122075118466], [-135.76054564809306, 60.81115595050348], [-135.76069034775568, 60.81098795110375], [-135.76096584703097, 60.81042645034414], [-135.76076974706896, 60.81031345111936], [-135.7596269471706, 60.81033775090669], [-135.7592940466844, 60.8103207506764], [-135.75920714717043, 60.81029475089774], [-135.75892344673565, 60.81029435122485], [-135.7580196466283, 60.810197051333944], [-135.7576898461294, 60.81030565167383], [-135.75774744752357, 60.81083805113819], [-135.75756524779368, 60.81095055094197], [-135.75686114648872, 60.81099945164047], [-135.756304946235, 60.81100615156444], [-135.75598744641675, 60.81093735155221], [-135.7557196470963, 60.81079285157626], [-135.75521894575624, 60.810341151569865], [-135.75492774661456, 60.810320451998486], [-135.75397384633467, 60.810391251987895], [-135.75348904693385, 60.810475552181536], [-135.75303434602787, 60.81059515193195], [-135.75273534717817, 60.81060025216238], [-135.75245574644455, 60.810540751642606], [-135.7521164452609, 60.810318451726225], [-135.7515485459119, 60.809729951988025], [-135.75106474428407, 60.80899555239029], [-135.75089924564676, 60.80882525221383], [-135.75069154416943, 60.808751052024654], [-135.75004844429236, 60.808731652447975], [-135.7492576447356, 60.80875455253172], [-135.74876514548012, 60.80886475265004], [-135.74696884557946, 60.80935765311477], [-135.7465295442026, 60.80942535299673], [-135.74617024561374, 60.80940635347628], [-135.7453536447639, 60.80928875335], [-135.74486334539603, 60.809029353507775], [-135.7440884441945, 60.80890805370307], [-135.74389264481422, 60.808748853862745], [-135.74350744426417, 60.808635553403285], [-135.74252464435182, 60.80848625384249], [-135.74211734401942, 60.80826575410458], [-135.7424408433169, 60.80795205371657], [-135.74307454414492, 60.80764055378336], [-135.74321244299898, 60.80735985387997], [-135.74319124367793, 60.807113953885995], [-135.743097542744, 60.80697525394751], [-135.74278874373746, 60.80674195390686], [-135.74276944203842, 60.806172653531455], [-135.74259984196098, 60.8060614541941], [-135.7421429430966, 60.805916654223765], [-135.74121264159126, 60.80586355400961], [-135.74078944217385, 60.805787154483525], [-135.74049524113622, 60.80564075429696], [-135.74040154098395, 60.80550195452697], [-135.7403133411154, 60.80507305455344], [-135.7404294409005, 60.804638853991264], [-135.7403741412863, 60.80441705394536], [-135.73925993991236, 60.802897954182335], [-135.73887173940548, 60.802658954562126], [-135.73862723995316, 60.80243685411331], [-135.7383215387775, 60.80232915478932], [-135.73810593992167, 60.80232695443304], [-135.7374050390725, 60.802501554493574], [-135.73706393878854, 60.8026026543078], [-135.73645324018872, 60.80288275459562], [-135.73594204009464, 60.80296515511286], [-135.7353100390299, 60.802999255045684], [-135.73443103974878, 60.8032271549733], [-135.73360464045828, 60.80350495529926], [-135.73321063935188, 60.803602355427266], [-135.73234404019132, 60.80365275531606], [-135.7318863399283, 60.803646555665395], [-135.73099503870273, 60.80341785602709], [-135.73053473965774, 60.80323975608724], [-135.7302266385467, 60.80291395614981], [-135.72991463897804, 60.8026011559974], [-135.72906743749272, 60.801999156269275], [-135.7283466380152, 60.80174295614213], [-135.72713603670496, 60.80118105617606], [-135.72630203802672, 60.80089695621789], [-135.72516813689413, 60.80075655687945], [-135.7246772365061, 60.80063565661203], [-135.72416823618602, 60.8003945566804], [-135.7235432372191, 60.79995365711966], [-135.72305783572116, 60.79958885680381], [-135.7228934356562, 60.7992798569854], [-135.72240173500333, 60.79870985755393], [-135.72216093533498, 60.798520957132965], [-135.72194603483064, 60.798426357434316], [-135.7213344357524, 60.79825715769098], [-135.72101783523993, 60.798095857573884], [-135.7207128347578, 60.7978957572741], [-135.72070633515258, 60.79773675762978], [-135.72088123443132, 60.797604057419456], [-135.72119583469606, 60.79750105730282], [-135.7214910340907, 60.797462657754735], [-135.72166983444984, 60.797316956906165], [-135.72170073511282, 60.79721345760886], [-135.72157033430014, 60.796926857171485], [-135.72126853372492, 60.79680615719494], [-135.72110203490143, 60.79682075757849], [-135.72065963334398, 60.79680895783995], [-135.71999873393509, 60.796669257206844], [-135.7197853328998, 60.79634355740522], [-135.71991923385156, 60.796122057711855], [-135.72020803423936, 60.79592475720866], [-135.72062843353478, 60.79582925735955], [-135.72121503402744, 60.79576555774078], [-135.7217987324608, 60.79557615741458], [-135.72179223327575, 60.795417157246575], [-135.72133623330328, 60.79517985778881], [-135.72073963244375, 60.79505135789472], [-135.72010453281186, 60.79500595795829], [-135.71869923253567, 60.7947800582801], [-135.71796323311995, 60.79457555792092], [-135.71757893230898, 60.79436975839342], [-135.7174662326239, 60.79424945817631], [-135.7175733320824, 60.794072158066726], [-135.71794833142263, 60.79399335780946], [-135.71825153231643, 60.79388295763121], [-135.7186239319075, 60.793632157522985], [-135.71860383148874, 60.793247757896104], [-135.71817853187585, 60.79295315829003], [-135.7176945308819, 60.79294495837607], [-135.71708863091476, 60.79307335782568], [-135.71676633196654, 60.79320215823197], [-135.71628613034517, 60.79318105873896], [-135.71576543115222, 60.793024958249376], [-135.71570993137084, 60.792849258682615], [-135.71590793158978, 60.792638958518], [-135.71679622983714, 60.7921543584132], [-135.7169107312739, 60.79199735830118], [-135.71678063029998, 60.79166445856619], [-135.71652182917495, 60.791355458003615], [-135.71643502966745, 60.791329358530824], [-135.71621692887248, 60.79115535797077], [-135.71575302898682, 60.79099005837238], [-135.7152422299293, 60.791026158803206], [-135.71474932971682, 60.7912286585738], [-135.71446443043973, 60.79141305872764], [-135.7140924291452, 60.79161755878863], [-135.71360783066393, 60.79170175891802], [-135.7132067305779, 60.79173255863412], [-135.7127612298235, 60.79164115930827], [-135.7119355301182, 60.79128495918516], [-135.71149712908075, 60.79126015910001], [-135.70931632919974, 60.791639059524044], [-135.70887752899063, 60.79166055958753], [-135.70854912974144, 60.79158415989624], [-135.70841393006023, 60.79144905925475], [-135.70883762949967, 60.79089155964858], [-135.70877762906846, 60.79082125960837], [-135.70880832915418, 60.790763959765414], [-135.70876452894683, 60.79054955945033], [-135.70846322760522, 60.790382659278926], [-135.70814602848188, 60.79031375965984], [-135.70752172793811, 60.79036815982085], [-135.7070513280959, 60.79058545974784], [-135.70688702885883, 60.79081806000719], [-135.7067485283565, 60.791144959828536], [-135.70675402845035, 60.79144245993072], [-135.70610192980283, 60.79167976002094], [-135.70580342846625, 60.79163856012463], [-135.70546472899895, 60.79141626018526], [-135.70500052817275, 60.79129715980391], [-135.703898828658, 60.79096066016551], [-135.70341522863075, 60.79090626066964], [-135.7030571275457, 60.79074856043069], [-135.70303912806926, 60.7906283605761], [-135.70293362795866, 60.7905745608687], [-135.7019806270925, 60.78956196041803], [-135.70215052676573, 60.789085360351024], [-135.7019786270031, 60.78880226106747], [-135.70131022757892, 60.788688361171744], [-135.70078432577, 60.788729961007], [-135.70018022676294, 60.7891225611621], [-135.69987312666441, 60.78924586119345], [-135.6990869264299, 60.78920936072613], [-135.69882722617268, 60.789038861137286], [-135.69869392693278, 60.788672660949835], [-135.69868852563317, 60.78837506096978], [-135.69893142616132, 60.78774526155105], [-135.6987854255086, 60.78755646078035], [-135.69832192560946, 60.78734496092181], [-135.69763032470945, 60.787308661020866], [-135.69571872541204, 60.78760086141706], [-135.69515832499397, 60.787712661886225], [-135.6951537248742, 60.787817961564734], [-135.69534422508343, 60.78812886155518], [-135.69535022620425, 60.788333961755725], [-135.69504302587492, 60.788457261635955], [-135.6945937251493, 60.788378861792], [-135.6940318264207, 60.78818006189288], [-135.6937116251197, 60.78803156158271], [-135.69325942570845, 60.787332161808465], [-135.69273112449005, 60.78720176249902], [-135.69219462413594, 60.78714356222772], [-135.69163882506643, 60.787149862766924], [-135.6904598241784, 60.78707196211591], [-135.6900528242663, 60.78689746292629], [-135.68956962363092, 60.78679676259724], [-135.6888075244055, 60.78659016275681], [-135.6882866242749, 60.78648016322521], [-135.68782682418527, 60.786301862932795], [-135.6879375231752, 60.78615796269867], [-135.6883449241271, 60.78579086296488], [-135.68862532348402, 60.78571196309989], [-135.68913532404972, 60.7857683629381], [-135.6899831229493, 60.78564426259403], [-135.69008572431733, 60.785572362532086], [-135.6900152233772, 60.7854021622564], [-135.6892221223748, 60.7852990631144], [-135.68841272277638, 60.785340062526494], [-135.6875804228961, 60.78541246264372], [-135.68689242363706, 60.785409263426565], [-135.68625442218922, 60.785284263643966], [-135.6862516233706, 60.78515856343933], [-135.68647212361756, 60.78500926356944], [-135.68637512306418, 60.784837262824006], [-135.68588002347383, 60.78482156353595], [-135.68578972177627, 60.784762163750344], [-135.685692823234, 60.78459016364001], [-135.68596972264584, 60.78447796339905], [-135.68628002145985, 60.784434163116885], [-135.68649622172103, 60.784343962904664], [-135.6865809217615, 60.784151963387146], [-135.68619262194017, 60.78400516365302], [-135.68590912121363, 60.78400466359014], [-135.68548452288084, 60.784159063571344], [-135.68530532300164, 60.784350963620064], [-135.68508872241475, 60.784487363289166], [-135.68443882262287, 60.78444726362911], [-135.68443672247724, 60.78422916381705], [-135.68455252155542, 60.783933763436686], [-135.6846009211337, 60.78354756315264], [-135.68427692201098, 60.78341196375392], [-135.683942120748, 60.78367196363666], [-135.68381582207488, 60.78386766329896], [-135.68356152243962, 60.7839946637086], [-135.68322122263874, 60.784003263954204], [-135.68302872183548, 60.78396966416314], [-135.6829212206235, 60.78369776407433], [-135.68292662223186, 60.78349996337266], [-135.68273832201382, 60.783407264125174], [-135.68180872163444, 60.78335366405188], [-135.68156792151726, 60.783210963607644], [-135.68164772067772, 60.78317046362873], [-135.6821093212978, 60.78311766423666], [-135.68210372022247, 60.78286636372511], [-135.6817533210038, 60.782728864420854], [-135.68075331979128, 60.782505164130974], [-135.68033331989588, 60.78255426410171], [-135.68027502042122, 60.78274826395824], [-135.68038872104177, 60.783179064647584], [-135.6803909216588, 60.78384626408539], [-135.6802117222414, 60.78403816450847], [-135.679920421353, 60.78406346466901], [-135.6795279209099, 60.783975864150364], [-135.67929212052275, 60.783681564744555], [-135.67906222060435, 60.78359236413861], [-135.67821562148708, 60.783577764511385], [-135.6776376201614, 60.78352306439249], [-135.67625812121827, 60.783483465038536], [-135.67619742029046, 60.78350546512619], [-135.67618152119462, 60.78360346532023], [-135.67567672118096, 60.783844564835555], [-135.67496102004029, 60.78352896552258], [-135.67533231945507, 60.782967764755455], [-135.67541472054225, 60.782603865006585], [-135.67537571900115, 60.782284065334046], [-135.67495801935297, 60.78205586534509], [-135.67445161951707, 60.78203276543612], [-135.6737050191699, 60.78226966525155], [-135.6731274192131, 60.78216876517595], [-135.67219471953507, 60.78113746532346], [-135.6716491184764, 60.78084066546349], [-135.6711731190645, 60.78080636547407], [-135.6709160179073, 60.78080776628014], [-135.66985861806987, 60.78068546576349], [-135.66946351854284, 60.78047216581562], [-135.6692014173771, 60.780175966208624], [-135.66892721740504, 60.77996466584314], [-135.6685586169035, 60.779753266428884], [-135.66847651664747, 60.77962186592829], [-135.6684820170654, 60.77942406648194], [-135.66820041637598, 60.77919246604386], [-135.66758101614178, 60.779141366042545], [-135.6672714160958, 60.77909266602331], [-135.6672431164425, 60.7788726666343], [-135.66740991661098, 60.778812066023235], [-135.66767241727084, 60.77861296649967], [-135.66761371727875, 60.7784039668265], [-135.66743441563156, 60.77814666602645], [-135.66708101590038, 60.77792976686205], [-135.66700161571555, 60.77792406672704], [-135.66688891664418, 60.77784986652484], [-135.66656381587126, 60.777852966606815], [-135.6661438160876, 60.777901966944505], [-135.6658747164716, 60.777988267070626], [-135.66572231700195, 60.77813586680902], [-135.66540341673627, 60.77829786684138], [-135.66514601609862, 60.77834536717577], [-135.66459771536879, 60.77837196692498], [-135.66450821694346, 60.77822026711974], [-135.66523231674518, 60.777968467171284], [-135.66545011575803, 60.77769356661099], [-135.66551001468991, 60.77731476703894], [-135.66548171631425, 60.777094767109226], [-135.6651753158598, 60.77667646675221], [-135.66450071513842, 60.77644966681638], [-135.66396841469282, 60.776378267146136], [-135.66096211388958, 60.77568646745396], [-135.6607141141234, 60.775523267608655], [-135.66076011309715, 60.77501136802678], [-135.66052851387246, 60.774704167501035], [-135.66012611290628, 60.77447036771081], [-135.65884861263413, 60.774048168110724], [-135.65837271338748, 60.77401396780946], [-135.65783961301312, 60.77403496773622], [-135.65702651332143, 60.774537868286856], [-135.6565108137812, 60.77472526858772], [-135.6561858123784, 60.77472826811668], [-135.65598981210988, 60.77466136853603], [-135.65599111244526, 60.77452276871137], [-135.65610621311833, 60.77431966868763], [-135.6560185114815, 60.77398306861624], [-135.65556061172782, 60.77361986874945], [-135.654854412539, 60.773139768873094], [-135.65420051157656, 60.773158668536595], [-135.65389021173246, 60.77320236900813], [-135.6531024109227, 60.77339656847831], [-135.65279211109282, 60.77344026890658], [-135.65236521154773, 60.77342276890292], [-135.65201841067682, 60.77331846944039], [-135.6514350112214, 60.77305846937289], [-135.65116101178546, 60.77284716873794], [-135.65114671036224, 60.7727602694144], [-135.65139321039032, 60.772659169483504], [-135.65197261011227, 60.77252916934787], [-135.65245091008848, 60.77228626890617], [-135.65238460988425, 60.7721031691396], [-135.65226491094248, 60.77196246927692], [-135.65179850975116, 60.771717468902], [-135.65159871046092, 60.771663469564544], [-135.65153760989907, 60.77173166933161], [-135.65048801054945, 60.77162966934195], [-135.64995441024567, 60.77129396896866], [-135.64915560880954, 60.77103166914503], [-135.64858530940393, 60.77099717004297], [-135.646675008253, 60.77039047024289], [-135.6454217082028, 60.770247270320986], [-135.64471230860667, 60.77013666992429], [-135.64397950926588, 60.770103670349144], [-135.6424026087235, 60.77022767089192], [-135.64212360839593, 60.77016787043668], [-135.64199180848163, 60.770112171077194], [-135.64217420779403, 60.769999871128334], [-135.64278480863635, 60.76976647027954], [-135.64278610900035, 60.769627870302386], [-135.64194970866944, 60.76935617053683], [-135.64141370759023, 60.769297670857966], [-135.6409335083269, 60.76932247086227], [-135.64049330755356, 60.769528471007234], [-135.64025060775253, 60.76961667122349], [-135.6396982080379, 60.77010517149917], [-135.63955780777528, 60.77016777136372], [-135.63937100871877, 60.7703391715153], [-135.63912440766325, 60.77044027146219], [-135.6388137086091, 60.770530171604875], [-135.63833400877226, 60.770508771131865], [-135.63825860860726, 60.77049007114557], [-135.63816020833391, 60.770502870950764], [-135.63668780778735, 60.76996717139274], [-135.63640480704416, 60.76992037129995], [-135.63595500719742, 60.76993417167115], [-135.63569670801903, 60.77007397179432], [-135.63538600718672, 60.77016387173224], [-135.63486040849105, 60.770205172261775], [-135.63446040820074, 60.770143271805686], [-135.63428060838734, 60.76997837228765], [-135.634346506649, 60.76980477205367], [-135.63493800648033, 60.769589871803525], [-135.63537530685443, 60.76930447146146], [-135.63544590661823, 60.76902547213147], [-135.63509100682546, 60.76899327158998], [-135.63478080708907, 60.769036972055616], [-135.63458230723407, 60.76924717170092], [-135.63441540674816, 60.76930777149474], [-135.63404490673602, 60.76932727207636], [-135.63369830616836, 60.76922297201952], [-135.63362510653036, 60.76897327181469], [-135.63373950664098, 60.768862671761696], [-135.63481850683226, 60.768643371738705], [-135.6349182075161, 60.768492072227204], [-135.6348745068901, 60.76832377174684], [-135.63452350671315, 60.768278571623355], [-135.63388480577785, 60.76829197245076], [-135.63343670640612, 60.768523772327384], [-135.6332512069974, 60.76855657248516], [-135.632553206226, 60.76845337242236], [-135.63224640687136, 60.76853027241105], [-135.63217090651497, 60.768914572344734], [-135.63191650706304, 60.76904147202068], [-135.63161100666662, 60.76897977243621], [-135.63128220588055, 60.768592772473326], [-135.63092820615438, 60.76846807230085], [-135.6307995067632, 60.768491872497414], [-135.6306638061966, 60.7688519726957], [-135.63085440667336, 60.76907047266873], [-135.63091930710144, 60.7693921720433], [-135.63076680705942, 60.76953967220698], [-135.63042310742358, 60.76951487244383], [-135.63006700719944, 60.769218373050435], [-135.62993490663862, 60.7692087725329], [-135.6293394069456, 60.76943657240016], [-135.62898750652386, 60.769483872360404], [-135.62850000612443, 60.76948827270576], [-135.6282704059842, 60.76939897293569], [-135.62818520537485, 60.768831372895015], [-135.62834700677988, 60.76851947269656], [-135.62869330578812, 60.76826707258177], [-135.62877040648803, 60.76810087301101], [-135.6284247054931, 60.767904172784796], [-135.62785060585486, 60.76788247265309], [-135.62742020596377, 60.768234473185686], [-135.62680840553392, 60.76820347284022], [-135.62654110520685, 60.76810497348052], [-135.62672010578544, 60.76795937359838], [-135.62693980526404, 60.76790257280736], [-135.62731990547866, 60.76767237266043], [-135.62740530576187, 60.76743417330657], [-135.62696430533322, 60.767329673479956], [-135.62688410564033, 60.767416373240636], [-135.62662190533166, 60.76756917291255], [-135.62639440477432, 60.767651772983], [-135.62610320490958, 60.767676973440686], [-135.62574920480697, 60.7675522732171], [-135.62601140542276, 60.76739947360475], [-135.62623080391478, 60.766986073377076], [-135.62625950519384, 60.766756973687464], [-135.6261214050864, 60.766588373542746], [-135.62576400447713, 60.766430473288956], [-135.62537050389898, 60.76648127377684], [-135.62529750502227, 60.7669912732193], [-135.62503530452102, 60.76714407325437], [-135.62454780510578, 60.76714847396237], [-135.62438370372897, 60.766931774049965], [-135.62450730430504, 60.766656673351164], [-135.6244528041717, 60.766434773242935], [-135.6240084042238, 60.766296973633544], [-135.6237094044496, 60.76634807380211], [-135.6234095046534, 60.76649147334901], [-135.62267980392537, 60.76653777422173], [-135.62240330358543, 60.766603673950236], [-135.62195220407668, 60.766755974359434], [-135.62134640414453, 60.76688397419404], [-135.62081780343325, 60.766845774543974], [-135.62078930316255, 60.76667197419965], [-135.62102250436598, 60.76639157431612], [-135.6209065030238, 60.76628407388495], [-135.62058630305583, 60.766181674083676], [-135.62041440277858, 60.765990874189136], [-135.6203639039331, 60.76575607441008], [-135.62076950404537, 60.76562027401376], [-135.62145510345124, 60.76545187436974], [-135.62149210218647, 60.76515067443392], [-135.62127950308195, 60.76487107450238], [-135.6208840030302, 60.764750074324134], [-135.62039910247148, 60.76488007425517], [-135.62055920338292, 60.76510967462895], [-135.62039880301987, 60.76528297430884], [-135.62015910283085, 60.76545057388983], [-135.61978570314992, 60.76539057437468], [-135.61961820206977, 60.765140674101524], [-135.6191301018134, 60.76483457409241], [-135.61849880208854, 60.764868174511044], [-135.61834620247026, 60.76501567494277], [-135.61767920319008, 60.76521177457967], [-135.61747330322316, 60.765401674521634], [-135.6172572035225, 60.76584837505272], [-135.61704050229696, 60.76598467475397], [-135.61621840236364, 60.76620257450332], [-135.61569330350738, 60.76619767529893], [-135.6152449034868, 60.76607267469632], [-135.6150838035738, 60.765935574875165], [-135.61508480357006, 60.765843174936435], [-135.61545570282763, 60.765777474975415], [-135.6159089034808, 60.765797075197504], [-135.6164697037621, 60.765639475291195], [-135.61655710237255, 60.76521647519587], [-135.61635920308558, 60.76497757530559], [-135.61584770167656, 60.764748974988436], [-135.61523210246995, 60.76473087541829], [-135.61497330304977, 60.764916975510886], [-135.61471350227956, 60.76519537516923], [-135.61462450179405, 60.76540027560971], [-135.61445720305576, 60.765507075344686], [-135.61438180229953, 60.76548847530309], [-135.6140989020575, 60.76544157518894], [-135.6139227028994, 60.76530987573489], [-135.6139667026311, 60.76507527503762], [-135.61448380264753, 60.76474937532999], [-135.61457970252485, 60.764611075361344], [-135.61413670202813, 60.7643345750052], [-135.61359690134253, 60.764288875405434], [-135.6131579010791, 60.76435617538568], [-135.6129402013164, 60.76458487536259], [-135.6130339014229, 60.7650341757454], [-135.61295750195546, 60.76510797564291], [-135.61286560195157, 60.76523337504419], [-135.6115179016112, 60.765492575913285], [-135.61065370167645, 60.76576027627668], [-135.6100821018108, 60.76586417594693], [-135.60976940146313, 60.76578207617666], [-135.60945800124486, 60.765561376261125], [-135.60929060197512, 60.76531147568963], [-135.60925480243156, 60.76511727586638], [-135.6093116026296, 60.76510817563321], [-135.60989890186258, 60.76530927568092], [-135.61013330162783, 60.765293176041716], [-135.61014150199753, 60.764864475574974], [-135.61039210208938, 60.76475047577863], [-135.61063380138026, 60.76475477597769], [-135.61098820249208, 60.76483327554266], [-135.61133030187176, 60.76499677559358], [-135.61164690245695, 60.765065876026064], [-135.61187010146904, 60.76504247585981], [-135.61215580097343, 60.76481207548274], [-135.61220760149106, 60.76455167593054], [-135.61210430193313, 60.764312975866844], [-135.61175040205302, 60.76418827537725], [-135.61131830226802, 60.76432217589264], [-135.61109810179784, 60.76442507604957], [-135.61066400184853, 60.764387075509376], [-135.61056810116878, 60.76416877563591], [-135.6106180003541, 60.76409307600388], [-135.61117230086242, 60.76382277557917], [-135.61135140182193, 60.76367717604942], [-135.61140270079616, 60.76346297612837], [-135.6110415005931, 60.76331787574999], [-135.61028550049335, 60.763362176287686], [-135.61025660126103, 60.76359137609081], [-135.61016860178, 60.76370387614939], [-135.60972970073595, 60.763771175667785], [-135.60941690137406, 60.76368907595109], [-135.60937480136377, 60.76338217587017], [-135.60956119980364, 60.76325697626707], [-135.60972160020563, 60.76308357569087], [-135.60961780020395, 60.76289117580327], [-135.60909949928688, 60.762595975944166], [-135.60879269982055, 60.76267287661768], [-135.6084815010003, 60.76280887607037], [-135.60836269977332, 60.76297857591714], [-135.6080454998473, 60.76295567605165], [-135.60783850056484, 60.7628811760247], [-135.60770150027287, 60.76262027665287], [-135.60774789978214, 60.76251127668517], [-135.60795690002007, 60.76240097639614], [-135.60800770063878, 60.76223287668572], [-135.60765389899095, 60.76210817677186], [-135.6073313995658, 60.762236776713394], [-135.60718269916558, 60.762371276170676], [-135.60682699920753, 60.76243137637828], [-135.60667229924672, 60.76240697610078], [-135.6063189987924, 60.76223607683538], [-135.60632579938644, 60.76194597655896], [-135.60667559830077, 60.76172687621575], [-135.60698429997214, 60.761465176869095], [-135.60679349811846, 60.76129287675152], [-135.60631099847694, 60.76119187629593], [-135.60574139878656, 60.76111097666019], [-135.6051595980768, 60.76111497679557], [-135.60478869896704, 60.76118067719848], [-135.6045322981339, 60.76113567659663], [-135.60415689783386, 60.7609036765563], [-135.60414759817908, 60.76071147741235], [-135.60441769882505, 60.76053287679406], [-135.60492949821605, 60.760358576556364], [-135.60530379854785, 60.76032617660362], [-135.60572409825875, 60.760231176401994], [-135.60598639768776, 60.760078376764874], [-135.60602299871394, 60.75982347693309], [-135.605934398036, 60.75962547664321], [-135.60564519714117, 60.759465777175095], [-135.60568769632746, 60.75865637649101], [-135.60586479688754, 60.75833897681678], [-135.6066612963984, 60.758026776804535], [-135.60688329659095, 60.757738976485044], [-135.60680739609208, 60.757409776649745], [-135.60654759593675, 60.756974877034814], [-135.6056217963582, 60.75628687703799], [-135.60568439501102, 60.756079977151586], [-135.6062249945324, 60.756033276834195], [-135.60626409578808, 60.755904076644], [-135.60536529443394, 60.75552847676464], [-135.60552129451318, 60.75505757655983], [-135.6052546938076, 60.75491277661215], [-135.60474389426236, 60.754994576825446], [-135.6044953935858, 60.75492377708092], [-135.60378459490184, 60.755354477389396], [-135.60298999526358, 60.7554818772663], [-135.60199589444963, 60.75555507742196], [-135.60164219465025, 60.755430377111225], [-135.60139069358192, 60.75528007748677], [-135.60129479455182, 60.75506167791528], [-135.6010124950217, 60.75496857723995], [-135.60066709483146, 60.75512847730626], [-135.60051349427786, 60.755368377323414], [-135.60022979470654, 60.755413877429994], [-135.5998392947805, 60.755544077453706], [-135.59967049503368, 60.75578947763536], [-135.5993554942488, 60.755938377893045], [-135.59918129390016, 60.75597857767263], [-135.59905309382327, 60.75595607773531], [-135.5987785951502, 60.75583707803869], [-135.5989581934037, 60.75528867817724], [-135.5986309946338, 60.75516577796247], [-135.5980672933504, 60.755243877838936], [-135.59741079486443, 60.75518307836016], [-135.59700129317648, 60.754974977994415], [-135.59642059381633, 60.75488657813215], [-135.59573719306286, 60.75487007883919], [-135.5956808937487, 60.75483297868384], [-135.59536489286845, 60.75471757877495], [-135.5946296929193, 60.75424807853629], [-135.59383869250172, 60.75405197854758], [-135.5936532930859, 60.75372807889466], [-135.59324439225466, 60.75347377905506], [-135.59286479276304, 60.7533009792753], [-135.5924093914683, 60.75315557896592], [-135.59221869178603, 60.75298317899953], [-135.59222069137104, 60.75279837893814], [-135.59231319137163, 60.752626779098804], [-135.59211909197964, 60.7524210792686], [-135.59181429176095, 60.75231307896138], [-135.5913759916739, 60.75233417943151], [-135.59067629180066, 60.752772179437386], [-135.59009259205965, 60.752960979423584], [-135.58965719232668, 60.75306157989218], [-135.58881479097099, 60.753079679506165], [-135.5886015921664, 60.75289237922227], [-135.58868189088247, 60.752805779219685], [-135.58912169087023, 60.752646179436546], [-135.58932919158661, 60.75231767958714], [-135.58919769142827, 60.75226187991658], [-135.5887069909879, 60.75223287995404], [-135.58841539054322, 60.75230417944704], [-135.5880989913989, 60.75223498016754], [-135.587723890414, 60.75200297956958], [-135.5874939912293, 60.75195987962766], [-135.58722829058163, 60.75207928008742], [-135.58697569042238, 60.752378079710844], [-135.58663519033277, 60.75243258015626], [-135.5865515911097, 60.75248598016231], [-135.58606429049746, 60.75249017991288], [-135.58561919099296, 60.752444680213735], [-135.58527289125502, 60.75234028013024], [-135.58490459070424, 60.75217478042018], [-135.58487288997392, 60.75196768054873], [-135.58515378957537, 60.75184277994193], [-135.5854301901711, 60.751776980469714], [-135.58556479116052, 60.75155558020092], [-135.58539999069143, 60.75143128036821], [-135.5849886902875, 60.75140797998695], [-135.5845351910494, 60.751434580630644], [-135.5837270900169, 60.751428680043404], [-135.5835133890936, 60.751287680861275], [-135.58351198929762, 60.75106958022527], [-135.58338248960146, 60.750828980296], [-135.58305588938896, 60.75065988072383], [-135.58279848990367, 60.75070728063168], [-135.58253968922776, 60.75089318045472], [-135.58232579010578, 60.75110888037879], [-135.58189428964354, 60.75119648103523], [-135.58142379016897, 60.751056581085535], [-135.5810714905049, 60.75114988055498], [-135.58066928993455, 60.75131888055444], [-135.580261590141, 60.7516392813547], [-135.57998178947892, 60.75167188134406], [-135.57975238944422, 60.75158248089956], [-135.57971628854887, 60.75076738087895], [-135.5794805884513, 60.75056528135424], [-135.57890688919213, 60.75054338141463], [-135.57882548867147, 60.75072248149946], [-135.5789175892614, 60.75126418101709], [-135.57884308921336, 60.751509780871665], [-135.57865768921107, 60.75154258124521], [-135.578303589995, 60.75146398124582], [-135.5779993898387, 60.751309781643904], [-135.57768168966578, 60.7510224815851], [-135.57735398961566, 60.750945781054384], [-135.5769611882023, 60.750950281206634], [-135.57674098908325, 60.75105318160313], [-135.57702228891344, 60.75154918176748], [-135.57694389000184, 60.75180778164064], [-135.57650448961815, 60.75192118124701], [-135.57561708883128, 60.75190948153869], [-135.57368868898618, 60.751458782156604], [-135.5731064885296, 60.75150898256342], [-135.57287058985708, 60.75166358186772], [-135.5720429885363, 60.752032782554814], [-135.5716226884497, 60.75212768254379], [-135.5713507895265, 60.7521343824623], [-135.57106958857858, 60.75194878253851], [-135.5710356881921, 60.751615982460564], [-135.5712075890004, 60.75145008267062], [-135.5717002883402, 60.75129438269369], [-135.57239988797414, 60.75121318239981], [-135.57281628898912, 60.751131082102184], [-135.57285208803557, 60.75096858243944], [-135.572305288358, 60.75090238255337], [-135.57156078778388, 60.75095388261971], [-135.57123258763178, 60.75092348249179], [-135.57096608763868, 60.75077858283658], [-135.5706703886319, 60.7505522821437], [-135.57024598764204, 60.75034958264685], [-135.56956318832457, 60.75028678263123], [-135.56934118791327, 60.7502177829292], [-135.56878698717372, 60.75013118259872], [-135.56831888735272, 60.75011698296972], [-135.5679935885342, 60.75016598325333], [-135.56790878725462, 60.75031168267461], [-135.5682376886707, 60.750606482645445], [-135.5683716886923, 60.751098483109175], [-135.56833578920882, 60.75126098333093], [-135.56808858898788, 60.75140818328699], [-135.5677941877443, 60.751399983410835], [-135.56714668761722, 60.75122068326527], [-135.56664088787505, 60.7511971828767], [-135.5661868882554, 60.75126978331298], [-135.56603068812277, 60.75138398356437], [-135.56577348924102, 60.75174178327529], [-135.56555718873406, 60.751831683090614], [-135.5652249877445, 60.75181418306331], [-135.56493998813298, 60.75164148306558], [-135.56494278747346, 60.751410483324065], [-135.56506848824043, 60.75099678386482], [-135.56491888688686, 60.75086698320903], [-135.56473068697102, 60.750820283545075], [-135.56433048702914, 60.75080438336794], [-135.56409018713435, 60.7513285836768], [-135.56387388856, 60.75141848332643], [-135.56364688720217, 60.751454884024675], [-135.56307808793747, 60.75132758357727], [-135.5627723879219, 60.751311883645926], [-135.5623346880289, 60.75159718369398], [-135.56220998763808, 60.75160788351835], [-135.5617614879607, 60.75152898417121], [-135.56160468754794, 60.75137888427317], [-135.56156868746953, 60.75123088371699], [-135.56138088800725, 60.75113798429307], [-135.56114268732063, 60.751166884024606], [-135.5607931883746, 60.75133958390367], [-135.56057008741587, 60.7513629844654], [-135.55996198678343, 60.751054384044416], [-135.55948428715456, 60.75089408476043], [-135.55927968756708, 60.75094528408649], [-135.55902018694658, 60.75117738483462], [-135.55909768794302, 60.75132178462698], [-135.55963388865155, 60.75164488385146], [-135.55945748859236, 60.751869884452496], [-135.5587100870953, 60.75184188447961], [-135.55833128746062, 60.75193318430813], [-135.55800318804205, 60.75221318465582], [-135.5578739887293, 60.75228308499351], [-135.55752268737226, 60.75228388440687], [-135.5570820872024, 60.752179084589905], [-135.55655208793857, 60.75196878511299], [-135.555587186895, 60.75150208523571], [-135.55497518711525, 60.751516985461166], [-135.55469868791988, 60.75158268474767], [-135.55428788724925, 60.7518235851614], [-135.55420758791143, 60.7522206852765], [-135.55448018869455, 60.75278888467037], [-135.5545290877665, 60.75311618506962], [-135.55434758758025, 60.75344648476007], [-135.5540986881489, 60.75373228520928], [-135.55368898914742, 60.753880785259675], [-135.55308028894888, 60.75392888564787], [-135.55245818923711, 60.75384388581484], [-135.55182978806127, 60.75364618584054], [-135.55148868873346, 60.75343628575679], [-135.55095138766615, 60.75320558579623], [-135.55063498854594, 60.75313628591158], [-135.55023488700263, 60.75312028534571], [-135.54983588681148, 60.75301198563522], [-135.54965938744505, 60.752926386122475], [-135.54955768738088, 60.752595285984505], [-135.54971448648888, 60.752434985572705], [-135.54964318774392, 60.75209288625273], [-135.54892608683988, 60.752053786384955], [-135.5484640862756, 60.75215218593181], [-135.5484258871993, 60.75218908571205], [-135.5487349866166, 60.75254848590056], [-135.5487708882348, 60.75269648621181], [-135.54871018692046, 60.752718485948115], [-135.548423586728, 60.75268438569084], [-135.54759808671105, 60.752247586462836], [-135.54667138708663, 60.7520544859425], [-135.5462162870005, 60.75190898597593], [-135.54569148709194, 60.75159328612838], [-135.54500268613097, 60.75079648695232], [-135.5443255851993, 60.750581986922064], [-135.5443266850634, 60.75048958667138], [-135.54473528620747, 60.75043348624877], [-135.5449105856283, 60.75030088642717], [-135.54485218585748, 60.75013808680535], [-135.5446030854008, 60.750003986703526], [-135.54386708447532, 60.75000398652385], [-135.5433933843321, 60.75022988667072], [-135.54285258613808, 60.75089728698078], [-135.54278388567116, 60.75125568717915], [-135.5424427866531, 60.751356286701565], [-135.54160608582345, 60.75122258756368], [-135.54109588532432, 60.75094748736554], [-135.54070418482652, 60.7508594872086], [-135.540164184748, 60.75085968701779], [-135.53916098615207, 60.75105078774793], [-135.53845518484357, 60.75101908797756], [-135.5375498855109, 60.75093308791861], [-135.53718528440965, 60.75080078807572], [-135.5362549853861, 60.75031008812736], [-135.53542678383164, 60.75010428848023], [-135.53473498488418, 60.75015948873316], [-135.53450278388775, 60.75030108810178], [-135.53442948460568, 60.750718488533444], [-135.53405348435214, 60.750889288203965], [-135.53299368482405, 60.750778788599334], [-135.53271158433873, 60.7506855889303], [-135.5327657844814, 60.75028648903086], [-135.53301768360907, 60.75008028825937], [-135.53299708308808, 60.7500039881759], [-135.5328806845581, 60.74986548842482], [-135.53268128433936, 60.74981128856048], [-135.53224688306335, 60.74981918875841], [-135.5320304843004, 60.74990908879659], [-135.5319390839545, 60.75000398911336], [-135.53188428306058, 60.75012298844417], [-135.53200368463825, 60.75052808841487], [-135.53141298505523, 60.750650188985276], [-135.53082068508246, 60.75060028886349], [-135.53056118479248, 60.75052188916666], [-135.53023538420146, 60.750306488594646], [-135.53006408293658, 60.75011558871105], [-135.53007008392188, 60.750003989127876], [-135.5304655839287, 60.74972868867219], [-135.53084168296968, 60.74955798873747], [-135.53070138264442, 60.749309889181774], [-135.5303564826797, 60.749112889236855], [-135.52990478288217, 60.74900058905944], [-135.52962158262883, 60.74899968879644], [-135.52832328345733, 60.749228589299115], [-135.5280367826304, 60.74919448943489], [-135.52759358226285, 60.74901008910005], [-135.52711208329825, 60.748862589088816], [-135.52665468177807, 60.74890178931054], [-135.52593498214986, 60.74935798936381], [-135.52570348253278, 60.74945328968076], [-135.52503808381442, 60.749510390008744], [-135.52473478249183, 60.74930988947842], [-135.5244378822383, 60.748911590248234], [-135.52409188265568, 60.74880698958357], [-135.5237928822502, 60.748857789842305], [-135.52368878237328, 60.74902199000681], [-135.52343138244592, 60.749069190001194], [-135.5229064831927, 60.74906389051589], [-135.52201988264164, 60.749005590070965], [-135.52137208209095, 60.74887239015137], [-135.52133538232317, 60.74850629066656], [-135.52193728138417, 60.748391790396056], [-135.52225998179125, 60.748263390703826], [-135.52234488204937, 60.74811769017908], [-135.52218438171622, 60.74798039047226], [-135.52169108132065, 60.74787169019931], [-135.5213623815202, 60.74788729022035], [-135.52058228092682, 60.748054791060014], [-135.52005688130293, 60.74809569071121], [-135.51983108139018, 60.74803949072031], [-135.51943738187904, 60.74782569106741], [-135.51911318135765, 60.74778219121129], [-135.51879568112793, 60.74780519115488], [-135.51872648175856, 60.74789929130845], [-135.51868638153488, 60.74807469057958], [-135.51891098208867, 60.748223290678304], [-135.51929068225476, 60.74835019091049], [-135.51973908228322, 60.7484291907029], [-135.5198494815196, 60.748642090948415], [-135.51973078093036, 60.74876549040422], [-135.51917898270108, 60.74880449048752], [-135.51848178081877, 60.74870059064018], [-135.51814298177607, 60.74861639077769], [-135.5171899815873, 60.74815679158165], [-135.51694688033237, 60.74798049130302], [-135.5168330805261, 60.74773429079609], [-135.51679577984666, 60.747414391665835], [-135.51690818123703, 60.746913890830676], [-135.51690328103825, 60.746708791113996], [-135.5168067809274, 60.746582791165096], [-135.51643257921097, 60.74661489091482], [-135.51597248013013, 60.74657459115809], [-135.51558218052628, 60.74639409122342], [-135.5153020798895, 60.74616219136186], [-135.51492517916162, 60.745539991988345], [-135.514737678724, 60.74544699161995], [-135.51404177923888, 60.745250691493204], [-135.51380407924646, 60.745233291337385], [-135.511982378093, 60.74536419244139], [-135.51118857969183, 60.745709092237945], [-135.51037757911195, 60.74593379212087], [-135.5098263789881, 60.74592649246543], [-135.50903147950652, 60.74578899234037], [-135.50669437824376, 60.74522139332466], [-135.5059122785162, 60.7452631927647], [-135.50530777842923, 60.745562393215216], [-135.5050235778062, 60.7459181928066], [-135.50511367801624, 60.746506192686894], [-135.50548037976182, 60.747028592990375], [-135.50599408003976, 60.74729089324851], [-135.50704327910194, 60.74761219274605], [-135.50752328061375, 60.747852192650235], [-135.5082227807954, 60.74834609220045], [-135.5083528809217, 60.74849439240065], [-135.50819128137098, 60.74955279276727], [-135.50801248108408, 60.74965209218746], [-135.50763688154697, 60.74977649236971], [-135.50620908208984, 60.750003993148894], [-135.50568758103785, 60.750102792735504], [-135.50570758095986, 60.75030249333169], [-135.50606688170546, 60.75054019274493], [-135.50599568104232, 60.75077289281731], [-135.50567748218882, 60.750842092616985], [-135.50554418143955, 60.750924793231576], [-135.5055299820699, 60.7514126931038], [-135.50575728264454, 60.75164079258356], [-135.50569668245132, 60.751926992726474], [-135.50526768316504, 60.752093793288765], [-135.50402448341157, 60.752141493207624], [-135.503793483256, 60.75219059287516], [-135.50331808245753, 60.75215579302973], [-135.5025461820926, 60.75198689344349], [-135.5000220812169, 60.75050299401582], [-135.50001123184228, 60.736530025607266], [-135.2341138072898, 60.73653177417816], [-135.23767225724154, 60.7410740913587], [-135.2413326946102, 60.74574508286811], [-135.24209175518703, 60.746713508094146], [-135.24658770253598, 60.75246242785356], [-135.25698018149825, 60.765742294470044], [-135.26296721319278, 60.77337961611952], [-135.26313061313067, 60.77358799907359], [-135.2711754376107, 60.7838437268149], [-135.27167531010852, 60.789418053589586], [-135.25717073951395, 60.789541281327914], [-135.20499599141002, 60.78964275059179], [-135.20506258601282, 60.80006207882914], [-135.1540848535922, 60.800004048188555], [-135.15657260632577, 60.80128956184908], [-135.15859119949008, 60.80208344654977], [-135.16398826500543, 60.80435914355331], [-135.16533842802158, 60.80588266882825], [-135.16614802163338, 60.807735528723306], [-135.16738654379978, 60.80890333623026], [-135.17088809302118, 60.81085979889669], [-135.17205016214098, 60.813023566115085], [-135.17271371177227, 60.816947793033506], [-135.1734072301329, 60.82027473188615], [-135.17361103962227, 60.82735075223909], [-135.17402938596243, 60.82937071393241], [-135.176013634202, 60.830682148138514], [-135.1800935314836, 60.832705982720256], [-135.18128799279373, 60.8352269573432], [-135.18089128506435, 60.837223971446235], [-135.1803355069916, 60.83926404415875], [-135.17900681378063, 60.8417270069206], [-135.177697000794, 60.841841488678114], [-135.10091179076542, 60.848528149175166], [-134.49131143448574, 60.850270589090954], [-133.75002195855467, 60.84853040184178], [-133.75002242739095, 61.53333759003251]]]}, "properties": {"NAME": "Lake Laberge"}}, {"type": "Feature", "id": 6, "geometry": {"type": "Polygon", "coordinates": [[[-133.75002195855467, 60.84853040184178], [-134.49131143448574, 60.850270589090954], [-135.10091179076542, 60.848528149175166], [-134.98140239750975, 60.76827815819236], [-134.95622386712088, 60.738393391016395], [-134.93734739461877, 60.71594695944838], [-134.90472606602165, 60.677082777623816], [-134.88307805621946, 60.66438364872537], [-134.88253520459327, 60.658639282121136], [-134.88271733986954, 60.65863513695526], [-134.8825448776092, 60.65753509764439], [-134.88321967929215, 60.65678412508106], [-134.8839015579164, 60.65632344654087], [-134.88506755234508, 60.65621578832604], [-134.88900052095093, 60.625818314543544], [-134.88910707830834, 60.62499292666019], [-134.8902508431203, 60.61612839892709], [-134.892288597688, 60.60032243157612], [-134.8923307399113, 60.599995386881936], [-134.8923383001431, 60.5999367138303], [-134.89233845522503, 60.59993671364279], [-134.89239424262612, 60.599503426452515], [-134.89254483640372, 60.59833374468044], [-134.89395825075795, 60.587407490651735], [-134.89440331016752, 60.58396538671914], [-134.92606340093943, 60.578783243406455], [-134.92705901567822, 60.578620126144585], [-134.92826976781075, 60.578421748191175], [-134.92842904157104, 60.57839565066976], [-135.0501253654103, 60.55838460254487], [-135.3114484550812, 60.558406456803965], [-135.50006846268087, 60.55840649066257], [-135.50002175546322, 60.25000400528692], [-135.00002170386364, 60.25000408397975], [-134.92075230283965, 60.34142216535691], [-134.77491074014188, 60.34167945017607], [-134.77501152023592, 60.34197000862373], [-134.7750273391138, 60.34201561819171], [-134.77507772079682, 60.342142357692225], [-134.77512043986138, 60.342249818153775], [-134.77522473863783, 60.342480517816725], [-134.7753437390921, 60.34270841814663], [-134.7754804396523, 60.34293611761917], [-134.77563143911036, 60.343160218202094], [-134.7757928395749, 60.343380418003306], [-134.77614634010857, 60.343819217746194], [-134.7769005408997, 60.34469191743101], [-134.7772148146377, 60.34504903668388], [-134.7776730408862, 60.345569717334286], [-134.77865794217826, 60.346674417717516], [-134.77943594319274, 60.34756121705925], [-134.77981764363702, 60.34801421709197], [-134.78017654394196, 60.34846111715968], [-134.78034434428722, 60.34868331686452], [-134.7806510443, 60.34912271696455], [-134.78079134444786, 60.34934031684557], [-134.78105494504763, 60.34977271662897], [-134.78219474675151, 60.35174131663992], [-134.78299567658271, 60.35310509396516], [-134.78362084846543, 60.35416951614408], [-134.78497504885723, 60.356500416370615], [-134.78572185004617, 60.35777031651931], [-134.78650845041813, 60.35915511560537], [-134.78662135063624, 60.35936101627102], [-134.7867270519202, 60.35956901614055], [-134.78674955094493, 60.35962621615889], [-134.78680055132335, 60.35975591592522], [-134.78682815161937, 60.35984681574659], [-134.78688255133156, 60.360094615965465], [-134.78690385175958, 60.360251215619684], [-134.78691375283162, 60.36042501587707], [-134.78690745274994, 60.360609616301886], [-134.78688045133796, 60.3608040157005], [-134.78683135266425, 60.36100191625175], [-134.78676035252124, 60.36119881623329], [-134.78666745197876, 60.36139321559133], [-134.78655275206532, 60.36158451624321], [-134.7864225522518, 60.36176621590591], [-134.78628215235355, 60.361937315811524], [-134.78613365253497, 60.36209631608794], [-134.78606727048725, 60.362159321436195], [-134.7860311747821, 60.36223396395723], [-134.7859086154448, 60.362301965641514], [-134.78582435399966, 60.36237261569377], [-134.78567535253626, 60.362487716314945], [-134.78532495286981, 60.3627394162649], [-134.785156953927, 60.362842216192064], [-134.78483315371523, 60.36303471571005], [-134.784293253817, 60.363320316539635], [-134.78236625762193, 60.36427940624199], [-134.78093075346567, 60.364993816654064], [-134.7806167550691, 60.36516131719897], [-134.7803213536619, 60.36533341707676], [-134.78004705397393, 60.365509116646706], [-134.77979805412656, 60.365689416578135], [-134.7796070027649, 60.365853667626084], [-134.77958205467684, 60.36587511651424], [-134.77940095402366, 60.3660672168782], [-134.7793708282602, 60.366107871194686], [-134.77903157520944, 60.36675787958256], [-134.77900265550502, 60.366869117140006], [-134.77897875482293, 60.367072216708706], [-134.77898435601853, 60.3672748173095], [-134.7790129623262, 60.36745349850289], [-134.7790168551926, 60.3674778170483], [-134.7790694559699, 60.36768151712558], [-134.77909623133664, 60.36775713925889], [-134.7791224332907, 60.36783114395251], [-134.77914175664512, 60.3678857169662], [-134.77922875539699, 60.368090617371735], [-134.77942305705935, 60.368510016442684], [-134.7814284584735, 60.37270131651537], [-134.78172146201405, 60.37332635630747], [-134.78185336064413, 60.37360771676093], [-134.78196535996565, 60.37383501678377], [-134.78208745958594, 60.37406051655052], [-134.78222326086427, 60.37428391604916], [-134.78237506092074, 60.37450341612407], [-134.78254616038942, 60.374717416384414], [-134.7827410609216, 60.3749239163532], [-134.78296126076955, 60.375120916169195], [-134.7832064653613, 60.37530942005715], [-134.78347606181273, 60.37548951618221], [-134.78376696064728, 60.375660716514034], [-134.7840744623693, 60.37582261579672], [-134.7843976615355, 60.37597651605561], [-134.7847366614046, 60.376123016032054], [-134.78508516174827, 60.3762647157156], [-134.7857937615614, 60.376542315766], [-134.78794306303354, 60.377364215350376], [-134.7889876633772, 60.37776971474527], [-134.79225636545792, 60.37907121501071], [-134.79226279075596, 60.379073836998124], [-134.79984876733846, 60.382165413508886], [-134.80089256749216, 60.38261021341237], [-134.80121783659317, 60.38276301724493], [-134.80121850170067, 60.38276329122312], [-134.80121866484603, 60.38276341597774], [-134.80152566726673, 60.38292251301762], [-134.80181216762233, 60.383087913112426], [-134.80207936922451, 60.38325781326997], [-134.80233236934077, 60.38343271251663], [-134.80281006813755, 60.38379371298131], [-134.8048808697885, 60.38544921225446], [-134.80604687020897, 60.386396612356535], [-134.80748573659122, 60.38754554594157], [-134.80748657859863, 60.387546203372246], [-134.80967109072623, 60.3893112689601], [-134.65814110754525, 60.389849383816575], [-134.6562888958627, 60.38985484959753], [-134.6562699618807, 60.389854905767294], [-134.63684829299845, 60.38991059913042], [-134.5482500457362, 60.39012721185703], [-134.45813235439627, 60.39028451817785], [-134.44938137891046, 60.3902964084659], [-134.3509973009665, 60.390388838636014], [-134.27207705712348, 60.39040823130806], [-134.26348366698133, 60.3904074001034], [-134.26346974590555, 60.39040739808502], [-133.75002174103489, 60.389308847041946], [-133.7500216576317, 60.389311078762134], [-133.75002190679515, 60.77121449869376], [-133.75002190625406, 60.77132848053663], [-133.75002190561167, 60.771378491280906], [-133.75002190540076, 60.77140828336439], [-133.7500219056017, 60.77150437788859], [-133.75002195304938, 60.84014163725131], [-133.75002195855467, 60.84853040184178]]]}, "properties": {"NAME": "Marsh Lake - Mount Lorne - Golden Horn"}}, {"type": "Feature", "id": 7, "geometry": {"type": "Polygon", "coordinates": [[[-133.84577642913135, 66.99344291177694], [-133.8232998109939, 66.99647951099031], [-133.8130916902467, 67.00000445117959], [-134.0000275593156, 67.00000360382784], [-134.20002460172253, 67.00000413123442], [-134.400021285652, 67.0000037236324], [-134.6000339717113, 67.00000425418075], [-134.80003078992505, 67.00000425755974], [-135.0000277765436, 67.00000428946893], [-135.20002430289935, 67.0000034924809], [-135.40002121547514, 67.000004037112], [-135.6000335601808, 67.00000351666736], [-135.8000306765871, 67.00000361062287], [-135.97374072879327, 67.00000410061158], [-136.00002761335315, 67.00000371686569], [-136.00002761286453, 66.99996232526313], [-136.00002713815238, 66.50000373399916], [-136.00002713806404, 66.50000368466294], [-136.00002652235423, 66.00000375141305], [-137.00002662505204, 66.00000357890278], [-137.00002470683188, 64.00000364975176], [-137.58335810189857, 64.00000355342863], [-137.5833574446154, 63.22572181176975], [-137.58335706193859, 62.75000359675306], [-138.00002379479238, 62.75000349205965], [-138.0000237476902, 62.692749082286774], [-138.000023549001, 62.44554529288888], [-138.00002303528592, 61.785724290035276], [-138.00002300758248, 61.75000356207664], [-136.50004809302968, 61.750003947825384], [-136.50002287230478, 61.75000380663849], [-136.5000027937894, 61.75000386300852], [-136.5000026742838, 61.750003862990575], [-133.75002258097675, 61.750004251821046], [-133.7500228418631, 62.10789672536309], [-133.75002309052408, 62.44027373418437], [-133.750023525345, 63.00000422239973], [-133.01105204276996, 63.00267785281609], [-132.00002446494656, 63.0000045252811], [-132.00002330172393, 63.00000450946619], [-132.00002370483375, 63.50000448671922], [-129.86792803871973, 63.500004946038594], [-129.8677344249414, 63.5005481275981], [-129.8678319005227, 63.50121170713225], [-129.868065072029, 63.5015737930906], [-129.86870222555265, 63.50215332463214], [-129.86943876091317, 63.50238550903526], [-129.86958214304204, 63.502430708216814], [-129.87018676927062, 63.50257668168424], [-129.871146950393, 63.50328913160631], [-129.8728877873447, 63.50992688806172], [-129.87631623522668, 63.5145961679149], [-129.87667182931816, 63.51508041697701], [-129.87708121361365, 63.515323940667734], [-129.88500258273334, 63.52003559107529], [-129.8987047058122, 63.524609898621414], [-129.90084122882732, 63.529030769754], [-129.89959247456417, 63.53673204729645], [-129.92243802783773, 63.558441645994414], [-129.93067237892876, 63.561402597377494], [-129.9605640427168, 63.56757834332098], [-129.97924120876672, 63.570282802233976], [-129.99337108437527, 63.57318238343599], [-129.99755148765723, 63.57574981939354], [-130.00002349608246, 63.57943090203846], [-130.00002328643907, 63.58865444448385], [-129.99718453467588, 63.602494432314884], [-129.99855869819874, 63.61023438090246], [-130.0015495423966, 63.61520512532399], [-130.00573038856206, 63.61647923711946], [-130.01650331864644, 63.6162578953505], [-130.02477280492687, 63.61548691318751], [-130.05286531090718, 63.610219128111915], [-130.06197443197493, 63.609074962496905], [-130.07442615039494, 63.60976510701857], [-130.0835961973341, 63.61230954067031], [-130.1072929986472, 63.63526247302731], [-130.11115357126383, 63.64096178769861], [-130.1149682626152, 63.644818574898366], [-130.13181321371903, 63.656361534482606], [-130.13271444360262, 63.65968036993361], [-130.13115706497783, 63.664112926436516], [-130.12952495263173, 63.665409956798435], [-130.10442412199214, 63.67676632579769], [-130.09868729339422, 63.68011190976823], [-130.09542212148378, 63.683442255006064], [-130.09467389504647, 63.68713484494214], [-130.09555928564637, 63.69008380894919], [-130.09810768554107, 63.69228458492097], [-130.12934176525346, 63.69491652595771], [-130.13929041481973, 63.69395186165168], [-130.15378670882055, 63.69130431195371], [-130.18517354068737, 63.68267562789836], [-130.19344382668754, 63.67841834262024], [-130.2245569434296, 63.66237772191647], [-130.24270003371072, 63.657120759030974], [-130.25141172549516, 63.65670890043183], [-130.2709278105697, 63.6569717983363], [-130.28513413090403, 63.66003116006451], [-130.29227478343267, 63.66294591899002], [-130.31041745472015, 63.67335630847634], [-130.32233510826663, 63.68306049492149], [-130.33037665536744, 63.68817990662025], [-130.33680052619556, 63.69496636336007], [-130.34046279023906, 63.70619322524939], [-130.3397605414193, 63.71062170614669], [-130.33568629435769, 63.713967376371315], [-130.3299339207614, 63.71621062430422], [-130.3199998953081, 63.71792726069322], [-130.29049045283924, 63.71956742066231], [-130.26512968945315, 63.72007470064277], [-130.23148426241872, 63.722462489659875], [-130.22776133023973, 63.72358788793054], [-130.22530373047206, 63.72507592356829], [-130.22208519981075, 63.729699548829004], [-130.22136744590915, 63.734315176807456], [-130.22315238302144, 63.73873234972624], [-130.22135304624078, 63.750172938694604], [-130.21894175720652, 63.753503114780074], [-130.20774156003603, 63.755402800765786], [-130.173485185903, 63.75169456707273], [-130.1489031637251, 63.75106917540508], [-130.13726068350502, 63.75259872777135], [-130.12997586288597, 63.754904131956955], [-130.12899081533126, 63.75521585170547], [-130.12281092073115, 63.758561350929504], [-130.11507530597947, 63.76707964127578], [-130.11193225062493, 63.77225979698767], [-130.11025358872683, 63.77502513545331], [-130.11034421621628, 63.779820359067884], [-130.11312221200453, 63.79216092985244], [-130.11652423764104, 63.795468314146454], [-130.12705359889355, 63.8002137656379], [-130.13503400700418, 63.802392142069465], [-130.14522574883426, 63.81009024260995], [-130.14852259093482, 63.814961213798334], [-130.15169614150085, 63.819649690288884], [-130.15267256005168, 63.82591368838649], [-130.14632513900466, 63.84032535354155], [-130.14141233721813, 63.844956559468834], [-130.13564448896963, 63.8490346023941], [-130.13407220551844, 63.85310074348991], [-130.13457546492302, 63.85696895825585], [-130.1396873062041, 63.861371128216746], [-130.1489804520512, 63.86557126564392], [-130.15692934873667, 63.865715913758216], [-130.15819637506644, 63.86608228600814], [-130.1652922205943, 63.865677944322904], [-130.17195935838276, 63.864728088439776], [-130.1827779526892, 63.86209585206969], [-130.19028584473705, 63.86132166961453], [-130.19698359378347, 63.86165705705635], [-130.2036984356593, 63.86310275281257], [-130.21173985526397, 63.86674972554019], [-130.22733345346455, 63.87146484923811], [-130.23531401134974, 63.87289928635172], [-130.23992231833134, 63.87324611953498], [-130.24576695976037, 63.87284578988269], [-130.25231416192864, 63.87007766303699], [-130.2523893343544, 63.870045879328416], [-130.25602010173387, 63.86468248963041], [-130.256355572302, 63.8617295003248], [-130.25460133548995, 63.8584183620663], [-130.25316771793254, 63.85160561114142], [-130.26134576816852, 63.84492565294764], [-130.2671444379155, 63.842682652788255], [-130.27544482120828, 63.84079491344049], [-130.29665468280965, 63.83717464686747], [-130.308312413741, 63.836003536547175], [-130.31746765292502, 63.83447749274408], [-130.329049563506, 63.830540410679575], [-130.33478663178047, 63.82663453478724], [-130.34600196137944, 63.824356872680205], [-130.3531279391544, 63.82560853822887], [-130.35945977879695, 63.82778251804888], [-130.36286271675792, 63.82960616554597], [-130.36632656461057, 63.833642106075786], [-130.36773053808142, 63.83879579824543], [-130.37038488647013, 63.84357534304249], [-130.3769009866688, 63.85201729771616], [-130.38285127906596, 63.855115092312765], [-130.398080146214, 63.86055497538802], [-130.4078603783021, 63.86602501429481], [-130.42936034495315, 63.88414085522187], [-130.43878993127097, 63.89127066550662], [-130.44477161894363, 63.894921169419305], [-130.4566589038853, 63.89981930600874], [-130.4634795905123, 63.9034623762082], [-130.47452668177206, 63.90818510185402], [-130.49442314722162, 63.91431858033781], [-130.51256587462774, 63.9180650406404], [-130.52930597570207, 63.92919664288241], [-130.53691975697944, 63.93116905722978], [-130.54364857345377, 63.931488815146466], [-130.54991947714595, 63.931259926308584], [-130.55867877032324, 63.92990590891852], [-130.57482193664097, 63.92444306259795], [-130.58231481147206, 63.92328353229455], [-130.5848326061898, 63.92326433949051], [-130.58989834477023, 63.92433299898142], [-130.6022275787838, 63.92866640765566], [-130.63979486182, 63.94607584723379], [-130.64531731549192, 63.948060338553994], [-130.66263664580043, 63.95087491500549], [-130.69030085409742, 63.95028399368459], [-130.6995329992968, 63.95057745283891], [-130.70543830249122, 63.951268187172914], [-130.714364335134, 63.95414444995786], [-130.72896606762401, 63.96195279059927], [-130.734505849836, 63.96411659482342], [-130.75824809063602, 63.96944873052232], [-130.76601562319917, 63.974175104326896], [-130.77816089558237, 63.983288484480056], [-130.78939099663094, 63.990197582679315], [-130.7946860033315, 63.99567838323149], [-130.79558699942524, 64.00000496581806], [-130.7879417118359, 64.01487468770556], [-130.77794754866244, 64.02325949095113], [-130.75205366566607, 64.0345130398742], [-130.74930719484712, 64.04378182109221], [-130.83127745016105, 64.05029720482035], [-130.86176390983368, 64.04164565490181], [-130.88954993040076, 64.04225588452393], [-130.9014373886557, 64.04574321539691], [-130.89408240555096, 64.0599409951576], [-130.8939751618007, 64.08254664111627], [-130.9111570505795, 64.09009226716185], [-130.91440664299643, 64.10487791764692], [-130.94225470047962, 64.1054815077663], [-130.97207015530208, 64.11042469106613], [-130.96141889210858, 64.12491321018791], [-130.99126549677098, 64.12984935685233], [-130.97596155333363, 64.14926564038525], [-130.9367768255866, 64.15417154981101], [-130.87551263686348, 64.17904386204785], [-130.91663431519697, 64.20111512993374], [-130.96390628149524, 64.19099842839508], [-130.97585382233177, 64.20201582875838], [-130.95052465854764, 64.21475665246919], [-130.96000063631178, 64.22487302637059], [-130.99106720500248, 64.25797007414882], [-131.05175148149783, 64.2768142095913], [-131.04841006469, 64.26956654228647], [-131.05707664342162, 64.26579739318764], [-131.07111495048449, 64.28115515901915], [-131.0978029547946, 64.27882850077052], [-131.08985277681205, 64.3066604230039], [-131.05512327227035, 64.32174426045778], [-131.04778404685737, 64.3284191679208], [-131.11872279092472, 64.35390140944327], [-131.1040129838455, 64.35970759289802], [-131.08596133903384, 64.36580388372859], [-131.12723686615334, 64.38872969892728], [-131.1329131989574, 64.39187344889208], [-131.1551452556812, 64.4170736182514], [-131.22829599617594, 64.42423724937848], [-131.27549056834044, 64.45026086828241], [-131.31850524609837, 64.45249685370865], [-131.37886992686225, 64.44714834830471], [-131.40787723508785, 64.45663903444141], [-131.42395995706323, 64.4536937256184], [-131.4505555368229, 64.43622297972632], [-131.46070256547077, 64.39908270050836], [-131.52370616819098, 64.39945651670298], [-131.5382015446161, 64.38607496231367], [-131.57637958945668, 64.38564034765145], [-131.61283241080474, 64.36723074234727], [-131.6402675422646, 64.36624632675682], [-131.66874047019752, 64.38177926718635], [-131.71308315469057, 64.38679242413804], [-131.73507018608612, 64.38175676009381], [-131.7846774039137, 64.38323613943227], [-131.82000109601904, 64.37695812431376], [-131.85695765279218, 64.3811004758632], [-131.86126061519505, 64.38644882864294], [-131.8660219358363, 64.39235320173218], [-131.833550783647, 64.40443062932874], [-131.83565734267182, 64.42992898931227], [-131.8006985150633, 64.45129114642408], [-131.7566470905522, 64.46138396249805], [-131.7342926217964, 64.48005401892124], [-131.6915835223036, 64.49301554533363], [-131.70433999048242, 64.51904723402474], [-131.69179674210818, 64.52925519858712], [-131.753595021337, 64.5478024542139], [-131.84963397184427, 64.53597753590442], [-131.8565762042044, 64.54289683605731], [-131.8400060559686, 64.55198330375497], [-131.85103740236687, 64.56004071587122], [-131.9072507702032, 64.56695956446185], [-131.91254545938673, 64.58461426677815], [-131.9522489113437, 64.60060621089143], [-131.97562572895103, 64.61205785604443], [-131.97542781889, 64.6256833239997], [-131.99601204225988, 64.65252331764927], [-132.0000245509669, 64.65497303662076], [-132.00336626591675, 64.66488330788572], [-132.02068466463615, 64.68480316149147], [-132.02439305216853, 64.69636987291153], [-132.03084754924652, 64.69992471694539], [-132.03888924135083, 64.70303764562536], [-132.06507288171238, 64.70844758247839], [-132.06902518535108, 64.70881295255688], [-132.07880631308208, 64.70855447599028], [-132.10537152528647, 64.7051355262958], [-132.1177919429169, 64.7051130791815], [-132.14426628822164, 64.7099423017529], [-132.15845679627978, 64.71184973862533], [-132.1653844700436, 64.71721337061224], [-132.18125352740154, 64.72399557541561], [-132.18726565389116, 64.72573569684728], [-132.19872487724678, 64.73033589800204], [-132.2015323674177, 64.73295233812183], [-132.20394378696818, 64.7390718107178], [-132.20911644193103, 64.7424976642917], [-132.24439436621918, 64.7546048416811], [-132.2583256857198, 64.75706968056105], [-132.2804660364094, 64.75969348853468], [-132.32381642218922, 64.77782072758806], [-132.3375799868586, 64.78615307459374], [-132.33936524415944, 64.78808267353848], [-132.36654088568767, 64.79174439264904], [-132.38013665043607, 64.7894487294472], [-132.40201745724082, 64.78436774835346], [-132.41474365193704, 64.7837564495011], [-132.4323982601255, 64.78712950220891], [-132.45762071160766, 64.7947200227109], [-132.49012189034815, 64.79343831377689], [-132.49848365110117, 64.79311058055485], [-132.51101150964612, 64.79011221125924], [-132.5158936375066, 64.78583982755848], [-132.52216551053567, 64.7787515332853], [-132.5357300531967, 64.77643273026513], [-132.54364955462202, 64.7771494201771], [-132.54677779469495, 64.7792016058726], [-132.55623861558948, 64.78240668843422], [-132.56159435236162, 64.7911342984137], [-132.56089247913008, 64.79813805944792], [-132.55602495095818, 64.80241073687311], [-132.55379652976552, 64.80692753357101], [-132.55776409769808, 64.80727873077718], [-132.57962979431483, 64.81336650447913], [-132.59963462147496, 64.82045421268442], [-132.61686164301807, 64.83318797642781], [-132.60363210422193, 64.84319024077932], [-132.59191321165844, 64.84450204779331], [-132.56096839066876, 64.85115525627062], [-132.5331060381562, 64.87104457981047], [-132.52535449296187, 64.8727006623109], [-132.4724983110781, 64.88149702229641], [-132.46758512926183, 64.88576906839388], [-132.46404467081283, 64.89841135125418], [-132.45044891012267, 64.90897067399206], [-132.4498086879281, 64.91303641650956], [-132.46802742798496, 64.91821777459833], [-132.4690342973019, 64.93009655578912], [-132.49279242788933, 64.93812264789659], [-132.4992928567035, 64.94459987112539], [-132.50339686421708, 64.9502688163317], [-132.5022681592168, 64.95404478291229], [-132.501352338096, 64.95715793437228], [-132.49608806080016, 64.96493249486454], [-132.48435437940313, 64.9744838265413], [-132.47846458988826, 64.97514025627608], [-132.45968117529736, 64.97934442486894], [-132.44790117018826, 64.98064043047049], [-132.43506833614242, 64.9812511251136], [-132.42461576612698, 64.98267026542167], [-132.41759704920213, 64.9855692529762], [-132.4177041835165, 64.99088783291604], [-132.41277512795023, 64.99515227909937], [-132.4129890917718, 65.00578709956795], [-132.4045354366272, 65.01150240029712], [-132.40007989800964, 65.0175903330808], [-132.39542619964817, 65.02129027437488], [-132.38190662102016, 65.02596731428243], [-132.33391749847107, 65.03813624225769], [-132.32696006336224, 65.04634499373289], [-132.32294698065746, 65.05424140809436], [-132.32743329801062, 65.06466408782315], [-132.32570866827385, 65.06805058830915], [-132.31884196379076, 65.07332290898412], [-132.31769787526176, 65.07557383177078], [-132.33724429724214, 65.08383630667082], [-132.34449225017238, 65.09156463125206], [-132.35729444859967, 65.0938989869568], [-132.3664494963536, 65.09236605025008], [-132.37943485439877, 65.08881827732401], [-132.3902076684032, 65.08684171143771], [-132.40967779631697, 65.08977186357218], [-132.4498693657647, 65.09043537029586], [-132.46724890215296, 65.09199167304277], [-132.4879554575833, 65.0897189961069], [-132.50054386335952, 65.08966457934488], [-132.51784729138998, 65.09415126515694], [-132.5250345950179, 65.09655486290727], [-132.52967309317316, 65.10403841944576], [-132.52910847492257, 65.10516807525323], [-132.53515106824477, 65.10982924231584], [-132.5423379956718, 65.1122408787889], [-132.55275950661667, 65.12494306732525], [-132.5502116906657, 65.13002495562594], [-132.53660051301375, 65.13765446550096], [-132.52057844344355, 65.1444824787221], [-132.5140173044645, 65.14919715757122], [-132.51217102053465, 65.1584594030622], [-132.50530473152324, 65.16374677467604], [-132.4997810531597, 65.16914811009737], [-132.50358033282424, 65.17832622496906], [-132.5136667980319, 65.18334628389873], [-132.52086930957674, 65.18574988135882], [-132.52750601567988, 65.18928958241057], [-132.53830949362262, 65.19849107876558], [-132.55088271733615, 65.20137430599851], [-132.56028268689093, 65.20220594061449], [-132.56460028439344, 65.20200042666814], [-132.57110062244016, 65.20021540305933], [-132.59348493574447, 65.18629111354967], [-132.60973572131124, 65.18182831847437], [-132.62484230207644, 65.17962362148906], [-132.6441902205325, 65.18014938566797], [-132.66030375522135, 65.181568271673], [-132.66573596151088, 65.17909637857494], [-132.66909247676494, 65.17232911544392], [-132.68078067884514, 65.16569183579843], [-132.6907300869805, 65.1653864159542], [-132.7009074689953, 65.16746208513975], [-132.729090331355, 65.16992613498316], [-132.73653684366323, 65.17469462458386], [-132.74236554757164, 65.17991312022797], [-132.7514287818864, 65.1842394682751], [-132.77042653433926, 65.19118970245543], [-132.77065514001023, 65.19356247901953], [-132.77598053885674, 65.19697275952265], [-132.7552134575362, 65.19928385899554], [-132.7363077485522, 65.20352581379238], [-132.72230010496529, 65.20348773703168], [-132.71906497901833, 65.2043801081082], [-132.69912213571587, 65.20499081350059], [-132.69559689764768, 65.20644850484541], [-132.6966044899949, 65.21007179510035], [-132.70186875752765, 65.21641986714818], [-132.71392269525344, 65.22041748277272], [-132.72513848734337, 65.22610920916864], [-132.73259985410968, 65.23087787209417], [-132.7363536809851, 65.23179339496014], [-132.75977598427554, 65.23265508852164], [-132.76325476980787, 65.23413559240606], [-132.7629342559901, 65.23764450893067], [-132.74993373692016, 65.24122284989544], [-132.7437083110658, 65.24245100044652], [-132.73266065813377, 65.24207762666919], [-132.70496589466455, 65.23848394768967], [-132.69498684797063, 65.23878922979932], [-132.69039417188412, 65.23956746351315], [-132.67817182587768, 65.24438909184435], [-132.67647771283237, 65.24776947184353], [-132.68012475100218, 65.25456684972482], [-132.68062840022574, 65.25638301881513], [-132.6794992670909, 65.25864101173705], [-132.6770272612057, 65.26077761126577], [-132.65934239442507, 65.26806328284768], [-132.65114869466697, 65.27323547259428], [-132.64570096118536, 65.2757080740092], [-132.6404060897891, 65.28348957803067], [-132.63657652717325, 65.28551141465563], [-132.62516290517956, 65.28863204733314], [-132.61056030549176, 65.289707979486], [-132.58487943474182, 65.29040169378695], [-132.57515942983687, 65.29013484051414], [-132.55218010377533, 65.2910500270442], [-132.54239902438715, 65.29372854956434], [-132.53280129948013, 65.3099634297236], [-132.5353493433032, 65.3160825305919], [-132.53562406209744, 65.32671800756823], [-132.54087351737635, 65.33307268535036], [-132.5326181799562, 65.33823854983522], [-132.52308131192427, 65.35153670076], [-132.51389544271086, 65.36134032485278], [-132.50817403599936, 65.37261665246395], [-132.5014752625843, 65.38027575049676], [-132.48083001528678, 65.38199288538547], [-132.46770764561697, 65.38554805347523], [-132.4567359694397, 65.39046964706822], [-132.4430036311416, 65.39573305862083], [-132.41794821265913, 65.3999978626375], [-132.39922631114965, 65.40894745307563], [-132.38706489093, 65.41611881615124], [-132.3712108594696, 65.41943090624356], [-132.3547771780898, 65.42386352495885], [-132.35013860106974, 65.4328814740838], [-132.34511831273977, 65.43715377136938], [-132.33388749428278, 65.4396941375972], [-132.32247412966535, 65.4398537835111], [-132.31048053203983, 65.44113565680252], [-132.30515549639986, 65.44597260404348], [-132.30852757075087, 65.45039853535903], [-132.310267383383, 65.45527354121221], [-132.31054196916378, 65.46296422874521], [-132.30588793944534, 65.47198979574353], [-132.2991894176465, 65.47669610901183], [-132.2986094660147, 65.47782595182902], [-132.30112745841058, 65.48394463031019], [-132.29879257488767, 65.48846167081807], [-132.301004970817, 65.49514404245977], [-132.29543552022665, 65.49928757062263], [-132.2917891357896, 65.50198831963036], [-132.27955111673802, 65.50915218171527], [-132.2702894775205, 65.52425056556726], [-132.2545115541785, 65.53818190028497], [-132.2498268633825, 65.54720022221326], [-132.24027563075765, 65.55460832177629], [-132.22469627739915, 65.5626498420825], [-132.21126837481026, 65.56380952221129], [-132.19500239681184, 65.56765467021755], [-132.17438808345685, 65.58527799921632], [-132.16207414626413, 65.5924347153731], [-132.1552077564483, 65.60007965068549], [-132.1549505413424, 65.60170085756012], [-132.15336149332992, 65.61171421942473], [-132.17528858210446, 65.62430974954015], [-132.18389392127935, 65.63511337034055], [-132.19725557526579, 65.63895365468277], [-132.19925447101878, 65.64071251124275], [-132.20743849289508, 65.66376890615308], [-132.20809426557247, 65.66796584612996], [-132.2142287517032, 65.67264194152929], [-132.22367363820376, 65.67643385960663], [-132.24811631872777, 65.68366969610527], [-132.28066551517168, 65.69330218858484], [-132.27947513706837, 65.69556074109913], [-132.27956677844364, 65.69565257516594], [-132.28318305447127, 65.69942907925592], [-132.2772166366049, 65.70538827515448], [-132.27421769335783, 65.70658771028398], [-132.26996876061352, 65.70828698514521], [-132.26682591735818, 65.71154418587683], [-132.264476076486, 65.71605315877206], [-132.27823959479778, 65.72258402395177], [-132.29221667209862, 65.73149509675515], [-132.30149376653398, 65.74116229490731], [-132.3263505164822, 65.75397945991779], [-132.34270808801728, 65.76662847827438], [-132.35779838681276, 65.77621086962857], [-132.36800725212393, 65.78418352011978], [-132.39086428614667, 65.7926754765913], [-132.44585738175192, 65.80573675420689], [-132.458353977673, 65.81213819902857], [-132.47184269941548, 65.822155658568], [-132.48522502433477, 65.82685571869372], [-132.54091940367547, 65.83875730830263], [-132.5521503211809, 65.8420831359922], [-132.5589555312556, 65.84561587350635], [-132.56156444208008, 65.8517348570257], [-132.5596877082645, 65.86100443229375], [-132.55329414581362, 65.87342472616339], [-132.54197234707624, 65.88423643002228], [-132.53011641645276, 65.89323043951312], [-132.52386004111463, 65.8997690678234], [-132.5104172514748, 65.90627012608866], [-132.50205527737765, 65.9084902738907], [-132.5003007273783, 65.91187781557623], [-132.46152762204483, 65.92267230939964], [-132.4274092246019, 65.92442779080952], [-132.4118454590741, 65.92660939637504], [-132.40642872956855, 65.93144664288052], [-132.3906659699768, 65.9395110151475], [-132.35752429902905, 65.95313699557717], [-132.3145861097368, 65.95232844753424], [-132.310328837665, 65.95490694223757], [-132.3082533446928, 65.95885170117074], [-132.3089398693357, 65.9630472007857], [-132.31821719333098, 65.96739615275928], [-132.33263652471564, 65.97573543276759], [-132.3302570953546, 65.98025208088393], [-132.3211626642654, 65.98653115102707], [-132.31542518585465, 65.99193255600808], [-132.31562338646822, 65.9943048912814], [-132.32332936667402, 65.99615877052084], [-132.3274793799219, 65.99652495429399], [-132.34054117696564, 65.99648734711855], [-132.35279396436982, 65.99519740075381], [-132.3800004642609, 65.99579277558729], [-132.3945265033571, 65.99293189101188], [-132.40836665765534, 65.9941294972912], [-132.41776625304047, 65.9955340586739], [-132.43337536195554, 65.9933518352692], [-132.45470720801683, 65.98576050138372], [-132.4677082215818, 65.97745189317557], [-132.47631412465947, 65.97760451911257], [-132.48226489213008, 65.98283872796866], [-132.5022085604371, 65.99457944321904], [-132.51356038388556, 66.0061687893728], [-132.51456747999504, 66.00980014746922], [-132.53199297109174, 66.02367891719604], [-132.56621871057217, 66.0330929193077], [-132.58294200207794, 66.03157482198877], [-132.60689870425375, 66.03008705340402], [-132.62252390514163, 66.02788259056456], [-132.63871344360487, 66.02454754996401], [-132.65270549987594, 66.01984840568846], [-132.66947534583872, 66.01537786845962], [-132.68126972289784, 66.009311617183], [-132.69317163085796, 65.99735720179235], [-132.7083088569279, 65.99039149478187], [-132.71805852335436, 65.9882701786313], [-132.75257413488643, 65.98294535366644], [-132.77999434993936, 65.96876980343511], [-132.7796126637581, 65.95813440632168], [-132.79677914503762, 65.92424457816008], [-132.82371103724608, 65.91944555525527], [-132.85998096020896, 65.9189651277547], [-132.8766431719394, 65.91447139098257], [-132.92371725344233, 65.91252551044933], [-132.94721557442531, 65.91448599513093], [-132.9684860285514, 65.91802588742101], [-132.97976272795873, 65.9272049334955], [-132.9802811026822, 65.93195763230436], [-132.97413178920357, 65.93850430002122], [-132.96244349735292, 65.94459913976799], [-132.95182367258028, 65.95431147271385], [-132.92620380109017, 65.96513063431358], [-132.91613315714935, 65.97370627108309], [-132.91045723618439, 65.98501239349764], [-132.9034228298079, 65.99325221340338], [-132.89945544157277, 66.00116363881543], [-132.89910456424252, 66.00761052792394], [-132.8931995636317, 66.0136001538233], [-132.9092208326264, 66.022000038319], [-132.92748588453466, 66.02882034308865], [-132.94832970106134, 66.03055197538784], [-132.96476338375837, 66.02661600763304], [-132.97423891300042, 66.02504379977935], [-132.99758514237863, 66.02462416608584], [-133.03342781724507, 66.02817227337037], [-133.05315732825386, 66.02920985978123], [-133.08983949567582, 66.03398593866838], [-133.10317584273486, 66.036251293786], [-133.13407490825534, 66.02642499966872], [-133.14130735286574, 66.0234880410643], [-133.1696579820621, 66.01874215676975], [-133.22578020303675, 66.00742709812143], [-133.24410581825913, 66.00538282716371], [-133.2701677495878, 65.9904370221057], [-133.28126103456927, 65.98545472671383], [-133.29374300638617, 65.98646201803106], [-133.31817191923295, 65.98666839519231], [-133.33483463654704, 65.98801093181073], [-133.3448135286507, 65.98528712720297], [-133.34360837153483, 65.96990646986568], [-133.34966571108347, 65.96333761995082], [-133.35212243050594, 65.95824134351464], [-133.3703718240375, 65.95030584330509], [-133.39055934964026, 65.94427950588985], [-133.41463820002738, 65.94209665404976], [-133.42875238579632, 65.9397012746665], [-133.43874717446005, 65.94285229194266], [-133.44442294775803, 65.94763556079246], [-133.44489634780018, 65.94804800828426], [-133.4691118524528, 65.95761510189485], [-133.47858753966213, 65.96189532652527], [-133.49027585009145, 65.96458798011521], [-133.5121721885802, 65.96397829674446], [-133.5553394377576, 65.95799665782648], [-133.5711476550057, 65.9580657201863], [-133.58811511113726, 65.96175820826906], [-133.60093250426752, 65.96511450304295], [-133.6062574275892, 65.9690591831212], [-133.61309389293663, 65.97899994881296], [-133.61283432493744, 66.0130509178018], [-133.6110488327676, 66.02289180304447], [-133.59078556118862, 66.04127896012102], [-133.59043451904677, 66.05417300214094], [-133.59556115719064, 66.06162642024913], [-133.6262315659461, 66.06402984526275], [-133.6551779304765, 66.06394641595323], [-133.66912443020038, 66.06502978794137], [-133.67899674632648, 66.07167482519183], [-133.67199323017238, 66.09873613476557], [-133.64875379998844, 66.1233562598427], [-133.63434911231553, 66.12928444510861], [-133.60821115920083, 66.13546367477845], [-133.5792655072564, 66.1414226723924], [-133.5640220567105, 66.14904408755038], [-133.54632147267992, 66.16175462422204], [-133.53886012465694, 66.16822422032595], [-133.53631156223855, 66.1856505873907], [-133.54032506439708, 66.19243277184624], [-133.5493581841267, 66.19784227274027], [-133.558528547491, 66.21207111532844], [-133.55362998363572, 66.23237227539411], [-133.54531459826833, 66.2668656329011], [-133.5465352742206, 66.27341888754817], [-133.5511437557751, 66.28200975971927], [-133.56588384115162, 66.29079904498684], [-133.58372107264026, 66.29923663175803], [-133.59643143672545, 66.30316534855255], [-133.61082101937671, 66.30662998696471], [-133.63421212997022, 66.30962024397803], [-133.65392667525623, 66.3111459833519], [-133.67249640991758, 66.31199357586114], [-133.6994586949316, 66.31054372936094], [-133.72187443303562, 66.30639345654998], [-133.7403829667897, 66.30429529147054], [-133.76626223756801, 66.30510339789554], [-133.78544244578154, 66.30774344461365], [-133.8069113373907, 66.31173397240497], [-133.8155171477824, 66.31825703007844], [-133.81740950470652, 66.32662616693672], [-133.80993243476735, 66.34249535879543], [-133.79703883521682, 66.34503601638829], [-133.76710147487452, 66.36506284016446], [-133.75365829537785, 66.38106971238324], [-133.7535206853158, 66.41218196860038], [-133.7498737672115, 66.42599888765173], [-133.745830138868, 66.4345053463503], [-133.73127374484162, 66.44044194822237], [-133.71892917090685, 66.44478219678257], [-133.70315145088333, 66.4470940618301], [-133.68386450275707, 66.44444729180258], [-133.66001509272962, 66.43909154951373], [-133.63454823400917, 66.43713005375425], [-133.61538304650279, 66.44034965465329], [-133.6052512397824, 66.44309671759979], [-133.59768273707746, 66.44662153440403], [-133.59493652442, 66.4522897259604], [-133.60395437937956, 66.46708332985088], [-133.61904533800356, 66.47236278303282], [-133.65366763431655, 66.49206217599242], [-133.6727871029504, 66.51349993017777], [-133.67689153721975, 66.52027588279238], [-133.67536503777544, 66.52956039897344], [-133.67007072287714, 66.53444368910763], [-133.65400306368392, 66.54026408452444], [-133.5979734302157, 66.54947367912123], [-133.57165153152087, 66.55508819351182], [-133.56542630014886, 66.55743783295874], [-133.56261836446475, 66.55849904378911], [-133.5587579972687, 66.56643387282423], [-133.56509036008794, 66.57162112189607], [-133.58803974307767, 66.58514042347232], [-133.6065489535486, 66.58655978146545], [-133.62051024245778, 66.58822272935171], [-133.65304198458207, 66.59423435959245], [-133.67106290016537, 66.59972832640116], [-133.6811641525475, 66.60637301157588], [-133.6875877050139, 66.61449814050323], [-133.68491745076386, 66.62310396693191], [-133.68503940388132, 66.62898682933796], [-133.69372172404846, 66.63552503825046], [-133.70090854202536, 66.63900451848912], [-133.71584742914385, 66.64484054618332], [-133.7382167161857, 66.65064699084516], [-133.7682768829391, 66.65585786798954], [-133.77344922157073, 66.65742161022864], [-133.77154211864945, 66.6613890553318], [-133.76365264503733, 66.6654931871569], [-133.7494932713501, 66.67029206884153], [-133.73315089457503, 66.67963106978912], [-133.73533262115396, 66.68743562110646], [-133.74349611100587, 66.69509545788137], [-133.75222431371077, 66.70162622434687], [-133.76516403782315, 66.70553961359727], [-133.77819450578045, 66.71239894829687], [-133.8058128121119, 66.71975323797894], [-133.81393130412368, 66.72447584545752], [-133.82430656588468, 66.7276037453908], [-133.83039510545052, 66.73040378240553], [-133.8260614945588, 66.73947550023172], [-133.79659720376077, 66.75136245922904], [-133.77898835400345, 66.75709210506], [-133.76655224394727, 66.7643784248365], [-133.75843468443108, 66.77199173382232], [-133.7540553847881, 66.78105621839201], [-133.74686824348947, 66.80518795102233], [-133.74824161955252, 66.8146859200545], [-133.75809894136194, 66.81895140830115], [-133.7783780354217, 66.82634402618811], [-133.81412949387854, 66.83253923805088], [-133.81922565493602, 66.84055727408152], [-133.8321500597541, 66.85091776558515], [-133.8380551126499, 66.85722730304903], [-133.83498792751016, 66.86052328690981], [-133.8458527219958, 66.86896216536483], [-133.86701626546719, 66.87464571637014], [-133.87313538944375, 66.87744549110938], [-133.87510334118215, 66.88581461915365], [-133.87183777996464, 66.89261312335778], [-133.88128348343278, 66.9009511687418], [-133.90220292931795, 66.907192634115], [-133.9158294891068, 66.9099547297978], [-133.99815044240046, 66.91600469967511], [-134.0000269680777, 66.9164084845893], [-134.0062832340858, 66.91777401514689], [-134.03243722061652, 66.93200313712302], [-134.0575989509754, 66.94205066984834], [-134.08691060225073, 66.9465291806356], [-134.0957000009249, 66.95010023012698], [-134.10064380484104, 66.95867583103964], [-134.09293826639956, 66.96867788890818], [-134.07271989890455, 66.97659681941721], [-134.0515711726377, 66.98328086238564], [-134.0314912999962, 66.98769027395583], [-134.00669563923955, 66.98940649713936], [-134.0000272525684, 66.98939111370075], [-133.97373646713757, 66.98934621704909], [-133.90890140892674, 66.9869425532734], [-133.87594255102937, 66.98686575903282], [-133.84577642913135, 66.99344291177694]]]}, "properties": {"NAME": "Mayo - Tatchun"}}, {"type": "Feature", "id": 8, "geometry": {"type": "Polygon", "coordinates": [[[-135.09401087560224, 60.73348945536816], [-135.09599482953735, 60.73473595856886], [-135.09667473033983, 60.73521135840978], [-135.09671752979887, 60.73524443183012], [-135.09777743040397, 60.736063458092126], [-135.0978513312894, 60.736207058536394], [-135.1018185451758, 60.73872417726707], [-135.10181903688496, 60.73872448921583], [-135.10244493212264, 60.73912155732671], [-135.1035838330641, 60.739695357628214], [-135.10420813429437, 60.739946257477534], [-135.10485073397518, 60.74017015730887], [-135.10526602482966, 60.74029396507601], [-135.10559409920683, 60.74038783528344], [-135.13335536067999, 60.72667405298795], [-135.13335535170393, 60.7128357198187], [-135.13335535081322, 60.71266218373115], [-135.1196570519864, 60.712663683689385], [-135.11950700271876, 60.71266369166776], [-135.1067946020861, 60.712663769014554], [-135.1049457486282, 60.71266555412038], [-135.10494565157148, 60.71266555428087], [-135.10503144341664, 60.7125999487081], [-135.10510711589075, 60.71254105734726], [-135.10523911572264, 60.71242705792947], [-135.10536101534188, 60.71231005796389], [-135.10556401534978, 60.71206905753998], [-135.1055994156508, 60.712016557343645], [-135.10564701477074, 60.71194605722555], [-135.1057769156524, 60.71169605781755], [-135.10579301486058, 60.71165535798649], [-135.10604100870637, 60.7110229785902], [-135.10620191506814, 60.71061265717153], [-135.1069193134928, 60.70880175767886], [-135.10715701327317, 60.70817635717325], [-135.10726791276142, 60.707826257463594], [-135.10728311742275, 60.707747683389435], [-135.10732631176757, 60.70752445749739], [-135.1073300117224, 60.70718605753824], [-135.10731401202128, 60.70704605778802], [-135.10725491246944, 60.706760057819054], [-135.10721091151666, 60.706615057571476], [-135.1070940116901, 60.7063210573211], [-135.1070170113778, 60.70617205743331], [-135.10692701036757, 60.70602405733114], [-135.1067120108093, 60.70573305773394], [-135.10646011014776, 60.70544905782355], [-135.10512100982035, 60.704065057687686], [-135.10473191027629, 60.70367355820279], [-135.10399072583184, 60.70290012021078], [-135.10389426698575, 60.70279946081436], [-135.10259980817634, 60.70144855808395], [-135.10230590668917, 60.70111635851185], [-135.10204470820597, 60.70091425809723], [-135.10196720662194, 60.70082845865546], [-135.10176740680296, 60.700621758878825], [-135.10165160748224, 60.70050235834824], [-135.10152970691573, 60.70037605811759], [-135.10140050701096, 60.70024205877901], [-135.10126680624091, 60.70010345871881], [-135.10112840581192, 60.69995995894503], [-135.1009837066678, 60.69981005876721], [-135.10092272381308, 60.69974734190954], [-135.10083250678613, 60.69965455880971], [-135.1006832054976, 60.6994994582543], [-135.10052630644412, 60.699338158748446], [-135.10044560577495, 60.69925485844137], [-135.10036590629986, 60.69917095890737], [-135.10028493067958, 60.69908718393965], [-135.10028490657305, 60.69908715835253], [-135.10020370588126, 60.6990040585741], [-135.1002036818498, 60.69900403388453], [-135.10012560591036, 60.69892175846549], [-135.10004430656036, 60.69883805909949], [-135.09996370482952, 60.698752559178274], [-135.0924800536297, 60.69875395040397], [-135.0919711862632, 60.69875402972226], [-135.05276777846558, 60.69875407581025], [-135.05421149835664, 60.70064970532755], [-135.05481335192334, 60.701830959558535], [-135.05531184001796, 60.702905787297944], [-135.05563758169853, 60.70379808579711], [-135.0558458691413, 60.7044787565669], [-135.05646168560892, 60.707694371664246], [-135.05671509799416, 60.70883126831846], [-135.05679299082465, 60.710317458310165], [-135.05697473857273, 60.71137172256156], [-135.05754594535426, 60.71293400160207], [-135.05887010342877, 60.71476291549926], [-135.06076431455483, 60.71547377429888], [-135.06185125142224, 60.715881652513374], [-135.062200182845, 60.71606828664814], [-135.06485967161248, 60.7174906719172], [-135.06566457193793, 60.71792112351679], [-135.06726658728644, 60.71877509897761], [-135.06884023418434, 60.72003315859723], [-135.06907622671272, 60.72009730174167], [-135.06983812153965, 60.720304379564986], [-135.07093647210075, 60.72148800407745], [-135.07130680167657, 60.72188706352108], [-135.07154320313248, 60.72225370102238], [-135.07254072242907, 60.72380066809748], [-135.07114702878434, 60.72453485076245], [-135.0697229526891, 60.72577224276296], [-135.06984783661534, 60.727154676014486], [-135.06978791882543, 60.72763075417272], [-135.06987779473553, 60.72815077127162], [-135.06992273186796, 60.728458382245435], [-135.06980132252562, 60.728740362694516], [-135.07027412228837, 60.728817263043084], [-135.0708428224978, 60.72895166264962], [-135.0712925494743, 60.72908799148367], [-135.0713749233797, 60.729112962479626], [-135.07181862373682, 60.72929646232216], [-135.0723108224688, 60.72954346250374], [-135.0727148226846, 60.72981256248255], [-135.07302722424993, 60.730081762584945], [-135.0732661244572, 60.73035996186648], [-135.07331552357942, 60.73045006255085], [-135.07374482532853, 60.73123056193346], [-135.07394712525718, 60.73151776189434], [-135.0742226242817, 60.73178696175151], [-135.074553325762, 60.73203816197272], [-135.07495712576966, 60.732280362382916], [-135.07593002518783, 60.7326838620697], [-135.07651712662408, 60.732845161571966], [-135.07847992574, 60.73325696175637], [-135.07901192639832, 60.73333746133875], [-135.0796904271003, 60.7333999611884], [-135.0803689259895, 60.733426460875066], [-135.08102902640252, 60.73340816064065], [-135.0830456270128, 60.73324526069729], [-135.08374212724496, 60.73323586061776], [-135.08442082752697, 60.733262360180625], [-135.08506262796064, 60.733324760751216], [-135.0856496276309, 60.73341426019804], [-135.0878511276242, 60.73387966016646], [-135.09017242881416, 60.73409255929004], [-135.0905090280334, 60.73410685942655], [-135.09088052886045, 60.73411075912911], [-135.09101312743985, 60.73411205979781], [-135.09115282891025, 60.7341021589666], [-135.09134542833675, 60.73408395971314], [-135.09151312816755, 60.73405925899209], [-135.0917183291054, 60.73402175964304], [-135.0919372275124, 60.73397225914724], [-135.09216982749513, 60.73391045886808], [-135.09238462847117, 60.73383735948956], [-135.09281526267063, 60.733680391017366], [-135.09340832884922, 60.73345995857917], [-135.09374882872538, 60.73333065855988], [-135.09401087560224, 60.73348945536816]]]}, "properties": {"NAME": "Mountainview"}}, {"type": "Feature", "id": 9, "geometry": {"type": "Polygon", "coordinates": [[[-135.12384201587872, 60.77731730363554], [-135.13315452344665, 60.780443802248485], [-135.13406562890444, 60.780749617885995], [-135.13408474763102, 60.78075603495363], [-135.13557845162725, 60.78125737473418], [-135.13995594428062, 60.782726424167954], [-135.14045106538623, 60.78289320632627], [-135.140515736619, 60.78291499083141], [-135.14055838724667, 60.78292935846074], [-135.14457141834907, 60.77960892706398], [-135.14447606379233, 60.77951194963626], [-135.14416196377536, 60.779117249539354], [-135.14382956287156, 60.778686649558786], [-135.1434050624204, 60.778211249720876], [-135.14316486308044, 60.777870350237386], [-135.1426665629949, 60.77728724983446], [-135.1424975623577, 60.77707795030862], [-135.14218936244734, 60.776696150482906], [-135.14192806098856, 60.77637225012028], [-135.141688061394, 60.77605835078], [-135.1413004609178, 60.775609850150076], [-135.14117136152316, 60.77547525077955], [-135.14035886600908, 60.77440776152186], [-135.1441031592931, 60.77368715045824], [-135.14460484731907, 60.773591724288416], [-135.14729256009963, 60.773080449883636], [-135.14883336085774, 60.772800449538316], [-135.15002576013353, 60.772592648714756], [-135.1504472249827, 60.772474169156105], [-135.1504483622179, 60.77247534514051], [-135.15110586091177, 60.773188248744816], [-135.1514684601998, 60.77355234918051], [-135.15166816164728, 60.77373524893591], [-135.15187966050945, 60.77391664879777], [-135.1521073613505, 60.77409684857641], [-135.1523495620757, 60.77427224837256], [-135.15260816184332, 60.774442048596434], [-135.1528823613511, 60.774605549033275], [-135.15316886087572, 60.77476274894596], [-135.15346806226106, 60.77491454891846], [-135.15377856143235, 60.77506184881882], [-135.1547209627904, 60.77548714849594], [-135.15503171932315, 60.77562525949303], [-135.15565537547602, 60.77590242696805], [-135.15686770657038, 60.776443587381245], [-135.16012699406406, 60.774166093871166], [-135.16431916068763, 60.77547166717754], [-135.16524202326184, 60.775759042291284], [-135.1748925876203, 60.77336077802797], [-135.26296721319278, 60.77337961611952], [-135.25698018149825, 60.765742294470044], [-135.24658770253598, 60.75246242785356], [-135.24209175518703, 60.746713508094146], [-135.2413326946102, 60.74574508286811], [-135.14013222178863, 60.74564457612169], [-135.14027024087414, 60.745704351023974], [-135.1413182422738, 60.74627785111489], [-135.14177834093906, 60.74660955103516], [-135.14218344128466, 60.74695935042186], [-135.14253364349412, 60.747336051090855], [-135.14282884375842, 60.7477307505696], [-135.14301644707493, 60.748151329630794], [-135.14308159807425, 60.748371320767205], [-135.14321888200712, 60.748834688756524], [-135.14324334917012, 60.74937442022352], [-135.143248809638, 60.749835155096854], [-135.14324272880486, 60.750458740779976], [-135.1432257832715, 60.75219604455463], [-135.14320480739264, 60.75268015393831], [-135.14318549355085, 60.7529230183228], [-135.14312326345353, 60.75341156696665], [-135.1430293052479, 60.753902292361076], [-135.14290420428011, 60.75438915891994], [-135.14268290666297, 60.755116414720476], [-135.14221748411887, 60.75655952202293], [-135.14200803298522, 60.75724942730031], [-135.1417824264321, 60.75799251453128], [-135.1416150570101, 60.75854376476018], [-135.13686263845443, 60.760274027534116], [-135.1376032334445, 60.762497875875624], [-135.13658235139926, 60.762748851404794], [-135.1360128799863, 60.76288483079974], [-135.13469395229123, 60.76319975159823], [-135.132823853048, 60.76365945168476], [-135.12882685287767, 60.764641952362865], [-135.12490295276172, 60.76560635340852], [-135.12204133024449, 60.76633132503258], [-135.1209858780408, 60.76659869197027], [-135.1208737481326, 60.76648595383398], [-135.12049702138236, 60.766119316086524], [-135.12084674110395, 60.766033305900955], [-135.12094664034475, 60.76600873590863], [-135.12004210740076, 60.765128788428996], [-135.1166959138386, 60.7659515287452], [-135.11650719858466, 60.765999106282294], [-135.11794222338284, 60.76736979567281], [-135.118546695827, 60.767941009706824], [-135.11880619989958, 60.76819628606436], [-135.11896063861056, 60.76835228211331], [-135.11913611725197, 60.76855756672445], [-135.11920823730776, 60.76866209852645], [-135.11926683204382, 60.76876942142149], [-135.1193091627872, 60.76887752318603], [-135.11933587119844, 60.76898531203365], [-135.119348178748, 60.769092044030245], [-135.11934767327114, 60.769196967816555], [-135.11932116525475, 60.76935249263101], [-135.11867615482402, 60.76931105428634], [-135.11834597030622, 60.76932036725369], [-135.11801555530596, 60.76934755438474], [-135.11702485471898, 60.769510054611594], [-135.11671305337262, 60.76953726174992], [-135.11592376184862, 60.76954684597526], [-135.11577675455482, 60.76952005437594], [-135.11511545513116, 60.76937695517241], [-135.1147845539963, 60.76924265477615], [-135.11450860245688, 60.769090272311175], [-135.1136193684868, 60.76853590538731], [-135.11292651947724, 60.76810394987056], [-135.1123143833854, 60.76768955317882], [-135.111933053056, 60.76743145547773], [-135.11154105472718, 60.76718302151965], [-135.10927547002547, 60.767745752003236], [-135.11213374071636, 60.769797207850466], [-135.11974834007623, 60.775260752071894], [-135.1197930712377, 60.77529284019553], [-135.12127901233202, 60.7757848735113], [-135.12157087047697, 60.77588149761546], [-135.12173019123006, 60.77593425280391], [-135.1220960811387, 60.77602042222157], [-135.1222998070974, 60.776068344421375], [-135.1228693409806, 60.77616665520806], [-135.12342050100114, 60.77625598660847], [-135.1239165053937, 60.77630939582106], [-135.1243938466336, 60.776317872330786], [-135.12481606958872, 60.77629959656983], [-135.1251957695339, 60.776263821250964], [-135.12384201587872, 60.77731730363554]]]}, "properties": {"NAME": "Porter Creek Centre"}}, {"type": "Feature", "id": 10, "geometry": {"type": "Polygon", "coordinates": [[[-135.1540848535922, 60.800004048188555], [-135.20506258601282, 60.80006207882914], [-135.20499599141002, 60.78964275059179], [-135.25717073951395, 60.789541281327914], [-135.27167531010852, 60.789418053589586], [-135.2711754376107, 60.7838437268149], [-135.26313061313067, 60.77358799907359], [-135.26296721319278, 60.77337961611952], [-135.1748925876203, 60.77336077802797], [-135.16524202326184, 60.775759042291284], [-135.16431916068763, 60.77547166717754], [-135.16012699406406, 60.774166093871166], [-135.15686770657038, 60.776443587381245], [-135.15565537547602, 60.77590242696805], [-135.15503171932315, 60.77562525949303], [-135.1547209627904, 60.77548714849594], [-135.15377856143235, 60.77506184881882], [-135.15346806226106, 60.77491454891846], [-135.15316886087572, 60.77476274894596], [-135.1528823613511, 60.774605549033275], [-135.15260816184332, 60.774442048596434], [-135.1523495620757, 60.77427224837256], [-135.1521073613505, 60.77409684857641], [-135.15187966050945, 60.77391664879777], [-135.15166816164728, 60.77373524893591], [-135.1514684601998, 60.77355234918051], [-135.15110586091177, 60.773188248744816], [-135.1504483622179, 60.77247534514051], [-135.1504472249827, 60.772474169156105], [-135.15002576013353, 60.772592648714756], [-135.14883336085774, 60.772800449538316], [-135.14729256009963, 60.773080449883636], [-135.14460484731907, 60.773591724288416], [-135.1441031592931, 60.77368715045824], [-135.14035886600908, 60.77440776152186], [-135.14117136152316, 60.77547525077955], [-135.1413004609178, 60.775609850150076], [-135.141688061394, 60.77605835078], [-135.14192806098856, 60.77637225012028], [-135.14218936244734, 60.776696150482906], [-135.1424975623577, 60.77707795030862], [-135.1426665629949, 60.77728724983446], [-135.14316486308044, 60.777870350237386], [-135.1434050624204, 60.778211249720876], [-135.14382956287156, 60.778686649558786], [-135.14416196377536, 60.779117249539354], [-135.14447606379233, 60.77951194963626], [-135.14457141834907, 60.77960892706398], [-135.14055838724667, 60.78292935846074], [-135.14057869766137, 60.7829361997869], [-135.1460740892175, 60.78478709776816], [-135.13748361603376, 60.79045887057386], [-135.13875543086908, 60.79101807501515], [-135.14014490144615, 60.791589140772835], [-135.14182155715523, 60.792451178182745], [-135.14367800886433, 60.79336946282359], [-135.14571769051153, 60.79438387814667], [-135.14753797634245, 60.79521722041128], [-135.14891937445242, 60.79603097742149], [-135.14960832801134, 60.79658773686106], [-135.15040531292038, 60.79738489676829], [-135.15161468855993, 60.79823069123029], [-135.15304736966476, 60.79930024207824], [-135.1540848535922, 60.800004048188555]]]}, "properties": {"NAME": "Porter Creek North"}}, {"type": "Feature", "id": 11, "geometry": {"type": "Polygon", "coordinates": [[[-135.11577675455482, 60.76952005437594], [-135.11592376184862, 60.76954684597526], [-135.11671305337262, 60.76953726174992], [-135.11702485471898, 60.769510054611594], [-135.11801555530596, 60.76934755438474], [-135.11834597030622, 60.76932036725369], [-135.11867615482402, 60.76931105428634], [-135.11932116525475, 60.76935249263101], [-135.11934767327114, 60.769196967816555], [-135.119348178748, 60.769092044030245], [-135.11933587119844, 60.76898531203365], [-135.1193091627872, 60.76887752318603], [-135.11926683204382, 60.76876942142149], [-135.11920823730776, 60.76866209852645], [-135.11913611725197, 60.76855756672445], [-135.11896063861056, 60.76835228211331], [-135.11880619989958, 60.76819628606436], [-135.118546695827, 60.767941009706824], [-135.11794222338284, 60.76736979567281], [-135.11650719858466, 60.765999106282294], [-135.1166959138386, 60.7659515287452], [-135.12004210740076, 60.765128788428996], [-135.12094664034475, 60.76600873590863], [-135.12084674110395, 60.766033305900955], [-135.12049702138236, 60.766119316086524], [-135.1208737481326, 60.76648595383398], [-135.1209858780408, 60.76659869197027], [-135.12204133024449, 60.76633132503258], [-135.12490295276172, 60.76560635340852], [-135.12882685287767, 60.764641952362865], [-135.132823853048, 60.76365945168476], [-135.13469395229123, 60.76319975159823], [-135.1360128799863, 60.76288483079974], [-135.13658235139926, 60.762748851404794], [-135.1376032334445, 60.762497875875624], [-135.13686263845443, 60.760274027534116], [-135.1416150570101, 60.75854376476018], [-135.1417824264321, 60.75799251453128], [-135.14200803298522, 60.75724942730031], [-135.14221748411887, 60.75655952202293], [-135.14268290666297, 60.755116414720476], [-135.14290420428011, 60.75438915891994], [-135.1430293052479, 60.753902292361076], [-135.14312326345353, 60.75341156696665], [-135.14318549355085, 60.7529230183228], [-135.14320480739264, 60.75268015393831], [-135.1432257832715, 60.75219604455463], [-135.14324272880486, 60.750458740779976], [-135.143248809638, 60.749835155096854], [-135.14324334917012, 60.74937442022352], [-135.14321888200712, 60.748834688756524], [-135.14308159807425, 60.748371320767205], [-135.14301644707493, 60.748151329630794], [-135.14282884375842, 60.7477307505696], [-135.14253364349412, 60.747336051090855], [-135.14218344128466, 60.74695935042186], [-135.14177834093906, 60.74660955103516], [-135.1413182422738, 60.74627785111489], [-135.14027024087414, 60.745704351023974], [-135.14013222178863, 60.74564457612169], [-135.2413326946102, 60.74574508286811], [-135.23767225724154, 60.7410740913587], [-135.2341138072898, 60.73653177417816], [-135.2176975425737, 60.71552480167798], [-135.31154354755063, 60.71425216425288], [-135.3114484550812, 60.558406456803965], [-135.0501253654103, 60.55838460254487], [-135.09364013333862, 60.58847961608914], [-135.10713521921258, 60.59779790293631], [-135.1292470332772, 60.61305070151508], [-135.13123151951555, 60.61441901472542], [-135.13338536345117, 60.61590347272149], [-135.1333268245883, 60.65060790283025], [-135.13335533274974, 60.68471197749197], [-135.13335533478931, 60.68757770003902], [-135.1333553356939, 60.68971676108796], [-135.13335534234915, 60.69746330017372], [-135.13335534537723, 60.70152259292483], [-135.13335535081322, 60.71266218373115], [-135.13335535170393, 60.7128357198187], [-135.13335536067999, 60.72667405298795], [-135.10559409920683, 60.74038783528344], [-135.10790335838774, 60.7457811127874], [-135.10611973771935, 60.746180356297], [-135.1055102372643, 60.746523957199805], [-135.10539983881992, 60.746700657246734], [-135.10545633875077, 60.7469893571245], [-135.105803137862, 60.74730025679531], [-135.10593023930988, 60.747918356829175], [-135.10636813963364, 60.74849415633515], [-135.1062388389872, 60.748814956414094], [-135.10581633901123, 60.749080256263845], [-135.1052978404687, 60.749265456318106], [-135.10475134014834, 60.749792456593006], [-135.1050010408619, 60.75000405687061], [-135.10531134045348, 60.75032465703093], [-135.10514444154063, 60.75063595685401], [-135.10514654115877, 60.750841156677374], [-135.10548874050494, 60.75103925653175], [-135.10578274173858, 60.751346056915835], [-135.10585824096046, 60.75149075663849], [-135.1061823406803, 60.751660956457116], [-135.1064511408271, 60.75191955673927], [-135.10634484259333, 60.752083456944554], [-135.10597474138558, 60.752227056714965], [-135.1054329225599, 60.752336902146666], [-135.10538234124147, 60.75234715635749], [-135.10521207696394, 60.752416315862014], [-135.09196636409735, 60.75269730178855], [-135.08772078907472, 60.753326621378676], [-135.08778812923842, 60.75352271541007], [-135.08790577480872, 60.753865285074134], [-135.08810869855938, 60.75426918864658], [-135.08895674696873, 60.75577682023709], [-135.09013751289024, 60.75800273115774], [-135.0909120132045, 60.75938488234204], [-135.09156613335045, 60.760644619053], [-135.09177234495093, 60.76104172863314], [-135.0922775510596, 60.76201458105857], [-135.09242485953996, 60.762229993289615], [-135.09264570350052, 60.76243628943704], [-135.0929398917209, 60.76262457295284], [-135.0933074155643, 60.76278594349977], [-135.0937115628134, 60.76291133785912], [-135.09417069367746, 60.76300973687036], [-135.09466642642602, 60.763054359172976], [-135.09518020900867, 60.763044947358935], [-135.09569391806352, 60.76299076502523], [-135.0961889915357, 60.7628826554648], [-135.09770010583904, 60.76241782811164], [-135.0987925784095, 60.76208175837382], [-135.09932444038463, 60.76194664601986], [-135.09991140297686, 60.7618474621657], [-135.10091205468086, 60.76177785100817], [-135.10104856547477, 60.76176834625508], [-135.10108574840675, 60.761765757100555], [-135.10125131102689, 60.76177068997447], [-135.10167314844512, 60.76178325721569], [-135.10224204809109, 60.7618636569638], [-135.1028115476587, 60.761979957244634], [-135.10336244749124, 60.762123156388725], [-135.10387684880365, 60.76232025697439], [-135.10429984938733, 60.76255335678907], [-135.10466754916274, 60.76280445699992], [-135.10494394942233, 60.76309155667399], [-135.10514694861578, 60.76340565633232], [-135.10616325175857, 60.766492356091284], [-135.10615168194312, 60.766614889739124], [-135.10608413467912, 60.76685733322086], [-135.10602134135303, 60.76701692274534], [-135.10544449865546, 60.7682185283652], [-135.10548890887637, 60.76839006088011], [-135.10568657558647, 60.76850249914768], [-135.10679551395796, 60.76829721207346], [-135.10681015919974, 60.768294501269715], [-135.10739608106476, 60.76818603038805], [-135.10927547002547, 60.767745752003236], [-135.11154105472718, 60.76718302151965], [-135.111933053056, 60.76743145547773], [-135.1123143833854, 60.76768955317882], [-135.11292651947724, 60.76810394987056], [-135.1136193684868, 60.76853590538731], [-135.11450860245688, 60.769090272311175], [-135.1147845539963, 60.76924265477615], [-135.11511545513116, 60.76937695517241], [-135.11577675455482, 60.76952005437594]]]}, "properties": {"NAME": "Porter Creek South"}}, {"type": "Feature", "id": 12, "geometry": {"type": "Polygon", "coordinates": [[[-134.93734739461877, 60.71594695944838], [-134.95622386712088, 60.738393391016395], [-134.98140239750975, 60.76827815819236], [-135.10091179076542, 60.848528149175166], [-135.177697000794, 60.841841488678114], [-135.17900681378063, 60.8417270069206], [-135.1803355069916, 60.83926404415875], [-135.18089128506435, 60.837223971446235], [-135.18128799279373, 60.8352269573432], [-135.1800935314836, 60.832705982720256], [-135.176013634202, 60.830682148138514], [-135.17402938596243, 60.82937071393241], [-135.17361103962227, 60.82735075223909], [-135.1734072301329, 60.82027473188615], [-135.17271371177227, 60.816947793033506], [-135.17205016214098, 60.813023566115085], [-135.17088809302118, 60.81085979889669], [-135.16738654379978, 60.80890333623026], [-135.16614802163338, 60.807735528723306], [-135.16533842802158, 60.80588266882825], [-135.16398826500543, 60.80435914355331], [-135.15859119949008, 60.80208344654977], [-135.15657260632577, 60.80128956184908], [-135.1540848535922, 60.800004048188555], [-135.15304736966476, 60.79930024207824], [-135.15161468855993, 60.79823069123029], [-135.15040531292038, 60.79738489676829], [-135.14960832801134, 60.79658773686106], [-135.14891937445242, 60.79603097742149], [-135.14753797634245, 60.79521722041128], [-135.14571769051153, 60.79438387814667], [-135.14367800886433, 60.79336946282359], [-135.14182155715523, 60.792451178182745], [-135.14014490144615, 60.791589140772835], [-135.13875543086908, 60.79101807501515], [-135.13748361603376, 60.79045887057386], [-135.1362724671719, 60.78992695685827], [-135.13471581732207, 60.78944488376088], [-135.13343318334447, 60.78909993150112], [-135.1316874434831, 60.788792929116475], [-135.13141342307404, 60.78876202295303], [-135.13018658859355, 60.788623640305616], [-135.12831352844213, 60.78853325226716], [-135.12639072796125, 60.788543746579], [-135.1246146153446, 60.78856550878925], [-135.12242251856821, 60.78883828976517], [-135.1206704544201, 60.789144937672106], [-135.11854850024125, 60.789558944873505], [-135.11730690494096, 60.78969823093304], [-135.11565431893843, 60.7898029981503], [-135.1146757861246, 60.78995121278003], [-135.11373234381398, 60.790170068258796], [-135.1132577725225, 60.79076477332561], [-135.11283267924583, 60.791601088577586], [-135.11260557479991, 60.79201953905443], [-135.11194826170154, 60.79217551773388], [-135.11060844012965, 60.79218827799999], [-135.10870731960608, 60.792112440706426], [-135.10642249458593, 60.79193119128263], [-135.10612492861864, 60.79190758295031], [-135.1047209327466, 60.79185021900411], [-135.10329979908528, 60.79193589585577], [-135.1013644044288, 60.79214606370737], [-135.0994640515051, 60.79242685276795], [-135.09750427079484, 60.792694535644735], [-135.09521838053578, 60.79289737118619], [-135.09270968480018, 60.79320763998548], [-135.0921889088931, 60.79327204152912], [-135.0903602465444, 60.793365735155376], [-135.08830351143632, 60.7935210474866], [-135.0870859716698, 60.79360247242629], [-135.08567480926988, 60.79345941893808], [-135.0846693285162, 60.79293720493207], [-135.08359500045577, 60.792287918478706], [-135.08262288669488, 60.791465332718346], [-135.08207664776197, 60.79050580560517], [-135.08165157697437, 60.789600942594696], [-135.08094397390005, 60.78810233076408], [-135.0805647854116, 60.78669706205878], [-135.08077962275502, 60.78554245953423], [-135.08072968656504, 60.784942042486215], [-135.08070775426643, 60.7843267478269], [-135.08020026481137, 60.78385000959099], [-135.07946163722497, 60.78340651657202], [-135.07754658794087, 60.782528240453935], [-135.07594798531343, 60.78158635909035], [-135.07500468374147, 60.780788932125844], [-135.0745462285626, 60.78019664257723], [-135.07403844828335, 60.7793619020656], [-135.07374256509883, 60.77896684578537], [-135.07353780759965, 60.77861293405844], [-135.07315044670668, 60.778236655933824], [-135.07309145803583, 60.77776093328354], [-135.0730484971036, 60.776891250269664], [-135.07307434016332, 60.77614863696216], [-135.0733470396197, 60.77557236685101], [-135.0739734770048, 60.77504614092848], [-135.0753121093443, 60.77467698982148], [-135.07716003336498, 60.77412642315886], [-135.07894617354643, 60.77353424575612], [-135.08053813971404, 60.773060086703175], [-135.08154721771416, 60.77258327046864], [-135.08198142322036, 60.77184962268446], [-135.08210441313884, 60.7708767188423], [-135.08166001000205, 60.7700863962166], [-135.08057824532293, 60.76933733333349], [-135.07959205613423, 60.76868625545848], [-135.07910615084148, 60.76832573678745], [-135.07850565706622, 60.76788018318332], [-135.0773493323563, 60.76693278266557], [-135.07686420368384, 60.76600054093192], [-135.0766875977347, 60.76527622148765], [-135.07678992871453, 60.7644036288892], [-135.07740037141298, 60.764038960122576], [-135.07848696265384, 60.763446440719356], [-135.07929579438004, 60.76301643811554], [-135.07966376958868, 60.762538140264375], [-135.0800685698627, 60.76180222050146], [-135.08020749127363, 60.76137130464106], [-135.0803161532468, 60.76092672077503], [-135.08030971054714, 60.760498705159144], [-135.07979367556348, 60.759895329503635], [-135.07918689826548, 60.75925094673829], [-135.0787094393945, 60.75876096882223], [-135.07814478581412, 60.75827272799558], [-135.07741283277545, 60.757873449017715], [-135.0764899381137, 60.757278171062254], [-135.07543237025342, 60.75681401209647], [-135.07459264013153, 60.75648237700771], [-135.0742283171015, 60.756338491284225], [-135.07232078715361, 60.75580560229593], [-135.07034811513554, 60.755188352715734], [-135.06917091189806, 60.75468370902831], [-135.06781463976324, 60.75412552743708], [-135.0665766672935, 60.75323673930733], [-135.0656728263402, 60.75251541972974], [-135.0648280955102, 60.75180433920236], [-135.06406824168243, 60.75106302577887], [-135.06387499476378, 60.750874015100884], [-135.06302795014676, 60.750045509658364], [-135.06214028847074, 60.749217420954686], [-135.06205059276385, 60.74904627189905], [-135.0618293905973, 60.74862418081116], [-135.06190216126046, 60.74809469151516], [-135.06191857221347, 60.748071952545665], [-135.06232012130934, 60.74751554482251], [-135.06247535781299, 60.74692733406356], [-135.06263176359718, 60.74635337092676], [-135.06264546107408, 60.74581363355187], [-135.06237390249092, 60.744991267883364], [-135.0620744784231, 60.74418372425577], [-135.0617844671474, 60.74349016541848], [-135.061708116437, 60.742564024696826], [-135.06183632333452, 60.74164809910246], [-135.06224683324112, 60.74062667303863], [-135.06264471088866, 60.739805297431715], [-135.06347364160123, 60.73891828096387], [-135.06385238699653, 60.73857109908565], [-135.0642772362787, 60.738077429553975], [-135.06436531115872, 60.73721788023161], [-135.0643660907037, 60.73721026726848], [-135.0643739479611, 60.73713357632583], [-135.06415262885284, 60.736567099964795], [-135.0635014602977, 60.73608051181085], [-135.0626135805914, 60.735653743241215], [-135.0625319543751, 60.73561450708082], [-135.06147650768708, 60.73516447115996], [-135.06029668545315, 60.734616989188595], [-135.0590984154413, 60.734198308627995], [-135.05795944206525, 60.733792715833864], [-135.0568703887915, 60.73328622161023], [-135.05590341245812, 60.732848662611445], [-135.0551885055193, 60.732291937123364], [-135.05469895609235, 60.73164512070698], [-135.05453476997613, 60.73106322577013], [-135.05467250795488, 60.73026128406731], [-135.0546731036312, 60.72956052760877], [-135.0543742536381, 60.72910974137943], [-135.05393020187097, 60.728661825647094], [-135.05357445641891, 60.72822643426026], [-135.05323957297892, 60.72769072709222], [-135.05304471792223, 60.727410927354306], [-135.05287683033276, 60.7271698413917], [-135.05240612514228, 60.72675099074352], [-135.05182395060774, 60.72639142808466], [-135.0513474271152, 60.72590132977065], [-135.05117416998135, 60.72556222881334], [-135.05084987530753, 60.72515475202522], [-135.050682288934, 60.72453010239498], [-135.05059831603472, 60.72386098536011], [-135.0505025481626, 60.72351547087941], [-135.05043307899845, 60.7232648309962], [-135.05005057041075, 60.722501705895716], [-135.04964605265098, 60.721824644012564], [-135.04929745579173, 60.72147472984881], [-135.04874550397392, 60.72112740210002], [-135.04838057593994, 60.72057800208155], [-135.04804586417055, 60.72004227559392], [-135.04788585182192, 60.71957839967977], [-135.04785516490838, 60.719489435488434], [-135.04761396484471, 60.71921053496896], [-135.04738215791275, 60.71894248947341], [-135.04730907035494, 60.718857975698796], [-135.04725494333948, 60.71880726657704], [-135.04674213503233, 60.718326827722294], [-135.04592896325133, 60.717629269676664], [-135.04569189932437, 60.71743705340702], [-135.0454306305204, 60.7172252101347], [-135.04504843737038, 60.71681885935793], [-135.04484382061844, 60.7160950257811], [-135.044715925543, 60.71559802867895], [-135.04459841273626, 60.7148724769841], [-135.04486877084233, 60.7142677255254], [-135.04516687843787, 60.71400344086739], [-135.0453031563225, 60.71388262198211], [-135.04429376865227, 60.71369093380919], [-135.04420219782511, 60.713655159542704], [-135.04237455905562, 60.713265883704125], [-135.04192930594456, 60.7131710418277], [-135.04158095562323, 60.713072355962154], [-135.04115934746582, 60.7128929410451], [-135.04104947364615, 60.71295587749053], [-135.0407743739363, 60.71279425479429], [-135.04061940443432, 60.71268178103313], [-135.04053700468788, 60.712615589793295], [-135.04066757819425, 60.71257753303888], [-135.04064579232096, 60.71256088316788], [-135.03824318412373, 60.71058634607226], [-135.03807818938188, 60.71064029508351], [-135.03735372427568, 60.710036372715784], [-135.03708560909956, 60.7098128677364], [-135.03591411516783, 60.70883624435701], [-135.03576729463498, 60.7087285881272], [-135.0356605682224, 60.70863312053252], [-135.03523557176612, 60.708252957685225], [-135.03483207051804, 60.70783105775361], [-135.03452006976298, 60.70739125742592], [-135.0342263698075, 60.70681665918584], [-135.0341817561884, 60.70655288590496], [-135.03416750584972, 60.70645326379162], [-135.03408750299994, 60.706260106638716], [-135.03406719660694, 60.70623785000811], [-135.03403590676314, 60.70622012432866], [-135.03399029887947, 60.70621095075749], [-135.03395701993585, 60.706200276479656], [-135.03392391663115, 60.70618501373655], [-135.0339013579987, 60.70616882474288], [-135.03387380558075, 60.706129539038706], [-135.0338708447028, 60.706104424572224], [-135.03387425276424, 60.70608781566859], [-135.03388413257676, 60.70606298851116], [-135.03390868841936, 60.70604075008164], [-135.03387787455918, 60.706008630676926], [-135.03369474473297, 60.70590713035692], [-135.03333170456105, 60.70573912761215], [-135.0313668488252, 60.70513838734412], [-135.0312203514153, 60.70523718621925], [-135.0307807092376, 60.70534497014256], [-135.02964510466427, 60.70550685158282], [-135.02924208557386, 60.705587750751455], [-135.02744691841278, 60.70583059212758], [-135.02663769371676, 60.70596560439521], [-135.02662681108285, 60.70596742039216], [-135.02653118122845, 60.70598337470239], [-135.02629461941848, 60.70602515644458], [-135.02561524961538, 60.70614514454998], [-135.024955833563, 60.70632490434549], [-135.02374606773608, 60.70554394705299], [-135.0229947601767, 60.70529270765455], [-135.0204844301474, 60.70447609646428], [-135.01964164974487, 60.70417987591691], [-135.02130789255457, 60.702922692533875], [-135.01997036838776, 60.70248294695113], [-135.01868797508334, 60.702070161325096], [-135.01709479794997, 60.703210542302685], [-135.01562988760318, 60.70430605605368], [-135.0148974622818, 60.70488976529349], [-135.01480581864237, 60.7050154349194], [-135.01369615085486, 60.704825268385235], [-134.93734739461877, 60.71594695944838]]]}, "properties": {"NAME": "Riverdale North"}}, {"type": "Feature", "id": 13, "geometry": {"type": "Polygon", "coordinates": [[[-135.04158095562323, 60.713072355962154], [-135.04192930594456, 60.7131710418277], [-135.04237455905562, 60.713265883704125], [-135.04420219782511, 60.713655159542704], [-135.04429376865227, 60.71369093380919], [-135.0453031563225, 60.71388262198211], [-135.04564736506555, 60.71357745654952], [-135.04603443382564, 60.71323428633369], [-135.0469175258727, 60.71259205641986], [-135.04785275009098, 60.7120691883332], [-135.04835213967138, 60.71178997788571], [-135.04910975928127, 60.71118990624756], [-135.04950799592734, 60.71055494886198], [-135.04980402902657, 60.71001425659563], [-135.04929462518584, 60.70898624313984], [-135.04726424940876, 60.70842477853493], [-135.04643746018695, 60.70767798761851], [-135.0457567114556, 60.70702564147357], [-135.04479128514862, 60.70605311837865], [-135.04415131286837, 60.70542180260282], [-135.04346832824234, 60.70475342206648], [-135.04332786658662, 60.70410717165684], [-135.0433139598178, 60.70404318853239], [-135.04309199664297, 60.70310560290558], [-135.04304881221913, 60.702221581517676], [-135.04287451919373, 60.701511408420366], [-135.04275654059686, 60.70109962128264], [-135.0425898999108, 60.700517965820886], [-135.0426141682614, 60.7001035945717], [-135.04284270718918, 60.69969946988953], [-135.0429598399193, 60.69935462878199], [-135.04286105824545, 60.6988570488036], [-135.04282176358464, 60.69875219474519], [-135.04260090924106, 60.69816283798466], [-135.04219337961482, 60.697442984967175], [-135.04203519415887, 60.696929447378125], [-135.04182504094408, 60.696491148665], [-135.041619546387, 60.696109846549476], [-135.04132586037383, 60.6957160090128], [-135.0407222949211, 60.69508564601462], [-135.04003288352624, 60.694471241717245], [-135.03930983949368, 60.69380040781207], [-135.0380977361382, 60.69318914509869], [-135.03632580381768, 60.69248183734111], [-135.0341826477483, 60.69185316136192], [-135.03217650203277, 60.69112185527191], [-135.03041065900862, 60.69012890668825], [-135.02922505131536, 60.6891245571612], [-135.02871942622636, 60.68790705662455], [-135.0288437483775, 60.686934104889914], [-135.02926226826287, 60.685291720427095], [-135.02958152611984, 60.68385822555736], [-135.0298021809291, 60.682283938640474], [-135.0299787630234, 60.68052497083955], [-135.02975875965006, 60.67960443502486], [-135.02955364395416, 60.6785094817785], [-135.02919315349197, 60.67728912397307], [-135.02920485209987, 60.676717995580965], [-135.02935926495087, 60.6757587110611], [-135.02976302502387, 60.67465180796358], [-135.03053385020888, 60.67305956690601], [-135.03134918083438, 60.67201593679178], [-135.0317308180355, 60.67063827502055], [-135.0318352552441, 60.66977986786575], [-135.03156282190426, 60.6692856772596], [-135.0313386494107, 60.6688791469538], [-135.0310536582597, 60.66849819294089], [-135.03070247831988, 60.668195848045826], [-135.03045371106327, 60.66796285473045], [-135.03030978744837, 60.667680228118556], [-135.0302597301819, 60.667063918550454], [-135.03023371174854, 60.66659462157908], [-135.03028401165943, 60.66617140186327], [-135.03030871056134, 60.66573084345982], [-135.03038169439742, 60.66543801057366], [-135.03041748269465, 60.66513401315938], [-135.03049144762232, 60.664704380572786], [-135.03046566876452, 60.66423805076872], [-135.03044157304038, 60.66379250283335], [-135.0302377756213, 60.66351699706589], [-135.0299808548772, 60.663183064190484], [-135.02975146486222, 60.6628902189413], [-135.0295713442558, 60.66260829996025], [-135.02932214992364, 60.66236936586565], [-135.02904880734698, 60.66213090429138], [-135.02884527044208, 60.66185836521874], [-135.02863956870277, 60.66155910574702], [-135.02842179714767, 60.661260083624974], [-135.02826681078122, 60.6609895633038], [-135.0281253478461, 60.66073661945787], [-135.02792833086846, 60.660544234075715], [-135.0278052095817, 60.66036823999615], [-135.0277322173607, 60.66021386147575], [-135.02736327489214, 60.65998916528897], [-135.0262380236188, 60.659684145979355], [-135.0255566123467, 60.65948341215006], [-135.02483754180713, 60.65926557162669], [-135.02391658812547, 60.659093310187465], [-135.02307626238132, 60.65902056193877], [-135.02239386522078, 60.658956610722235], [-135.02171819585885, 60.658975782311195], [-135.02114632632785, 60.65908212304841], [-135.02075364271354, 60.659161168605856], [-135.02030929945337, 60.65919959479567], [-135.0199219651517, 60.659195276111156], [-135.01948249254377, 60.65914439987472], [-135.01891700208384, 60.65903056964388], [-135.01804830206552, 60.65875614667956], [-135.01757989408435, 60.65864636003913], [-135.01696516534662, 60.658521589760824], [-135.01648708745643, 60.65844172288088], [-135.01604475649467, 60.65835520898004], [-135.01567678746036, 60.65829103017665], [-135.01527451496065, 60.65825130737028], [-135.01445205571898, 60.65824951803829], [-135.01371698526006, 60.65828170072028], [-135.0130886642542, 60.658288009921606], [-135.01253135089004, 60.65827508964943], [-135.01188473329844, 60.65820443944334], [-135.01127003416897, 60.65807964108104], [-135.0105380665168, 60.65785008068505], [-135.01029914792343, 60.657736391091305], [-135.00988397771417, 60.657536336076895], [-135.0095112496477, 60.65741276345788], [-135.00888928334487, 60.657347564919775], [-135.0082557232926, 60.65728853639564], [-135.00746855357585, 60.657274122398725], [-135.0068895003593, 60.6572913366735], [-135.00620321755383, 60.65732847402946], [-135.00513010098516, 60.65736718258898], [-135.0045901309306, 60.65741930755498], [-135.00384633672283, 60.6574932319139], [-135.00331843310326, 60.657545116991336], [-135.00283500876404, 60.65754856142122], [-135.00210296122518, 60.65746762763079], [-135.00151293929656, 60.65734825175063], [-135.00080552139903, 60.657272779836255], [-135.00021455723942, 60.65714152282716], [-134.99975021395284, 60.65693049696316], [-134.99924156151295, 60.65661923187714], [-134.9986765339742, 60.65620796013813], [-134.99831696928408, 60.6559461325766], [-134.9976604392634, 60.65575072029534], [-134.9971497458761, 60.65556437114784], [-134.99684209842076, 60.65519567855159], [-134.99638125679007, 60.654574832659854], [-134.99600071905618, 60.6542016029918], [-134.9957108753498, 60.65390392625483], [-134.99547265679408, 60.65364687709808], [-134.99535658777558, 60.653405301726295], [-134.99522464684657, 60.65311645907299], [-134.99513671729792, 60.65277324114757], [-134.9949285473289, 60.65243829890658], [-134.99439406873933, 60.65195386592346], [-134.9938322338489, 60.6514295206494], [-134.99377777257206, 60.65137961892509], [-134.99333647516795, 60.65097525783615], [-134.9929136309207, 60.65052552856374], [-134.99248812797256, 60.6501935982589], [-134.991984609152, 60.64979300238146], [-134.9915341309175, 60.64945084794291], [-134.99095183515325, 60.6491231346372], [-134.99033829770553, 60.64870681896245], [-134.9897763763862, 60.648331131111355], [-134.98900688692675, 60.64777807091318], [-134.98844452437496, 60.647396438702366], [-134.98802441925443, 60.64713099584175], [-134.9877806279006, 60.64680267727045], [-134.98759457176968, 60.6462888880699], [-134.9874007155084, 60.64582877105435], [-134.9870029610066, 60.64523700142714], [-134.9865097517388, 60.64450910403421], [-134.98598107720716, 60.64394245631317], [-134.98550779295476, 60.64346394161523], [-134.98520111246057, 60.642952475767714], [-134.98484877174397, 60.64247459886194], [-134.9843627548909, 60.6418357580748], [-134.98390467664328, 60.641243951385874], [-134.98353226072857, 60.64081700685114], [-134.98308295048957, 60.64048669459925], [-134.98259058224878, 60.64022262685948], [-134.98217875340927, 60.64005929339959], [-134.98136389911642, 60.63984306589066], [-134.98049889792816, 60.63960401096434], [-134.97965284937078, 60.63929916956103], [-134.97881558061894, 60.63895252443307], [-134.97793316745813, 60.63849375197405], [-134.97691596593577, 60.637859156990565], [-134.9757377045026, 60.63717412873775], [-134.9751977533825, 60.636918085486194], [-134.97461963255336, 60.63663779669687], [-134.9738674234151, 60.63629543332803], [-134.97318055777623, 60.63586260641553], [-134.97243650819314, 60.635317882265134], [-134.97194178578863, 60.63486946561128], [-134.97141135470014, 60.6344276798091], [-134.97110939499902, 60.634124233820465], [-134.97067371697105, 60.63365802755303], [-134.97034465833295, 60.63316479719845], [-134.97007717899078, 60.63253360414215], [-134.96989980258002, 60.6319720460747], [-134.969626389805, 60.631418275273795], [-134.9691490045873, 60.63103493219435], [-134.96892695493275, 60.630824505007666], [-134.96874474920062, 60.63050686285266], [-134.96865294510724, 60.630110176023976], [-134.96864370731686, 60.629688118165845], [-134.96872909250567, 60.62924045708572], [-134.9689112905251, 60.62864226424059], [-134.96906262192473, 60.62826470208002], [-134.96906277701686, 60.62796140205098], [-134.96867599653893, 60.627653629993574], [-134.96778260877028, 60.62735556889175], [-134.96657665578306, 60.62707657466973], [-134.96558131529525, 60.62686371073618], [-134.96472664863006, 60.62674924448895], [-134.96394623339881, 60.6266571390134], [-134.9632197000361, 60.62663536235695], [-134.96250944527378, 60.62666679267872], [-134.96188596792098, 60.62672629343963], [-134.96138029821697, 60.62674785814387], [-134.96077766400967, 60.62676532627906], [-134.96019306350055, 60.626705137009914], [-134.95937683766695, 60.626465014272625], [-134.9585507953603, 60.62610018819227], [-134.95748998735252, 60.62566847583967], [-134.956698070835, 60.625276225177934], [-134.95592678903682, 60.624838974302584], [-134.95496947247076, 60.62433985030763], [-134.9542622818816, 60.62394894246949], [-134.9535341749646, 60.6234454375177], [-134.95287938822287, 60.622952425967554], [-134.95172930291844, 60.6224581418363], [-134.95062327071557, 60.62206291790563], [-134.94970143308902, 60.62170580766845], [-134.94871838407389, 60.621337961951376], [-134.94765414736906, 60.62085866102094], [-134.9468743023204, 60.62046314950451], [-134.94625311447624, 60.62008840533583], [-134.94560875381313, 60.61972599329649], [-134.94543001459493, 60.619448692859756], [-134.94528568842847, 60.61914813930142], [-134.94512837464393, 60.618835939415355], [-134.9448741279697, 60.61851963351639], [-134.94446405061257, 60.618218180977514], [-134.94375809144913, 60.617993709780585], [-134.94289351883603, 60.617748457486385], [-134.9419515198065, 60.61759387432921], [-134.94119551944428, 60.61750117227714], [-134.93965989232865, 60.61747677179145], [-134.9367750858141, 60.61749574798902], [-134.93604506920846, 60.61758093345279], [-134.93535539417957, 60.6177188725254], [-134.9347464064681, 60.6179623263844], [-134.9338646499159, 60.61857964702535], [-134.93343511300316, 60.61895647956532], [-134.93305148946675, 60.61930270764961], [-134.93292714823477, 60.619566722745745], [-134.93293127200405, 60.61992940662623], [-134.93294326517926, 60.62039303993962], [-134.9329807692046, 60.62087403076565], [-134.9329264675237, 60.62110698660756], [-134.93282853015768, 60.62155485635029], [-134.93258771845603, 60.622029213435376], [-134.93224166317216, 60.62239316291797], [-134.9318621218454, 60.62294744832136], [-134.93153269112003, 60.62336995478531], [-134.9312659016674, 60.62366639177725], [-134.93103479671086, 60.62411082709185], [-134.93085100488895, 60.624542473631436], [-134.9306346578843, 60.62533154601749], [-134.9301761372154, 60.62623738734003], [-134.92942462922844, 60.62750754902322], [-134.92860043024564, 60.62834138730067], [-134.92774350149634, 60.629251954556615], [-134.926580650931, 60.63020634085942], [-134.92536434672286, 60.630971422424444], [-134.92406929554946, 60.63171894420337], [-134.92276680239436, 60.63237144296637], [-134.92148368446908, 60.632776175715385], [-134.92056448836104, 60.63288860796098], [-134.91940185017634, 60.63285337137232], [-134.91849620413092, 60.63264203050415], [-134.91783282864097, 60.6320645696385], [-134.91760886884197, 60.63166915171166], [-134.91747537892698, 60.63144330152698], [-134.91800143024332, 60.63074835373931], [-134.91869071557323, 60.63016451437791], [-134.9194439160553, 60.62940820082463], [-134.92009454208892, 60.62882507847555], [-134.92067088886077, 60.628281407952414], [-134.92087005519454, 60.62785900646214], [-134.92083024105307, 60.62734595005301], [-134.92050227084783, 60.627104729706346], [-134.9198982131881, 60.62679257942744], [-134.91902986432035, 60.626561512740906], [-134.9178957542305, 60.626392521884334], [-134.916988831756, 60.626162165450914], [-134.91597642955807, 60.626066992152644], [-134.91500704389728, 60.626028093240656], [-134.9133116332978, 60.62609794896992], [-134.91198564321357, 60.62644630737369], [-134.91123486484182, 60.62698600596313], [-134.91017563058773, 60.62741318278329], [-134.90865742012525, 60.627897820259086], [-134.90712786333404, 60.62823600802751], [-134.90589114924978, 60.62807989752007], [-134.90490506113295, 60.627739864394826], [-134.90387465899963, 60.627254008802325], [-134.9030476042473, 60.626829523260405], [-134.90129267206106, 60.62638975831864], [-134.89978290230056, 60.626124628879424], [-134.89815471768964, 60.626040918018404], [-134.8963587967112, 60.62592772126509], [-134.8947786672172, 60.626038595111886], [-134.89320102455915, 60.6261819903168], [-134.89164519083008, 60.62617831889574], [-134.89067677294, 60.62606596008172], [-134.88980751043863, 60.62595175329966], [-134.88900052095093, 60.625818314543544], [-134.88506755234508, 60.65621578832604], [-134.8839015579164, 60.65632344654087], [-134.88321967929215, 60.65678412508106], [-134.8825448776092, 60.65753509764439], [-134.88271733986954, 60.65863513695526], [-134.88253520459327, 60.658639282121136], [-134.88307805621946, 60.66438364872537], [-134.90472606602165, 60.677082777623816], [-134.93734739461877, 60.71594695944838], [-135.01369615085486, 60.704825268385235], [-135.01480581864237, 60.7050154349194], [-135.0148974622818, 60.70488976529349], [-135.01562988760318, 60.70430605605368], [-135.01709479794997, 60.703210542302685], [-135.01868797508334, 60.702070161325096], [-135.01997036838776, 60.70248294695113], [-135.02130789255457, 60.702922692533875], [-135.01964164974487, 60.70417987591691], [-135.0204844301474, 60.70447609646428], [-135.0229947601767, 60.70529270765455], [-135.02374606773608, 60.70554394705299], [-135.024955833563, 60.70632490434549], [-135.02561524961538, 60.70614514454998], [-135.02629461941848, 60.70602515644458], [-135.02653118122845, 60.70598337470239], [-135.02662681108285, 60.70596742039216], [-135.02663769371676, 60.70596560439521], [-135.02744691841278, 60.70583059212758], [-135.02924208557386, 60.705587750751455], [-135.02964510466427, 60.70550685158282], [-135.0307807092376, 60.70534497014256], [-135.0312203514153, 60.70523718621925], [-135.0313668488252, 60.70513838734412], [-135.03333170456105, 60.70573912761215], [-135.03369474473297, 60.70590713035692], [-135.03387787455918, 60.706008630676926], [-135.03390868841936, 60.70604075008164], [-135.03388413257676, 60.70606298851116], [-135.03387425276424, 60.70608781566859], [-135.0338708447028, 60.706104424572224], [-135.03387380558075, 60.706129539038706], [-135.0339013579987, 60.70616882474288], [-135.03392391663115, 60.70618501373655], [-135.03395701993585, 60.706200276479656], [-135.03399029887947, 60.70621095075749], [-135.03403590676314, 60.70622012432866], [-135.03406719660694, 60.70623785000811], [-135.03408750299994, 60.706260106638716], [-135.03416750584972, 60.70645326379162], [-135.0341817561884, 60.70655288590496], [-135.0342263698075, 60.70681665918584], [-135.03452006976298, 60.70739125742592], [-135.03483207051804, 60.70783105775361], [-135.03523557176612, 60.708252957685225], [-135.0356605682224, 60.70863312053252], [-135.03576729463498, 60.7087285881272], [-135.03591411516783, 60.70883624435701], [-135.03708560909956, 60.7098128677364], [-135.03735372427568, 60.710036372715784], [-135.03807818938188, 60.71064029508351], [-135.03824318412373, 60.71058634607226], [-135.04064579232096, 60.71256088316788], [-135.04066757819425, 60.71257753303888], [-135.04053700468788, 60.712615589793295], [-135.04061940443432, 60.71268178103313], [-135.0407743739363, 60.71279425479429], [-135.04104947364615, 60.71295587749053], [-135.04115934746582, 60.7128929410451], [-135.04158095562323, 60.713072355962154]]]}, "properties": {"NAME": "Riverdale South"}}, {"type": "Feature", "id": 14, "geometry": {"type": "Polygon", "coordinates": [[[-131.00002200617115, 61.429622512278435], [-131.0000220777601, 61.53333802873704], [-133.75002242739095, 61.53333759003251], [-133.75002195855467, 60.84853040184178], [-133.75002195304938, 60.84014163725131], [-133.7500219056017, 60.77150437788859], [-133.75002190540076, 60.77140828336439], [-133.75002190561167, 60.771378491280906], [-133.75002190625406, 60.77132848053663], [-133.75002190679515, 60.77121449869376], [-133.7500216576317, 60.389311078762134], [-133.75002174103489, 60.389308847041946], [-134.26346974590555, 60.39040739808502], [-134.26348366698133, 60.3904074001034], [-134.27207705712348, 60.39040823130806], [-134.3509973009665, 60.390388838636014], [-134.44938137891046, 60.3902964084659], [-134.45813235439627, 60.39028451817785], [-134.5482500457362, 60.39012721185703], [-134.63684829299845, 60.38991059913042], [-134.6562699618807, 60.389854905767294], [-134.6562888958627, 60.38985484959753], [-134.65814110754525, 60.389849383816575], [-134.80967109072623, 60.3893112689601], [-134.80748657859863, 60.387546203372246], [-134.80748573659122, 60.38754554594157], [-134.80604687020897, 60.386396612356535], [-134.8048808697885, 60.38544921225446], [-134.80281006813755, 60.38379371298131], [-134.80233236934077, 60.38343271251663], [-134.80207936922451, 60.38325781326997], [-134.80181216762233, 60.383087913112426], [-134.80152566726673, 60.38292251301762], [-134.80121866484603, 60.38276341597774], [-134.80121850170067, 60.38276329122312], [-134.80121783659317, 60.38276301724493], [-134.80089256749216, 60.38261021341237], [-134.79984876733846, 60.382165413508886], [-134.79226279075596, 60.379073836998124], [-134.79225636545792, 60.37907121501071], [-134.7889876633772, 60.37776971474527], [-134.78794306303354, 60.377364215350376], [-134.7857937615614, 60.376542315766], [-134.78508516174827, 60.3762647157156], [-134.7847366614046, 60.376123016032054], [-134.7843976615355, 60.37597651605561], [-134.7840744623693, 60.37582261579672], [-134.78376696064728, 60.375660716514034], [-134.78347606181273, 60.37548951618221], [-134.7832064653613, 60.37530942005715], [-134.78296126076955, 60.375120916169195], [-134.7827410609216, 60.3749239163532], [-134.78254616038942, 60.374717416384414], [-134.78237506092074, 60.37450341612407], [-134.78222326086427, 60.37428391604916], [-134.78208745958594, 60.37406051655052], [-134.78196535996565, 60.37383501678377], [-134.78185336064413, 60.37360771676093], [-134.78172146201405, 60.37332635630747], [-134.7814284584735, 60.37270131651537], [-134.77942305705935, 60.368510016442684], [-134.77922875539699, 60.368090617371735], [-134.77914175664512, 60.3678857169662], [-134.7791224332907, 60.36783114395251], [-134.77909623133664, 60.36775713925889], [-134.7790694559699, 60.36768151712558], [-134.7790168551926, 60.3674778170483], [-134.7790129623262, 60.36745349850289], [-134.77898435601853, 60.3672748173095], [-134.77897875482293, 60.367072216708706], [-134.77900265550502, 60.366869117140006], [-134.77903157520944, 60.36675787958256], [-134.7793708282602, 60.366107871194686], [-134.77940095402366, 60.3660672168782], [-134.77958205467684, 60.36587511651424], [-134.7796070027649, 60.365853667626084], [-134.77979805412656, 60.365689416578135], [-134.78004705397393, 60.365509116646706], [-134.7803213536619, 60.36533341707676], [-134.7806167550691, 60.36516131719897], [-134.78093075346567, 60.364993816654064], [-134.78236625762193, 60.36427940624199], [-134.784293253817, 60.363320316539635], [-134.78483315371523, 60.36303471571005], [-134.785156953927, 60.362842216192064], [-134.78532495286981, 60.3627394162649], [-134.78567535253626, 60.362487716314945], [-134.78582435399966, 60.36237261569377], [-134.7859086154448, 60.362301965641514], [-134.7860311747821, 60.36223396395723], [-134.78606727048725, 60.362159321436195], [-134.78613365253497, 60.36209631608794], [-134.78628215235355, 60.361937315811524], [-134.7864225522518, 60.36176621590591], [-134.78655275206532, 60.36158451624321], [-134.78666745197876, 60.36139321559133], [-134.78676035252124, 60.36119881623329], [-134.78683135266425, 60.36100191625175], [-134.78688045133796, 60.3608040157005], [-134.78690745274994, 60.360609616301886], [-134.78691375283162, 60.36042501587707], [-134.78690385175958, 60.360251215619684], [-134.78688255133156, 60.360094615965465], [-134.78682815161937, 60.35984681574659], [-134.78680055132335, 60.35975591592522], [-134.78674955094493, 60.35962621615889], [-134.7867270519202, 60.35956901614055], [-134.78662135063624, 60.35936101627102], [-134.78650845041813, 60.35915511560537], [-134.78572185004617, 60.35777031651931], [-134.78497504885723, 60.356500416370615], [-134.78362084846543, 60.35416951614408], [-134.78299567658271, 60.35310509396516], [-134.78219474675151, 60.35174131663992], [-134.78105494504763, 60.34977271662897], [-134.78079134444786, 60.34934031684557], [-134.7806510443, 60.34912271696455], [-134.78034434428722, 60.34868331686452], [-134.78017654394196, 60.34846111715968], [-134.77981764363702, 60.34801421709197], [-134.77943594319274, 60.34756121705925], [-134.77865794217826, 60.346674417717516], [-134.7776730408862, 60.345569717334286], [-134.7772148146377, 60.34504903668388], [-134.7769005408997, 60.34469191743101], [-134.77614634010857, 60.343819217746194], [-134.7757928395749, 60.343380418003306], [-134.77563143911036, 60.343160218202094], [-134.7754804396523, 60.34293611761917], [-134.7753437390921, 60.34270841814663], [-134.77522473863783, 60.342480517816725], [-134.77512043986138, 60.342249818153775], [-134.77507772079682, 60.342142357692225], [-134.7750273391138, 60.34201561819171], [-134.77501152023592, 60.34197000862373], [-134.77491074014188, 60.34167945017607], [-134.92075230283965, 60.34142216535691], [-135.00002170386364, 60.25000408397975], [-135.50002175546322, 60.25000400528692], [-135.50002159600433, 60.00099486621143], [-135.500021596065, 60.00036884978836], [-135.500021595844, 60.00000401114997], [-135.49998763976524, 59.999175767275894], [-134.43539828544942, 60.002809641141816], [-133.75002141048975, 60.00039545710842], [-133.74992027962082, 60.000395640909396], [-133.7491930749288, 60.00039695169843], [-133.7487715353183, 60.000397709232665], [-133.7482649752825, 60.00039861788943], [-133.74784358770222, 60.00039937171731], [-133.74750845334904, 60.000399970773294], [-133.74708048662222, 60.0004007340611], [-133.71577905318117, 60.000465340310384], [-133.68826992995184, 60.000518776713456], [-133.6758936205343, 60.000544575703266], [-133.52334848344663, 60.00084674641003], [-133.51880209253218, 60.000855242435165], [-133.51531591802222, 60.00086164692144], [-133.49084777699397, 60.00091251669916], [-133.48455612463883, 60.00092487469569], [-133.45490667288385, 60.00091710177108], [-133.42750877913147, 60.00091000335009], [-133.39940779228488, 60.0009085690992], [-133.38187858823582, 60.00090562720547], [-133.2401165798634, 60.001093989766126], [-132.81012386570802, 60.00069095512818], [-132.8045681298231, 60.00067124047276], [-132.78134776472302, 60.000586195286076], [-132.75090998115434, 60.0004800994277], [-132.72107774492886, 60.00037203635869], [-132.6853815426861, 60.00024921748797], [-132.65617671245548, 60.00014201154978], [-132.62433703030277, 60.000025664755334], [-132.5910590650543, 59.99991781229948], [-132.5625399538827, 59.9998204595924], [-132.52498675557322, 59.99968436216949], [-132.49729479014903, 59.99959213268584], [-132.46856704844328, 59.99948075629714], [-132.44100920330712, 59.99937448636324], [-132.41484035738577, 59.99948903955767], [-132.39394866020893, 59.99957659525919], [-132.364860985698, 59.999693117175475], [-132.35455321346296, 59.999732879488526], [-132.3540978203781, 59.99973461490738], [-132.3000212280566, 60.00000446785576], [-131.50002113939513, 60.00000463594493], [-131.50002134729493, 60.333337965384985], [-131.00002128190076, 60.33333804329228], [-131.00002200617115, 61.429622512278435]]]}, "properties": {"NAME": "Southern Lakes"}}, {"type": "Feature", "id": 15, "geometry": {"type": "Polygon", "coordinates": [[[-135.07848696265384, 60.763446440719356], [-135.07740037141298, 60.764038960122576], [-135.07678992871453, 60.7644036288892], [-135.0766875977347, 60.76527622148765], [-135.07686420368384, 60.76600054093192], [-135.0773493323563, 60.76693278266557], [-135.07850565706622, 60.76788018318332], [-135.07910615084148, 60.76832573678745], [-135.0791202553739, 60.76832596612812], [-135.08839821228565, 60.76823518838212], [-135.09614961062422, 60.76809007837676], [-135.0962638515463, 60.76774095735067], [-135.0965170426164, 60.76760159102849], [-135.09655925084886, 60.76757835781394], [-135.0971106513491, 60.76716415730942], [-135.09727154974348, 60.76666065776813], [-135.09746784972825, 60.76553805807895], [-135.09708384847, 60.76492015765359], [-135.09706217207716, 60.76485094435815], [-135.0969968496281, 60.7646423573834], [-135.0977144484039, 60.76408875801038], [-135.0984423493848, 60.763714457350076], [-135.099610249197, 60.76327465746403], [-135.10032204738965, 60.76265445750865], [-135.10061224878487, 60.762253357551714], [-135.10104856547477, 60.76176834625508], [-135.10091205468086, 60.76177785100817], [-135.09991140297686, 60.7618474621657], [-135.09932444038463, 60.76194664601986], [-135.0987925784095, 60.76208175837382], [-135.09770010583904, 60.76241782811164], [-135.0961889915357, 60.7628826554648], [-135.09569391806352, 60.76299076502523], [-135.09518020900867, 60.763044947358935], [-135.09466642642602, 60.763054359172976], [-135.09417069367746, 60.76300973687036], [-135.0937115628134, 60.76291133785912], [-135.0933074155643, 60.76278594349977], [-135.0929398917209, 60.76262457295284], [-135.09264570350052, 60.76243628943704], [-135.09242485953996, 60.762229993289615], [-135.0922775510596, 60.76201458105857], [-135.09177234495093, 60.76104172863314], [-135.09156613335045, 60.760644619053], [-135.0909120132045, 60.75938488234204], [-135.09013751289024, 60.75800273115774], [-135.08895674696873, 60.75577682023709], [-135.08810869855938, 60.75426918864658], [-135.08790577480872, 60.753865285074134], [-135.08778812923842, 60.75352271541007], [-135.08772078907472, 60.753326621378676], [-135.09196636409735, 60.75269730178855], [-135.10521207696394, 60.752416315862014], [-135.10538234124147, 60.75234715635749], [-135.1054329225599, 60.752336902146666], [-135.10597474138558, 60.752227056714965], [-135.10634484259333, 60.752083456944554], [-135.1064511408271, 60.75191955673927], [-135.1061823406803, 60.751660956457116], [-135.10585824096046, 60.75149075663849], [-135.10578274173858, 60.751346056915835], [-135.10548874050494, 60.75103925653175], [-135.10514654115877, 60.750841156677374], [-135.10514444154063, 60.75063595685401], [-135.10531134045348, 60.75032465703093], [-135.1050010408619, 60.75000405687061], [-135.10475134014834, 60.749792456593006], [-135.1052978404687, 60.749265456318106], [-135.10581633901123, 60.749080256263845], [-135.1062388389872, 60.748814956414094], [-135.10636813963364, 60.74849415633515], [-135.10593023930988, 60.747918356829175], [-135.105803137862, 60.74730025679531], [-135.10545633875077, 60.7469893571245], [-135.10539983881992, 60.746700657246734], [-135.1055102372643, 60.746523957199805], [-135.10611973771935, 60.746180356297], [-135.10790335838774, 60.7457811127874], [-135.10559409920683, 60.74038783528344], [-135.10526602482966, 60.74029396507601], [-135.10485073397518, 60.74017015730887], [-135.10420813429437, 60.739946257477534], [-135.1035838330641, 60.739695357628214], [-135.10244493212264, 60.73912155732671], [-135.10181903688496, 60.73872448921583], [-135.1018185451758, 60.73872417726707], [-135.0978513312894, 60.736207058536394], [-135.09777743040397, 60.736063458092126], [-135.09671752979887, 60.73524443183012], [-135.09667473033983, 60.73521135840978], [-135.09599482953735, 60.73473595856886], [-135.09401087560224, 60.73348945536816], [-135.09374882872538, 60.73333065855988], [-135.09340832884922, 60.73345995857917], [-135.09281526267063, 60.733680391017366], [-135.09238462847117, 60.73383735948956], [-135.09216982749513, 60.73391045886808], [-135.0919372275124, 60.73397225914724], [-135.0917183291054, 60.73402175964304], [-135.09151312816755, 60.73405925899209], [-135.09134542833675, 60.73408395971314], [-135.09115282891025, 60.7341021589666], [-135.09101312743985, 60.73411205979781], [-135.09088052886045, 60.73411075912911], [-135.0905090280334, 60.73410685942655], [-135.09017242881416, 60.73409255929004], [-135.0878511276242, 60.73387966016646], [-135.0856496276309, 60.73341426019804], [-135.08506262796064, 60.733324760751216], [-135.08442082752697, 60.733262360180625], [-135.08374212724496, 60.73323586061776], [-135.0830456270128, 60.73324526069729], [-135.08102902640252, 60.73340816064065], [-135.0803689259895, 60.733426460875066], [-135.0796904271003, 60.7333999611884], [-135.07901192639832, 60.73333746133875], [-135.07847992574, 60.73325696175637], [-135.07651712662408, 60.732845161571966], [-135.07593002518783, 60.7326838620697], [-135.07495712576966, 60.732280362382916], [-135.074553325762, 60.73203816197272], [-135.0742226242817, 60.73178696175151], [-135.07394712525718, 60.73151776189434], [-135.07374482532853, 60.73123056193346], [-135.07331552357942, 60.73045006255085], [-135.0732661244572, 60.73035996186648], [-135.07302722424993, 60.730081762584945], [-135.0727148226846, 60.72981256248255], [-135.0723108224688, 60.72954346250374], [-135.07181862373682, 60.72929646232216], [-135.0713749233797, 60.729112962479626], [-135.0712925494743, 60.72908799148367], [-135.0708428224978, 60.72895166264962], [-135.07027412228837, 60.728817263043084], [-135.06980132252562, 60.728740362694516], [-135.06992273186796, 60.728458382245435], [-135.06987779473553, 60.72815077127162], [-135.06978791882543, 60.72763075417272], [-135.06984783661534, 60.727154676014486], [-135.0697229526891, 60.72577224276296], [-135.07114702878434, 60.72453485076245], [-135.07254072242907, 60.72380066809748], [-135.0689459191087, 60.72444066328998], [-135.0674973191511, 60.72469766317617], [-135.06548172039655, 60.72506676327546], [-135.06547642566076, 60.725067744102944], [-135.06436391870443, 60.72527386350136], [-135.06245821949128, 60.72562486388623], [-135.0595341203196, 60.72617506415803], [-135.05760861892074, 60.7265624647808], [-135.05576309698444, 60.72692079349062], [-135.05304471792223, 60.727410927354306], [-135.05323957297892, 60.72769072709222], [-135.05357445641891, 60.72822643426026], [-135.05393020187097, 60.728661825647094], [-135.0543742536381, 60.72910974137943], [-135.0546731036312, 60.72956052760877], [-135.05467250795488, 60.73026128406731], [-135.05453476997613, 60.73106322577013], [-135.05469895609235, 60.73164512070698], [-135.0551885055193, 60.732291937123364], [-135.05590341245812, 60.732848662611445], [-135.0568703887915, 60.73328622161023], [-135.05795944206525, 60.733792715833864], [-135.0590984154413, 60.734198308627995], [-135.06029668545315, 60.734616989188595], [-135.06147650768708, 60.73516447115996], [-135.0625319543751, 60.73561450708082], [-135.0626135805914, 60.735653743241215], [-135.0635014602977, 60.73608051181085], [-135.06415262885284, 60.736567099964795], [-135.0643739479611, 60.73713357632583], [-135.0643660907037, 60.73721026726848], [-135.06436531115872, 60.73721788023161], [-135.0642772362787, 60.738077429553975], [-135.06385238699653, 60.73857109908565], [-135.06347364160123, 60.73891828096387], [-135.06264471088866, 60.739805297431715], [-135.06224683324112, 60.74062667303863], [-135.06183632333452, 60.74164809910246], [-135.061708116437, 60.742564024696826], [-135.0617844671474, 60.74349016541848], [-135.0620744784231, 60.74418372425577], [-135.06237390249092, 60.744991267883364], [-135.06264546107408, 60.74581363355187], [-135.06263176359718, 60.74635337092676], [-135.06247535781299, 60.74692733406356], [-135.06232012130934, 60.74751554482251], [-135.06191857221347, 60.748071952545665], [-135.06190216126046, 60.74809469151516], [-135.0618293905973, 60.74862418081116], [-135.06205059276385, 60.74904627189905], [-135.06214028847074, 60.749217420954686], [-135.06302795014676, 60.750045509658364], [-135.06387499476378, 60.750874015100884], [-135.06406824168243, 60.75106302577887], [-135.0648280955102, 60.75180433920236], [-135.0656728263402, 60.75251541972974], [-135.0665766672935, 60.75323673930733], [-135.06781463976324, 60.75412552743708], [-135.06917091189806, 60.75468370902831], [-135.07034811513554, 60.755188352715734], [-135.07232078715361, 60.75580560229593], [-135.0742283171015, 60.756338491284225], [-135.07459264013153, 60.75648237700771], [-135.07543237025342, 60.75681401209647], [-135.0764899381137, 60.757278171062254], [-135.07741283277545, 60.757873449017715], [-135.07814478581412, 60.75827272799558], [-135.0787094393945, 60.75876096882223], [-135.07918689826548, 60.75925094673829], [-135.07979367556348, 60.759895329503635], [-135.08030971054714, 60.760498705159144], [-135.0803161532468, 60.76092672077503], [-135.08020749127363, 60.76137130464106], [-135.0800685698627, 60.76180222050146], [-135.07966376958868, 60.762538140264375], [-135.07929579438004, 60.76301643811554], [-135.07848696265384, 60.763446440719356]]]}, "properties": {"NAME": "Takhini"}}, {"type": "Feature", "id": 16, "geometry": {"type": "Polygon", "coordinates": [[[-140.73941479312555, 69.65707671222022], [-141.00089140856556, 69.68951588278108], [-141.0006235732041, 69.64661669597317], [-141.00003140588584, 69.60000171215638], [-141.0000315077085, 69.40000452595731], [-141.00003079202978, 69.19999927180255], [-141.00003078936743, 69.00000312386712], [-141.00003059047592, 68.80000613261032], [-141.0000299924348, 68.6000009829375], [-141.0000297796629, 68.40000396629162], [-141.00002956244037, 68.20000012867118], [-141.00002906056426, 68.00000240528338], [-141.0000294058279, 67.80000629478725], [-141.00002859158212, 67.60000131721182], [-141.00002845183195, 67.41827790218214], [-141.00002845082878, 67.41646189136877], [-141.00002843801337, 67.40000456830137], [-141.00002872663688, 67.20000005646438], [-141.00002839609786, 67.00000293786093], [-141.00002779138777, 66.80829098074803], [-141.00002766502448, 66.80829098745338], [-141.0000278477911, 66.8082908973063], [-141.0000269638431, 66.00000291270864], [-141.00002299595158, 66.00000291946992], [-138.00002675150412, 66.0000034026107], [-138.00002726114454, 66.5000033904566], [-136.00002713806404, 66.50000368466294], [-136.00002713815238, 66.50000373399916], [-136.00002761286453, 66.99996232526313], [-136.00002761335315, 67.00000371686569], [-136.14344471655303, 67.00000367988814], [-136.14344529125708, 67.00039284861754], [-136.14733571286627, 67.01628450838207], [-136.16285397980062, 67.04578723791147], [-136.18359109366082, 67.05400456788725], [-136.19938353092527, 67.05959718904444], [-136.19471486279778, 67.08732921048464], [-136.20438872574005, 67.09723292580202], [-136.20945430175072, 67.1074409094779], [-136.20931710723588, 67.11560444765635], [-136.19700355053095, 67.12422522002305], [-136.1824928225535, 67.1385453459044], [-136.1810273184103, 67.15012678844352], [-136.18410951824782, 67.15381205598527], [-136.19431832663304, 67.15848952799436], [-136.2051821689974, 67.1614563768119], [-136.2117890899088, 67.16767535362848], [-136.21610773720758, 67.17089465016332], [-136.2211279424336, 67.17463299158689], [-136.2121856050468, 67.18228478672764], [-136.1968964396295, 67.19073039463301], [-136.16926306327363, 67.19612447599874], [-136.15542302672225, 67.21631963800078], [-136.1290563131372, 67.22995377311499], [-136.11871093136097, 67.24101648691902], [-136.1202369494674, 67.24869121395643], [-136.11829870557438, 67.26141778367739], [-136.1111580421267, 67.2796744655171], [-136.08044159445797, 67.30414239071803], [-136.0812811806088, 67.31352643572981], [-136.10752594524624, 67.33140184557764], [-136.11874176482547, 67.34139628061824], [-136.12449423056614, 67.34989517197732], [-136.14370491911856, 67.3626897192192], [-136.1428501488507, 67.36487189952173], [-136.14191960044127, 67.36725205303301], [-136.13169650924084, 67.37015933015056], [-136.11895540133617, 67.37175366802022], [-136.11420944281537, 67.37614836274604], [-136.11626917420003, 67.37859721270894], [-136.13833369282978, 67.38804977512594], [-136.15603391388697, 67.39316133487073], [-136.15958961821235, 67.39570235803602], [-136.16283976800517, 67.40288964460646], [-136.19035139064104, 67.40623122782347], [-136.1996279992015, 67.40968691318119], [-136.1983009435584, 67.41310533532804], [-136.18790937647128, 67.42417504814651], [-136.1805699647463, 67.44301234024836], [-136.17402398195426, 67.45196865989229], [-136.1649454781141, 67.45961417678349], [-136.16227541193174, 67.46646534872846], [-136.16828650002063, 67.47439194391359], [-136.17066714797917, 67.48386795144751], [-136.17393271400115, 67.49106229775455], [-136.1717052343446, 67.49676153365127], [-136.16052046680727, 67.50195665140558], [-136.15374500834668, 67.51148598250448], [-136.15791081549793, 67.516391983025], [-136.17249838511808, 67.52189963030538], [-136.17355122107577, 67.52312867805573], [-136.1687748693716, 67.52752333272923], [-136.16608978900442, 67.53436613024435], [-136.17234545622097, 67.54172914464705], [-136.18742129239482, 67.56943891296227], [-136.18249262759602, 67.58198888632181], [-136.18414065303497, 67.5855826034941], [-136.19445582428125, 67.59434922160757], [-136.2097143903043, 67.60221490732891], [-136.22096010456696, 67.62036527480153], [-136.22538574778048, 67.62469811169343], [-136.2415597954226, 67.6302832369901], [-136.2513714633082, 67.63259529129141], [-136.26795741449223, 67.64111728612824], [-136.28870894842268, 67.64287177352787], [-136.3020301544971, 67.64012463571984], [-136.30996528450166, 67.63940782772957], [-136.3317848314677, 67.64238289332687], [-136.34032993892865, 67.64403119442946], [-136.34565512165062, 67.64607569076217], [-136.35722133387836, 67.64789239735784], [-136.37220591005118, 67.64873090253545], [-136.41631854592117, 67.65352250910526], [-136.4295633807684, 67.65892410456549], [-136.42167418271555, 67.6794773679039], [-136.41560132543904, 67.6873050384243], [-136.41528056746108, 67.69323286693759], [-136.42277311811117, 67.69669710710474], [-136.44425727375426, 67.70328066916099], [-136.44837767964785, 67.70671488409076], [-136.44837560467576, 67.79999578911415], [-136.44837749943713, 68.00148256080232], [-136.44837940387362, 68.20197122014974], [-136.4483813047651, 68.3999614774544], [-136.4483757930881, 68.6012262210513], [-136.44837631968147, 68.80217688860046], [-136.44838004914882, 68.89378480584752], [-136.4583524579938, 68.90115914577662], [-136.46978419296872, 68.91025544571625], [-136.49602253874446, 68.92806086351564], [-136.57820090786495, 68.9401447006628], [-136.7089391922328, 68.93745994814618], [-136.85166333204256, 68.93560909408228], [-137.03391725109773, 68.96026967361661], [-137.0974187469264, 68.9897532027251], [-137.17212637124845, 69.01250890258854], [-137.26551087367025, 69.0205346934371], [-137.41866144533435, 69.02588357655605], [-137.62410737702658, 69.06328946313174], [-138.07982382942748, 69.16317014827503], [-138.18441455633229, 69.23082882163034], [-138.25165148563377, 69.29827748632806], [-138.33382986903615, 69.32071379055444], [-138.47203892901905, 69.33126398589506], [-138.64013104619696, 69.35630010543883], [-138.7970170448601, 69.39445723708656], [-138.84931243244964, 69.44435415965377], [-138.86051861807326, 69.47580842779337], [-138.81569413457925, 69.52551685934334], [-138.77460501917813, 69.5659831164363], [-138.8044881126216, 69.60246745942042], [-138.9314910729574, 69.64018904619067], [-139.0584940149927, 69.663568829502], [-139.25273376324506, 69.67135634774091], [-139.45817964806213, 69.6778437569047], [-139.64494861895466, 69.67395149340796], [-139.81677606505292, 69.66486681542393], [-139.9624558481396, 69.6531808157535], [-140.09692950378775, 69.64798496117903], [-140.29863998335193, 69.63888916458541], [-140.53396890345377, 69.6453864895376], [-140.73941479312555, 69.65707671222022]]]}, "properties": {"NAME": "Vuntut Gwitchin"}}, {"type": "Feature", "id": 17, "geometry": {"type": "Polygon", "coordinates": [[[-129.8641085069705, 63.49888717863503], [-129.8650925255636, 63.49919088802448], [-129.86580108872704, 63.49932230188419], [-129.86620612660934, 63.49939742179301], [-129.8666625466989, 63.499482071209925], [-129.86802136609964, 63.49974310361165], [-129.86792803871973, 63.500004946038594], [-132.00002370483375, 63.50000448671922], [-132.00002330172393, 63.00000450946619], [-132.00002446494656, 63.0000045252811], [-133.01105204276996, 63.00267785281609], [-133.750023525345, 63.00000422239973], [-133.75002309052408, 62.44027373418437], [-133.7500228418631, 62.10789672536309], [-133.75002258097675, 61.750004251821046], [-133.75002242739095, 61.53333759003251], [-131.0000220777601, 61.53333802873704], [-131.00002200617115, 61.429622512278435], [-131.00002128190076, 60.33333804329228], [-131.50002134729493, 60.333337965384985], [-131.50002113939513, 60.00000463594493], [-130.71412561366955, 59.99858769886458], [-130.6813704390319, 59.99860094807501], [-130.6401645788309, 59.998606217689], [-130.61245744205098, 59.99860248122404], [-130.6040179270561, 59.998600163010636], [-130.57995491139258, 59.99860798731843], [-130.53428471436644, 59.998638033591696], [-130.51695962654296, 59.99864528289005], [-130.508918464668, 59.998647859285434], [-130.49202561338956, 59.99865164713294], [-130.46968823979842, 59.99865332691346], [-130.4580589124108, 59.998652695613345], [-130.4422949756795, 59.99865019434629], [-130.42350214616556, 59.99864474797517], [-130.41795186723573, 59.998642626885896], [-130.3534556876082, 59.998692308317146], [-129.799396638811, 59.999270117881885], [-129.75384532115947, 59.99930603704188], [-129.7104681233094, 59.999348491580065], [-129.68685369679372, 59.99937388263031], [-129.63719720439505, 59.99935406842551], [-129.55570565738117, 59.99928093303684], [-129.54067179662874, 59.99926192232864], [-129.51165124267038, 59.99922033750707], [-129.5000208651887, 59.999217361679], [-129.4663576792839, 59.99920270400235], [-129.44491118232878, 59.99918891005742], [-129.04405765352658, 59.99887799249954], [-129.02202110788886, 59.99894986901123], [-128.97752497262147, 59.999083836921876], [-128.93229917537963, 59.999204651304716], [-128.89414970199655, 59.99929606798926], [-128.8794430125723, 59.99934842048263], [-128.86677809948506, 59.99939227826565], [-128.8665753858439, 59.999392969949696], [-128.82971283499685, 59.99951332632822], [-128.7611423317901, 59.999710017220025], [-128.74686972761435, 59.99974648354248], [-128.72361692648468, 59.99980259481104], [-128.70423599155876, 59.99986831018032], [-128.70378966454365, 59.99986978816352], [-128.36091079419415, 60.00031910220432], [-128.35080815718237, 60.00031865216212], [-128.23565387858545, 60.00030284021558], [-128.2031484573828, 60.00028020942947], [-128.20186969068254, 60.00027915662273], [-128.18822468056123, 60.00026713839361], [-128.14388646654618, 60.0003648296579], [-128.10180781323598, 60.00044377572164], [-128.0967338164655, 60.0004523898791], [-128.0707377095392, 60.00050823262829], [-128.05888415015542, 60.00053776654575], [-128.0261062226774, 60.000613895448176], [-128.01658105969838, 60.00063452162792], [-128.0145227272304, 60.00063888421074], [-127.62844528163454, 60.00108644410178], [-127.62709392132996, 60.00108661588389], [-127.5869174959488, 60.00108541852532], [-127.57730154969884, 60.00108331980027], [-127.48291146478259, 60.00102555889311], [-127.4532160877426, 60.000993439927186], [-127.44674306827874, 60.00099438821649], [-127.41556691574735, 60.00099451662254], [-127.39212166440316, 60.00098976380418], [-127.37353722252006, 60.0009830371393], [-127.35026006910233, 60.00097093205043], [-127.29719288879103, 60.0009279855391], [-126.97907503118421, 60.00077249373364], [-126.96227298988771, 60.00075788357267], [-126.92753493910956, 60.00072095166355], [-126.91904146384425, 60.00072179364056], [-126.91832722059095, 60.000721837696204], [-126.90279009953554, 60.000721885870746], [-126.84547711370088, 60.000706254530314], [-126.80674596402173, 60.000681612841426], [-126.78182520314051, 60.00065974735141], [-126.75424406257079, 60.00063007227464], [-126.75230972220585, 60.000627773931626], [-126.68277524079129, 60.00061860441538], [-126.64792293741871, 60.00060023549513], [-126.60891020710831, 60.000568756903824], [-126.57708333481402, 60.00053454862649], [-126.56226263318786, 60.00053565357617], [-126.48119049601505, 60.00051230644229], [-126.44560584290792, 60.000523078833346], [-126.40194087619736, 60.000478751612945], [-126.35119838231222, 60.00054280432363], [-126.29631514433476, 60.000590140000064], [-126.24448569099994, 60.000613915683346], [-126.21530693187695, 60.00065342091979], [-126.16505624771679, 60.000706358570646], [-126.10029389787186, 60.00074638124418], [-126.05660611616382, 60.000772299943485], [-126.00002031633316, 60.00083807488046], [-125.9972026908628, 60.00084071628774], [-125.96794797398803, 60.000864602094794], [-125.89988418403148, 60.000895097233524], [-125.85050043558408, 60.0009530277222], [-125.8461152386194, 60.00095797071087], [-125.82207772428184, 60.000982488797675], [-125.76935246277131, 60.00102097199155], [-125.72920930740709, 60.00103615884953], [-125.71301114259784, 60.001046549582746], [-125.69136753099215, 60.001075751879576], [-125.61281669802423, 60.00115197017392], [-125.54048014979776, 60.001185085523474], [-125.52284919289535, 60.00120958604439], [-125.49732893563237, 60.00124089425595], [-125.46529483494436, 60.00127323631693], [-125.39928218468778, 60.001315432874726], [-125.37745216330842, 60.001322121484165], [-125.36039364478565, 60.001335463232984], [-125.32018162190978, 60.00138655633492], [-125.23737147349951, 60.00145329965231], [-125.1980660943951, 60.001466839141635], [-125.1639640614916, 60.00150796326134], [-125.07591170123445, 60.001590310587474], [-125.02243856532507, 60.00161170743637], [-125.00175898083687, 60.001635732420624], [-124.99412126740211, 60.001646000861356], [-124.964154130206, 60.00168205255849], [-124.9567568867573, 60.001689915081386], [-124.89739976846184, 60.00173807378296], [-124.85197003548623, 60.0017569739105], [-124.80724316243094, 60.0018075018803], [-124.723407794342, 60.001884560750554], [-124.66064834882738, 60.001916576834255], [-124.63871236868277, 60.00194668672287], [-124.5680903539084, 60.00201902083485], [-124.50601848180696, 60.00205150217891], [-124.49648598704401, 60.002053920512935], [-124.49139394939705, 60.00205384432406], [-124.47646304102341, 60.00203772467657], [-124.47009521304489, 60.002030349588026], [-124.42802775682182, 60.00197399080843], [-124.3617943846042, 60.00185819029092], [-124.33555760275176, 60.00180317348956], [-124.2983742094673, 60.00176299252532], [-124.2813449655281, 60.00174112542855], [-124.27226803454606, 60.001722706206756], [-124.26563779791212, 60.00170887246427], [-124.2370868541843, 60.00164550454937], [-124.19974959174883, 60.001577350581506], [-124.19933517897935, 60.00157653591877], [-124.16036213602814, 60.001494075744574], [-124.08742012015718, 60.001333378226], [-124.02131377112626, 60.00115304250492], [-124.00069976056875, 60.00113857939628], [-123.9971700222545, 60.00113577999071], [-123.84830028619717, 60.00103747953317], [-123.8308511265406, 60.00100917545928], [-123.82925221240193, 60.001006460606014], [-124.00269724129517, 60.10927420755935], [-124.011929257313, 60.11994713310136], [-124.0176825285869, 60.12658874034811], [-124.01700309096992, 60.13064012170921], [-124.0203980924666, 60.145994413702674], [-124.03661814314924, 60.15593556414953], [-124.0505570249328, 60.16170321834788], [-124.06625065780676, 60.17495945429447], [-124.07903739483696, 60.183275226891425], [-124.08862030042836, 60.18848224871574], [-124.10470364074556, 60.199522152878295], [-124.11794805365783, 60.20970749749443], [-124.12515700063257, 60.220388559499355], [-124.12939998309467, 60.230947578147585], [-124.13328290417194, 60.243715162845135], [-124.14198756769348, 60.254449808352454], [-124.1492124002083, 60.26512373062493], [-124.16273950075556, 60.27383256298041], [-124.17297052240124, 60.28907568015331], [-124.18455239502848, 60.30066492872663], [-124.1934019645645, 60.310663143120024], [-124.19842267046113, 60.321249238131564], [-124.20841725099885, 60.333513079591356], [-124.21169045533199, 60.34106242765242], [-124.21776305274382, 60.34983286372122], [-124.22318705746376, 60.362657888610116], [-124.2308783701046, 60.370752268133465], [-124.23190064435408, 60.38303225044456], [-124.22916892780826, 60.39071484560437], [-124.226277644727, 60.39467429672073], [-124.21948753775585, 60.41814618914203], [-124.22047978248402, 60.42598155382576], [-124.21781679917355, 60.43774232427327], [-124.21800774258384, 60.44591335327219], [-124.2215318243636, 60.45198653983452], [-124.22542267864804, 60.45584316266273], [-124.2354029351366, 60.45920785603945], [-124.25554418851414, 60.46481500152147], [-124.27547256227722, 60.46707342767794], [-124.30012205246183, 60.4680310044582], [-124.33833067693489, 60.46876341264632], [-124.36321731853876, 60.46823333956177], [-124.40936020912955, 60.46628008669386], [-124.42165176879178, 60.46452127124432], [-124.4302725686039, 60.46706963081654], [-124.43108881141062, 60.48601356169478], [-124.42966224153024, 60.49522992566967], [-124.42523770133354, 60.50915340468512], [-124.42713695157165, 60.521093096167895], [-124.43907651770789, 60.53637512801597], [-124.45123815195558, 60.54535871477469], [-124.46922817703577, 60.55567387508702], [-124.47304252945013, 60.56026257751793], [-124.48654672869057, 60.57040955178774], [-124.51025090762563, 60.592790732277855], [-124.53413877496882, 60.60924699552531], [-124.55231277249703, 60.61881074252051], [-124.57168368039693, 60.62545200917917], [-124.61009015485097, 60.65613390871466], [-124.62985758924935, 60.68057081836069], [-124.63454899984093, 60.68963782257124], [-124.63489300069399, 60.697435288700056], [-124.62759902295045, 60.70569771102096], [-124.61755880293461, 60.712011473898045], [-124.607869922857, 60.71610843276756], [-124.60558064497724, 60.72121619493365], [-124.60017225435962, 60.72695348315359], [-124.5841040676184, 60.73304574291147], [-124.56518327374316, 60.73791704036543], [-124.5487567182595, 60.7462175815272], [-124.52283245524077, 60.75713182117581], [-124.5140968958189, 60.76459716269915], [-124.49187254980848, 60.7808321995241], [-124.4901477568179, 60.78707319624432], [-124.49283321783558, 60.794214113833135], [-124.50114995741853, 60.7993410845339], [-124.51510414169528, 60.80245020146265], [-124.52672315819467, 60.80584158935477], [-124.53503987625749, 60.81096432323029], [-124.53825150972648, 60.81479097126277], [-124.54207392627639, 60.82456759960678], [-124.54591861266668, 60.82915696040619], [-124.54781170818134, 60.83664165732373], [-124.5468499781419, 60.84290905124771], [-124.54762828141119, 60.84775374530522], [-124.55109995723083, 60.854925107571376], [-124.55563877395406, 60.86992077011177], [-124.56287969627942, 60.88723536914421], [-124.56860834269686, 60.90449343976416], [-124.58459198489781, 60.93954644193736], [-124.60242210123639, 60.95760917631485], [-124.6124775096606, 60.96167563776846], [-124.62218244625241, 60.96313650053812], [-124.6312846867715, 60.963461057103736], [-124.63524405078638, 60.96249219304733], [-124.63808182524018, 60.95888321682435], [-124.6509606159446, 60.94933499565119], [-124.65752179104562, 60.9462297053475], [-124.66836338958552, 60.9451353385086], [-124.6835306258789, 60.94566932491372], [-124.69832424626347, 60.94878562592856], [-124.71326248614251, 60.95079242559973], [-124.72481372198008, 60.950086577199144], [-124.75958845831302, 60.952039627778504], [-124.77573124557354, 60.95630424713378], [-124.800413216261, 60.970125076648564], [-124.80507477387476, 60.9720285582251], [-124.80833163164364, 60.973364058863446], [-124.816732334978, 60.97327974673152], [-124.82404119328493, 60.97019758963747], [-124.83134297717744, 60.95673556769779], [-124.83582086074566, 60.95207029405349], [-124.86275298883889, 60.929269483989025], [-124.87193024575613, 60.92365068553469], [-124.87689037531207, 60.91566637860591], [-124.87837709632066, 60.910531996159335], [-124.86556772835291, 60.87785515566283], [-124.86553782247269, 60.867475589892585], [-124.86822302694071, 60.85941521058599], [-124.87186950372372, 60.85509300409661], [-124.879751015735, 60.85313611614413], [-124.8920722061818, 60.85207188967897], [-124.91254941525919, 60.852392250568066], [-124.93897027120967, 60.85365131335661], [-124.97919294718879, 60.85943784145069], [-125.00572785883875, 60.85994534509726], [-125.0192388215375, 60.861131396481866], [-125.04246321275144, 60.85819054240714], [-125.06753349668615, 60.85270857685831], [-125.08360863910025, 60.85174763947003], [-125.1040936030705, 60.85204092550229], [-125.14211022941981, 60.851781776208036], [-125.16586043671381, 60.850316972317955], [-125.18713950632886, 60.85025191740084], [-125.19736993363999, 60.84760848241249], [-125.20377118001089, 60.845220573908954], [-125.20965418811302, 60.84095917727121], [-125.21497136994044, 60.835199351124615], [-125.2261177676521, 60.82554800062594], [-125.25654333102553, 60.81353172202178], [-125.26306754452789, 60.810033442253975], [-125.2856806252014, 60.79369529173642], [-125.29310422307631, 60.78910642159551], [-125.3080732687299, 60.78475379370209], [-125.31741840808643, 60.782819859658204], [-125.34649378185185, 60.78074846116192], [-125.36163852102415, 60.78083991065771], [-125.3976871408689, 60.78341456563582], [-125.41115372409244, 60.78492915643462], [-125.43192073098056, 60.78851510153972], [-125.44665331181459, 60.791917488513256], [-125.46201069501997, 60.79644945911775], [-125.48261750954839, 60.80150401936598], [-125.50011225865147, 60.80720333600694], [-125.54922232397871, 60.821229655846714], [-125.5790987932468, 60.82505570305123], [-125.6107315846912, 60.82077951663043], [-125.6274542010617, 60.820516491544076], [-125.63866915407456, 60.8219428605156], [-125.65373013152048, 60.822988633761994], [-125.65672063396534, 60.82319448886014], [-125.67864805257675, 60.82381266878904], [-125.69100745286862, 60.82193544641722], [-125.71059207433497, 60.82322514761319], [-125.72159379270909, 60.826490486909954], [-125.7381184458024, 60.83435209616982], [-125.74802894282129, 60.84055095944899], [-125.76231932586299, 60.84834842495718], [-125.79421839335095, 60.8614403103027], [-125.81571736840402, 60.86609438115067], [-125.82101943221498, 60.872899563377096], [-125.84051309561869, 60.881940925380974], [-125.85483347794829, 60.88973042563673], [-125.86965715124687, 60.8930873873032], [-125.88178818301337, 60.893407822634856], [-125.93292820891881, 60.8777213218972], [-125.95157420326053, 60.86710128805975], [-125.96896914676863, 60.86088720234843], [-125.97961216635811, 60.853761260125296], [-125.9867233537868, 60.844316206457485], [-125.9884702371678, 60.83510750592302], [-125.9928186653545, 60.823003363726755], [-125.99931099348439, 60.812062907856316], [-125.99792316306785, 60.80388411634859], [-126.00361429551235, 60.80032529491117], [-126.01431063935054, 60.79948954396982], [-126.02418258550914, 60.799371739778536], [-126.03230077403742, 60.80143159414978], [-126.04981022049618, 60.807798224374075], [-126.06016305102744, 60.810281365733715], [-126.07301104815474, 60.81060562774621], [-126.08598879829356, 60.80981980996381], [-126.10017215628753, 60.81202499857281], [-126.11735299462408, 60.82170641300506], [-126.1212669547195, 60.82772618565407], [-126.12200775424395, 60.83514944700293], [-126.12132103188269, 60.84179455286606], [-126.11320992801618, 60.84677662260774], [-126.10948032986255, 60.85334593803738], [-126.10599345614416, 60.857701862216466], [-126.11015186468381, 60.86150532504973], [-126.11533115882855, 60.86274491202985], [-126.12688296120515, 60.86118080431935], [-126.14748897791378, 60.86020843368418], [-126.18202776303524, 60.85660714783757], [-126.20178747940443, 60.85634764621371], [-126.22012156997019, 60.85530653188285], [-126.24162129410267, 60.85286119692073], [-126.24728935158518, 60.84929450691318], [-126.24686926203994, 60.84595285982683], [-126.24036207158468, 60.842836154980766], [-126.23496784974384, 60.836046118903226], [-126.22974252105229, 60.82777561652634], [-126.22601147208545, 60.81954332229419], [-126.2285751731766, 60.80924386508674], [-126.24843356699827, 60.792692039891], [-126.26270032683254, 60.78636690170732], [-126.29780314586071, 60.778321902170454], [-126.30685968938485, 60.77630763056051], [-126.35439078935337, 60.770379655161356], [-126.37553187992728, 60.77086443107661], [-126.38747956599772, 60.77261893175569], [-126.40080008625672, 60.77588434511791], [-126.41048238852001, 60.7775857673994], [-126.42249834273503, 60.77859674744027], [-126.4392910745461, 60.785264615795064], [-126.45914309371238, 60.79163159421466], [-126.47336426195281, 60.793428022186255], [-126.48443429995037, 60.79663236128689], [-126.49615312323003, 60.80096220453302], [-126.51565314793837, 60.811383806466885], [-126.5246637421157, 60.812318432550285], [-126.53229312660368, 60.81174630236044], [-126.53786245137599, 60.80890444167681], [-126.55740921883168, 60.80229736660401], [-126.56529771446232, 60.79876510668786], [-126.58647769759409, 60.79070845565727], [-126.60938836673648, 60.780096020367246], [-126.62509738192605, 60.77376703313664], [-126.64384301804239, 60.75861895422195], [-126.65505783145227, 60.751450821686056], [-126.6616189054078, 60.74566801245811], [-126.67243766223748, 60.74293317468929], [-126.67917461796323, 60.7438103242553], [-126.69010707685256, 60.74847926001505], [-126.69643166448351, 60.75415937309949], [-126.70117814591396, 60.760545461523996], [-126.71130930982696, 60.76593565300268], [-126.7282243079837, 60.77182948317543], [-126.74119403960741, 60.77949301993511], [-126.75155431792363, 60.782293020722236], [-126.762190327911, 60.78176674321281], [-126.79984851391065, 60.775113497122504], [-126.80628717598299, 60.77043289855289], [-126.80879758422351, 60.767522373423574], [-126.81074368918608, 60.762380145818106], [-126.8163743180803, 60.758420553539686], [-126.8263079016246, 60.75713525488025], [-126.83530960851876, 60.758054356273384], [-126.84199374463834, 60.75966453310059], [-126.8514236042372, 60.764657793952836], [-126.88294787437191, 60.777105296368134], [-126.89059225823429, 60.78576072408574], [-126.89304214870526, 60.79283700590703], [-126.89396464243069, 60.80025264239251], [-126.89162242144722, 60.810567588889455], [-126.88389430391713, 60.82188952637546], [-126.87570717782697, 60.82913342329777], [-126.87360189051408, 60.836492355667474], [-126.87627217429117, 60.840982196234926], [-126.8828788004523, 60.84369818959235], [-126.90304420774342, 60.84778368970564], [-126.91559451746994, 60.85209025061051], [-126.92129332760814, 60.85663733704818], [-126.92088165553609, 60.86181008166461], [-126.91904260640432, 60.865846284538954], [-126.90439450433975, 60.87814858708603], [-126.90310535291819, 60.88478232555435], [-126.90714087710195, 60.90076575086077], [-126.91099329362298, 60.909718978567724], [-126.91173427720273, 60.919351115303215], [-126.90758309455143, 60.92371165773795], [-126.9038681116939, 60.93196659313934], [-126.9027304616431, 60.93675382267818], [-126.90321113481305, 60.94971248233481], [-126.91766977044676, 60.978284245186266], [-126.93298990785806, 60.99633197331149], [-126.94285361097158, 61.0065018144791], [-126.95175784761797, 61.01924671031184], [-126.95287182679307, 61.02444623449665], [-126.9489881394262, 61.034917450243455], [-126.94195395597502, 61.04662474467107], [-126.94005432968447, 61.051397115766115], [-126.9412217043457, 61.0558604376115], [-126.94739306249394, 61.059858064653504], [-126.962293177867, 61.064572902183464], [-126.97138823900548, 61.06548064725921], [-126.9889280479807, 61.06580130500167], [-127.00591073465759, 61.063520183765725], [-127.01880457342466, 61.05968267859298], [-127.0429445284772, 61.048646642156605], [-127.05428150540898, 61.03997200799918], [-127.06626020247457, 61.036569243419706], [-127.07144008649541, 61.03509655497195], [-127.07751267804413, 61.03557366221984], [-127.08270087549705, 61.03751534489506], [-127.08632498843306, 61.04016649618526], [-127.09022397217566, 61.04929501402015], [-127.0951602255527, 61.054563029337075], [-127.10355152445479, 61.05988470799737], [-127.10709163437456, 61.06364613848828], [-127.11376032614889, 61.06635048561314], [-127.1156600781373, 61.0715615509637], [-127.11527828238566, 61.076734320360735], [-127.11131118306247, 61.083878806061314], [-127.10802288366544, 61.08715220781883], [-127.10168261779518, 61.09000193477971], [-127.09306878601981, 61.092809570345985], [-127.07015769197692, 61.09758526419575], [-127.05314531315616, 61.10024411835252], [-127.0429588957629, 61.103395315713335], [-127.03732913717198, 61.10699230816696], [-127.03323196577476, 61.1106201108106], [-127.02396239465882, 61.12672965381578], [-127.02689967069159, 61.13325253045896], [-127.03078292533748, 61.13757877348921], [-127.04037300716367, 61.142186499442694], [-127.0512676730194, 61.149964889297095], [-127.05292299484876, 61.153321924803144], [-127.04841466183052, 61.15731200540537], [-127.03710016625186, 61.1648766597793], [-127.02511427781911, 61.17132352723578], [-127.01424296569112, 61.17815548630211], [-127.01145736331284, 61.18439245963025], [-127.00805456015341, 61.1985716465024], [-127.0089930483241, 61.2063576640238], [-127.01127480434268, 61.21157635015152], [-127.01634086197143, 61.21536765053134], [-127.03020330172532, 61.22966934680885], [-127.0392594719842, 61.24166665250228], [-127.04073912822913, 61.26240672965344], [-127.04900221585041, 61.289922126745346], [-127.05737180376028, 61.30116796043472], [-127.06123179961388, 61.3110365345724], [-127.06975425218796, 61.320432391288534], [-127.07085290724268, 61.32636791547334], [-127.07304229124108, 61.33287984781031], [-127.0717228620656, 61.34006682280793], [-127.06911290685846, 61.344091072310555], [-127.06721005326355, 61.34607746274804], [-127.06493234598541, 61.34845478297763], [-127.06310099850158, 61.35212088660391], [-127.06358977667108, 61.355828734254324], [-127.06715217761402, 61.359590255610435], [-127.07556037292905, 61.36565550654011], [-127.0844100394492, 61.37098485866315], [-127.1055741400651, 61.376714530337296], [-127.11929154239246, 61.378797332590935], [-127.12903441679424, 61.38266142934552], [-127.1340850410708, 61.38737240205323], [-127.13526774635511, 61.392198246366284], [-127.13422286165529, 61.4062361134973], [-127.13500835849223, 61.41641778485639], [-127.13724369850244, 61.42274224023988], [-127.14036433959085, 61.43795931920672], [-127.14710138632515, 61.456563518851304], [-127.15179318476783, 61.466256827543], [-127.15710273255203, 61.46782428555043], [-127.16631161323302, 61.46871710176324], [-127.17367406415113, 61.468472937077955], [-127.18118126356006, 61.46637885110245], [-127.19132129646134, 61.46506666515642], [-127.20522142503471, 61.46529560651067], [-127.21793242357455, 61.466058015175705], [-127.22386778897264, 61.46948399017502], [-127.23399269482515, 61.47944786264315], [-127.23911099700435, 61.48359852728151], [-127.24262844674685, 61.488462160796395], [-127.24956362824649, 61.49448951591483], [-127.25458351190424, 61.50011570638618], [-127.26589087093114, 61.50436551509508], [-127.28883210799427, 61.50842831044483], [-127.30418229249729, 61.51051864240879], [-127.31766374534614, 61.51146869251687], [-127.34708240296918, 61.51155211242353], [-127.36609502445688, 61.50997662182525], [-127.3696739731476, 61.50967928446222], [-127.38889201294764, 61.50590301101492], [-127.3952008416106, 61.50396467718492], [-127.40801847416982, 61.50341573048332], [-127.4184633966987, 61.503572321237094], [-127.42885437987515, 61.50446486358786], [-127.45339046158075, 61.5081536502068], [-127.46342371588513, 61.508668623257755], [-127.47549253924373, 61.50755048497053], [-127.48805073886166, 61.50477353564377], [-127.4997017224166, 61.50420140508653], [-127.50678149448962, 61.50245425929679], [-127.52921211803333, 61.5027712855305], [-127.53840465243499, 61.50437695803321], [-127.56319298589852, 61.510453464029375], [-127.57076130362579, 61.5131468941228], [-127.5767116134835, 61.517293731168785], [-127.58840838253306, 61.528729860547415], [-127.59490040060683, 61.53048092061509], [-127.61418735915113, 61.53166704407531], [-127.62219854280976, 61.53380753394475], [-127.6463298516537, 61.53856395718239], [-127.66496134914809, 61.544724727614884], [-127.67023369195, 61.54738028966266], [-127.67428482540825, 61.55112955349823], [-127.67635250555566, 61.555593159230746], [-127.68318059935774, 61.564923771116426], [-127.68797931087242, 61.57607763792772], [-127.69155013287931, 61.58129994612593], [-127.699789901305, 61.58657973364191], [-127.70818248329824, 61.58927289540821], [-127.73248953631908, 61.59179818127305], [-127.74333094902258, 61.59211891871344], [-127.75754350672446, 61.59488424278673], [-127.77216978855577, 61.597031750064076], [-127.77679301510403, 61.59770746661732], [-127.7978729812894, 61.602769193897075], [-127.80921090923938, 61.60845325615075], [-127.81986088514407, 61.61264583283488], [-127.8640506580517, 61.63682310013672], [-127.87570067757501, 61.64471974521256], [-127.8957884952064, 61.66250775788099], [-127.90928503326477, 61.67263938364847], [-127.91580031449837, 61.67456196281655], [-127.92506331871509, 61.676141172039955], [-127.93783483409582, 61.6775793687096], [-127.94554019183391, 61.67913971285483], [-127.9734716945536, 61.68905424856426], [-127.98026950246125, 61.69319322178501], [-127.98701402030333, 61.698811952862194], [-127.9998690493281, 61.70689515646037], [-128.0065375704999, 61.72248942960155], [-128.00656737466377, 61.72287294480765], [-128.0015262713431, 61.72290494451681], [-128.00698629318393, 61.728263110133895], [-128.00702618728658, 61.728776360978564], [-128.00501206387307, 61.746495833854986], [-128.00321973176972, 61.750127231600516], [-128.00156242255417, 61.75348425054928], [-128.00243591974805, 61.75682761993238], [-128.0051944362337, 61.76738103400702], [-128.0207742962407, 61.78454742933234], [-128.03313366423507, 61.804448334305484], [-128.03760414602633, 61.80892725606455], [-128.05011609833196, 61.81755566504334], [-128.05457257357745, 61.822408224378925], [-128.06334581206033, 61.835801874187915], [-128.07511007016595, 61.843866049774284], [-128.09078092548148, 61.852151306935525], [-128.10237776471936, 61.85522198440998], [-128.11292202718576, 61.85587841224124], [-128.13249887727912, 61.855328916840385], [-128.13678805352677, 61.855369355534286], [-128.1450260201784, 61.855447023011905], [-128.15366311694217, 61.85479093111671], [-128.16310761566208, 61.85339891184459], [-128.17458261719665, 61.85054915368138], [-128.20351357543723, 61.841394216720424], [-128.21062375411782, 61.83960880177317], [-128.2176433306032, 61.840409409585476], [-128.22145770405226, 61.84266407659224], [-128.2238986755755, 61.845551551734815], [-128.22742409433712, 61.84973640403844], [-128.23491532601435, 61.86809688910738], [-128.2360450936686, 61.879010704665255], [-128.24008861514722, 61.895303028581765], [-128.24220987802988, 61.90105188494185], [-128.25549953546053, 61.921674125598535], [-128.27358197053292, 61.94086176684626], [-128.27889205599936, 61.945340449778655], [-128.31296482882877, 61.95763932998825], [-128.3187166120175, 61.961194658099025], [-128.33081773437627, 61.973672092956306], [-128.35762749851887, 61.98183220881113], [-128.36929982917349, 61.98487971527771], [-128.37741778187154, 61.988641181598226], [-128.38625236762985, 61.99443546006786], [-128.389289485251, 61.99741486376256], [-128.38832814946244, 62.00258033153803], [-128.3807748307354, 62.0160079620691], [-128.3798747473629, 62.01895646927161], [-128.3813393625192, 62.021924453444434], [-128.38677137436378, 62.02418242439447], [-128.39574392811738, 62.026467763580754], [-128.42052414774457, 62.03792706049868], [-128.43015159313623, 62.04427836119696], [-128.44098592387226, 62.04990127023155], [-128.44869112572397, 62.05513141296677], [-128.46304971000865, 62.06151339169238], [-128.47470746951376, 62.06602965158346], [-128.48630508825508, 62.07313268647182], [-128.4979468180001, 62.078755718275104], [-128.50556153095778, 62.086934417190854], [-128.51048903227664, 62.09343488568901], [-128.51662339700812, 62.098649210878996], [-128.51885207996256, 62.103097377491586], [-128.5246197932803, 62.10812514737799], [-128.53316459479433, 62.112431591432916], [-128.54640870865666, 62.11806208912175], [-128.56516238406812, 62.12409362196452], [-128.57222688868112, 62.12561540091341], [-128.5832436560449, 62.1267939824525], [-128.59746425912047, 62.12651559428589], [-128.60817637652366, 62.1245470701664], [-128.6244731246658, 62.120213804142104], [-128.63352066269, 62.12137754025412], [-128.65154174683178, 62.126470168465346], [-128.66135359158463, 62.12837354669717], [-128.68382996031775, 62.12942638329787], [-128.69255809587236, 62.12744255237855], [-128.71066973931426, 62.113503806400566], [-128.74358296684085, 62.090031645492246], [-128.7516396920646, 62.08305456893497], [-128.75452344367028, 62.0778970333131], [-128.76093183054118, 62.05631762670061], [-128.76416701073975, 62.053006640310244], [-128.7681195401923, 62.05191915114226], [-128.77757945220685, 62.05196528214855], [-128.7936618140344, 62.05426160676211], [-128.80431256748972, 62.05775950659226], [-128.80734977856358, 62.058759180768284], [-128.81479530413927, 62.06064342616956], [-128.825385902634, 62.062169601816194], [-128.8411329019791, 62.06316486708831], [-128.84659511909476, 62.06540449732998], [-128.8561931227668, 62.07782461786005], [-128.86061795320225, 62.09243495493729], [-128.86638564216915, 62.099851154378094], [-128.87572427653018, 62.10616787575214], [-128.8879009861404, 62.10917427862507], [-128.89655260216372, 62.11031859118881], [-128.90680665634957, 62.11036042338582], [-128.91747217827586, 62.109666347547844], [-128.93053339604398, 62.10749942258431], [-128.94040553747186, 62.10679764731278], [-128.94434266088012, 62.10699946944082], [-128.95413877651984, 62.11072653055044], [-128.9705117216174, 62.12205616514041], [-128.97984981186528, 62.13058582574454], [-128.99082153488357, 62.135426814800546], [-128.99790077748438, 62.13674311720138], [-129.0070413917852, 62.13363399406434], [-129.02019472066343, 62.124810637881474], [-129.0281132933696, 62.12298722367754], [-129.0375897704746, 62.12264777030648], [-129.05449595229334, 62.12731667508798], [-129.05962309613852, 62.1273319941928], [-129.06754296272126, 62.12513851829874], [-129.0739509562794, 62.11887503251042], [-129.0810925978631, 62.11538847153672], [-129.0910098288804, 62.111718300551736], [-129.11707280315127, 62.10957096165643], [-129.12929410223646, 62.10960146574013], [-129.14388250485274, 62.11037556947396], [-129.16318462968707, 62.112820628088215], [-129.17453711201955, 62.115216399660284], [-129.18598165232547, 62.1206256508519], [-129.19068020236105, 62.12488288882918], [-129.19774599163063, 62.12896082224859], [-129.20792361761897, 62.138402318599134], [-129.22322768578147, 62.149510591572216], [-129.2330856208096, 62.15192934710151], [-129.24137025307957, 62.15286760379743], [-129.26468637977618, 62.15087223705056], [-129.27139989576332, 62.15106711144498], [-129.2769230662396, 62.15181108485081], [-129.28006721173097, 62.155141291248235], [-129.28159224049986, 62.162533942109576], [-129.27838879099858, 62.169362341988425], [-129.2656933340322, 62.175622292364544], [-129.25618645534038, 62.17911671738613], [-129.23873090103677, 62.18684885559818], [-129.22124366719333, 62.19549698952522], [-129.2128981379986, 62.20028404255716], [-129.20651935498503, 62.205445620350766], [-129.19258880299284, 62.21483735844325], [-129.19017724181955, 62.218896297846015], [-129.1921457005583, 62.22019332189494], [-129.22815672395632, 62.22192134937576], [-129.2451546584141, 62.225091289330706], [-129.2506782446778, 62.22694488490352], [-129.25540877167276, 62.22990921632048], [-129.2671274191395, 62.251164646754766], [-129.27265163776107, 62.25486482696772], [-129.27976202967446, 62.258199008040606], [-129.28726922450014, 62.2631965121822], [-129.29477582628968, 62.2669002324621], [-129.29950606575687, 62.27207689350635], [-129.299064401354, 62.277432346780756], [-129.2966527671881, 62.283337598329844], [-129.2914655682341, 62.28757958051031], [-129.28786443962534, 62.29200867713152], [-129.28586491258392, 62.296437239227735], [-129.28583418148028, 62.29884090573565], [-129.29094701822288, 62.306233837836935], [-129.3012314234269, 62.312710742095284], [-129.30597640684238, 62.31714722097123], [-129.3051366390799, 62.32545586849908], [-129.3027267164776, 62.32988453401997], [-129.295936435606, 62.335786271233395], [-129.2887188297355, 62.344273556091046], [-129.28513325346194, 62.34722249137132], [-129.25800305323781, 62.359742205336644], [-129.25197594443557, 62.36749000632712], [-129.24877106618953, 62.37043878729395], [-129.2439952285073, 62.37153765586728], [-129.22489154809023, 62.372612972789426], [-129.22089325318632, 62.37408565618845], [-129.2220832605196, 62.375565495415046], [-129.24866504900416, 62.384103219719414], [-129.2649607211836, 62.38671241074962], [-129.28166940487824, 62.38858522593363], [-129.2916030900849, 62.3911829869679], [-129.29834664879118, 62.39507024013282], [-129.3030926300421, 62.399506948576594], [-129.3070291507677, 62.40763596316086], [-129.31059963288817, 62.41004305405883], [-129.3117742479033, 62.41281232989406], [-129.30936367144372, 62.4187177968865], [-129.30416059982963, 62.42258955193354], [-129.27738157481886, 62.43252712474224], [-129.2757793464525, 62.43418626631156], [-129.28571304269144, 62.43918703320116], [-129.287268982098, 62.44583625551466], [-129.28443062868035, 62.452481595120666], [-129.2784347405194, 62.454686309532164], [-129.2656476715106, 62.456883746766806], [-129.25926941806753, 62.45724592318034], [-129.2281571481989, 62.45627338747892], [-129.22057279117635, 62.45699831880897], [-129.21256147333298, 62.459569440545316], [-129.19658613243544, 62.463048317387056], [-129.1825633353807, 62.4680037105666], [-129.17934416972525, 62.47002917613123], [-129.179328263729, 62.47224537459754], [-129.1875688051496, 62.48629500756997], [-129.1942828782911, 62.49369573360557], [-129.19866100705156, 62.49573281161739], [-129.2110213259579, 62.498524702888396], [-129.2189710431336, 62.50223301133265], [-129.23249019837252, 62.51112124179166], [-129.24840474493658, 62.51945628070826], [-129.2611770256329, 62.5216913370845], [-129.28075392044556, 62.52338119599522], [-129.3171150914594, 62.52896252835147], [-129.3342814209804, 62.53341390094192], [-129.3550484963528, 62.540818234285524], [-129.3602361560087, 62.543774712129974], [-129.3781961715964, 62.55634401277365], [-129.38817587804172, 62.564289963702905], [-129.3977579389912, 62.5705732368936], [-129.42176071943285, 62.58276874122257], [-129.43295986579813, 62.5860950103951], [-129.44698271992465, 62.588498273145554], [-129.46701724017905, 62.58887246074117], [-129.47342693293345, 62.58813212399741], [-129.47983498231164, 62.58554578479612], [-129.48134598198803, 62.58449686847659], [-129.4830394741035, 62.58333345380967], [-129.48984483634112, 62.57613106835319], [-129.49385841240817, 62.57317476709429], [-129.50426467246788, 62.56800557641279], [-129.5226817384883, 62.56264628616061], [-129.53388224357747, 62.56227244905598], [-129.54029003040623, 62.563744540521725], [-129.54910961154422, 62.56669363954705], [-129.55391648039793, 62.57223261669093], [-129.55553441954717, 62.575555253736006], [-129.5555347666973, 62.57998414181547], [-129.5515509623538, 62.587003075088525], [-129.54595204991418, 62.590699276456235], [-129.54114533024855, 62.59291569634264], [-129.53433983611302, 62.59513612168565], [-129.51551073563695, 62.59901895816571], [-129.50908655054633, 62.60179282307094], [-129.49626848038397, 62.608624914795634], [-129.49385859699856, 62.61231751333465], [-129.49243869374078, 62.615605338919316], [-129.48865497534095, 62.62431837036508], [-129.48944842096247, 62.62690108320524], [-129.4954748266535, 62.632256492759495], [-129.51071960715933, 62.63834474966044], [-129.53200523358464, 62.64535285858448], [-129.53682662443873, 62.64904498157246], [-129.53842953794538, 62.65218091815571], [-129.51998060997974, 62.65865077309247], [-129.51515985479082, 62.66068385938937], [-129.5123514599837, 62.662530340739536], [-129.51316065000225, 62.66880530292571], [-129.5191881974067, 62.67305088782067], [-129.52199491672113, 62.67434440530796], [-129.5292273211058, 62.67563337630365], [-129.54852998222088, 62.67820873786364], [-129.55174995544007, 62.68226756094018], [-129.55699928854722, 62.69241853937229], [-129.56142420483374, 62.694817585194386], [-129.5670546272244, 62.69591999328345], [-129.57590499940483, 62.696835745128226], [-129.59359036992146, 62.69534772240401], [-129.60042528314554, 62.69608045496263], [-129.61696569772818, 62.7095388211407], [-129.62873084930405, 62.731495716698454], [-129.6335828753188, 62.735180973521395], [-129.65055009644172, 62.744946897440045], [-129.64975722257606, 62.747533003696105], [-129.637687078993, 62.74994753868301], [-129.6284254395539, 62.75291166784875], [-129.62844021578718, 62.75568099058399], [-129.6308663236384, 62.7582597100535], [-129.63491029898375, 62.76084260668734], [-129.6397627007233, 62.762681083202885], [-129.65067282355275, 62.769315090750105], [-129.66120159629187, 62.77779101176801], [-129.66445160635868, 62.78185019038845], [-129.66690845032483, 62.789597589065124], [-129.6709817156566, 62.794392940309194], [-129.67906902813152, 62.798074154835206], [-129.6871562291214, 62.801015174126725], [-129.69040647446374, 62.80359359103624], [-129.69210073282713, 62.815774327792234], [-129.6953510860738, 62.81909275460294], [-129.70021761328923, 62.82240798851009], [-129.70830527723388, 62.82350296708868], [-129.71357021680768, 62.82552451991438], [-129.71923110175607, 62.82680616436268], [-129.7350238904666, 62.83194854044853], [-129.74555238613928, 62.83598813769554], [-129.75366968240428, 62.84077210763998], [-129.7695844466316, 62.85809042309208], [-129.77446715985218, 62.86140576079826], [-129.77695478741737, 62.86730673678771], [-129.777000104436, 62.87247557847889], [-129.7754594066294, 62.880043912083366], [-129.77306334328023, 62.88429338979221], [-129.77066760244028, 62.8865135859687], [-129.76662494857877, 62.88726134421479], [-129.75489034565956, 62.8869141259796], [-129.72975866762127, 62.88197845970868], [-129.71761311976815, 62.88089074499677], [-129.71033507244923, 62.88090256708711], [-129.7038952302085, 62.88478965048811], [-129.7055276677098, 62.88644929177677], [-129.7063525089034, 62.88903140350516], [-129.71448589986846, 62.894184876781765], [-129.72179449191685, 62.897866268784405], [-129.73171308695953, 62.904980501728], [-129.7336041578162, 62.90633479536925], [-129.73850243163244, 62.91112628111406], [-129.7381362623568, 62.915555257687046], [-129.7086867837708, 62.931847811262266], [-129.70635205296594, 62.93482297544636], [-129.6998516038198, 62.94312017684542], [-129.69747113781827, 62.95161564770256], [-129.69626561566983, 62.95327872952007], [-129.68981143212167, 62.95660884372349], [-129.67563666941246, 62.96143099654966], [-129.67038768266312, 62.96383397072744], [-129.66796169914784, 62.96568408438249], [-129.66797625890212, 62.968083407289015], [-129.67168462834877, 62.977677627607875], [-129.67377480726208, 62.987084734233854], [-129.6717909464655, 62.99373339669026], [-129.6661614670508, 63.003705111604184], [-129.6572651260542, 63.01165128493953], [-129.64835326838693, 63.016091479234156], [-129.63944222134637, 63.02163797437526], [-129.6138843098869, 63.03126246680768], [-129.6065746272146, 63.036069100617965], [-129.60414911605238, 63.03976141403384], [-129.6033560305135, 63.043084386887536], [-129.60498790050846, 63.046773302066484], [-129.61521115844457, 63.058205837414334], [-129.62097984685417, 63.07407120511912], [-129.62711364948592, 63.07886261668774], [-129.63362883799397, 63.08014785991108], [-129.64095305568506, 63.080506279553056], [-129.65560123589498, 63.07753493016544], [-129.6608809235727, 63.07550170378373], [-129.68650040685682, 63.070668409942634], [-129.70073766107208, 63.068986293772674], [-129.74877241489853, 63.069638094529466], [-129.7626113932755, 63.06869219791105], [-129.771568759228, 63.0686730339505], [-129.77971643598738, 63.06939391182988], [-129.785056557286, 63.07418159917919], [-129.78672004514087, 63.07786672367161], [-129.79082544412213, 63.08081187617562], [-129.79694444928788, 63.08227296360577], [-129.8120191565373, 63.08371853636427], [-129.8450246802179, 63.08511075602239], [-129.85237911894527, 63.085831883043], [-129.85321760763324, 63.088414362030726], [-129.84604609414095, 63.101719848667685], [-129.83879850891014, 63.10967375995695], [-129.83803581821996, 63.1141023266075], [-129.83887502711676, 63.11576217112177], [-129.84380358547384, 63.11869922157755], [-129.85976475809156, 63.12382608188141], [-129.86797402719966, 63.12804878526796], [-129.87087257149818, 63.131177197962074], [-129.8738326217706, 63.13892106046373], [-129.87395459662037, 63.14869778768017], [-129.87645781546235, 63.15311914910212], [-129.88680274554224, 63.16379674523739], [-129.89174688629652, 63.16636376328793], [-129.8942335310304, 63.16967875902329], [-129.89186926512383, 63.175958015207435], [-129.88947265317017, 63.17928783357432], [-129.88948852658544, 63.181130237619215], [-129.89196055396354, 63.18296899128813], [-129.89894876238216, 63.18497932547811], [-129.9136888262012, 63.18770339006937], [-129.92530145038987, 63.19873923670049], [-129.93021435065904, 63.200016904973616], [-129.93759965181027, 63.201100245199285], [-129.94127633619323, 63.2010892363701], [-129.9550558317501, 63.19347887046633], [-129.9607473032347, 63.19124689444698], [-129.96807137570914, 63.189561007367416], [-129.97858408171345, 63.18195850864845], [-129.9842451525454, 63.17861641462888], [-129.9932180212581, 63.17821617604922], [-129.99649862098062, 63.17894446623727], [-130.00002320879665, 63.18096246497688], [-130.00002378079654, 63.18185166892154], [-130.00080167281845, 63.190922975489194], [-130.00002331547043, 63.19646157722909], [-130.00516500033703, 63.20732617783957], [-130.00849203749598, 63.210454193876906], [-130.01303913159268, 63.21265137107994], [-130.01638124512934, 63.21669855065435], [-130.02111045362534, 63.22940943070686], [-130.02573449707535, 63.236218315988204], [-130.03279932132975, 63.242650023746016], [-130.03343942977938, 63.24300078221413], [-130.0489426848505, 63.25144682119467], [-130.05552001076856, 63.253262732515566], [-130.06578888683728, 63.25470053274503], [-130.0772783014299, 63.25520801088887], [-130.0866925786883, 63.25498327609803], [-130.104256378779, 63.2530644193283], [-130.1544726148559, 63.24564474957417], [-130.170036965868, 63.24556841978492], [-130.17742223790648, 63.24627389290192], [-130.18071797915997, 63.246995024183114], [-130.18238060922482, 63.24846340426018], [-130.18164868343536, 63.25197351700517], [-130.17273788225611, 63.256443850222226], [-130.16501686923903, 63.258694841822006], [-130.1609724935882, 63.26129623009442], [-130.1565636870943, 63.26556124771938], [-130.15497626667818, 63.26815110299025], [-130.1542586515492, 63.27239713355939], [-130.15787526304712, 63.28732400478794], [-130.15633406344855, 63.29213025078491], [-130.15692939958268, 63.29987412835954], [-130.14971177493655, 63.30802618107408], [-130.14402057484438, 63.30989908940074], [-130.13542978916803, 63.3115967251573], [-130.12641146594282, 63.31200860102624], [-130.10424108363003, 63.311734033404846], [-130.09238448250474, 63.313812992933414], [-130.08709044711503, 63.31586541668358], [-130.0794600924512, 63.324013792557885], [-130.07672860998545, 63.3312236396602], [-130.06945146323102, 63.33697205105424], [-130.06414013738737, 63.33846738567275], [-130.0588152386492, 63.33922702030166], [-130.0407188343078, 63.33800631365967], [-130.03044893334862, 63.33804419032586], [-130.02474238851852, 63.34101987224901], [-130.01657948245918, 63.34400261246979], [-130.00873606516487, 63.346074176329545], [-130.00595931403834, 63.346806523171686], [-129.994071750544, 63.34906481845906], [-129.9858779794001, 63.34983188267102], [-129.96410363822122, 63.35082749762753], [-129.9542624084586, 63.351968032333964], [-129.94527481809698, 63.35531690254234], [-129.93801193190114, 63.36437716377419], [-129.9339370995932, 63.366234839752344], [-129.92368346166057, 63.36792855675933], [-129.91259056914055, 63.36906917317081], [-129.90030702433663, 63.37279638263256], [-129.89623347085757, 63.37502022820956], [-129.89463123882211, 63.37871261128116], [-129.89554604621623, 63.38553719932293], [-129.90140605661554, 63.39271266094555], [-129.92514874882158, 63.41219824379832], [-129.933891774459, 63.41807285371447], [-129.93973626071062, 63.42358916246062], [-129.9389732823494, 63.427464741076655], [-129.93572281439126, 63.43042473495579], [-129.92264638391532, 63.43747821195187], [-129.91985317341906, 63.444680374334354], [-129.91753488644738, 63.455384261102445], [-129.91063734412717, 63.46333826850548], [-129.9065630404385, 63.466298329645895], [-129.89791219142268, 63.46743101402748], [-129.8909077986465, 63.46745045812932], [-129.8814015419167, 63.46674069342384], [-129.8578424560643, 63.46255997782602], [-129.84459775852997, 63.45927543480529], [-129.82968919699084, 63.454148177201425], [-129.8139731113069, 63.44994082100999], [-129.81284948850197, 63.45003200402023], [-129.80696956523045, 63.450509162205016], [-129.8028647811725, 63.45181014425966], [-129.8008203709264, 63.453107076530664], [-129.80001141274604, 63.45495332741052], [-129.8041921598452, 63.460106744459225], [-129.80750338851195, 63.46212870050671], [-129.8294755241692, 63.47074997943772], [-129.83570192434675, 63.47442344922417], [-129.842781370637, 63.48030586649344], [-129.8461385488899, 63.48472722048172], [-129.85163464172015, 63.48880760284329], [-129.8511817601559, 63.489159094101495], [-129.8508365440203, 63.489434890366404], [-129.85053950268224, 63.48976425097429], [-129.8506430389211, 63.49035600369644], [-129.8510835074087, 63.490770736780235], [-129.85152599513899, 63.491158530251205], [-129.85184621027176, 63.491708605255056], [-129.85254425556013, 63.492220529845035], [-129.85293418041593, 63.49260863187426], [-129.85376078055964, 63.49342943219686], [-129.85450013766777, 63.49405777906455], [-129.85510423887808, 63.49442664773044], [-129.85585930350655, 63.49489333989963], [-129.85643916489622, 63.49551814331678], [-129.85721514299536, 63.49633922560512], [-129.8583719093444, 63.49705032084809], [-129.85949522291457, 63.49756863859339], [-129.8609869755716, 63.498120635930334], [-129.86228525570388, 63.49847632652748], [-129.86409102484623, 63.49888323942313], [-129.86410728756238, 63.49888310602243], [-129.8641085069705, 63.49888717863503]]]}, "properties": {"NAME": "Watson Lake - Ross River - Faro"}}, {"type": "Feature", "id": 18, "geometry": {"type": "Polygon", "coordinates": [[[-135.12384201587872, 60.77731730363554], [-135.12142321562374, 60.77919938477879], [-135.1187517384885, 60.77926538113104], [-135.11866899738524, 60.7787883656813], [-135.11860624069627, 60.77826040052827], [-135.11858205076734, 60.77818953268655], [-135.11853993165946, 60.77812200071027], [-135.11848569419064, 60.77805471400341], [-135.11843976991264, 60.778014018407966], [-135.11835573375703, 60.777953281613264], [-135.1182974390298, 60.77790986247802], [-135.11819672805325, 60.77786730266923], [-135.11811494609833, 60.777833278601236], [-135.11804678500056, 60.77781681843004], [-135.11797812512756, 60.777794422384815], [-135.11762015039207, 60.7777243619034], [-135.11677249070118, 60.77756783651052], [-135.1159368144115, 60.77741351763502], [-135.1152771710971, 60.77729305896142], [-135.11510575002708, 60.77727571182697], [-135.1149843063052, 60.77727519380221], [-135.11477827740433, 60.77727935833553], [-135.1146151660998, 60.77728860105089], [-135.11423676665711, 60.77729959267633], [-135.11271832551643, 60.77734368993038], [-135.11089735284327, 60.777391812281934], [-135.11089753248854, 60.7773935769662], [-135.11089820008485, 60.77740013869273], [-135.11047798053065, 60.77740394882055], [-135.10844376516846, 60.7774542159778], [-135.10825699647302, 60.77746020942481], [-135.1073001198016, 60.777490910111965], [-135.1038670186159, 60.77760100119972], [-135.1034174913773, 60.77761540998997], [-135.10269050268786, 60.777638707948036], [-135.10231579589876, 60.777648977150136], [-135.1011813080427, 60.77768006309103], [-135.10112671084616, 60.77768155911737], [-135.1004464847825, 60.7777001724847], [-135.10018755897795, 60.77770725675458], [-135.09895217547302, 60.77774609635067], [-135.09882084906852, 60.777749798093865], [-135.0987141261335, 60.77775280679851], [-135.09872306240027, 60.77780896641162], [-135.09873881620925, 60.77790797023446], [-135.09881578349302, 60.778391667652606], [-135.0984238069421, 60.778402414327566], [-135.09646499265259, 60.77846048190125], [-135.096424914276, 60.778137145055034], [-135.09162315197483, 60.77826385171103], [-135.09165150020885, 60.78132964172202], [-135.09270968480018, 60.79320763998548], [-135.09521838053578, 60.79289737118619], [-135.09750427079484, 60.792694535644735], [-135.0994640515051, 60.79242685276795], [-135.1013644044288, 60.79214606370737], [-135.10329979908528, 60.79193589585577], [-135.1047209327466, 60.79185021900411], [-135.10612492861864, 60.79190758295031], [-135.10642249458593, 60.79193119128263], [-135.10870731960608, 60.792112440706426], [-135.11060844012965, 60.79218827799999], [-135.11194826170154, 60.79217551773388], [-135.11260557479991, 60.79201953905443], [-135.11283267924583, 60.791601088577586], [-135.1132577725225, 60.79076477332561], [-135.11373234381398, 60.790170068258796], [-135.1146757861246, 60.78995121278003], [-135.11565431893843, 60.7898029981503], [-135.11730690494096, 60.78969823093304], [-135.11854850024125, 60.789558944873505], [-135.1206704544201, 60.789144937672106], [-135.12242251856821, 60.78883828976517], [-135.1246146153446, 60.78856550878925], [-135.12639072796125, 60.788543746579], [-135.12831352844213, 60.78853325226716], [-135.13018658859355, 60.788623640305616], [-135.13141342307404, 60.78876202295303], [-135.1316874434831, 60.788792929116475], [-135.13343318334447, 60.78909993150112], [-135.13471581732207, 60.78944488376088], [-135.1362724671719, 60.78992695685827], [-135.13748361603376, 60.79045887057386], [-135.1460740892175, 60.78478709776816], [-135.14057869766137, 60.7829361997869], [-135.14055838724667, 60.78292935846074], [-135.140515736619, 60.78291499083141], [-135.14045106538623, 60.78289320632627], [-135.13995594428062, 60.782726424167954], [-135.13557845162725, 60.78125737473418], [-135.13408474763102, 60.78075603495363], [-135.13406562890444, 60.780749617885995], [-135.13315452344665, 60.780443802248485], [-135.12384201587872, 60.77731730363554]]]}, "properties": {"NAME": "Whistle Bend North"}}]}