{"type": "FeatureCollection", "features": [{"type": "Feature", "geometry": {"type": "Polygon", "coordinates": [[[-65.03926316491643, 45.09353086062766], [-65.04480740576763, 45.091307936046384], [-65.07563335168459, 45.078938690020394], [-65.08320693718527, 45.07574672034235], [-65.08655723356318, 45.07408002464191], [-65.09020732798635, 45.07226391627145], [-65.09465121317363, 45.07005247080819], [-65.10052500723589, 45.06712883235453], [-65.11952408782834, 45.057667183321286], [-65.12037070747665, 45.05724537636511], [-65.14412326426935, 45.045291848510786], [-65.14756804298786, 45.04358484458124], [-65.1741717556393, 45.030393354092844], [-65.17422383470027, 45.03036671501223], [-65.20578121878567, 45.0142298798596], [-65.20584142873894, 45.01428025363575], [-65.2185182612529, 45.00789365714155], [-65.234964316785, 45.000019690807385], [-65.23497415963945, 45.000014998935484], [-65.24770696141313, 44.99391509227185], [-65.30040466696148, 44.969276707765246], [-65.30161597953996, 44.96870972815586], [-65.36046763446042, 44.94064828312461], [-65.36057593881631, 44.940803666489685], [-65.36061970772711, 44.940782120184785], [-65.41586705141887, 44.913548176122404], [-65.41597042884041, 44.9136917816068], [-65.46897814987743, 44.8881693297806], [-65.47960560424693, 44.88275511937444], [-65.49999672750035, 44.87235999438674], [-65.50000001471585, 44.872358319036096], [-65.51371163549209, 44.865363267725556], [-65.51720123123117, 44.86363629671206], [-65.55904484713854, 44.8429081581988], [-65.56619437092705, 44.839385397917376], [-65.60080713204933, 44.8223157759829], [-65.62904926907883, 44.8083693903887], [-65.64808262745765, 44.79900097181716], [-65.66401832962505, 44.79115149465725], [-65.68530438112997, 44.78065832940469], [-65.68815984083862, 44.77928508698205], [-65.7021871341703, 44.772536591739545], [-65.71950979430532, 44.76419718609871], [-65.74896808341403, 44.75000144817866], [-65.74897564715394, 44.749997793645974], [-65.75902270725972, 44.74515213720002], [-65.79394764918817, 44.728291979044215], [-65.7935976773482, 44.72776432570208], [-65.80504721237021, 44.722498214872104], [-65.8361410458021, 44.706548150990756], [-65.85345949642021, 44.69765533321369], [-65.92157688946928, 44.66261492566717], [-65.92784165297371, 44.659212018163224], [-65.9439419232418, 44.65046248001169], [-65.97648610144432, 44.631102538315176], [-65.99430389419884, 44.62049176698141], [-65.99999993397483, 44.617097992253235], [-66.0000084651563, 44.617092899144815], [-66.00554883289223, 44.613791092333564], [-66.02002202162159, 44.60516210967438], [-66.0218959289605, 44.60402995085764], [-66.07340566817263, 44.572873818939826], [-66.12979793820011, 44.538686423328045], [-66.14658498561914, 44.528678188130414], [-66.15045003675641, 44.52546039294398], [-66.16777042134197, 44.51103357334331], [-66.18047546355236, 44.500443695885444], [-66.18058465913909, 44.500070518013345], [-66.18058698764611, 44.50006251199564], [-66.18087414204072, 44.49908112967888], [-66.18139837035726, 44.498581101066726], [-66.19413922657233, 44.48642422718613], [-66.21005737559042, 44.47122494323439], [-66.21361340980481, 44.46782786472939], [-66.21890156137295, 44.462850119587415], [-66.26879748879041, 44.41581981790928], [-66.27443022309696, 44.41050335736015], [-66.29275578273216, 44.39319665112655], [-66.29862937021537, 44.38769708097229], [-66.32330850175377, 44.36457222720626], [-66.35563606351846, 44.33423855650658], [-66.36980703736184, 44.320926536158495], [-66.44042307085498, 44.253543175068614], [-66.44293522138318, 44.250062216185356], [-66.44294240381431, 44.250052260261086], [-66.44708145805183, 44.24431584441431], [-66.44547566461156, 44.235835954309046], [-66.42931966526481, 44.21849473310176], [-66.36620634445438, 44.151431399076316], [-66.36587916451674, 44.151748784446234], [-66.35249637082453, 44.137888610826984], [-66.33354441497417, 44.118244384233826], [-66.27449527998635, 44.056598123013366], [-66.26774959921958, 44.049416666062015], [-66.26143450440817, 44.04269138938821], [-66.25261028732868, 44.03329026167296], [-66.24001678113444, 44.01986599048911], [-66.22804981633655, 44.00710143792421], [-66.22201842880101, 44.000665034298756], [-66.22195090874281, 44.00003531874691], [-66.22195053862139, 44.00003165021484], [-66.21853987677432, 43.968195255700415], [-66.21775474826597, 43.96292814720744], [-66.21633043376524, 43.94316654988604], [-66.21592804806295, 43.93758107937492], [-66.21506992862672, 43.92566579999649], [-66.21494222113925, 43.92389181438286], [-66.2146847162909, 43.920314807447504], [-66.21452418512958, 43.91873354874606], [-66.21273473204812, 43.90110150007247], [-66.21144828463416, 43.88841804796132], [-66.21024725976437, 43.876571145437616], [-66.20846036670301, 43.8589354941757], [-66.20760616783498, 43.8505006384054], [-66.20710998943434, 43.84454648671642], [-66.20517283826284, 43.82128841137183], [-66.20221879523956, 43.78578079339606], [-66.20168036939387, 43.77930362525894], [-66.20056988969382, 43.75005648872722], [-66.20052522767038, 43.74887995054757], [-66.19068893365127, 43.70392278003644], [-66.18389426187336, 43.66921980325915], [-66.17561084070549, 43.626849746891025], [-66.12963701900365, 43.572781965886776], [-66.09414915555081, 43.53080468376125], [-66.04899908484295, 43.53010491092022], [-66.02890075791203, 43.53012244532853], [-66.02347231451138, 43.523980967957144], [-66.0220832685793, 43.51767078291094], [-66.0270522954508, 43.50003450205915], [-66.02848093378101, 43.49645519351171], [-66.02849278171563, 43.496365552812], [-66.02850471538525, 43.49627602094639], [-66.02851658569169, 43.49618646929127], [-66.02852856454534, 43.496096924367734], [-66.02854038948362, 43.49600738592181], [-66.02855234578126, 43.49591775210518], [-66.02857604070446, 43.49573866226901], [-66.0285880193273, 43.49564911753455], [-66.02859984403628, 43.49555957927779], [-66.02861183176125, 43.49546995556404], [-66.02862366999591, 43.49538039433587], [-66.02863564843396, 43.49529084975267], [-66.02865932909681, 43.49511178349322], [-66.02867128493297, 43.495022150055185], [-66.02868312293816, 43.49493258901622], [-66.0286951011454, 43.49484304462214], [-66.02870695709906, 43.49475351661939], [-66.02871890355635, 43.4946639623874], [-66.02873075941814, 43.49457443446031], [-66.02874260638792, 43.494484794556], [-66.02875455270696, 43.49439524043751], [-66.02876640843103, 43.49430571262392], [-66.02877838631505, 43.49421616849453], [-66.02879022390705, 43.494126607796126], [-66.02880217923547, 43.49403697477455], [-66.02882587223009, 43.49385788652742], [-66.02883783626639, 43.49376836563409], [-66.02884967362894, 43.49367880512493], [-66.02886166038351, 43.49358918220606], [-66.02887348403738, 43.49349964481953], [-66.02888546150585, 43.49341010103049], [-66.02890915385763, 43.49323101331306], [-66.02892110872465, 43.493141380670096], [-66.02893294576586, 43.493051820425876], [-66.02894492300352, 43.492962276825956], [-66.02895677799268, 43.49287274961762], [-66.02896872348165, 43.49278319618001], [-66.02898056953255, 43.49269355703328], [-66.02899242438399, 43.49260402993845], [-66.02900440139082, 43.492514486527625], [-66.0290162381107, 43.49242492654833], [-66.02902820140878, 43.492335406259954], [-66.02904003803687, 43.49224584635633], [-66.02905199239622, 43.49215621412984], [-66.0290638605883, 43.49206666421518], [-66.02907040309923, 43.49201698633788], [-66.02908167767336, 43.49197777561644], [-66.02910667411362, 43.491889687870795], [-66.02913182431375, 43.49180159371542], [-66.02915687502805, 43.491713413844714], [-66.02918202503696, 43.49162531975129], [-66.02920702109607, 43.491537232129666], [-66.029257320636, 43.49136104409762], [-66.02928234806457, 43.491272966482114], [-66.02930749759557, 43.49118487254346], [-66.02933253844935, 43.49109677194319], [-66.02935766532637, 43.49100858910013], [-66.02938270598942, 43.490920488561876], [-66.02940785513806, 43.4908323947471], [-66.02943285033962, 43.490744307404505], [-66.02948314815913, 43.49056811992976], [-66.02950817472967, 43.49048004259314], [-66.02953332340044, 43.490391948933144], [-66.02955834093301, 43.49030375964585], [-66.02958348941263, 43.49021566604781], [-66.0296085292173, 43.49012756578853], [-66.02965882569856, 43.489951378747236], [-66.02968385160167, 43.48986330162755], [-66.02970899960334, 43.489775208184284], [-66.02973400727676, 43.489687098167046], [-66.02975916427873, 43.48959892573299], [-66.02978415814631, 43.48951083882444], [-66.0298344532896, 43.48933465221664], [-66.02985949214046, 43.48924655226731], [-66.02988463947311, 43.489158459040794], [-66.02990966451826, 43.48907038220004], [-66.02993481165983, 43.48898228903545], [-66.02995982766632, 43.488894100244835], [-66.02998497461672, 43.488806007142216], [-66.03001001289545, 43.48871790737889], [-66.0300603063183, 43.48854172132843], [-66.03008529904253, 43.48845363479193], [-66.03009277536322, 43.48842732773763], [-66.03010808443187, 43.48836515747382], [-66.03012986090556, 43.4882766100522], [-66.0301517911388, 43.48818805622134], [-66.03017356744564, 43.48809950886599], [-66.03019535285955, 43.48801088249161], [-66.03023890505678, 43.487833787946734], [-66.03028248857397, 43.48765670344706], [-66.03030439575886, 43.487568060883405], [-66.03036972267967, 43.48730241961308], [-66.03039150734323, 43.48721379353739], [-66.03041328273363, 43.487125246546775], [-66.03043521187973, 43.487036693146436], [-66.0304569871033, 43.486948146222105], [-66.03047877143322, 43.486859520279154], [-66.0305441280068, 43.486593889717014], [-66.03056603418815, 43.486505247551314], [-66.030653164235, 43.486151070761025], [-66.03067492977624, 43.48606241215802], [-66.0306967357354, 43.48597387551079], [-66.03071861852875, 43.48588533567502], [-66.03074039266914, 43.4857967891817], [-66.03076218952874, 43.485708140623856], [-66.03082754285195, 43.485442511354684], [-66.03084944794628, 43.485353869620134], [-66.03091480026912, 43.48508824074877], [-66.03093655119673, 43.48499960559057], [-66.03095835615535, 43.484911069341074], [-66.0309802515596, 43.484822506856574], [-66.03100202470009, 43.48473396076115], [-66.03102380694557, 43.484645335647926], [-66.0311109436057, 43.48429113859647], [-66.0311328340001, 43.48420252033933], [-66.03119819668582, 43.483936869714796], [-66.03121994653038, 43.483848234988244], [-66.03124175040521, 43.48375969916969], [-66.03126364472323, 43.48367113711595], [-66.03128541678066, 43.4835825914516], [-66.03130719794235, 43.483493966769885], [-66.03137254501549, 43.483228339987384], [-66.03139433945637, 43.4831396923923], [-66.03141621957705, 43.48305115361671], [-66.0314815790125, 43.482785504285395], [-66.031503359424, 43.482696879902434], [-66.03152513056516, 43.48260833460291], [-66.03154702379703, 43.48251977297996], [-66.03156882642122, 43.48243123765861], [-66.03159057484946, 43.48234260349656], [-66.03165593228502, 43.48207695496117], [-66.0316778342022, 43.48198831448708], [-66.03174317702539, 43.48172268939565], [-66.03176495643653, 43.48163406541105], [-66.03180851024803, 43.48145695259506], [-66.03183042043116, 43.48136842436071], [-66.03185220393435, 43.48127985651259], [-66.03187398292863, 43.481191232693966], [-66.0319392918536, 43.480925598586225], [-66.03196119268407, 43.480836958543414], [-66.03202654586937, 43.48057131169931], [-66.0320483241969, 43.480482688146274], [-66.03207009325547, 43.48039414367589], [-66.03209201604719, 43.48030559279308], [-66.03210687875877, 43.48024467929868], [-66.03211501513367, 43.4802171878803], [-66.03214115274307, 43.480129247078295], [-66.03216716808602, 43.480041322663766], [-66.03219330549715, 43.47995338192227], [-66.03221933425343, 43.47986543452241], [-66.03224547146628, 43.47977749384146], [-66.03227147756175, 43.47968945754158], [-66.0322976145763, 43.479601516921186], [-66.03232362932582, 43.47951359268844], [-66.0323759028591, 43.47933771159895], [-66.0324019309227, 43.47924976441122], [-66.03242806744143, 43.47916182394212], [-66.03245405923337, 43.47907381090053], [-66.03248019555387, 43.47898587049199], [-66.03250622322172, 43.478897923425485], [-66.03253235934392, 43.47880998307748], [-66.03255834155583, 43.47872204920607], [-66.0325844774798, 43.47863410891863], [-66.032610504752, 43.478546161973334], [-66.03263664966197, 43.47845814269769], [-66.03266264508899, 43.47837018590175], [-66.03268878061641, 43.4782822457354], [-66.03271479388243, 43.47819432195714], [-66.03274092921161, 43.478106381851326], [-66.03276695589021, 43.478018435087876], [-66.03279309102112, 43.47793049504257], [-66.03281908142851, 43.477842482425814], [-66.03284522997137, 43.47775451939533], [-66.03287124264405, 43.477666595798894], [-66.03289737737845, 43.47757865587471], [-66.03292337181679, 43.477490699381974], [-66.03294950635295, 43.47740275951833], [-66.03297551863015, 43.47731483604308], [-66.0330016529681, 43.477226896239976], [-66.03302765619434, 43.477138860820276], [-66.033053790334, 43.47705092107775], [-66.0330798158255, 43.476962974678024], [-66.03310594976692, 43.476875034996034], [-66.0331319614508, 43.4767871117026], [-66.03315809519398, 43.47669917208114], [-66.03318412028982, 43.47661122580262], [-66.03321023137154, 43.4765231972827], [-66.03323625626953, 43.47643525106484], [-66.03326238961621, 43.4763473115645], [-66.03328840070678, 43.47625938845292], [-66.03334066690444, 43.47608350960354], [-66.03336665966197, 43.475995553626284], [-66.03339280169544, 43.47590753522949], [-66.03341882590088, 43.47581958922377], [-66.03344495855359, 43.47573164993536], [-66.03347093730636, 43.47564371712504], [-66.03349706976091, 43.47555577789716], [-66.03352309357076, 43.47546783201269], [-66.03354922582709, 43.47537989284536], [-66.03357522697578, 43.47529185806312], [-66.03360135903385, 43.47520391895638], [-66.03362736883896, 43.47511599623877], [-66.03365351430783, 43.47502803414698], [-66.0336795239152, 43.474940111489964], [-66.03370565557681, 43.47485217250431], [-66.03373167859534, 43.474764226862334], [-66.03375778759538, 43.474676198979154], [-66.03376253753649, 43.47465996393516], [-66.03385038355812, 43.474322673777145], [-66.03387325416705, 43.47423428736429], [-66.03398835683893, 43.47379229058747], [-66.03401127217546, 43.473703891234344], [-66.03403426432149, 43.473615488689305], [-66.03405729720485, 43.47352701704027], [-66.034103312702, 43.473350222022844], [-66.03412622760048, 43.47326182283197], [-66.03424129379846, 43.47281981792763], [-66.03426420817125, 43.47273141893141], [-66.03428723099556, 43.47264302665345], [-66.03431023126863, 43.47255454545092], [-66.03435625844232, 43.4723777281014], [-66.03437915876923, 43.4722893523128], [-66.03449425178141, 43.47184735910194], [-66.03451713354735, 43.47175895055237], [-66.03456317717627, 43.47158216674204], [-66.03458619000304, 43.47149366288372], [-66.03463223310472, 43.47131687926788], [-66.0346551143453, 43.47122847091309], [-66.03474718110873, 43.470874871244675], [-66.0347700799469, 43.470786496007584], [-66.0348161036087, 43.470609679955054], [-66.03483910186209, 43.470521199499146], [-66.03488515663908, 43.4703443935513], [-66.03490805495181, 43.470256018508884], [-66.03502310622422, 43.46981401911646], [-66.03504601761838, 43.469725621223496], [-66.03509203917304, 43.46954880594925], [-66.03511506801436, 43.46946033579287], [-66.03513805594794, 43.46937193480445], [-66.03516096690413, 43.469283537073764], [-66.03527604498959, 43.468841549374744], [-66.03529892377894, 43.468753141928914], [-66.03534497504334, 43.46857633727799], [-66.03536797127717, 43.46848785756875], [-66.0353909898866, 43.46839946684693], [-66.03541386823825, 43.46831105956346], [-66.03552894149522, 43.46786907364792], [-66.03555185096229, 43.46778067646894], [-66.03555548324306, 43.467766713661696], [-66.03556976871337, 43.46769158976742], [-66.03560336100797, 43.46751334201598], [-66.03562027017378, 43.4674241853557], [-66.03563708878232, 43.467335055002025], [-66.03565398421242, 43.46724592145851], [-66.0356875894655, 43.467067651020926], [-66.03570448470093, 43.46697851758503], [-66.03572130298566, 43.46688938741075], [-66.03573821169674, 43.46680023100161], [-66.03577180269694, 43.46662198396789], [-66.03578874285304, 43.46653283757595], [-66.03580552917414, 43.466443697671565], [-66.03582245559478, 43.466354574396284], [-66.03585602791345, 43.46617629476694], [-66.03587295413925, 43.46608717159927], [-66.03588974013682, 43.465998031874335], [-66.03590667983785, 43.46590888573347], [-66.03594025150943, 43.46573060646311], [-66.03595717741037, 43.46564148347474], [-66.03597396308442, 43.465552343929296], [-66.0359908888554, 43.46546322101264], [-66.03602449151899, 43.46528495201064], [-66.03604139906102, 43.46519579624733], [-66.03605821605044, 43.46510666679077], [-66.03607511903338, 43.46501745510019], [-66.03610868941082, 43.46483917654782], [-66.03612562826683, 43.46475003087332], [-66.03614241329379, 43.46466089168688], [-66.03615933841503, 43.4645717691289], [-66.03619293978389, 43.464393500844835], [-66.03620983307188, 43.464304368485145], [-66.03621741089026, 43.46426422679901], [-66.03622664941369, 43.464215239387485], [-66.03624355617633, 43.4641260840548], [-66.0362771568979, 43.46394781612966], [-66.03629404986134, 43.46385868394935], [-66.03631086587934, 43.463769555031135], [-66.03632777231729, 43.46368039987785], [-66.03636137239158, 43.463502132311675], [-66.03637829666833, 43.463413010219945], [-66.03639508072474, 43.46332387157198], [-66.03641201847569, 43.46323472650731], [-66.03644557266094, 43.46305647243555], [-66.03646251021698, 43.46296732747851], [-66.03647929394992, 43.46287818901004], [-66.03649621777191, 43.462789067169375], [-66.03652981655166, 43.46261080032107], [-66.03654672214543, 43.46252164563428], [-66.03656353719208, 43.462432517254435], [-66.0365804290521, 43.46234338568401], [-66.03661402718464, 43.46216511919469], [-66.03663093245375, 43.46207596468733], [-66.03664774717666, 43.461986836486936], [-66.03666463871218, 43.461897705095915], [-66.03668145330555, 43.46180857696728], [-66.03669822733838, 43.461719326969394], [-66.03671515031591, 43.46163020559506], [-66.03673193307844, 43.46154106766517], [-66.0367488695295, 43.46145192331803], [-66.0367824663675, 43.46127365754675], [-66.03679935738386, 43.4611845264428], [-66.03681617145925, 43.46109539860137], [-66.03683307594906, 43.46100624452469], [-66.0368666721399, 43.4608279791124], [-66.03688359446787, 43.46073885809675], [-66.03690037658345, 43.4606497205259], [-66.03691728074863, 43.460560566628665], [-66.03695087629231, 43.460382301575386], [-66.03696779829554, 43.46029318073907], [-66.0369845800877, 43.460204043347765], [-66.03700151556393, 43.460114899538794], [-66.0370350788248, 43.45993662493569], [-66.03705201410615, 43.45984748123437], [-66.03706879557487, 43.45975834402259], [-66.03708571712338, 43.45966922343739], [-66.03709663317188, 43.45961085133696], [-66.03710276071834, 43.459580086525555], [-66.0371201794413, 43.459491012556946], [-66.03713770660566, 43.45940194530576], [-66.0371551115918, 43.45931289445267], [-66.03717267025677, 43.459223837181355], [-66.03719008871138, 43.459134763355124], [-66.0372076247792, 43.45904561720458], [-66.03722502949714, 43.45895656649391], [-66.037260082951, 43.45877843245407], [-66.03727750107014, 43.45868935880586], [-66.03729505926354, 43.45860030178352], [-66.03731246364617, 43.458511251250776], [-66.03732999007028, 43.458422184390926], [-66.03734740792109, 43.45833311088512], [-66.03736494338284, 43.458243965055104], [-66.03738236109947, 43.458154891620524], [-66.03739988725441, 43.45806582490303], [-66.03741732286913, 43.457976784492466], [-66.03743484888949, 43.45788771784611], [-66.03745226633782, 43.45779864455395], [-66.03746979222363, 43.45770957797875], [-66.03748719593585, 43.45762052780199], [-66.0375047533212, 43.45753147120646], [-66.03752230177874, 43.45744230265274], [-66.03753970528966, 43.45735325258278], [-66.03755723083893, 43.45726418618549], [-66.03757464781762, 43.45717511314257], [-66.03759217323235, 43.457086046816435], [-66.03760957647515, 43.45699699688887], [-66.03762713338901, 43.456907940542315], [-66.03764455009942, 43.4568188676418], [-66.03766208441641, 43.456729722417194], [-66.03767950099264, 43.456640649587925], [-66.03769702600367, 43.456551583475296], [-66.03771442884423, 43.456462533761325], [-66.03774951016314, 43.45628441162233], [-66.03776692640392, 43.45619533897104], [-66.03778445107848, 43.456106273036305], [-66.03780186718514, 43.456017200456245], [-66.03781940089611, 43.45592805555218], [-66.03783680326731, 43.455839006087416], [-66.03785435930567, 43.45574995020332], [-66.03787177514401, 43.4556608777657], [-66.0378892994149, 43.455571812044475], [-66.03790671511912, 43.45548273967808], [-66.03792427088814, 43.45539368393627], [-66.0379416728571, 43.45530463468508], [-66.0379591968589, 43.45521556910617], [-66.03797662146539, 43.455126417841996], [-66.03801166913249, 43.454948286862155], [-66.03802908436712, 43.45485921474502], [-66.03804663966471, 43.454770159252234], [-66.03806404116435, 43.45468111025024], [-66.03808157829593, 43.454592021876486], [-66.03809897966153, 43.45450297294572], [-66.0381165030578, 43.454413907687076], [-66.03813392706017, 43.454324756743695], [-66.03815145032186, 43.454235691556256], [-66.03816886502, 43.454146619724014], [-66.03817232037986, 43.454129080687636], [-66.03837930711686, 43.45298699905023], [-66.03844399872214, 43.452630169548755], [-66.03846002905217, 43.45254096543585], [-66.03862169884145, 43.45164889124032], [-66.0386378730413, 43.451559760108886], [-66.03871869849085, 43.451113736072365], [-66.03873475939737, 43.45102454248345], [-66.03900958498454, 43.44950800164629], [-66.03902562674465, 43.44941877575869], [-66.0391064583267, 43.44897273302627], [-66.03912264869004, 43.44888363593162], [-66.03928430656364, 43.44799155354597], [-66.03930033367168, 43.447902351318206], [-66.03957513583394, 43.44638580899589], [-66.03959120705127, 43.44629659428474], [-66.039607363921, 43.446207488368316], [-66.03965587082075, 43.445939854688795], [-66.0396677596275, 43.445873984401956], [-66.03967153501488, 43.445850567359564], [-66.0396855855941, 43.44576115685042], [-66.03969974902732, 43.44567180905013], [-66.03972786351159, 43.44549296517434], [-66.03974205840758, 43.4454036273924], [-66.03975610871522, 43.44531421706891], [-66.03977027187592, 43.44522486945404], [-66.03979838581688, 43.44504602594958], [-66.03981256684295, 43.44495671139614], [-66.03982663047616, 43.44486727821518], [-66.03984080252958, 43.444777851749365], [-66.03985484329176, 43.44468852072214], [-66.039868906762, 43.4445990876526], [-66.03988308751539, 43.4445097732845], [-66.03991120058723, 43.444330930374186], [-66.0399253631484, 43.444241583167255], [-66.03993942634695, 43.444152150283415], [-66.03995359796404, 43.444062724114566], [-66.03996766991746, 43.44397340329109], [-66.03998171935626, 43.4438839935617], [-66.03999588164491, 43.443794646540205], [-66.04000994457175, 43.443705213842065], [-66.04002411591613, 43.44361578785882], [-66.04003818759793, 43.44352646722078], [-66.0400522367652, 43.44343705767705], [-66.04006642154248, 43.44334760876218], [-66.04008046143647, 43.44325827832855], [-66.04009463250813, 43.443168852530896], [-66.04010870391832, 43.44307953207829], [-66.04012276641045, 43.442990099677296], [-66.04013693731847, 43.442900673991005], [-66.04015097694116, 43.442811343742875], [-66.04016502567409, 43.442721934496234], [-66.04017919641855, 43.442632508921314], [-66.04019324947475, 43.44254315574159], [-66.04020745173446, 43.44245374014771], [-66.04022149108583, 43.442364410085084], [-66.04023555314335, 43.442274977981214], [-66.04024972361508, 43.44218555259192], [-66.04026376280375, 43.4420962226406], [-66.04027796479043, 43.44200680723228], [-66.0402919950065, 43.441917365370294], [-66.04030606565637, 43.44182804543701], [-66.04032023585543, 43.44173862023334], [-66.04033428393664, 43.44164921143233], [-66.04034847648651, 43.44155987524477], [-66.0403625064312, 43.44147043356854], [-66.04037657680949, 43.44138111382071], [-66.04039074673584, 43.441291688802664], [-66.04040480814129, 43.44120225714454], [-66.0404188467332, 43.44111292760137], [-66.04043301649598, 43.4410235026947], [-66.0404470777385, 43.440934071148035], [-66.04046125625639, 43.440844758299896], [-66.04047531739018, 43.44075532682752], [-66.04048935571082, 43.44066599746985], [-66.04050352520095, 43.440576572748796], [-66.04051758617182, 43.440487141387855], [-66.04053177801252, 43.44039780568237], [-66.04055988608715, 43.44021896618893], [-66.0405740461414, 43.440129620688154], [-66.04058809324532, 43.440040212555644], [-66.04060228481326, 43.43995087703557], [-66.04063039234481, 43.43977203791355], [-66.04064455212658, 43.43968269259824], [-66.0406726593324, 43.4395038536991], [-66.04068685057312, 43.439414518401556], [-66.04070091083771, 43.439325087523535], [-66.04071507034703, 43.43923574239368], [-66.04074317700969, 43.439056903865996], [-66.04075736797765, 43.43896756875386], [-66.04077141437577, 43.438878161104164], [-66.04078558277511, 43.43878873712566], [-66.04079963349693, 43.43869938554179], [-66.04081367973224, 43.43860997800352], [-66.04082787042746, 43.43852064307682], [-66.04084193014882, 43.43843121257028], [-66.04085609827551, 43.438341788777436], [-66.04087013513129, 43.43825246042166], [-66.04087312107042, 43.438233110898665], [-66.04088977545936, 43.43816360439844], [-66.04091092940817, 43.43807497690509], [-66.04093219173488, 43.43798635612173], [-66.04095330946791, 43.437897662797994], [-66.04097443155256, 43.43780902549919], [-66.04099569363584, 43.437720404816616], [-66.0410168335855, 43.43763180053377], [-66.04103808664142, 43.437543067935934], [-66.04108034810928, 43.4373658265896], [-66.04110160978675, 43.43727720607492], [-66.04112274046666, 43.4371884899779], [-66.04114400198173, 43.437099869530385], [-66.0411862626405, 43.436922628520165], [-66.04120750145286, 43.43683391923382], [-66.04122864059332, 43.43674531528704], [-66.04124988367599, 43.436656662058894], [-66.0412710001953, 43.43656796923987], [-66.04129215268695, 43.43647934235152], [-66.04131341355283, 43.43639072217268], [-66.04133452066833, 43.43630210848782], [-66.04135565045792, 43.43621339276105], [-66.0413769110804, 43.43612477268295], [-66.0413980631673, 43.436036145962674], [-66.0414193236274, 43.43594752595171], [-66.04144045309303, 43.435858810359555], [-66.04146155972346, 43.43577019687644], [-66.04148281994017, 43.43568157696626], [-66.0415039716223, 43.43559295041401], [-66.04152520921737, 43.43550424163209], [-66.04156746696368, 43.43532700183205], [-66.04158872677463, 43.43523838208978], [-66.04160985559278, 43.435149666766875], [-66.04163097516974, 43.43506103051044], [-66.04165223473728, 43.43497241086895], [-66.04167337217866, 43.434883807627884], [-66.0416946227178, 43.43479507607275], [-66.04173687916979, 43.4346178368106], [-66.04175813833157, 43.43452921733702], [-66.04177926650225, 43.434440502283415], [-66.04180052550166, 43.43435188287704], [-66.04182163075754, 43.43426326996544], [-66.04184275868545, 43.43417455501282], [-66.04186401744151, 43.434085935707195], [-66.04190628619216, 43.43390867394076], [-66.0419275538644, 43.43381997570359], [-66.04194867222802, 43.43373133995158], [-66.04196993057832, 43.433642720813886], [-66.04199106680609, 43.433554118076984], [-66.04201219408648, 43.43346540339365], [-66.04203342057487, 43.43337677445107], [-66.0420545701526, 43.43328814877286], [-66.04207582809718, 43.433199529803105], [-66.04209695505374, 43.433110815254416], [-66.0421180591779, 43.433022202813575], [-66.04213931687913, 43.4329335839446], [-66.04216046605218, 43.432844958434465], [-66.04218159268515, 43.43275624402044], [-66.04220285014296, 43.43266762525226], [-66.04222396745517, 43.432578989937426], [-66.0422452247507, 43.43249037123639], [-66.04226635105985, 43.43240165695701], [-66.04228748615515, 43.43231305469072], [-66.04230871158948, 43.43222442618494], [-66.0423298601151, 43.43213580094377], [-66.04235109454578, 43.43204709347351], [-66.04239335957469, 43.431869833253835], [-66.04241462537952, 43.431781135789954], [-66.04245687633114, 43.43160389881409], [-66.04247813273425, 43.431515280482564], [-66.04249925815326, 43.431426566573506], [-66.04252052798579, 43.431337925267194], [-66.04256277812853, 43.43116068862752], [-66.04258401166678, 43.43107198152728], [-66.04260515914028, 43.430983356723225], [-66.04262638335841, 43.43089472872151], [-66.04264753067005, 43.43080610398467], [-66.04266865544167, 43.43071739034497], [-66.0426899110334, 43.43062877234939], [-66.04273215988219, 43.43045153624774], [-66.04275339277147, 43.43036282941661], [-66.04277453959764, 43.430274204881535], [-66.04278054738293, 43.43024884169296], [-66.04279080679663, 43.430185089048145], [-66.04280512229195, 43.4300956621131], [-66.04281939695838, 43.43000630434084], [-66.04283359031196, 43.42991689384807], [-66.04286215739498, 43.429738211435954], [-66.04287647261467, 43.42964878468635], [-66.04289077862201, 43.42955943700458], [-66.04290494008507, 43.42947001679212], [-66.0429192459824, 43.429380669184496], [-66.04293351577466, 43.42929125571992], [-66.04296212729366, 43.42911256068991], [-66.04297628848256, 43.42902314066302], [-66.04299059410447, 43.42893379324067], [-66.04300486362155, 43.42884437996155], [-66.04303347458972, 43.42866568530209], [-66.0430476355045, 43.42857626546076], [-66.04306194085098, 43.4284869182237], [-66.04307621009289, 43.428397505130036], [-66.04310482051024, 43.42821881084114], [-66.0431191212021, 43.42812940776378], [-66.04313328622196, 43.42804004413358], [-66.04314758680377, 43.42795064113041], [-66.04317616505524, 43.42777193730705], [-66.04319046547164, 43.42768253441511], [-66.04320463021746, 43.42759317097037], [-66.0432189305238, 43.42750376815259], [-66.04323323520919, 43.42741442136019], [-66.04324751738083, 43.42732498566996], [-66.04326182195595, 43.4272356389517], [-66.04327600445201, 43.42714630863896], [-66.04329028645853, 43.42705687306005], [-66.0433045772784, 43.42696754949458], [-66.04331885917475, 43.426878113989865], [-66.04333316347447, 43.42678876745689], [-66.04334734569635, 43.42669943732952], [-66.04336162742757, 43.426610001936126], [-66.04337591797223, 43.4265206785559], [-66.04339023120733, 43.42643125314156], [-66.04341880758685, 43.426252550578376], [-66.04343296702125, 43.42616313173912], [-66.04344727088045, 43.42607378550262], [-66.0434615702502, 43.42598438331528], [-66.04347587399914, 43.42589503715288], [-66.04349015523461, 43.42580560209341], [-66.0435043368532, 43.42571627237385], [-66.043518640437, 43.42562692632265], [-66.04353292150736, 43.42553749137446], [-66.04354721139136, 43.42544816843889], [-66.04356149235154, 43.42535873356493], [-66.04357567369598, 43.425269404030736], [-66.04358997700442, 43.425180058164834], [-66.0436042577995, 43.42509062340219], [-66.04361856099769, 43.42500127761043], [-66.04363284168257, 43.42491184292199], [-66.04364702275281, 43.4248225135732], [-66.04366131219659, 43.42473319093403], [-66.04367559271643, 43.42464375635691], [-66.04368989563926, 43.42455441075046], [-66.04370420766165, 43.424464986152195], [-66.04371847886146, 43.424375630715225], [-66.0437326596027, 43.42428630158882], [-66.04374697145984, 43.42419687710187], [-66.04376122890564, 43.424107544817495], [-66.0437755406525, 43.42401812040471], [-66.0437898431897, 43.423928775057696], [-66.04380400119875, 43.42383935718351], [-66.04383260599803, 43.42366066667481], [-66.04384688585705, 43.42357123254296], [-66.0438611745301, 43.4234819104226], [-66.04387534585386, 43.423392469692686], [-66.04390393651373, 43.423213802595946], [-66.0439182160975, 43.42312436864963], [-66.04393251808402, 43.42303502367327], [-66.04394667554497, 43.42294560617028], [-66.04397527924289, 43.422766916402885], [-66.04398597445915, 43.42269956362026], [-66.04398881317604, 43.42267741289615], [-66.04400037269701, 43.422587891398614], [-66.04401181488109, 43.42249825129324], [-66.04402326589019, 43.42240872319975], [-66.0440346943974, 43.42231910621185], [-66.04404627648246, 43.42222948279731], [-66.04405772735866, 43.42213995481804], [-66.04408059765137, 43.4219606980679], [-66.04409217040465, 43.421871153833656], [-66.04410359864615, 43.42178153707447], [-66.044115049301, 43.421692009285586], [-66.04412647745413, 43.42160239260263], [-66.04413802757183, 43.42151275958856], [-66.04414947809383, 43.4214232319139], [-66.04416091970215, 43.42133359230419], [-66.0441723701357, 43.42124406470568], [-66.04418392007543, 43.42115443184404], [-66.0441953795735, 43.42106482529411], [-66.04420679826359, 43.42097528790554], [-66.04421827126102, 43.42088565839076], [-66.04422982989222, 43.42079613765439], [-66.04425269885665, 43.42061688204792], [-66.04426414893597, 43.420527354754036], [-66.0442756985197, 43.42043772219727], [-66.0442871396408, 43.42034808300698], [-66.04429858958721, 43.42025855582735], [-66.04431001703223, 43.42016893975433], [-66.04432158889519, 43.420079396281444], [-66.04434445715131, 43.41990014128501], [-66.0443560152932, 43.41981062096732], [-66.04436748771396, 43.4197209919481], [-66.0443789057407, 43.419631455130826], [-66.04439033287593, 43.41954183932466], [-66.04440191357976, 43.41945221709129], [-66.04441336308331, 43.41936269029244], [-66.04442480367297, 43.419273051559685], [-66.04443625308808, 43.419183524836974], [-66.04444780200436, 43.41909389285191], [-66.04445922887392, 43.41900427727447], [-66.04447069174334, 43.41891472762512], [-66.04448211852448, 43.418825112123926], [-66.04449366726284, 43.41873548029133], [-66.04450488599707, 43.41864596349534], [-66.0445056650674, 43.418555987384494], [-66.04450659774423, 43.418466004848156], [-66.04450738596034, 43.418375949790665], [-66.04450830504327, 43.41828599037508], [-66.04450911570962, 43.41819602432812], [-66.04451001676388, 43.41810603204755], [-66.04451082742376, 43.418016066080476], [-66.04451174649286, 43.41792610682466], [-66.04451255714625, 43.417836140937474], [-66.04451333618809, 43.417746165186216], [-66.04451426883375, 43.41765618300944], [-66.0445150794775, 43.41756621724208], [-66.04451598050797, 43.41747622524122], [-66.04451679114527, 43.41738625955376], [-66.0445177101903, 43.41729630057752], [-66.04451848921308, 43.41720632506595], [-66.04451942183788, 43.41711634312889], [-66.0445202324622, 43.41702637760122], [-66.04452115149344, 43.41693641878474], [-66.0445219305035, 43.416846443432966], [-66.04452286311438, 43.41675646165571], [-66.04452365126983, 43.41666640735796], [-66.04452458387375, 43.41657642566066], [-66.04452539447863, 43.41648646037268], [-66.04452628188169, 43.416396491891945], [-66.04452709248011, 43.416306526683876], [-66.04452802507011, 43.416216545146376], [-66.04452880405472, 43.41612657011426], [-66.04452972305151, 43.41603661169724], [-66.04453053363697, 43.41594664664894], [-66.04453146621304, 43.41585666527125], [-66.04453224518495, 43.41576669039893], [-66.04453316416792, 43.415676732141684], [-66.04453397474042, 43.41558676725316], [-66.04453490730259, 43.4154967860353], [-66.04453568626175, 43.41540681132278], [-66.04453661881699, 43.41531683018482], [-66.04453742937649, 43.41522686545611], [-66.04453831673207, 43.41513689753464], [-66.04453910483001, 43.41504684395669], [-66.04454003737135, 43.41495686297856], [-66.04454084791793, 43.414866898409684], [-66.04454178045228, 43.41477691751148], [-66.04454336992299, 43.4145969786696], [-66.04454428886119, 43.41450702093166], [-66.04454506778553, 43.414417046658684], [-66.04454600030265, 43.414327065960244], [-66.04454681082665, 43.414237101671006], [-66.0445476981451, 43.414147134189015], [-66.04454852224835, 43.414057146939335], [-66.04454944116584, 43.41396718944105], [-66.04455022007112, 43.413877215407794], [-66.04455056144815, 43.4138418356925], [-66.044549178582, 43.41378721693408], [-66.04454662833096, 43.41369723707352], [-66.04454181230818, 43.41351736660632], [-66.04453928010619, 43.41342741980949], [-66.04453444168567, 43.413247460653125], [-66.04453192309816, 43.41315749093568], [-66.04452708473437, 43.412977532018715], [-66.04452454343944, 43.41288766448559], [-66.04451973673737, 43.41270771571171], [-66.04451718660283, 43.41261773632982], [-66.04451237995731, 43.41243778779534], [-66.04450981626668, 43.41234783157329], [-66.04450500052684, 43.4121679623023], [-66.0445024820551, 43.41207799306351], [-66.04449764391818, 43.41189803510398], [-66.04449511189033, 43.41180808902494], [-66.04449029626356, 43.41162822023246], [-66.04448949853439, 43.411602583890726], [-66.04448060446994, 43.4115385419611], [-66.04446794938549, 43.411448999702955], [-66.04445543435095, 43.411359474057434], [-66.04444292823293, 43.41127006041721], [-66.04443030489838, 43.41118052817601], [-66.04441775840515, 43.41109099274004], [-66.0444051215831, 43.41100148361434], [-66.04438009204647, 43.410822432738684], [-66.04436745537029, 43.41073292372621], [-66.04435493157219, 43.410643477406325], [-66.04434229499336, 43.41055396846929], [-66.04431726594086, 43.41037491797122], [-66.0443046114894, 43.4102853762038], [-66.04429209708424, 43.410195851049195], [-66.04427946074867, 43.4101063423009], [-66.04426696889257, 43.41001690614883], [-66.04425442302954, 43.409927371203764], [-66.04424527707084, 43.40986305956005], [-66.04424227918571, 43.40983785307823], [-66.0442311112112, 43.40974820404313], [-66.04422006525745, 43.40965853867792], [-66.0442090282137, 43.40956898531757], [-66.04419801394803, 43.409479329932616], [-66.0441869453869, 43.40938976674501], [-66.04417577762729, 43.40930011790119], [-66.04416475433885, 43.409210541654005], [-66.04313804464431, 43.40829965495071], [-66.04201145094164, 43.40065004128114], [-66.01109500970495, 43.373837798024375], [-66.00000183188685, 43.36519658880542], [-65.99999999433619, 43.365195137849696], [-65.99415252310101, 43.36063843640433], [-65.99446355295065, 43.33617651783076], [-65.99428386991133, 43.272336060645905], [-65.98748248101529, 43.26260765046622], [-65.96921505326793, 43.254060632820796], [-65.94688266658135, 43.251742356127785], [-65.90917957306446, 43.252223170830355], [-65.87729804706993, 43.252453352987374], [-65.86366756255445, 43.25329567810654], [-65.85966618700918, 43.25510163751825], [-65.85703781858402, 43.25917009748464], [-65.8538448540602, 43.28479805720495], [-65.84999019247434, 43.31393043655209], [-65.84663769831575, 43.33963675165778], [-65.84328145772028, 43.36534620101872], [-65.83993376245445, 43.391222264247624], [-65.83631800538721, 43.41717760962086], [-65.83273823163398, 43.443068949854855], [-65.8296680096816, 43.469205573252246], [-65.82663781995777, 43.4929908517582], [-65.82635743490367, 43.495190763923105], [-65.82564362712628, 43.50007787398542], [-65.82358149904152, 43.51419078400014], [-65.82258130685828, 43.521033273240256], [-65.81898577091236, 43.5469372773419], [-65.81759614826315, 43.55221050858904], [-65.80919922730543, 43.570691572340586], [-65.80318905683141, 43.57883881471648], [-65.80226678684063, 43.58008876398266], [-65.79749306734188, 43.58513391614903], [-65.79545944989586, 43.58659461766137], [-65.78490944086565, 43.59417044192203], [-65.78458591816045, 43.59440271758185], [-65.78439347681494, 43.59454087062696], [-65.78434677837654, 43.59457437014261], [-65.78400563704592, 43.59481928063688], [-65.78129870891743, 43.59524214215607], [-65.77998897813609, 43.595617141448905], [-65.77827308855711, 43.59588567416538], [-65.77629162251644, 43.59584297932744], [-65.77501573420619, 43.596105609289616], [-65.7717444034497, 43.5965674241361], [-65.76640555824932, 43.59720717128616], [-65.75441711744735, 43.59826006063572], [-65.7411371167946, 43.5994243891112], [-65.72984411762096, 43.600720774782424], [-65.72374650664186, 43.60142013143952], [-65.6973103074492, 43.61042024703875], [-65.69421117266015, 43.61145965328051], [-65.67931105788341, 43.616454926473615], [-65.67891489114315, 43.61658769139041], [-65.67604960335373, 43.617550712048896], [-65.67246601608883, 43.61876629363082], [-65.66885080912378, 43.61998647145974], [-65.66080248489381, 43.62270234248046], [-65.65602344766813, 43.62428153214377], [-65.65559062153747, 43.62446229952126], [-65.65383926247645, 43.6250542181191], [-65.62596959683323, 43.63474466195297], [-65.61077162772206, 43.63988778021663], [-65.6111497989205, 43.64106354474998], [-65.61143397627772, 43.641950537358376], [-65.61158961600154, 43.642436222331476], [-65.61176523587042, 43.64292883702149], [-65.61190387383195, 43.64331767811348], [-65.61234673421701, 43.6445598394483], [-65.61286048001911, 43.6460006440326], [-65.61945738691975, 43.6640948953697], [-65.62857740140896, 43.68887837726119], [-65.63215183782664, 43.69922803548825], [-65.63772746721295, 43.71528606367714], [-65.64233059910975, 43.72813179012205], [-65.6446611021358, 43.73560350710006], [-65.64555726720705, 43.73847593447705], [-65.64874906499702, 43.747151230774186], [-65.64873660090653, 43.74717760203276], [-65.64736000740945, 43.75008617946191], [-65.63778041258851, 43.770317370373355], [-65.63076011095905, 43.78738487330763], [-65.63070125201114, 43.787527883552215], [-65.63069262563528, 43.78754887136029], [-65.62954426266936, 43.79033951030102], [-65.62253521693819, 43.80571112103435], [-65.61949236298975, 43.81238143026549], [-65.61581507859316, 43.820440091765434], [-65.61082990070214, 43.83136064795818], [-65.60354467062999, 43.84731091945283], [-65.60283632118258, 43.848861243722645], [-65.59036600056056, 43.87722487199023], [-65.58749015508256, 43.883761286963555], [-65.5732218804912, 43.91208665328175], [-65.5707266606106, 43.91703677525553], [-65.57011001203068, 43.918259958684104], [-65.56855377812113, 43.92183310560254], [-65.56580045173095, 43.92173604496661], [-65.55668906445617, 43.92141418412819], [-65.55672279160017, 43.92142532464497], [-65.55654543165456, 43.92148137492151], [-65.55600164243403, 43.92250674177747], [-65.55096940856554, 43.931993136045655], [-65.55001026102256, 43.93386932316356], [-65.54988352170162, 43.934117184210784], [-65.54980226373858, 43.934276120005485], [-65.5497740339583, 43.934331335214715], [-65.54641674534946, 43.94089724415986], [-65.54625610098493, 43.94121133529656], [-65.5427698106499, 43.94802751201359], [-65.53611751512112, 43.96163025633992], [-65.5305267239853, 43.97270675303244], [-65.52822689761516, 43.97726165419781], [-65.5280516438956, 43.97761373293198], [-65.52326455681605, 43.98722875532322], [-65.52269385091579, 43.98828057583215], [-65.52228039129487, 43.989042486147405], [-65.51820621087246, 43.99654964505616], [-65.51727621583528, 43.998262940037044], [-65.51662750270724, 43.99945794540984], [-65.51643625088579, 43.99976666139982], [-65.51628087328731, 44.00001741938973], [-65.51627830292264, 44.00002157641798], [-65.51618032899985, 44.00017972310844], [-65.51288022557573, 44.005505664212556], [-65.51223393674405, 44.006548529714955], [-65.5105477792665, 44.0093155763895], [-65.50901477452905, 44.011831008232214], [-65.50876295643236, 44.012237806336955], [-65.50640469741082, 44.01604722954591], [-65.50445912310018, 44.019189494316265], [-65.50422477274407, 44.01956801025655], [-65.5038610887464, 44.020200872872614], [-65.50304409477009, 44.021622600012655], [-65.50180690932632, 44.02377531015091], [-65.50119898911343, 44.0249692790466], [-65.50045535788439, 44.02642963827035], [-65.49999999406609, 44.02732382704372], [-65.4991945783311, 44.028905416771316], [-65.49761379975291, 44.0316755338292], [-65.49618225514358, 44.03418391908853], [-65.4961696040548, 44.03420609355212], [-65.49598095864381, 44.03453662094667], [-65.49545826637873, 44.035584620566894], [-65.48950316629258, 44.04752145889803], [-65.48936906349817, 44.04779018450159], [-65.49000661913561, 44.05100509237916], [-65.4834515151602, 44.05929649165481], [-65.48072247442485, 44.064672080930556], [-65.47653908768228, 44.07290999508518], [-65.47027031513501, 44.08558500765844], [-65.46522075381233, 44.095733732619685], [-65.4647803304037, 44.096618699841315], [-65.46446466306666, 44.09725520639953], [-65.45875685027234, 44.10876191688701], [-65.45782991855424, 44.11063575964345], [-65.45282570743721, 44.12074941315941], [-65.44981314847314, 44.1267293335375], [-65.44826000267537, 44.12981175338037], [-65.44771818838812, 44.130886994700106], [-65.44663842950949, 44.13302960556606], [-65.44392850322875, 44.13834049669832], [-65.4436149824827, 44.13895489778753], [-65.4404153431153, 44.14522381433054], [-65.43407538795105, 44.1576407144374], [-65.43228892631339, 44.161262191502715], [-65.42797466463327, 44.17000570240194], [-65.42119397664521, 44.183594562267814], [-65.41876629790532, 44.18846823640056], [-65.41079088751289, 44.204472472060935], [-65.41037934972651, 44.20529800720921], [-65.40815555087194, 44.20975842197919], [-65.40585620146993, 44.214369508202374], [-65.40036838636043, 44.22499013147991], [-65.39817815496093, 44.22927753380747], [-65.39743701447274, 44.230354277237275], [-65.39708238528188, 44.230869433879555], [-65.39679337931742, 44.231289279335655], [-65.39668996893681, 44.231207500916256], [-65.39582100787018, 44.232317611352016], [-65.39496213704629, 44.23341472488998], [-65.39420594787768, 44.23438068514773], [-65.39218462627444, 44.23696244748742], [-65.39127838056521, 44.23811987021405], [-65.39049614507068, 44.23911883192432], [-65.39048602980128, 44.23919344436652], [-65.39037284022122, 44.239276317468125], [-65.39032826666414, 44.239333233602906], [-65.3833533414393, 44.248238744443235], [-65.3833898235714, 44.24829070360254], [-65.38308226765784, 44.24873825241656], [-65.38273872867288, 44.24902332029673], [-65.3825385257612, 44.24927886920575], [-65.38191439021722, 44.25007551321783], [-65.3819045941471, 44.25008801052319], [-65.3806965843215, 44.25163910180021], [-65.38069090590203, 44.2517061029411], [-65.3805645089938, 44.25182809578226], [-65.38054142936454, 44.251827752629154], [-65.37974236860084, 44.25284654083654], [-65.37974197858401, 44.2528470501321], [-65.37974031562037, 44.25284919227369], [-65.37974989694692, 44.25287539404572], [-65.3797550866645, 44.25296600565996], [-65.37962318672105, 44.25307620056079], [-65.37956152171247, 44.25307611931302], [-65.36037165134351, 44.277555760147635], [-65.35202288315998, 44.287089279061696], [-65.35157126941657, 44.28760659591392], [-65.33833157835603, 44.30271844539807], [-65.33642956479312, 44.30514352147964], [-65.33616107367746, 44.30548556808117], [-65.33619020204225, 44.30557949480884], [-65.3361396909018, 44.30586720657873], [-65.33600200508303, 44.305965494639004], [-65.33582052704341, 44.30591832841088], [-65.33581746215846, 44.30592385479084], [-65.33277984214848, 44.30979610633857], [-65.33202771214503, 44.3107547957269], [-65.33149067998383, 44.31143923815735], [-65.33162633651146, 44.31157764994217], [-65.3309126487344, 44.31209372138097], [-65.31665882189296, 44.322397464745514], [-65.31658550561913, 44.32237789851469], [-65.3164642079237, 44.322472289802725], [-65.31645083322215, 44.322547748603625], [-65.31643608370702, 44.322629906521286], [-65.31636431150444, 44.322732294718264], [-65.31609442860594, 44.32280531096918], [-65.31597388990392, 44.32283788974644], [-65.3158195835866, 44.322959798437935], [-65.31580503731118, 44.32301441113701], [-65.31575258590685, 44.32321189936578], [-65.31564200717689, 44.323389090715445], [-65.31558139707454, 44.323436312786455], [-65.31543829562686, 44.32350298621053], [-65.31508884534176, 44.323531931610155], [-65.31492738644027, 44.32354530934991], [-65.31475081019902, 44.3237381101732], [-65.31474173105016, 44.32378275289797], [-65.31473400211101, 44.32382079884542], [-65.31462348918997, 44.32395860757281], [-65.31452843254957, 44.323936885378444], [-65.30584628826132, 44.330231705708925], [-65.3001035893235, 44.33435440201138], [-65.26742525915333, 44.357937567634096], [-65.25429864811126, 44.367565505782096], [-65.24140878575658, 44.377014384610206], [-65.23982945229675, 44.378171723040026], [-65.23604953518934, 44.38094125677035], [-65.23585209655946, 44.38086969829058], [-65.23544071749335, 44.380690894257924], [-65.23534170766739, 44.38069459625623], [-65.2352530899292, 44.38080078632524], [-65.23564776306517, 44.381235757016235], [-65.23564188150937, 44.38124002996294], [-65.2307904387092, 44.38479406823311], [-65.23074700440705, 44.384770110614795], [-65.23064260023696, 44.38476191168746], [-65.2306093873753, 44.384789398278386], [-65.2305478077356, 44.38497449511036], [-65.22068156646361, 44.392197125587515], [-65.22013526881943, 44.39259711318272], [-65.21871267763751, 44.39363860929981], [-65.21620598784817, 44.395202191976], [-65.21154641901909, 44.39887443532606], [-65.21137116240891, 44.399012526891454], [-65.21134177615177, 44.39902954105546], [-65.2109393120487, 44.39932858005076], [-65.19828937537552, 44.4085839274922], [-65.19034046897227, 44.41424359113856], [-65.18431432683474, 44.4183551116153], [-65.18194293068207, 44.420012569236505], [-65.17976745491836, 44.421532960959226], [-65.17610131297505, 44.42667736285048], [-65.17572254956148, 44.427208750430786], [-65.16989116799341, 44.43538881464759], [-65.16921391665775, 44.43628702405711], [-65.168607455504, 44.437189162846934], [-65.16220908480945, 44.44616039845304], [-65.15963897240943, 44.44977493875559], [-65.15204547634315, 44.460610147692556], [-65.14092642897387, 44.46000638305895], [-65.12995067913815, 44.45920600987245], [-65.1185797082197, 44.45858140577808], [-65.09243739914913, 44.45685942714499], [-65.08911590488992, 44.45611919895598], [-65.0857326672986, 44.45641243496775], [-65.07382491991933, 44.4556522294162], [-65.07192490729655, 44.45552735487774], [-65.07107753383973, 44.45547165765964], [-65.06732783604902, 44.45522507696719], [-65.06397791656993, 44.455004669686275], [-65.06386111191814, 44.45506911937136], [-65.06354468784203, 44.45497614836402], [-65.06319675502533, 44.4549532443126], [-65.06173676333167, 44.45485712554807], [-65.06151124001263, 44.45484227753214], [-65.05309611807024, 44.46032869537218], [-65.04922071006042, 44.46349117035716], [-65.0075862758849, 44.492755124823915], [-65.00247085973909, 44.49625724033975], [-65.00135365670937, 44.4970355468348], [-64.99999998620565, 44.49797855376885], [-64.99999862167756, 44.49797949679412], [-64.99709216217288, 44.50000403218236], [-64.99708857076024, 44.50000655293767], [-64.98846891254406, 44.50600570258822], [-64.98352614385237, 44.509450222558236], [-64.98360383872357, 44.509508234304754], [-64.98363046307277, 44.5095160288856], [-64.98316000241269, 44.50979434359124], [-64.97814314460376, 44.513481960324725], [-64.96853444931998, 44.52053227475992], [-64.96174116958885, 44.52553243736308], [-64.94823173433349, 44.535451212314236], [-64.9450131935763, 44.5371047663122], [-64.94502696397214, 44.537116974234664], [-64.94547423351602, 44.53751351873936], [-64.93610165425352, 44.54433307071225], [-64.93244288106206, 44.54699447686509], [-64.92835427268531, 44.549974231455614], [-64.92817526150596, 44.55010466946156], [-64.92051787686579, 44.55568382446059], [-64.91811968210101, 44.55743075024123], [-64.9173233734349, 44.55801078363887], [-64.91095363079508, 44.56264896964159], [-64.9010895501327, 44.56982904112365], [-64.8944532138548, 44.57465787106324], [-64.88688911460022, 44.58016006330686], [-64.8866910993142, 44.58030408198776], [-64.88122153261203, 44.58433043734729], [-64.87948289876175, 44.58561008823126], [-64.86960090683087, 44.59284681272407], [-64.86717463750232, 44.594666379091294], [-64.86140064521854, 44.59891313155692], [-64.85583095538895, 44.60300858831472], [-64.84707816368307, 44.609443994755374], [-64.84118403110637, 44.613776182201896], [-64.83666326911309, 44.61709816986007], [-64.83144368050026, 44.62093283896302], [-64.82924129715309, 44.62255062157076], [-64.82826222344949, 44.62326877466937], [-64.82678431145784, 44.62435280225094], [-64.82581325095028, 44.62506502187297], [-64.82445331804477, 44.62606237482488], [-64.82362994060365, 44.62666623161508], [-64.81993730374256, 44.62931353343756], [-64.81136911084646, 44.63478756207077], [-64.81098827898184, 44.63505256325613], [-64.80236349558574, 44.64118048959374], [-64.79660916208302, 44.64586315817173], [-64.7937121629409, 44.64822077512425], [-64.79070169450677, 44.650487071779914], [-64.78905536041462, 44.65172634278954], [-64.78733914273043, 44.65300385850945], [-64.78382424614438, 44.655749092944575], [-64.78207317807082, 44.6571165719156], [-64.77378168349196, 44.663186338280525], [-64.77323753855984, 44.66358457427019], [-64.76715886857959, 44.66803294767308], [-64.76641516304093, 44.66857710285752], [-64.75511707584566, 44.67677852950725], [-64.75489508963464, 44.676939626177514], [-64.745243419133, 44.68394258021378], [-64.74092008002889, 44.687078492751645], [-64.7407250804582, 44.68721990621146], [-64.73646521639844, 44.69030918744523], [-64.73515879748246, 44.69125649663897], [-64.71477400334173, 44.705072193936445], [-64.70928866786609, 44.71015662225924], [-64.704413382208, 44.71371597897343], [-64.69265767827154, 44.722289047320224], [-64.69233759787853, 44.72252211643593], [-64.69174218607812, 44.72295647260142], [-64.69199279345199, 44.7233492958308], [-64.69209470838594, 44.723511592624604], [-64.69219689551281, 44.72368199122629], [-64.69229759971759, 44.72384350638086], [-64.69238718705006, 44.72401500032014], [-64.69247551019099, 44.72418561237468], [-64.69279329907873, 44.72473369606438], [-64.69335140090402, 44.725641803823834], [-64.69339481147908, 44.72570910473931], [-64.69343329310412, 44.7257779115899], [-64.6934665969104, 44.72584800497469], [-64.69350429790643, 44.72594739313774], [-64.69351759525736, 44.72599149994602], [-64.69353510558749, 44.72606439810878], [-64.6935471865204, 44.7261380020859], [-64.69355399072295, 44.726211890041135], [-64.69355540098249, 44.72627168799834], [-64.69355599238145, 44.72650569183454], [-64.6935321920257, 44.726730199249076], [-64.69350751905449, 44.72696460038559], [-64.69350849256442, 44.72717169306592], [-64.69349679729395, 44.7273788892961], [-64.69348491368677, 44.727576208470566], [-64.69345941821327, 44.727783695940495], [-64.69346089511163, 44.72793030878242], [-64.69345169254606, 44.72807689431075], [-64.69343168203024, 44.72822280081137], [-64.69340098369176, 44.72836790091814], [-64.69335970926028, 44.72851159313428], [-64.69330790289514, 44.72865350359243], [-64.69324579030027, 44.728793400524836], [-64.69318540224499, 44.72890939986655], [-64.69311001160756, 44.72900868997749], [-64.69299679084237, 44.7291976092185], [-64.69289748383191, 44.72938630251197], [-64.69279691232921, 44.72957599997076], [-64.69269639942546, 44.72976469077427], [-64.69255880438789, 44.73007101188523], [-64.69230740294627, 44.73067429520597], [-64.69206989181544, 44.731233284704295], [-64.69175679061928, 44.731800494579694], [-64.69151789524236, 44.73209759940723], [-64.69149619429852, 44.73212840843829], [-64.69147230819912, 44.732158314200404], [-64.69144619292932, 44.73218738559874], [-64.69141799519296, 44.73221539294006], [-64.6913878087753, 44.73224231119889], [-64.69135569523931, 44.73226810489219], [-64.69132169283348, 44.73229259231868], [-64.6912858982264, 44.73231580484857], [-64.6912486103326, 44.73233770083719], [-64.69120959783027, 44.73235809428727], [-64.69116921517302, 44.73237710023026], [-64.69110129035741, 44.732404388161], [-64.6909120851208, 44.73245850784108], [-64.69019329961034, 44.73262218948997], [-64.68986570606596, 44.732694591372635], [-64.6897014147945, 44.73273119998475], [-64.68959179191653, 44.73275829226905], [-64.68948430724737, 44.73278940613416], [-64.6893792070293, 44.732824399672204], [-64.68924711626435, 44.73287570163627], [-64.68917758973753, 44.73290610166405], [-64.6890815007177, 44.73295250539163], [-64.68898901246729, 44.73300240717307], [-64.6889002101316, 44.73305561281332], [-64.68884429701784, 44.73309228921464], [-64.68837805449037, 44.73351393849507], [-64.6883656050804, 44.733525205310485], [-64.68828989113926, 44.7336154095863], [-64.68823900523618, 44.73366772199254], [-64.68782510316093, 44.73409310593718], [-64.68766058421542, 44.73425490155546], [-64.6873836099576, 44.734543395830165], [-64.68699108925398, 44.73496268894613], [-64.68676741662946, 44.73520159712862], [-64.68673390427871, 44.735244796170356], [-64.68670359641402, 44.7352893126724], [-64.68667660180743, 44.73533479369954], [-64.68665298203942, 44.7353812037775], [-64.68663279869116, 44.73542850743169], [-64.6866162103123, 44.73547639561308], [-64.68660299709632, 44.73552490790144], [-64.6865934844661, 44.73557390033747], [-64.6865874998097, 44.735623095038214], [-64.68658520138372, 44.73567248790508], [-64.68658650145035, 44.735721911797704], [-64.68659141786692, 44.735771095191325], [-64.68660000617098, 44.73582019476646], [-64.68661210267241, 44.735868796874875], [-64.68662778650513, 44.735916899465], [-64.68665629530966, 44.73598469456604], [-64.68703900288494, 44.737027803790596], [-64.68736968136136, 44.73797260347882], [-64.68766380332124, 44.73883609649962], [-64.68791738756792, 44.73951920855801], [-64.68813380234305, 44.73996878929855], [-64.68846491181301, 44.74067059705423], [-64.68855328774958, 44.740841293055894], [-64.6886428953542, 44.74101188942233], [-64.68871888390191, 44.74119259746219], [-64.68876958773804, 44.74137189428033], [-64.68882149567892, 44.7415521087539], [-64.68898911032784, 44.742577706927115], [-64.68922009007485, 44.74387329296735], [-64.6894520140412, 44.74506979559362], [-64.68947800586261, 44.74526750299104], [-64.68949010761163, 44.74546539007948], [-64.68949080467631, 44.745663403699055], [-64.68946751423846, 44.74607790617588], [-64.68941950198283, 44.74677089265235], [-64.68940730688024, 44.746960092947155], [-64.68938268197898, 44.74715760121697], [-64.68935761191189, 44.747248000477015], [-64.68933259008593, 44.74734648565603], [-64.6892822911566, 44.74752728844204], [-64.68920699883935, 44.74771651031877], [-64.68896660427379, 44.748234595363776], [-64.68890631297057, 44.74836470620458], [-64.68852979426252, 44.74910300324959], [-64.68846790013025, 44.7492741114206], [-64.6884048892571, 44.74945409259973], [-64.68833079380967, 44.74981440361875], [-64.68830570081575, 44.749994791629675], [-64.68830590641916, 44.7500037884342], [-64.68830598471422, 44.75000470130177], [-64.68830551474647, 44.750030895348814], [-64.68829318982215, 44.750174187266126], [-64.68828198828172, 44.75035439623697], [-64.68828239816712, 44.750408387214456], [-64.68828220447074, 44.750534399788165], [-64.68829509598547, 44.7507143008686], [-64.68832180848939, 44.75089480396205], [-64.68835989885581, 44.75107431200837], [-64.68853839311132, 44.75173969939733], [-64.68860229981684, 44.751937706737614], [-64.68866620708071, 44.75213571421418], [-64.68873028836472, 44.75234270826878], [-64.68878158827806, 44.75254089603916], [-64.68882019891456, 44.752738294701246], [-64.68885911436317, 44.75294569316482], [-64.68893639122793, 44.75347659716437], [-64.68896329059396, 44.75464359047156], [-64.68896480147926, 44.7547095044009], [-64.6889656092963, 44.75473650175731], [-64.68894270231304, 44.75538411255587], [-64.68893151290825, 44.755996394666084], [-64.6888831041857, 44.75654540654442], [-64.68880831517664, 44.75701369765617], [-64.68877138955052, 44.75722040050904], [-64.68872180682678, 44.75742729606533], [-64.68864671610731, 44.757625500318085], [-64.68855902053878, 44.7578239974812], [-64.68844600831589, 44.75802190835076], [-64.68809536587185, 44.758604555937026], [-64.68789281417814, 44.758941100785606], [-64.68785550828797, 44.759003797235245], [-64.68683759787776, 44.760670694072516], [-64.68675570238875, 44.760808813663594], [-64.68629668580037, 44.76158080276549], [-64.68628460941349, 44.7615979910878], [-64.68620999950997, 44.761769289334836], [-64.68614700029052, 44.76194940262877], [-64.68609671361368, 44.76213009055936], [-64.68604759135879, 44.76230999164949], [-64.68600981038558, 44.76248968962254], [-64.68598481254605, 44.76267009600713], [-64.68596089442238, 44.76284960481288], [-64.6859484957934, 44.7630299112407], [-64.6859487174566, 44.763209902418005], [-64.68596169709689, 44.763398803379104], [-64.68597578243603, 44.763578605420534], [-64.68600130858577, 44.763759207134065], [-64.68615570876199, 44.764505903058556], [-64.68625898944352, 44.76518939192724], [-64.68627160441271, 44.76540530107057], [-64.68626040281737, 44.76563051350954], [-64.68622250554641, 44.7658462058479], [-64.68617318617395, 44.76606210370154], [-64.68588550793108, 44.766944992002685], [-64.68542291281358, 44.768376897012004], [-64.685110692869, 44.7695923037215], [-64.68484653355821, 44.77076193192993], [-64.68482408640709, 44.770861296972164], [-64.68482368671931, 44.77088829368357], [-64.68481110099209, 44.770933498672576], [-64.6843878997291, 44.77267989475085], [-64.68436241064077, 44.77288730821895], [-64.6843631837891, 44.77291429743236], [-64.68436328527935, 44.772958598504715], [-64.68436360987845, 44.773103407459764], [-64.68438980944421, 44.77331000406738], [-64.68465701064483, 44.774065893971084], [-64.68489981061722, 44.77472219643149], [-64.68514101645303, 44.77536949329208], [-64.68531981616069, 44.775909701392], [-64.68551239931725, 44.77670981167076], [-64.68564100722448, 44.77739389379127], [-64.68565460604228, 44.77755571368362], [-64.68564158355733, 44.77771799663588], [-64.68562989065917, 44.77787929639809], [-64.68558032062043, 44.77804209601536], [-64.68553039937186, 44.7781949074184], [-64.68516559289536, 44.77890609587695], [-64.68503989736342, 44.77910420131577], [-64.6849268920781, 44.779302983856965], [-64.68482640883643, 44.77950069694073], [-64.68473890615351, 44.77970819603914], [-64.68466409223332, 44.77991540093362], [-64.68462999813968, 44.780046498326186], [-64.68452658117077, 44.78044680151486], [-64.68433780647815, 44.78099599929275], [-64.6839748159969, 44.78181519664876], [-64.68374899041241, 44.78248200396671], [-64.68373659693206, 44.78249029984251], [-64.68372763982237, 44.78256259304916], [-64.68371200337056, 44.782688695714455], [-64.68372560234043, 44.78280550232603], [-64.68376280380491, 44.78291390407263], [-64.68380158712496, 44.78303030823488], [-64.6838527847269, 44.78313850637303], [-64.68391661431167, 44.78324650221311], [-64.68399279186461, 44.78334529956889], [-64.68411939527303, 44.78352530455038], [-64.68460050452316, 44.78407270870363], [-64.68494421380507, 44.784504202175604], [-64.68501940088541, 44.78461210760347], [-64.68507059743011, 44.78472019301758], [-64.68512172076461, 44.78482839332484], [-64.68516030983285, 44.78493591247921], [-64.68518519510279, 44.78505341107346], [-64.68519870755844, 44.78517030017378], [-64.6852672912818, 44.78700569485781], [-64.68529539655388, 44.78784250222692], [-64.68529828332387, 44.788679705373845], [-64.68528699439422, 44.78920199992709], [-64.68528738448029, 44.78921680028045], [-64.68528768915576, 44.789228993223375], [-64.68527669214774, 44.78984938547209], [-64.68526479949058, 44.79004760694151], [-64.68524020851962, 44.790246010184845], [-64.68521561824889, 44.790443498513206], [-64.68519078941549, 44.79063289313641], [-64.68515359713463, 44.79083059477482], [-64.6851104439234, 44.79105046889845], [-64.68505450034684, 44.79133529381504], [-64.6850411928027, 44.79139849544963], [-64.685004193867, 44.79156019987561], [-64.68476708517802, 44.792622394745514], [-64.68461781200223, 44.79331590680237], [-64.68450549617324, 44.79371188850566], [-64.6843675102365, 44.79409921416071], [-64.6841922903109, 44.794549197555476], [-64.68396701074226, 44.79506300636113], [-64.68391711319055, 44.79521490129778], [-64.68390421712326, 44.795251996275354], [-64.68387560139126, 44.795338336117204], [-64.68384150795951, 44.79544109708811], [-64.68379130727608, 44.795630010264716], [-64.68375608326694, 44.79580708090753], [-64.68375378838095, 44.795818708755526], [-64.68372899744908, 44.79600809517893], [-64.68370659494347, 44.7966286992439], [-64.68368281349153, 44.79711520590209], [-64.68368210569263, 44.79717819625872], [-64.6836702938556, 44.79729539644831], [-64.6836452038943, 44.79747489524955], [-64.68359609521848, 44.79765478899221], [-64.68353281323377, 44.7978258981654], [-64.6834455063207, 44.797997289362286], [-64.68333267910073, 44.7982492022227], [-64.68321940873155, 44.79848310709081], [-64.68287910099801, 44.79908679475436], [-64.68274180678429, 44.79932109452757], [-64.68274009907874, 44.79932370319341], [-64.68243991806852, 44.79980800093178], [-64.68233961039306, 44.79996979763774], [-64.68231028476498, 44.800006199034144], [-64.68228828853233, 44.80003260479504], [-64.68221280253964, 44.800131905959134], [-64.68210000857795, 44.80029470294853], [-64.68196149941134, 44.800447996130046], [-64.6818231136209, 44.80060030310142], [-64.68167179370433, 44.80074480962105], [-64.68150779813521, 44.80088939468918], [-64.68070158937638, 44.80169168890928], [-64.67980600619227, 44.802547507849205], [-64.67913870614761, 44.80321451078089], [-64.67906271494435, 44.803295701861096], [-64.67892478503389, 44.80346699695644], [-64.67879820609093, 44.803638089612], [-64.678698501034, 44.80381870240531], [-64.67859751078265, 44.80399839934307], [-64.67853468810222, 44.8041875061355], [-64.6784719118689, 44.804376600540444], [-64.67834731384328, 44.804961696175944], [-64.67824820800882, 44.805511394987924], [-64.6781977044333, 44.80569129375003], [-64.67813588015493, 44.80587140538151], [-64.67806020525822, 44.806051603009486], [-64.67797161533221, 44.80622220277114], [-64.67787158598321, 44.806393809198426], [-64.67775871490748, 44.806555702778006], [-64.67763191918456, 44.806717797033166], [-64.67711629616441, 44.80734019075926], [-64.67661188424978, 44.80804260021082], [-64.6765119113649, 44.80821331232985], [-64.67643591105802, 44.80838450284335], [-64.6763612014898, 44.80855580703986], [-64.67629809511482, 44.808735896034605], [-64.67624868884728, 44.80890669550577], [-64.67622360890856, 44.80908710453711], [-64.67619870106034, 44.80927558738038], [-64.67618620098932, 44.80945588735107], [-64.6762001972815, 44.80963570839197], [-64.67621310062039, 44.80981650677228], [-64.67626468442826, 44.81020280429155], [-64.67638962224216, 44.810757295049314], [-64.6763925013189, 44.81076990868993], [-64.67640120019136, 44.81081021102079], [-64.67650408838648, 44.81127870471123], [-64.67652070914254, 44.811354008138856], [-64.67666191143081, 44.81199289821668], [-64.67667569722316, 44.81220880195831], [-64.67668859970694, 44.81243449033215], [-64.67668911839665, 44.81245249763012], [-64.67668998164237, 44.812659605753204], [-64.67667730888319, 44.81287489244597], [-64.67664089538255, 44.81319048670809], [-64.67661467148886, 44.81359131298751], [-64.67660500493032, 44.813739298331335], [-64.67659249950849, 44.81391948925007], [-64.67660529231894, 44.81409931112606], [-64.67663168445146, 44.81427000405913], [-64.67668251226561, 44.814450202275104], [-64.676745586612, 44.81462119336384], [-64.6768358116651, 44.81480981104387], [-64.67700081619073, 44.815133291548015], [-64.67708334715186, 44.815291364829584], [-64.67716549206288, 44.815448702418735], [-64.67726749483576, 44.81561009296592], [-64.67740758998285, 44.815861906077565], [-64.67787838809643, 44.816787588666166], [-64.67827271190671, 44.81756140406329], [-64.67836159878142, 44.817750001084974], [-64.67852669764109, 44.81816350796965], [-64.67856509979136, 44.818352909634264], [-64.67860470990675, 44.81854139902949], [-64.6786178089295, 44.81873111434925], [-64.67861778081533, 44.81877610594647], [-64.678618486091, 44.818929092956964], [-64.67859358854115, 44.819117697893816], [-64.67856868399113, 44.81930710536339], [-64.67850732685909, 44.819678930840894], [-64.6784945108357, 44.81975650981054], [-64.6783954077567, 44.82035120287975], [-64.67835819469938, 44.82059388538999], [-64.6783588922404, 44.82083690164235], [-64.6783713989641, 44.82100781067279], [-64.67838489487805, 44.82107960488036], [-64.67843741538323, 44.8217098935661], [-64.67852740424769, 44.82254670861836], [-64.67854129039125, 44.82276248475995], [-64.678592811923, 44.82296970951632], [-64.67865570554473, 44.823176709102114], [-64.6786951119878, 44.82331119976109], [-64.67879388918743, 44.8237075918617], [-64.67880959599279, 44.8237703925749], [-64.67886140869392, 44.824030703936785], [-64.67887530600761, 44.82429251279501], [-64.6788638031185, 44.82493989560634], [-64.67884100596085, 44.82546240209399], [-64.67881609103439, 44.825866890516146], [-64.67876850639549, 44.826667913716086], [-64.67875690410189, 44.82701018788046], [-64.67871918542068, 44.82723490294356], [-64.67865719987252, 44.82749600510553], [-64.67860671464487, 44.82767579705505], [-64.67859182637956, 44.8277098971015], [-64.67853199615895, 44.82784709538662], [-64.67845630080562, 44.82802728870443], [-64.67845079954512, 44.82803618724969], [-64.67835598883606, 44.828189902440485], [-64.6783316943849, 44.82822450480925], [-64.6782601496352, 44.82832591590292], [-64.67824179944947, 44.82835190207945], [-64.67811619251108, 44.828513890819444], [-64.67796509762252, 44.828667395290346], [-64.67785881053194, 44.82876880881532], [-64.67781368625948, 44.82881189107467], [-64.67743519357278, 44.82915409547568], [-64.67699438899697, 44.829568410080675], [-64.67685578765965, 44.8297216931433], [-64.67671730880075, 44.82987490512655], [-64.67661608296771, 44.83004660347747], [-64.67651599691655, 44.830217312052895], [-64.67644000667543, 44.83038850749616], [-64.67607578878051, 44.83139669882688], [-64.67596389190496, 44.831811492479666], [-64.67591339690179, 44.83199139934182], [-64.6758885074467, 44.8321799125477], [-64.6758775042853, 44.832369209665856], [-64.67587768335656, 44.83254920227687], [-64.6758907908183, 44.83273799204598], [-64.67592919430376, 44.83292740761636], [-64.67597989750188, 44.83310668762424], [-64.67607081224405, 44.833538398718844], [-64.67609561485834, 44.83373700116921], [-64.67612160534566, 44.8339346014765], [-64.67612320170362, 44.83412371140096], [-64.67611001513828, 44.83432190257168], [-64.67609798847336, 44.834520109256324], [-64.67606159999568, 44.83478980169899], [-64.67604190092516, 44.8349376867248], [-64.67599919237605, 44.83525799419158], [-64.67598801194231, 44.83543819124415], [-64.67600110598895, 44.83562700649731], [-64.67600278596946, 44.83565130221774], [-64.67601390545458, 44.83580690294452], [-64.67604009711756, 44.83592349429034], [-64.6760519980124, 44.83598639702173], [-64.67619470386163, 44.836850296538785], [-64.67638690046934, 44.837849412429065], [-64.67642548280918, 44.838046907006934], [-64.67646438861223, 44.838254190153705], [-64.67649038904335, 44.83845190732987], [-64.67650270669806, 44.838658813248145], [-64.67651630516514, 44.838865607291865], [-64.67651699388597, 44.83906369422807], [-64.67651800972051, 44.83927071092358], [-64.67650831032171, 44.83964800671606], [-64.67650668899506, 44.839711993132724], [-64.67644640154104, 44.84049328987041], [-64.67643319566159, 44.840665509417], [-64.67640550477103, 44.84094951709449], [-64.67637618433717, 44.84124989517757], [-64.67637167971569, 44.841295605531684], [-64.67636018402501, 44.84146679858935], [-64.67633589308544, 44.841719306446215], [-64.67624980988535, 44.842763011352794], [-64.67617899805695, 44.844292595242536], [-64.6761560931223, 44.84485380652854], [-64.67615299197715, 44.844924002304225], [-64.67612029265142, 44.84571490146448], [-64.67611278759036, 44.84580500839563], [-64.67610730463544, 44.84587709637417], [-64.67609671841625, 44.846167100097766], [-64.67609618872474, 44.846192290084176], [-64.6760964937699, 44.846246386541466], [-64.67608200776269, 44.846793905222775], [-64.67606189913316, 44.847497295889845], [-64.67604938331999, 44.84767659954085], [-64.67605630191562, 44.847783591239086], [-64.67606250949434, 44.84786629484536], [-64.6760690057691, 44.847958110210676], [-64.67607680298293, 44.84805520316819], [-64.67608988346551, 44.848243995975494], [-64.67610300209894, 44.848432912267576], [-64.67611600347936, 44.84862170744216], [-64.67614178712672, 44.848810399796804], [-64.67616749056792, 44.84900000968871], [-64.676193189584, 44.84918859154638], [-64.67621900617908, 44.849377294841865], [-64.67625861499644, 44.84956669421932], [-64.67628429999766, 44.84975529952385], [-64.67632270198803, 44.84994469638133], [-64.6763409879834, 44.85000750670919], [-64.67634100160349, 44.850008399072856], [-64.67634810638343, 44.85003439871802], [-64.67643749583642, 44.850411998979254], [-64.67655249045593, 44.85079920133598], [-64.67673189967407, 44.85152760704317], [-64.67683388387155, 44.85186100645031], [-64.67714178976054, 44.853093288592525], [-64.67724340894976, 44.853452792055045], [-64.67765349793102, 44.85502669639904], [-64.67816570354941, 44.857014903261984], [-64.67865231417693, 44.85882349524765], [-64.67867721239371, 44.85894019986887], [-64.67898559684944, 44.860055509768074], [-64.67910070419362, 44.860487701351495], [-64.67912639540114, 44.86067639476737], [-64.67915209866719, 44.860865008929785], [-64.6791654997882, 44.86106290175078], [-64.67917861060248, 44.86125259786317], [-64.67917898169442, 44.86144080297018], [-64.67916681872518, 44.86162999794206], [-64.67914220623899, 44.86182839628664], [-64.67912970766875, 44.861963593594744], [-64.67911729623006, 44.86201690294331], [-64.67907979291118, 44.862206491372504], [-64.67904219625613, 44.86239518958191], [-64.67887989228261, 44.86290889281745], [-64.67876709638956, 44.86329589291993], [-64.67846610401268, 44.8643040144512], [-64.67843629011057, 44.864411598875826], [-64.67831811249017, 44.864830992474964], [-64.67820341776935, 44.865240499020224], [-64.67817941679019, 44.86550189887357], [-64.67816671059683, 44.86576229619158], [-64.67818078008801, 44.865987106694625], [-64.67819558417949, 44.86662610456566], [-64.67819519815973, 44.866698102270306], [-64.67823691286581, 44.867742593640315], [-64.6782270094141, 44.868489006308685], [-64.6782268195001, 44.868615098248384], [-64.67821429782624, 44.86870531018577], [-64.67821451955595, 44.868930299556894], [-64.67821350733128, 44.86894911948737], [-64.67820300998078, 44.869146493805864], [-64.67809249864548, 44.87004661081999], [-64.678029887293, 44.870595689588725], [-64.67803030433357, 44.87069470056549], [-64.67805589556518, 44.87079340240787], [-64.67806911873376, 44.87081120046721], [-64.67808130936149, 44.87088300002678], [-64.67810699383199, 44.870982592346756], [-64.678157693858, 44.87107188924628], [-64.678209706954, 44.87116199994344], [-64.67848899385172, 44.87171060614306], [-64.67871881450746, 44.8721690930541], [-64.67874417800134, 44.87221460581253], [-64.67876808323331, 44.87229389068978], [-64.67878199177979, 44.87234010535699], [-64.67883409284066, 44.87252018422303], [-64.67887219519578, 44.872699697081806], [-64.67889820286334, 44.87285331369238], [-64.67895539460446, 44.87525600979813], [-64.67899780738078, 44.87671369924535], [-64.67900246224723, 44.87685934732369], [-64.67901189396815, 44.87715459619867], [-64.6790261936076, 44.8775145010466], [-64.67906508743441, 44.87772099733054], [-64.67910281944471, 44.87792839395704], [-64.67911568668009, 44.87798220876082], [-64.67916699715084, 44.878135392117144], [-64.67924399251625, 44.87834218458899], [-64.67939649198983, 44.87875578579307], [-64.67940970328989, 44.878773607291144], [-64.67983059921254, 44.87988008680619], [-64.68006912405743, 44.88052010881294], [-64.68011219820573, 44.88063571257502], [-64.68026450272043, 44.88108540883751], [-64.68067299300107, 44.88215509026959], [-64.68109481041373, 44.88333359758034], [-64.68125139987367, 44.88375348620429], [-64.6814135058891, 44.88418859263372], [-64.68165771989244, 44.88484576973192], [-64.68178448342367, 44.88518689707694], [-64.68186008856357, 44.88539370788674], [-64.68212850992663, 44.88613059882673], [-64.6823324928357, 44.88669748541246], [-64.68234591265198, 44.88672430964349], [-64.68262697739397, 44.88746190644464], [-64.68266469333668, 44.887624284030515], [-64.68269090806835, 44.887785907284304], [-64.68270421269489, 44.887938799291405], [-64.68270519977987, 44.88810080224089], [-64.68267949746041, 44.88826321116853], [-64.68264239030921, 44.88842489716903], [-64.68256749717901, 44.88872221270252], [-64.68242998379861, 44.889217497737256], [-64.6824053165854, 44.889370002498325], [-64.68239211591109, 44.88952319493807], [-64.68239271149368, 44.889676302939634], [-64.68241870376879, 44.88982889170767], [-64.68245740963688, 44.88998229422954], [-64.68250868423408, 44.890134604138915], [-64.68263581491811, 44.89036850447781], [-64.68272490386248, 44.890513103061046], [-64.68285239256, 44.890719088827126], [-64.68322159724232, 44.89130419341728], [-64.68356540416026, 44.89193291408945], [-64.68385789801981, 44.89245429791674], [-64.6840611790835, 44.892823106823], [-64.6846979007334, 44.89398310466316], [-64.68538589526585, 44.89525119027835], [-64.68578080429164, 44.89597911030753], [-64.68613789196614, 44.89662640289713], [-64.68620080216307, 44.8967433996332], [-64.68657091026317, 44.897489594677225], [-64.68705531045542, 44.89846099583577], [-64.68714389868242, 44.898631594235425], [-64.68723378957303, 44.89880308586796], [-64.68732230550943, 44.898973799290815], [-64.68739851714406, 44.899153601721416], [-64.68747569967746, 44.899324393415796], [-64.68776918568821, 44.900005095384294], [-64.6877814778361, 44.900034605949386], [-64.68789630113514, 44.90032278894172], [-64.68792169052945, 44.90036738945348], [-64.68804079810371, 44.900670890470806], [-64.688040797243, 44.90067180602786], [-64.6881099856182, 44.900848196617424], [-64.68851218686734, 44.90187401886345], [-64.68853488598829, 44.90193190227739], [-64.68854788285542, 44.90194160330849], [-64.68930040544087, 44.9038480107868], [-64.68988983485906, 44.90532458493734], [-64.68991410261802, 44.90538538986483], [-64.69020689844827, 44.906123802885446], [-64.69056670014471, 44.907047609261326], [-64.69057809898298, 44.90707699666758], [-64.69064159143547, 44.90725700848946], [-64.6906512844329, 44.90728290213346], [-64.6906525998518, 44.90728560348741], [-64.69065671887543, 44.90729459603682], [-64.69097800874212, 44.90809909024263], [-64.69097941675402, 44.908103597735824], [-64.69098079161672, 44.908109010351346], [-64.69164786114366, 44.90978175544914], [-64.69166311913872, 44.90981999552518], [-64.69280030346857, 44.912697299837355], [-64.69289004662501, 44.912935979113755], [-64.6929019819373, 44.912967704349086], [-64.69463889019484, 44.917364607780904], [-64.6949457046777, 44.91814780047258], [-64.69501001813565, 44.918309700469216], [-64.69530379771514, 44.91899309222935], [-64.69550059035763, 44.91948919527898], [-64.69590319866921, 44.92050380045352], [-64.6961596894231, 44.92116880000191], [-64.69691301682288, 44.923084995762345], [-64.69696390858729, 44.92321921226878], [-64.69701501100322, 44.92336340492773], [-64.69706611374527, 44.923507597653256], [-64.69714359230079, 44.923642390789496], [-64.69723269396961, 44.92378599360568], [-64.69733400306954, 44.9239123122101], [-64.69744790500097, 44.92403751280912], [-64.69752510726383, 44.92411829047452], [-64.69761338892398, 44.92419079991069], [-64.69771529669698, 44.92425320024383], [-64.69781729827073, 44.92431649108373], [-64.6979302863769, 44.924369707325006], [-64.69804470424012, 44.92442380198339], [-64.69805760426637, 44.92443269146994], [-64.69815880800637, 44.92446899695409], [-64.69827289212037, 44.9245131862303], [-64.69837530563994, 44.924549494009575], [-64.69842258424413, 44.92456319986187], [-64.69842389968044, 44.92456309789707], [-64.69842898917439, 44.92456491013347], [-64.6985017911158, 44.92458450997627], [-64.69861539358122, 44.92461158547107], [-64.69874289445298, 44.924638492246785], [-64.69880649651216, 44.92464751251534], [-64.69885719544368, 44.924647586914716], [-64.69898289708308, 44.92465559419173], [-64.69910958718252, 44.924655594853306], [-64.69923630383678, 44.92465549290822], [-64.69995928855211, 44.92463659546533], [-64.69999978636105, 44.924635091552936], [-64.70032638533036, 44.92462659767876], [-64.70049012070159, 44.92463499405375], [-64.70065539454933, 44.92465318484445], [-64.70082061312428, 44.92467060808324], [-64.70097250448934, 44.92470609101806], [-64.70112428949311, 44.92474259385214], [-64.70127650213784, 44.92478708873154], [-64.70142880336502, 44.92484071489652], [-64.70166998580238, 44.924939700942886], [-64.70191139662262, 44.92504680823771], [-64.70213880416891, 44.92515418853634], [-64.7023554194581, 44.92527969834888], [-64.7025830968227, 44.92539690540198], [-64.70281209720052, 44.92551320713932], [-64.70305349559892, 44.925621193845615], [-64.70420759049684, 44.9261674916222], [-64.70444929062424, 44.92628458981982], [-64.70464600379174, 44.92637970681106], [-64.70468971541253, 44.926400691952345], [-64.70494349083936, 44.926499489552306], [-64.70679519409057, 44.92715329309639], [-64.70702341014932, 44.9272425997173], [-64.70725188438793, 44.92734089740326], [-64.70748040624508, 44.92744009768954], [-64.7077088030187, 44.92753839636906], [-64.70791180636787, 44.92767311215716], [-64.70801428344534, 44.927753495478385], [-64.70810260713444, 44.92782511356629], [-64.70812858752917, 44.92784719236527], [-64.70813641790295, 44.92785430228083], [-64.7081558888361, 44.92787019761409], [-64.70828068662453, 44.927978192341484], [-64.70843280553562, 44.928148689432646], [-64.70849730047031, 44.9282297006176], [-64.70852424476543, 44.92826149868277], [-64.70857338929773, 44.9283195097003], [-64.70865521059963, 44.92847131006348], [-64.70867530425474, 44.92850880327876], [-64.70869011678214, 44.92853740187187], [-64.7087774957372, 44.92870620634656], [-64.70886669341094, 44.928894802877764], [-64.70894358887232, 44.92909260555403], [-64.70901961498227, 44.929263401906425], [-64.70908263199298, 44.92940693182263], [-64.70940291198144, 44.930136305364805], [-64.70976119401566, 44.93093659816276], [-64.70984969150251, 44.931143199793404], [-64.70995260576746, 44.931367614747025], [-64.7100541031773, 44.93158399527084], [-64.71015709892677, 44.93180840837241], [-64.71027209278178, 44.93209650446185], [-64.71033421578113, 44.932183795470486], [-64.7103407867895, 44.93219269043776], [-64.71034611953513, 44.93219979764802], [-64.71038589092579, 44.93225769162289], [-64.71050118943678, 44.932428799083], [-64.7106150093938, 44.93259099179258], [-64.71074271072769, 44.93275200843726], [-64.71087018399543, 44.93290490289484], [-64.71088725242863, 44.932923212146115], [-64.71089508650407, 44.93293159935845], [-64.71104770059924, 44.93312100779986], [-64.71120099802512, 44.93329159855346], [-64.7113659834104, 44.93347090542464], [-64.71148141529477, 44.93364199797091], [-64.71162078563023, 44.933812804965584], [-64.71176118211535, 44.93397450738049], [-64.71191401573981, 44.934127101292674], [-64.7122194796227, 44.93451320261467], [-64.7122300200579, 44.93452651587173], [-64.71233139151448, 44.934654598701634], [-64.71234458579498, 44.93467060105758], [-64.71280408489454, 44.9352506963353], [-64.7129446019274, 44.93541240634974], [-64.71308500812155, 44.935574107879674], [-64.7132240995926, 44.93573591149731], [-64.71325028840837, 44.93576249500676], [-64.7134024835942, 44.9358970054531], [-64.7135670053582, 44.93605839341948], [-64.71374549155865, 44.936220490464805], [-64.71494049371827, 44.93710898414852], [-64.71513109876992, 44.937252900894556], [-64.71533408842936, 44.9373876079546], [-64.71554968929561, 44.937522086776056], [-64.71580310648145, 44.937647911838845], [-64.71605779697877, 44.93777278729855], [-64.71629910751531, 44.937916789627735], [-64.7165267001767, 44.93806909759307], [-64.71671728195645, 44.93821300114049], [-64.71690821576374, 44.938364899177444], [-64.71708609261471, 44.93850899881521], [-64.71726399712261, 44.938652995755874], [-64.71744190888454, 44.9387961896181], [-64.717607205538, 44.93893949847852], [-64.71778541107548, 44.93909261009107], [-64.71795059804859, 44.93923591013451], [-64.71811590060089, 44.939380190515436], [-64.71828141397047, 44.93953250313748], [-64.71829430171191, 44.93954130042356], [-64.7184465776053, 44.9396759049963], [-64.71861218713462, 44.93982910786112], [-64.71876380676495, 44.939981704479244], [-64.72026508989245, 44.94144529913113], [-64.72043118493762, 44.94161649674469], [-64.7206082872501, 44.94177770599725], [-64.72078658777508, 44.94193069865638], [-64.72102788868595, 44.94207378780543], [-64.72128189935455, 44.94221759482769], [-64.72154830099298, 44.94235230367857], [-64.72180162073047, 44.94243219615891], [-64.722056304201, 44.942512888825554], [-64.72230970505422, 44.9425936935787], [-64.72255059701985, 44.942682807133544], [-64.7228043072754, 44.94277259021483], [-64.72436531141294, 44.943219906175926], [-64.72460528817446, 44.94331790206495], [-64.72484649639043, 44.9434169051628], [-64.72508781764073, 44.94351500028788], [-64.72637129646981, 44.94425988950145], [-64.72643468733087, 44.944301196955394], [-64.72656139277261, 44.944384786031], [-64.72675149592826, 44.944510710870944], [-64.72694311263105, 44.94464550434631], [-64.72704420845446, 44.944716911202505], [-64.7271330857009, 44.94480740594442], [-64.7272228913887, 44.944887904846254], [-64.72729920448153, 44.94497770072129], [-64.72736269681486, 44.94506768637202], [-64.72742649496122, 44.945166595311434], [-64.72873868996189, 44.94694810114183], [-64.72960429182473, 44.94812228356168], [-64.72964319776804, 44.94819458907785], [-64.7296934978621, 44.948266798533936], [-64.72974509946957, 44.9483380127897], [-64.7298091200152, 44.94840099785882], [-64.72987191006294, 44.94846389089725], [-64.72994851451674, 44.94852669200792], [-64.73002488374998, 44.94858039820004], [-64.73011399866976, 44.9486348884424], [-64.73031759953436, 44.94874251185464], [-64.73053249838114, 44.94885000732148], [-64.73073600405259, 44.948957598527464], [-64.7309642042379, 44.94908290020258], [-64.73119361577766, 44.94920820345048], [-64.73142181262573, 44.94933430696448], [-64.73165019938281, 44.94946860165623], [-64.73194250541675, 44.94962080662106], [-64.73223459814943, 44.9497640057271], [-64.73246270163754, 44.94984520308092], [-64.73269199539534, 44.949925396277564], [-64.73292008575216, 44.95000569976062], [-64.7329303086091, 44.95000999814915], [-64.73302130708231, 44.95004189274337], [-64.73409968288698, 44.95040810012963], [-64.73427810064126, 44.950480110209035], [-64.73434101455388, 44.95050710178951], [-64.73435546289838, 44.95051273586271], [-64.73459497850037, 44.95060590573854], [-64.73483629160366, 44.95070390048261], [-64.73508999478622, 44.95079371061674], [-64.73531830378194, 44.95088290046136], [-64.73553501485068, 44.950963407325894], [-64.73554669907833, 44.950972200568124], [-64.73635991228657, 44.95128571065181], [-64.73660100226522, 44.951420699791214], [-64.73682969004243, 44.95156389564039], [-64.73749148858926, 44.95211110263438], [-64.73761840817234, 44.95220100584486], [-64.73774510597183, 44.95228179090692], [-64.73788450661182, 44.95236251205472], [-64.73803721959143, 44.95242499584257], [-64.73818999777538, 44.9524875002906], [-64.73826679097273, 44.95251338840935], [-64.73844349864913, 44.95257098742627], [-64.73857409661821, 44.95261398592556], [-64.73895061214512, 44.952737911542584], [-64.73896078891417, 44.95274130606935], [-64.73973811427665, 44.95299779363263], [-64.73999150821652, 44.953077605118644], [-64.74023260306988, 44.95316759953618], [-64.74038788098443, 44.9532309051445], [-64.7404367113312, 44.95325090472305], [-64.74047389498183, 44.95326559279638], [-64.74070250907123, 44.953364711751725], [-64.74071149675122, 44.953369109818226], [-64.74080429576023, 44.953418112256315], [-64.74089371481948, 44.95348070325042], [-64.74093519661908, 44.95351573016745], [-64.74095590367193, 44.95353320494462], [-64.74096909480647, 44.953544286858865], [-64.7410457880918, 44.9536071008456], [-64.7411090997133, 44.953687102935554], [-64.74117341963039, 44.9537589945823], [-64.74131410554453, 44.95401080517677], [-64.74132610322879, 44.95402949363508], [-64.74136428920457, 44.954118899084456], [-64.74159497765149, 44.954703205827315], [-64.74186440961961, 44.95539591033099], [-64.74220990602917, 44.956295295028276], [-64.74227491026737, 44.95647521042627], [-64.74235129346167, 44.956654994793475], [-64.74237698563803, 44.95670859668012], [-64.74242778916684, 44.95683478759274], [-64.74253060916918, 44.95700520155843], [-64.74264480284161, 44.957176287259564], [-64.74276020447826, 44.95734640262648], [-64.7429251917723, 44.957517694562846], [-64.74311610688659, 44.957669600401836], [-64.74331979808642, 44.95782218573993], [-64.74353559481489, 44.957957502604195], [-64.74375119560136, 44.95808298780954], [-64.74395529186525, 44.95820770276223], [-64.74414571346965, 44.958342491113214], [-64.74432378534681, 44.95848650387133], [-64.74450181096252, 44.958629613121836], [-64.74456460922123, 44.95869260127368], [-64.74529130867681, 44.959411507321896], [-64.74565979406866, 44.959770489803645], [-64.74610549186643, 44.96021020172983], [-64.74628410783542, 44.960372197554186], [-64.74644900435031, 44.96054250477634], [-64.74658889941838, 44.960722202322536], [-64.74673000600214, 44.96090190167088], [-64.7467604826139, 44.960947304089444], [-64.74685740792995, 44.96109080547158], [-64.74700260806111, 44.961320800475995], [-64.74722639722498, 44.961674702255266], [-64.74748140065064, 44.962080069944456], [-64.74757139479892, 44.96222311052256], [-64.7477889837195, 44.962582502181654], [-64.74884731071786, 44.96423620146138], [-64.74905218056611, 44.96455080620158], [-64.74908776127414, 44.964605955445975], [-64.74980539151309, 44.96571850506049], [-64.75025913133689, 44.96644663578544], [-64.75072390077523, 44.96719249754575], [-64.75170660633677, 44.96877440916675], [-64.7519501923245, 44.96915229006159], [-64.7522111073064, 44.96955881522779], [-64.75231229296823, 44.96971569344219], [-64.75249858639158, 44.97000539707531], [-64.75255730401034, 44.97010168907689], [-64.75261082233672, 44.970190893932774], [-64.75323971576536, 44.97122819280019], [-64.75354385175535, 44.971764687565255], [-64.75354529055173, 44.97176720475703], [-64.75382680837414, 44.97222559211855], [-64.75386951355429, 44.97229510474846], [-64.75410831278639, 44.972681198527525], [-64.7543058110994, 44.97300231055206], [-64.75438580498442, 44.97313159736734], [-64.75488611141094, 44.973942203582716], [-64.7550780977424, 44.974247994259834], [-64.75519232023372, 44.97441819721761], [-64.75529519060217, 44.97458940280987], [-64.75540968191679, 44.9747685991886], [-64.7555126069902, 44.9749399051615], [-64.75562690645478, 44.97510999307922], [-64.75572980071938, 44.97528128862527], [-64.75584429551363, 44.97546048501832], [-64.7559459128032, 44.97563170149375], [-64.75595084349497, 44.97564061626829], [-64.75601040438337, 44.975748691252285], [-64.75604879423274, 44.97580210421583], [-64.75616330685071, 44.975982193499], [-64.7562648788735, 44.97615250670754], [-64.75676369961108, 44.97695240169897], [-64.75678951524385, 44.97700689520968], [-64.75704491819926, 44.97743769972478], [-64.75740158820444, 44.97790479990145], [-64.75754189153945, 44.97805748438578], [-64.75768259309334, 44.978219204105926], [-64.75784780048009, 44.97835441206164], [-64.75801300829906, 44.978488703911644], [-64.75886549758535, 44.97911651088361], [-64.75985260972061, 44.97983490945072], [-64.76006150380819, 44.97998648989125], [-64.76076068580724, 44.980495192046185], [-64.76129520520621, 44.98088390363166], [-64.76234838893406, 44.981646296275265], [-64.76248201588564, 44.981742401392275], [-64.76279588788658, 44.98196980216671], [-64.76418241428546, 44.982964691831086], [-64.76548029646432, 44.98392488671097], [-64.76577380618274, 44.98414901259417], [-64.7661672903513, 44.98444540687517], [-64.76718590252364, 44.985190295483775], [-64.76738999230359, 44.98535189778706], [-64.76754199448281, 44.98546839259589], [-64.76772760116313, 44.98560680923367], [-64.76793670908052, 44.98576381012041], [-64.76858069518637, 44.986205711571706], [-64.76870759784941, 44.98629108893023], [-64.76873741465197, 44.986311291253884], [-64.76894229831137, 44.9864549129979], [-64.76937460705194, 44.98677771592649], [-64.76965470025344, 44.98697499593869], [-64.77003619542151, 44.9872525996527], [-64.77035440938147, 44.987495199300966], [-64.77096518833923, 44.987925989510586], [-64.77165169761034, 44.98842841195689], [-64.77249181051795, 44.9890563120003], [-64.77265780333632, 44.989172607462955], [-64.77303960715228, 44.98946011111102], [-64.77345027926317, 44.98974919317096], [-64.77346618843494, 44.98976039213729], [-64.77352970962846, 44.98980451258729], [-64.77358679144491, 44.989845005820115], [-64.7738410165477, 44.99002469492326], [-64.77431168418343, 44.99035669964066], [-64.77559687953108, 44.991307203094166], [-64.7758644032681, 44.99150470417818], [-64.77596558208099, 44.991576899321025], [-64.77669161761052, 44.992123694822006], [-64.77776049805985, 44.992885697365885], [-64.77822489322013, 44.99321700749742], [-64.77840779455394, 44.9933473844579], [-64.778520687191, 44.99342750720267], [-64.77877890109328, 44.99361250735662], [-64.77891761339401, 44.993710290697706], [-64.77900309837547, 44.99377040860814], [-64.7796529859866, 44.994228197538405], [-64.77978400400376, 44.99432058869845], [-64.78103127928915, 44.995145604171626], [-64.7813106999026, 44.99536089049115], [-64.78145111115872, 44.99546850895745], [-64.78179529444914, 44.99572869150104], [-64.78248218324327, 44.99627609824989], [-64.78271349877646, 44.99645250592938], [-64.78286941543207, 44.996571602944115], [-64.78308128564403, 44.99673389913413], [-64.78328390606005, 44.996886503310414], [-64.78348761947649, 44.997029997045594], [-64.7835753094623, 44.9970849072079], [-64.78371658114915, 44.997173207760525], [-64.78394629798989, 44.997298292728274], [-64.78441649538595, 44.99756729468175], [-64.78464631447783, 44.99773749668639], [-64.78486219405929, 44.99790779033376], [-64.78506601582971, 44.9980963998329], [-64.78542240983592, 44.99841939172636], [-64.78552468315729, 44.998527601678404], [-64.78563971230433, 44.9986346995453], [-64.7857671025604, 44.99873359406602], [-64.78578008523257, 44.998742404899076], [-64.7859068909077, 44.99882318724338], [-64.786365097507, 44.99915540291835], [-64.78723121039556, 44.99979179160362], [-64.78735839302453, 44.9998842894251], [-64.7875219808294, 45.00000420351883], [-64.78752199669479, 45.00000509648082], [-64.7875622854855, 45.000034206432346], [-64.78814758875677, 45.000455296698505], [-64.78869529260321, 45.000849995524106], [-64.78887281702896, 45.00096689766217], [-64.78953461832481, 45.00144179815342], [-64.78973079149841, 45.00158808591845], [-64.78979190692466, 45.00163399316954], [-64.78996720140998, 45.00176540647506], [-64.79101139106193, 45.00253670382867], [-64.79169660640584, 45.003034507104715], [-64.79257838319052, 45.00367509649378], [-64.79347578924339, 45.00433348820274], [-64.7935198921163, 45.00436520752222], [-64.7935367945835, 45.00437749674203], [-64.79374980783632, 45.00453620499714], [-64.79464069571887, 45.005191009836146], [-64.79478111052673, 45.00529870433459], [-64.7954172058242, 45.00575591346333], [-64.79607890885941, 45.00622159949506], [-64.7962437036485, 45.00633699140188], [-64.79643571221861, 45.00647259252263], [-64.79728900957598, 45.00710100348764], [-64.79865160546332, 45.008104904475275], [-64.79882968906598, 45.00823979273304], [-64.79902039003933, 45.00837360449706], [-64.79919850825021, 45.008508502620536], [-64.79932049762685, 45.008594807054074], [-64.79939048639223, 45.008643195336916], [-64.79956851107035, 45.00877720204885], [-64.7997595944676, 45.008921011049694], [-64.79993768460362, 45.009055897611745], [-64.7999635965355, 45.009073495142616], [-64.79999989821286, 45.0090990108629], [-64.80012839231215, 45.00918970752009], [-64.8003064846112, 45.00932459351588], [-64.80049850197925, 45.00945929479564], [-64.80067658639165, 45.00959340015296], [-64.80086731469623, 45.00972810181906], [-64.80104539519287, 45.0098620936803], [-64.80123609328753, 45.00999678429667], [-64.80141550114944, 45.01013170101876], [-64.80160631353458, 45.01026639929119], [-64.80239051596787, 45.01083289562468], [-64.80454320630005, 45.012387515301405], [-64.80494742376378, 45.012679270632866], [-64.80557959991081, 45.0131355962735], [-64.80695491276803, 45.0141301068577], [-64.80706939916402, 45.014220113272955], [-64.80717190687706, 45.01429139917318], [-64.80726080114674, 45.01437279185435], [-64.80733720246164, 45.0144625984589], [-64.80740090203552, 45.014552512128404], [-64.80746469617323, 45.01464240061189], [-64.80747788581223, 45.014660206024004], [-64.80752968614722, 45.01473139711927], [-64.80756708975598, 45.01483069869969], [-64.80760570538337, 45.014930001359694], [-64.80763170313386, 45.0150286059074], [-64.80764518532045, 45.015136394202145], [-64.80768520616165, 45.015558888834946], [-64.80785808928219, 45.01690008636157], [-64.80788410981472, 45.01707979332119], [-64.80790999769475, 45.017259402238494], [-64.80793730565456, 45.01743991148033], [-64.8079504940912, 45.01761968431749], [-64.8079764946114, 45.01779930192921], [-64.80799111937816, 45.01797909263953], [-64.80800429957407, 45.018159001864504], [-64.80801758585098, 45.01833880657205], [-64.8080308885117, 45.01851950446], [-64.80803448829823, 45.019157688759464], [-64.80803591138582, 45.01936469973797], [-64.80803707738268, 45.01956280570752], [-64.80803771337443, 45.019661806427514], [-64.80803810693422, 45.01971581174229], [-64.80803908744363, 45.020030799530424], [-64.8080539916961, 45.02030060009357], [-64.8080538980269, 45.02041770550804], [-64.8080550928847, 45.0204986860543], [-64.80806869042253, 45.02068749827824], [-64.808068901069, 45.02081349656683], [-64.80806988296177, 45.02088550294387], [-64.80807060228254, 45.02102950429625], [-64.80807068552107, 45.02107450433788], [-64.80807189887658, 45.021272599270155], [-64.80807209818441, 45.021316499145925], [-64.80807250251229, 45.02137159033657], [-64.8080730118268, 45.02147060662713], [-64.80807389402852, 45.021659606367734], [-64.80806330627566, 45.02204689901353], [-64.80806459739182, 45.02237089583215], [-64.80806499100743, 45.022424901817494], [-64.8080660081698, 45.02253628928845], [-64.80807710896514, 45.022685902583405], [-64.80809908492392, 45.02283490422669], [-64.80813210652975, 45.022982905044394], [-64.80814390687848, 45.02303669216253], [-64.80817069716036, 45.02316229861082], [-64.80820941646093, 45.02334259363093], [-64.80832669691902, 45.023881786490044], [-64.80837892066427, 45.02408889382059], [-64.80853348479603, 45.0244843087958], [-64.80862219573868, 45.02468188728803], [-64.80872591027665, 45.02487110767401], [-64.80884098408434, 45.02505920550506], [-64.80895610760994, 45.025248206841326], [-64.8099930167374, 45.026891697702204], [-64.81006901430787, 45.02700839203], [-64.81013360460042, 45.02712530563283], [-64.81018459131687, 45.027251388057955], [-64.81022049827428, 45.0273658006229], [-64.81025060833052, 45.02749100233413], [-64.81027150648825, 45.02761721205031], [-64.81028299431254, 45.0277440053741], [-64.81028521573789, 45.02787109564144], [-64.8102778896467, 45.027998004141025], [-64.81025408575142, 45.02825040724559], [-64.81025209579893, 45.028267607757975], [-64.81024797956569, 45.02829830269597], [-64.81024699695979, 45.02830639365241], [-64.81024679179806, 45.02830879701618], [-64.81024310403959, 45.02834329191089], [-64.81024279288322, 45.02834579994635], [-64.81024100179782, 45.02835870844461], [-64.81024007102583, 45.02836775937505], [-64.81021818137965, 45.0286822047881], [-64.81021749347612, 45.028700184323526], [-64.81014451643313, 45.029240596384916], [-64.80982771568446, 45.02925909439235], [-64.80966298955751, 45.02926890490985], [-64.80940310797033, 45.029282576180485], [-64.80895200503083, 45.02930631128903], [-64.80872411335496, 45.029325208691695], [-64.8086605904264, 45.02932530377909], [-64.80836801659919, 45.02934439463262], [-64.80810169435655, 45.02935399547375], [-64.80807630882661, 45.02935441272481], [-64.80788620957023, 45.0293636981094], [-64.80778461406358, 45.029363490750725], [-64.80749270781844, 45.02936450926071], [-64.80720081626849, 45.02936550380111], [-64.8046626802481, 45.029390405809785], [-64.80437070883575, 45.02939139329791], [-64.80409269852122, 45.02939128914749], [-64.80380079201338, 45.02939229564276], [-64.8035214913017, 45.02939310687558], [-64.80322861706733, 45.02940309551165], [-64.80294959930492, 45.029413013443325], [-64.80268358485908, 45.02943160417421], [-64.80240519403004, 45.02945939640741], [-64.80213850570023, 45.02949599851726], [-64.80188610350095, 45.02954140855741], [-64.8018848116214, 45.02954140958499], [-64.80153891989967, 45.02960269465924], [-64.80144171732232, 45.02962040125511], [-64.80070569255186, 45.029751695925285], [-64.80048980668506, 45.0297883893758], [-64.80022339733435, 45.02983409435258], [-64.80000000692773, 45.029874507071355], [-64.79996969942586, 45.029879500074045], [-64.79995701383164, 45.029879696040986], [-64.79970320330384, 45.029925092738715], [-64.79943709498686, 45.02997968847702], [-64.7992279639702, 45.03001805116776], [-64.79918460912154, 45.03002600926989], [-64.79891720768639, 45.03008060447977], [-64.79866479897284, 45.030126005576925], [-64.7983986085792, 45.03018060043663], [-64.79827238751483, 45.030203295136914], [-64.79773459544006, 45.03029908939725], [-64.79737100225819, 45.03036330213891], [-64.79726999000412, 45.03038200060314], [-64.79710461274638, 45.030408895466785], [-64.79685110456674, 45.030463290240775], [-64.79658469922477, 45.030508905063556], [-64.79631858502492, 45.0305644077996], [-64.79606479944283, 45.030609804778386], [-64.7957984071548, 45.03065539427855], [-64.79574790859589, 45.03066430132579], [-64.79553219545285, 45.030710003782076], [-64.7952784878956, 45.03075539641715], [-64.79525560181825, 45.030759305333866], [-64.79501329151803, 45.030801007850485], [-64.79467031742452, 45.030873893785554], [-64.79399933511198, 45.03099869579537], [-64.79296558814842, 45.03119095651429], [-64.79231258447639, 45.0313123996049], [-64.79203348348535, 45.031358195973205], [-64.7919444917668, 45.03137209685913], [-64.79189460435136, 45.03142160082598], [-64.79181839627574, 45.03150290628231], [-64.79174249386666, 45.03159230169787], [-64.79167929449436, 45.031683311489026], [-64.7916438662624, 45.03174637147861], [-64.79162879450645, 45.03177318735856], [-64.79142758799074, 45.03199869768091], [-64.7907331052751, 45.03280990475686], [-64.79058209876638, 45.03297249910497], [-64.79043101152888, 45.03313509546476], [-64.79029131781212, 45.033297497950414], [-64.79014048692477, 45.03346819671211], [-64.7900828817534, 45.033535699229034], [-64.79008170730428, 45.03353759708176], [-64.79000208312708, 45.033630598136725], [-64.78984981169481, 45.03379320315631], [-64.78971160054526, 45.03396460228823], [-64.78957200207678, 45.03412709205168], [-64.78943390095189, 45.034298499310545], [-64.7894217154444, 45.03431669794207], [-64.78854998581294, 45.03530880510317], [-64.78815911014493, 45.03575960868453], [-64.78800819919553, 45.035931201037855], [-64.78794548689753, 45.0359960916931], [-64.78784337743713, 45.03610220604819], [-64.78775459355684, 45.036183689330464], [-64.78766690549236, 45.0362641929804], [-64.78747720418333, 45.03640941120937], [-64.78727481297341, 45.03655390718427], [-64.78626199537065, 45.03717740222418], [-64.78619858770642, 45.037222505671984], [-64.78614928658075, 45.03726739954459], [-64.7860986136069, 45.03731229634054], [-64.78606070906537, 45.03735791310189], [-64.78602299729117, 45.03741161178842], [-64.7860219935263, 45.0374205854941], [-64.7859853012753, 45.03746620358795], [-64.78595911184911, 45.037519694355474], [-64.78593410348489, 45.03757409216641], [-64.7859220889582, 45.03763730236772], [-64.78590979967494, 45.03769060051673], [-64.78591048767503, 45.037753593745904], [-64.78591028788266, 45.03776626706425], [-64.78590961600011, 45.03780770479498], [-64.78592349024714, 45.038050488815486], [-64.78593728986378, 45.038249208646796], [-64.78593938647425, 45.038438199309866], [-64.78594670395992, 45.0385496958556], [-64.78595191377461, 45.03863609407987], [-64.7859657125697, 45.03883389830142], [-64.78597920540169, 45.03902269627186], [-64.78599289835869, 45.0392206054873], [-64.78600669751238, 45.039418410232116], [-64.78602018248408, 45.03952620124151], [-64.78602019069088, 45.03960720870182], [-64.78603400480512, 45.03980499077539], [-64.78603478675825, 45.0399129989957], [-64.78606220197453, 45.040264593215944], [-64.78614580708997, 45.041766608313644], [-64.78615989722053, 45.041974304586134], [-64.78619831959375, 45.04218979627214], [-64.78625049234685, 45.042396887813275], [-64.78632799685467, 45.042603604003745], [-64.78641801201371, 45.04280110495774], [-64.78722769013558, 45.04486879284631], [-64.78730420207275, 45.04503950043453], [-64.78734278723852, 45.04513890505491], [-64.78736940514261, 45.04521950450778], [-64.78744611250083, 45.04539921063941], [-64.7875099036333, 45.045570102238585], [-64.78758790449211, 45.045749807716874], [-64.78765159056995, 45.04592080414259], [-64.78772830024582, 45.046100510609996], [-64.78779330613575, 45.04627140387517], [-64.78787000527151, 45.04645119000253], [-64.7879349974803, 45.046622106457704], [-64.78799898660155, 45.04680199711286], [-64.78807549303802, 45.04697278504718], [-64.78807579959486, 45.046981791796135], [-64.78808929759599, 45.04700860944822], [-64.78824110919494, 45.04743829810199], [-64.78824809913034, 45.04745888872428], [-64.7882956382301, 45.047593140610466], [-64.78830649032889, 45.04762268761896], [-64.7883192110698, 45.04766210428339], [-64.78833039641292, 45.04769608763606], [-64.78833738760343, 45.047717594451356], [-64.78861748617156, 45.04855489453802], [-64.78868151323046, 45.0487347967359], [-64.78873329312368, 45.04888800594161], [-64.78879728864564, 45.04906789789357], [-64.78884959586722, 45.0492380939559], [-64.78891359235008, 45.04941798611321], [-64.78910840192468, 45.05000460856726], [-64.78911958844371, 45.05003859218597], [-64.78967358972423, 45.0516755055752], [-64.78972488520526, 45.05185470051757], [-64.78979021389327, 45.052034603789245], [-64.78984149975207, 45.052214794648975], [-64.78990581137712, 45.05240369551626], [-64.78995718828396, 45.05258288877864], [-64.79002249253016, 45.05276289499532], [-64.79008649869618, 45.0529427892186], [-64.79013779847128, 45.053122901162645], [-64.79020309816914, 45.05330279474069], [-64.79026719155002, 45.053482800087075], [-64.79033119971446, 45.05366269472855], [-64.79083399589673, 45.05516350498457], [-64.7908852894867, 45.05534369782817], [-64.79095059538388, 45.055523592690705], [-64.79100198122762, 45.0557037041227], [-64.79106599547727, 45.05588360006857], [-64.7911183191717, 45.056053800117795], [-64.7911823876401, 45.05623379663974], [-64.7912336955383, 45.05641391067008], [-64.79129900437603, 45.05659380616015], [-64.79135028549074, 45.056773106723774], [-64.79158120026676, 45.057453610457706], [-64.7917624065069, 45.05796919452734], [-64.79198169199641, 45.05860760660427], [-64.79199399749926, 45.05863440081437], [-64.79205958754132, 45.058823294365624], [-64.79212389146583, 45.05901230187426], [-64.79218818987223, 45.05920119654525], [-64.79225260098401, 45.05939009962366], [-64.79232960051154, 45.059578912571276], [-64.79239390058805, 45.05976780758461], [-64.79247089529437, 45.059956507781884], [-64.79252300117318, 45.06011770076154], [-64.79287031778459, 45.06107099671347], [-64.79293489739827, 45.061268889513535], [-64.79298660535608, 45.06145801187318], [-64.79303891029043, 45.0616282047072], [-64.79305089916984, 45.06164698753868], [-64.79311551288367, 45.06184489116697], [-64.79317980348632, 45.0620328943608], [-64.79324441831922, 45.062230798245686], [-64.79330881176406, 45.062419805704494], [-64.79338609007144, 45.06261750434513], [-64.79345039890944, 45.0628064012276], [-64.79376360673737, 45.063721508631446], [-64.79381099140241, 45.063858510176075], [-64.79385911164184, 45.063974711671975], [-64.79388930662343, 45.06404718875548], [-64.79395368457816, 45.06423610738578], [-64.79401799810391, 45.06442500526025], [-64.79409530374873, 45.06462279504029], [-64.79414609674902, 45.064784897244934], [-64.79415969811545, 45.06481169099904], [-64.79422399859918, 45.06500061224453], [-64.79428831305268, 45.065188594337116], [-64.79435271510012, 45.065377603604375], [-64.79441730739207, 45.065575499236566], [-64.79448170446919, 45.0657643957875], [-64.79454602238829, 45.06595329460419], [-64.79455941867893, 45.066016100682255], [-64.79497201920087, 45.06718529280846], [-64.79508780142113, 45.06751738690305], [-64.79520371964324, 45.06785049583712], [-64.79539650311649, 45.068408310132455], [-64.79615749782633, 45.07060180848368], [-64.79673752171325, 45.07224719400443], [-64.79578631130843, 45.072582592066226], [-64.79466280867194, 45.072953089875085], [-64.79455559250133, 45.07298708976667], [-64.79313521271301, 45.0735111073449], [-64.79299810559877, 45.073565311760376], [-64.79175539534496, 45.074087111918104], [-64.7925343044741, 45.075181695769466], [-64.79340648153284, 45.07638640715478], [-64.79341848491251, 45.076404195404905], [-64.79354708067552, 45.07657500300977], [-64.79391830307021, 45.07706881275166], [-64.79460710262761, 45.07805931443633], [-64.79470870197868, 45.07818839260883], [-64.79481980671542, 45.078313390774504], [-64.7949026002932, 45.07839821099454], [-64.79493990000633, 45.078434198384706], [-64.79506870373076, 45.07855039300792], [-64.79523429068307, 45.0786855063725], [-64.7954252921428, 45.078820205758], [-64.79582090795132, 45.0790795979568], [-64.79586800913701, 45.07910541069249], [-64.79590550225416, 45.07913130153176], [-64.79593888292546, 45.079159701603984], [-64.79596798563695, 45.07919050224991], [-64.7959808152291, 45.07920669565885], [-64.79600269682342, 45.079240394839545], [-64.79601180167506, 45.07925769555506], [-64.79602601497011, 45.07929340031011], [-64.7960349056089, 45.07932989346319], [-64.79603829896186, 45.079366896903664], [-64.79602431369507, 45.079486104733846], [-64.79600350819476, 45.0795916043289], [-64.79597500635205, 45.07969621418976], [-64.79593878990654, 45.07979959541157], [-64.79588911878773, 45.07999759877284], [-64.79585209371392, 45.080195306477194], [-64.79581411409752, 45.080402893651105], [-64.79578978825371, 45.08060040626964], [-64.79577651563247, 45.080647599831615], [-64.79576391015362, 45.08070691421297], [-64.79575560454843, 45.08076661042119], [-64.79575179640558, 45.080826502122356], [-64.79575369952397, 45.08090710093338], [-64.7957574975149, 45.08094628845235], [-64.79576691190499, 45.08100590281515], [-64.7957929041026, 45.08110450716758], [-64.79581891247238, 45.081204004849575], [-64.79585760498766, 45.08130241384487], [-64.79590890162726, 45.081401512435974], [-64.79642321430362, 45.082605997132255], [-64.79656399860139, 45.08296560925451], [-64.7966501953487, 45.08314591114477], [-64.79673068588572, 45.08334719447447], [-64.79679629180383, 45.083551108175165], [-64.79683489899276, 45.08370311046073], [-64.79684669051016, 45.083757298964755], [-64.79688180376121, 45.083964909182576], [-64.79690150697486, 45.08417370463006], [-64.79688968855673, 45.08447640141013], [-64.79686140529739, 45.08472621248879], [-64.79681088833372, 45.085000607597635], [-64.79680970892757, 45.08521069145328], [-64.79681020094814, 45.085256089359724], [-64.79681321360955, 45.08528450603915], [-64.7968256079432, 45.085340692436155], [-64.79683920021748, 45.08538410785822], [-64.79685599608513, 45.08542710877935], [-64.79687589456844, 45.08546930195949], [-64.79689691428909, 45.085506803851644], [-64.79692060547086, 45.08554349831596], [-64.79694700624184, 45.085579203309905], [-64.79697600437407, 45.08561391054532], [-64.79700759379861, 45.08564750705085], [-64.79704150844321, 45.08567979636379], [-64.79707789911643, 45.08571091017092], [-64.79711641697484, 45.08574059767646], [-64.79715710621456, 45.08576878980531], [-64.79719978656478, 45.08579540091198], [-64.79724451998871, 45.085820395381496], [-64.79729089308891, 45.08584380699104], [-64.79740219208979, 45.08589708717376], [-64.79749378933766, 45.085935603380975], [-64.79758820490011, 45.08597069473252], [-64.79768499848383, 45.08600219208752], [-64.79778401060437, 45.086030099740384], [-64.79788499596742, 45.08605431116954], [-64.79798759704212, 45.08607471157051], [-64.79809149487171, 45.086091309545004], [-64.798196603622, 45.08610399427132], [-64.79830239763473, 45.08611279124637], [-64.79840879714968, 45.08611770261962], [-64.79857058621297, 45.086135791862034], [-64.79873090479576, 45.08615979209988], [-64.7988891831329, 45.08618979792103], [-64.79893690886381, 45.08620270746361], [-64.79898371872014, 45.086217293448414], [-64.79903259158813, 45.08623490091448], [-64.7991164916266, 45.086271304197446], [-64.79915801950554, 45.086292492602], [-64.79919781899535, 45.086315096568384], [-64.7994275870186, 45.08643219517155], [-64.79952338749217, 45.086471308703814], [-64.79957981498993, 45.086490703016416], [-64.79963749722921, 45.08650789125793], [-64.79969639305044, 45.08652299898302], [-64.79975629831722, 45.0865357941233], [-64.79981709213504, 45.08654640438761], [-64.79987859725684, 45.08655480062134], [-64.79994061258367, 45.086560807241895], [-64.80000298775882, 45.08656459800856], [-64.80006560141636, 45.08656599518599], [-64.80012810818971, 45.08656510992259], [-64.80042371212265, 45.08655560814704], [-64.80081599619183, 45.08654250877617], [-64.801270107612, 45.08650790453673], [-64.80162369667572, 45.0864791037184], [-64.80179342026011, 45.08646329309573], [-64.8018926132273, 45.086452092728855], [-64.80215911278263, 45.08641520188753], [-64.80224779325113, 45.08640659325588], [-64.80252960488058, 45.08634209014688], [-64.80293320278385, 45.086260705262866], [-64.80304930101255, 45.086239611118216], [-64.80311781611161, 45.08623080033877], [-64.80318680183821, 45.08622449964159], [-64.80325619928813, 45.086220801125336], [-64.8033258962379, 45.0862196965115], [-64.80339539348233, 45.08622110879689], [-64.80346480631313, 45.08622510274337], [-64.80353380108052, 45.08623171000397], [-64.80360231279187, 45.08624090971181], [-64.80368149540531, 45.08625431206517], [-64.80375969932132, 45.086270591780114], [-64.80383660866565, 45.08628981397273], [-64.80391199593508, 45.08631190560963], [-64.80396669874771, 45.086321195826095], [-64.80400298323032, 45.08632920816561], [-64.8040736892984, 45.086349186298634], [-64.80414111097507, 45.08637429898496], [-64.80420430875058, 45.08640430013708], [-64.80426280932754, 45.086438704787795], [-64.80429009851646, 45.08645759494289], [-64.80433180797573, 45.086490689049484], [-64.80436299732425, 45.08651971219957], [-64.80438421457319, 45.086542092762144], [-64.80442131352072, 45.08658919305264], [-64.80455431584558, 45.08680159907205], [-64.8045874191272, 45.08685929495586], [-64.80467788610073, 45.08702979362728], [-64.80478019907589, 45.08720909031018], [-64.80487071622468, 45.08738049280974], [-64.80497289211415, 45.08755988382006], [-64.80526759174809, 45.088080909459535], [-64.80546008814147, 45.08842259022955], [-64.80556329616275, 45.08859290286215], [-64.80575478737093, 45.08894369583423], [-64.80590599409811, 45.089223886369105], [-64.80631780896772, 45.089991589362455], [-64.80642171149354, 45.090184408823674], [-64.80647439856949, 45.090282608818285], [-64.80656391120897, 45.09046209480125], [-64.80666640684977, 45.0906512982796], [-64.8067559859992, 45.0908308052397], [-64.80685849801398, 45.091019985791455], [-64.80694929256751, 45.09119949392147], [-64.80705180772613, 45.09138781469817], [-64.80715409741714, 45.091568097683684], [-64.80724360058962, 45.091747607069394], [-64.80734621269734, 45.09193590279504], [-64.80744969791247, 45.09211609700431], [-64.80797890906769, 45.09299609069861], [-64.80800097970274, 45.09303270330863], [-64.80811550541861, 45.09323889162704], [-64.80820630945215, 45.093418400305666], [-64.80830858754209, 45.09359859370326], [-64.80841080290001, 45.09377790638494], [-64.80851308262397, 45.093958099845565], [-64.80861659334334, 45.09413741146409], [-64.8088336130361, 45.09448769712018], [-64.80905208754058, 45.09484710762575], [-64.80915401391948, 45.09501830517487], [-64.80927028081271, 45.09519740698726], [-64.80960150124619, 45.09578260549769], [-64.8096162065967, 45.095808500108745], [-64.80979518136515, 45.09612339882976], [-64.80987288248973, 45.09624910439472], [-64.81001338659667, 45.09647369842782], [-64.81011571585087, 45.096653099306884], [-64.81021922297938, 45.09683329420705], [-64.81042379523201, 45.09719278871466], [-64.81060330784584, 45.09752481413016], [-64.81061689637454, 45.097551598966994], [-64.81071919349023, 45.097731793020735], [-64.81089951478518, 45.0980908032609], [-64.81103999662551, 45.09835141085017], [-64.81109139331942, 45.098450495887114], [-64.81118218720306, 45.09862999539753], [-64.81160509659611, 45.09942088751084], [-64.81168230469416, 45.099573602373226], [-64.81178548060795, 45.09978080253888], [-64.81186219358621, 45.09991548504088], [-64.81191079638675, 45.10000479168403], [-64.81192558139908, 45.10003240406585], [-64.81195148544036, 45.10008600858653], [-64.8120549914127, 45.10026531082835], [-64.81214431580811, 45.10043670479498], [-64.81223488589535, 45.100607193829426], [-64.81232419526037, 45.100777694515166], [-64.81242620085123, 45.10094899336586], [-64.81245578687464, 45.101004195170916], [-64.81251669327614, 45.10111948467993], [-64.81261869564607, 45.10128981069195], [-64.81270930175924, 45.10146031034365], [-64.81295270210921, 45.10196410687282], [-64.81301748408511, 45.1020809998398], [-64.8130562961431, 45.102143407332896], [-64.81314590750374, 45.10232380028408], [-64.81324789719274, 45.102494093058496], [-64.81335141385857, 45.102673395777785], [-64.81345368629881, 45.10285360352823], [-64.81355571086755, 45.10302390679632], [-64.8136680076603, 45.103198615239954], [-64.81367199982915, 45.10320389240534], [-64.81377399349967, 45.10337418526665], [-64.81389030202573, 45.10355420434058], [-64.81400502007413, 45.10372519258887], [-64.81465879844653, 45.1048211909388], [-64.8146720971069, 45.104839000473625], [-64.81505608513969, 45.10548640692845], [-64.81515938327382, 45.10565669877343], [-64.81528698878903, 45.10587250416744], [-64.81539060110369, 45.10605180513452], [-64.81550528395974, 45.106222806014664], [-64.81560760386512, 45.10640210824231], [-64.81571092264639, 45.10657329355749], [-64.81582590409592, 45.106752410157256], [-64.81583529163655, 45.106768493065466], [-64.81592821042709, 45.1069325954166], [-64.81593890554652, 45.10694951400198], [-64.81603150044585, 45.10710291041216], [-64.81613380839556, 45.10728309572565], [-64.81623610069101, 45.10746238767471], [-64.81633970571188, 45.10764171187767], [-64.81642930864086, 45.10782209565055], [-64.81653130846453, 45.107992412000385], [-64.81663491456894, 45.10817259623578], [-64.81672448852423, 45.108352109781194], [-64.81682678559875, 45.108531401932495], [-64.8176234153841, 45.10995989447122], [-64.81772548831992, 45.11013109193395], [-64.81782879247005, 45.11030140734928], [-64.81793078718503, 45.110472607015424], [-64.81802038560879, 45.11065209812319], [-64.81812370679839, 45.11082239057439], [-64.81821310774951, 45.11099379719498], [-64.81831539035615, 45.11117319236299], [-64.81840598453469, 45.111343593579925], [-64.8184955883746, 45.11152400136961], [-64.81858620480057, 45.11169449262782], [-64.818958105115, 45.112395300835615], [-64.81917711023479, 45.11280850796606], [-64.81924079238368, 45.112970499806764], [-64.8197937167103, 45.11396800216116], [-64.81990868908838, 45.11414718867155], [-64.82001109360529, 45.11432739622068], [-64.82012609598033, 45.11450739664929], [-64.82020318840435, 45.114650207509065], [-64.8202098899434, 45.114661792539735], [-64.82021388754457, 45.11466890260145], [-64.82022881381101, 45.11469569721729], [-64.82033241270808, 45.11487489932348], [-64.82044741776542, 45.11505489979046], [-64.82054969762989, 45.11523420578797], [-64.82065240292543, 45.11542338949465], [-64.82072938810998, 45.11556710870224], [-64.82075601131855, 45.11560270468964], [-64.82077749460423, 45.115639289255725], [-64.8217945077735, 45.1173550142886], [-64.82189779355505, 45.117525286749654], [-64.82198860603148, 45.117660697939684], [-64.8220005844451, 45.11767849832174], [-64.82201259539745, 45.1176963091325], [-64.82201390639698, 45.117697201251254], [-64.8221159153157, 45.117866592036805], [-64.82223068632698, 45.11803760397843], [-64.8223339931233, 45.118207909928564], [-64.82243610266202, 45.118379108481804], [-64.82255089092496, 45.118550097382744], [-64.82265420010786, 45.11872040336288], [-64.82275629541961, 45.11889070851098], [-64.82285961662676, 45.11906179497792], [-64.82297439350829, 45.119232806902], [-64.823077705859, 45.119403112925625], [-64.82317981904976, 45.119573395091145], [-64.8232958131268, 45.119744407843605], [-64.82339788065542, 45.11991470262974], [-64.82350129258582, 45.120085899967435], [-64.82405278443835, 45.12099349637971], [-64.82441139368508, 45.12159538704223], [-64.82452780154543, 45.121774411298325], [-64.82464260640589, 45.12194540017518], [-64.82474488609297, 45.12212469660483], [-64.8248610197445, 45.122295694546516], [-64.82497609439017, 45.12247570573781], [-64.82507809466748, 45.12264600291325], [-64.82519451289517, 45.12282600014584], [-64.82530930630983, 45.122996095533225], [-64.82542559930566, 45.12317610753502], [-64.82552768266733, 45.1233464025674], [-64.82564280377717, 45.1235262881769], [-64.82572069950976, 45.12365741300383], [-64.8257381933343, 45.1236878041116], [-64.82574769606661, 45.12370469898443], [-64.82598150624753, 45.124098805778516], [-64.82599359138506, 45.12411938691886], [-64.82600698051654, 45.124141607161825], [-64.82625868704629, 45.12457780582565], [-64.82691342202007, 45.125646595786534], [-64.82718239295791, 45.12606900576065], [-64.82746500349165, 45.12655420687903], [-64.82756831708917, 45.12672450299864], [-64.8276703860395, 45.12689570443176], [-64.8277738073833, 45.12706589584119], [-64.82787590844504, 45.12723619122673], [-64.82797919460722, 45.12740739348498], [-64.82808129722014, 45.12757768890237], [-64.82819709520426, 45.127739689455815], [-64.8282991846651, 45.12791000791715], [-64.82897961166545, 45.12902430204251], [-64.82909500276064, 45.1292133130475], [-64.82919728414893, 45.12939259992469], [-64.8293140191209, 45.129581596937285], [-64.82942941103518, 45.129769691474735], [-64.82954450215792, 45.12994961299536], [-64.82988978705089, 45.13040770024057], [-64.83000549900488, 45.13060480479288], [-64.83010840247411, 45.13080299493995], [-64.83019900404254, 45.13100951030241], [-64.83027679480011, 45.13121619483618], [-64.8303790845246, 45.131432394212446], [-64.83048239657575, 45.13163859652949], [-64.83058459166801, 45.131853904776655], [-64.83070061027433, 45.13206090290437], [-64.83098329880525, 45.132510110349266], [-64.83135510969947, 45.13303971386467], [-64.8314698894017, 45.13321070498326], [-64.8315861097358, 45.133381713302526], [-64.83168820699821, 45.13355199883414], [-64.83176571796714, 45.13366869675255], [-64.83180429578688, 45.13372290893741], [-64.83191131272967, 45.13388869204306], [-64.83191939279634, 45.1339019936537], [-64.83203449278767, 45.1340819949052], [-64.83214960636063, 45.13426105658506], [-64.83223948980475, 45.134405502440195], [-64.83226600616389, 45.134441112866085], [-64.83238120346674, 45.1346210888982], [-64.83248329181727, 45.13479139752354], [-64.83259971761697, 45.13497129474647], [-64.83270180758825, 45.13514160339549], [-64.83281789267873, 45.13531259295869], [-64.83292030038409, 45.13549191186107], [-64.83303520464717, 45.13566291113419], [-64.83315131872257, 45.13583379810699], [-64.8332660955495, 45.1360038956001], [-64.8333696145114, 45.136175104563705], [-64.83347171012505, 45.13634541327273], [-64.83358679002458, 45.136525404115424], [-64.83369020858227, 45.13669560879664], [-64.83379240324257, 45.136866808873954], [-64.83388330004188, 45.13704629603385], [-64.83398539957454, 45.137216604835636], [-64.83410121107627, 45.13741459113709], [-64.83422961230575, 45.137612391351674], [-64.83434530832963, 45.13780939640673], [-64.8344609958391, 45.13800739757448], [-64.83458951271092, 45.13820520604979], [-64.83469158499659, 45.13837550452368], [-64.8347946859303, 45.138537695100986], [-64.83489689849019, 45.138707899271886], [-64.83494878946671, 45.1387800001791], [-64.83501300111466, 45.13887888877922], [-64.83511479247846, 45.13904018734556], [-64.8352435992499, 45.1392469957743], [-64.83535961105562, 45.139454007473525], [-64.8354880005879, 45.13965080121156], [-64.83561548322741, 45.139857600770135], [-64.83574438795645, 45.14010940029409], [-64.83588569394215, 45.14035198834838], [-64.83591299286624, 45.14056760871851], [-64.83591231352035, 45.140585597645426], [-64.8359265008933, 45.14082840835907], [-64.83588898192853, 45.141009003569565], [-64.83585279432938, 45.141188804248785], [-64.83581538714742, 45.141369407964014], [-64.83579250243237, 45.14144830996325], [-64.83578369244073, 45.14149569521579], [-64.83577829562584, 45.141543507561906], [-64.83577651204583, 45.14159131150204], [-64.83577819678297, 45.14163908837246], [-64.83578411420727, 45.141693799447914], [-64.83580558914684, 45.14181868742585], [-64.83582531384405, 45.141898108873114], [-64.83585720267696, 45.14199880022949], [-64.83593530791093, 45.14221451333121], [-64.83598849094236, 45.142363655660674], [-64.83601221333603, 45.14243020287446], [-64.83605900034945, 45.14261939958416], [-64.83606811389134, 45.14265359720508], [-64.83625721547135, 45.14296999733423], [-64.83627561159489, 45.14298679632846], [-64.83643669563702, 45.143130890022704], [-64.83644440252947, 45.14314140692501], [-64.83664029253474, 45.14329240063174], [-64.83671648883715, 45.14332809902042], [-64.83678578863184, 45.14336838839155], [-64.83685769048526, 45.143408595118316], [-64.83691897976345, 45.1434600016311], [-64.83697278494138, 45.14350759580864], [-64.83701339363667, 45.143551602064385], [-64.83703678841816, 45.14359750581225], [-64.83704939590098, 45.14363329394304], [-64.83706198867345, 45.143669105114455], [-64.83706309400226, 45.14370509522482], [-64.8370630087506, 45.14372779844651], [-64.83706140437322, 45.14379580927702], [-64.83706097133475, 45.14379900107718], [-64.83709369790682, 45.14380590150228], [-64.84552899379811, 45.14875901597081], [-64.87155692966758, 45.164031210524115], [-64.871941704024, 45.16386550403571], [-64.87240502135542, 45.16366599206656], [-64.88731921831183, 45.15740926298555], [-64.90893772274782, 45.14833279845499], [-64.93708930083635, 45.136500725932386], [-64.96680745368256, 45.12399458879018], [-65.0000000115544, 45.11000736957106], [-65.00591044595019, 45.10751462685264], [-65.03007598201604, 45.097316119347546], [-65.03647106211852, 45.094615440027624], [-65.03648827937796, 45.09464321807767], [-65.03926316491643, 45.09353086062766]]]}, "properties": {"FED_NUM": 12001, "ED_NAMEE": "Acadie—Annapolis", "ED_NAMEF": "Acadie—Annapolis", "REPORDER": "2023", "SHAPE_Leng": 573273.375133, "SHAPE_Area": 12269951083.8}}, {"type": "Feature", "geometry": {"type": "Polygon", "coordinates": [[[-60.27104754961642, 46.33654317145752], [-60.28333178322712, 46.34073583467297], [-60.291837639935494, 46.34357623857972], [-60.308823357879184, 46.349292197722036], [-60.32587996346134, 46.35505427637382], [-60.3321272494164, 46.35718216205001], [-60.34086506729033, 46.36015729825972], [-60.3330504932702, 46.4132949810107], [-60.332678258311695, 46.41335549707834], [-60.319904610851594, 46.5000635264272], [-60.319903890643246, 46.50006834759956], [-60.3198085056818, 46.50071466104796], [-60.31304829476837, 46.557254291094154], [-60.31088495869605, 46.57531971630891], [-60.31017114838217, 46.58127750839153], [-60.303996390339314, 46.632753448271636], [-60.30285165704931, 46.64228436976764], [-60.3006579269568, 46.6605385634884], [-60.30044121723353, 46.66234121250577], [-60.299996389487696, 46.6717223751034], [-60.29815043298367, 46.71061212271244], [-60.29671082392855, 46.74089760768985], [-60.29627536697908, 46.75005094306907], [-60.29510422645104, 46.774651131362425], [-60.293929759540646, 46.799295590202235], [-60.29338110654896, 46.81080011981818], [-60.29293545239334, 46.820140563225145], [-60.29278335917689, 46.8233274461098], [-60.29048826591434, 46.8815845484607], [-60.29018493605175, 46.889273714239344], [-60.2899159404508, 46.896090585179735], [-60.28975916516702, 46.90006219645857], [-60.28945673980728, 46.90772282486623], [-60.28908221720699, 46.91720537087503], [-60.28882560773726, 46.923701021581195], [-60.28809498463752, 46.94218423457986], [-60.287547967592616, 46.95601363472231], [-60.287431189438145, 46.958965037376856], [-60.28581955336024, 46.99965803251874], [-60.285526096425876, 47.000039997730944], [-60.2855253154694, 47.00004098388683], [-60.236703467715806, 47.06348936131608], [-60.23203584119542, 47.06928465312191], [-60.12560712103816, 47.20098110575883], [-60.119021898391864, 47.218697272801066], [-60.109070519061014, 47.232021707656884], [-60.18338057005161, 47.23508069249902], [-60.2358019840561, 47.20245544820421], [-60.32679347976818, 47.14357556932383], [-60.37221388881489, 47.1145975408667], [-60.415073483313186, 47.0867484435372], [-60.41710385215291, 47.08542788483981], [-60.42602243250066, 47.080189843131684], [-60.4381946070674, 47.073037688362575], [-60.4584792600954, 47.06421519336475], [-60.470624538325005, 47.06279480203851], [-60.472714607592096, 47.062550196155236], [-60.48843640047097, 47.06103417271624], [-60.50000000653052, 47.059917342296664], [-60.54764648231909, 47.055299895048016], [-60.54847958882865, 47.055229920546516], [-60.55069548124998, 47.055043766640495], [-60.55093004996889, 47.05426246900452], [-60.564555535642576, 47.061110741924644], [-60.62005029713498, 47.06024733000935], [-60.69110576560284, 47.00006053341267], [-60.69111748522935, 47.00005059648567], [-60.71621857234544, 46.97873972156554], [-60.71797545170764, 46.97648386752048], [-60.80051570890267, 46.870223435657415], [-60.913837669596234, 46.78374684817182], [-60.91388976521073, 46.783500476839315], [-60.930830466970974, 46.75037465830353], [-60.93114820147764, 46.75006739796383], [-60.93473712053826, 46.74659663375114], [-60.988516250615056, 46.6949976375208], [-60.98905322554956, 46.694481714771456], [-61.00000001677597, 46.68396105100906], [-61.001345302923745, 46.68266770195897], [-61.00461255386229, 46.67952628703836], [-61.02024164982427, 46.66449177629772], [-61.020588453262505, 46.66415803022262], [-61.04389705773962, 46.64291195251522], [-61.0652396274568, 46.60368559932678], [-61.067024949133604, 46.590831934423825], [-61.068053822781216, 46.583421337682466], [-61.071159246864525, 46.56103999525524], [-61.07578044547317, 46.542048966106165], [-61.080324487855435, 46.52336019310618], [-61.07944664883521, 46.51117331473709], [-61.07788055354054, 46.50007276622342], [-61.07787828942363, 46.50005682759552], [-61.11085311584481, 46.50007073208855], [-61.126972680829915, 46.487054365115156], [-61.150911688469115, 46.46770583683393], [-61.17636510762456, 46.44710946418598], [-61.19889714591311, 46.42885656513008], [-61.21897108827136, 46.41320324080525], [-61.26378574229588, 46.37820522459828], [-61.27479267069295, 46.36959831834971], [-61.281576898406705, 46.344198206565736], [-61.29030054014931, 46.31149733097405], [-61.29482909828376, 46.294504143539484], [-61.30003930907243, 46.27480501089788], [-61.30657807939356, 46.2500596733191], [-61.30657966686108, 46.25005365688546], [-61.30662227204757, 46.24989232403098], [-61.307696349796124, 46.25004490978281], [-61.312439077689326, 46.2474667118727], [-61.31985714736077, 46.24379944268572], [-61.335875710775284, 46.235876415246686], [-61.33864312463086, 46.23450705148791], [-61.347609976024565, 46.2300522801284], [-61.34998871256861, 46.22887021671547], [-61.359892043303105, 46.223947723837156], [-61.38149857975863, 46.21362547152276], [-61.3958886428734, 46.207023731479076], [-61.41809430238301, 46.19682852979548], [-61.41979580831947, 46.19604691190108], [-61.42513604692778, 46.193511542540406], [-61.42852001610758, 46.192007089250254], [-61.43709443851902, 46.188194053443695], [-61.44545348801131, 46.183918152215846], [-61.45192579510908, 46.17912598165606], [-61.454900491829875, 46.17644445345806], [-61.459812139283514, 46.172016043454946], [-61.46972098667415, 46.160090025964955], [-61.47512643929568, 46.15170173437224], [-61.47572002118998, 46.15078038856086], [-61.478220286082475, 46.1454299017687], [-61.481436935226526, 46.13741996643179], [-61.4845310153528, 46.12971264667749], [-61.48644052384795, 46.12466802670536], [-61.49043129554161, 46.11412155824579], [-61.49579380740095, 46.10040363751288], [-61.49803143997442, 46.09707998472482], [-61.499996523985544, 46.096182409397066], [-61.49999999979188, 46.096180829979886], [-61.50016020751502, 46.09610763458905], [-61.5042984537769, 46.092327281189284], [-61.51963108408866, 46.08097432523895], [-61.52616736776746, 46.07613217236299], [-61.542390545600476, 46.064262114203785], [-61.55808666530049, 46.051932048536244], [-61.572810991443795, 46.039742520705516], [-61.57699157425939, 46.03641337361427], [-61.57910294301858, 46.024090939053046], [-61.58249691475097, 46.00750883892757], [-61.583668196199625, 46.00007623947535], [-61.583670124359756, 46.00006405259472], [-61.58371908698181, 45.999753370705484], [-61.59346081962533, 45.99950506939209], [-61.60332125780478, 45.99925268164957], [-61.62873072637755, 45.99942106792606], [-61.63897730875943, 46.00007626852736], [-61.65619547108811, 46.000073236792446], [-61.658127709057446, 46.00007268446174], [-61.8741584041641, 45.93746853097772], [-61.8972983371921, 45.93072290454281], [-61.995340633563075, 45.89961760014738], [-61.99888551027138, 45.898490220726956], [-62.00000001280866, 45.89801642473056], [-62.000003780242906, 45.89801482907787], [-62.036336602751575, 45.88255640264468], [-62.07216861614632, 45.866970360481005], [-62.07390678154754, 45.866025582516116], [-62.10139624070733, 45.85107453944009], [-62.118248143114045, 45.838333683551454], [-62.13078753411623, 45.827047437278715], [-62.13283486829817, 45.825324327742614], [-62.13701849555929, 45.82180274868633], [-62.14915124301733, 45.81158602094714], [-62.1580735897384, 45.80406898421372], [-62.165737178284274, 45.79760990390796], [-62.186655402478294, 45.78643205322312], [-62.2252601495103, 45.76577728639175], [-62.23847300900587, 45.758700240271054], [-62.238691450296095, 45.758535742020314], [-62.247374986036704, 45.75000356828761], [-62.2479575025742, 45.7494310633156], [-62.24787176660454, 45.74940595179313], [-62.23525864340272, 45.72206589199716], [-62.233199611579366, 45.71812559560886], [-62.22853121300676, 45.706541194715214], [-62.22411951614408, 45.6968165917782], [-62.219831806383446, 45.685992297176846], [-62.21803733268547, 45.68160061040465], [-62.21292129958586, 45.66956749435967], [-62.21145007446677, 45.66601405810521], [-62.20891117028338, 45.660189938687076], [-62.202045723479976, 45.643859080111774], [-62.201812994065065, 45.643305318966114], [-62.201641168463546, 45.642896427095415], [-62.20006886897872, 45.63915465872229], [-62.19626999081548, 45.63011168029106], [-62.19153446800048, 45.61883422405776], [-62.185506303251984, 45.6060126086349], [-62.18588328380347, 45.60536900332934], [-62.181372061409164, 45.59461455901913], [-62.18040481630452, 45.592308042232794], [-62.177666105207464, 45.585776163224914], [-62.17820696845967, 45.58564898004144], [-62.17668370261014, 45.583564035545606], [-62.17542751486071, 45.5804635432846], [-62.17531259928842, 45.5801798826022], [-62.17508898005825, 45.5796278942371], [-62.17358958899354, 45.577927701238885], [-62.172105043874865, 45.572629587528766], [-62.17099935590783, 45.570035852363084], [-62.170403822733995, 45.56863869349117], [-62.16915993965217, 45.565720255216014], [-62.16836166391052, 45.563847122923605], [-62.16677957508351, 45.56013430473567], [-62.162682084886264, 45.55051589155118], [-62.16070353407928, 45.54587000556712], [-62.155047817186485, 45.53258470107345], [-62.15485095181527, 45.53212206298744], [-62.14833208556549, 45.516799658793936], [-62.14655584934272, 45.512622932247794], [-62.14490065092091, 45.508730144959976], [-62.144045699022875, 45.5067192010562], [-62.14132782004155, 45.50032521976166], [-62.14122569435227, 45.500084927411166], [-62.13954546327266, 45.49613119085158], [-62.13882448944801, 45.49420346429728], [-62.13722652019325, 45.49067337428362], [-62.13090174651606, 45.47621244326725], [-62.1267396579775, 45.46669142572478], [-62.12505310826383, 45.462669168887274], [-62.124258548794124, 45.460859215119896], [-62.119424029366996, 45.449843792136214], [-62.11584646054211, 45.441689018097726], [-62.112336718800044, 45.433686107770036], [-62.10969125416719, 45.427652180694196], [-62.10904896956919, 45.426180111092094], [-62.108236608232446, 45.42431816193739], [-62.10798612295877, 45.42374398122305], [-62.104828529607495, 45.41650516059854], [-62.098430456131254, 45.401830560378215], [-62.096577338213436, 45.39701600628206], [-62.09209944943053, 45.38537803147715], [-62.09143867116107, 45.38366022014], [-62.0908241017646, 45.38362136571608], [-62.089803581909464, 45.38373433050002], [-62.08559318987297, 45.384101958970156], [-62.069430851820485, 45.385986931561945], [-62.0541282955952, 45.38767576458492], [-62.048801078920654, 45.38826304834739], [-62.045776125441584, 45.38859639212118], [-62.04575581366984, 45.388614397051796], [-62.04563730010053, 45.388617812662076], [-62.04528202117636, 45.38864265193807], [-62.0430920024235, 45.3888912356052], [-62.04064732211762, 45.38916132693281], [-62.03876435187871, 45.389368662887044], [-62.03684033934532, 45.389623602062755], [-62.01360064767062, 45.39213544024182], [-62.000239754637576, 45.393576432559534], [-61.97970112340429, 45.39591663721974], [-61.964991140298174, 45.39707177324711], [-61.96272194312919, 45.39732541859295], [-61.94425019441718, 45.39943478938577], [-61.94417507372921, 45.399730926264986], [-61.943823631239944, 45.3997692325221], [-61.94352726888192, 45.39879566970202], [-61.94303068890009, 45.39763100926204], [-61.94271908913604, 45.39722969239153], [-61.942346520774215, 45.39688559441214], [-61.941950599149116, 45.396623892398964], [-61.941666783445704, 45.39650950797549], [-61.94153099985753, 45.396516009902975], [-61.94140450514673, 45.39676110634431], [-61.941469807841905, 45.39700179355321], [-61.94129341853843, 45.39716539751109], [-61.94112488187223, 45.39715880098739], [-61.94054510852883, 45.39665959277001], [-61.94018958434252, 45.3965264948386], [-61.940035184234226, 45.396413205200105], [-61.939915288926976, 45.39622190886795], [-61.93963780680246, 45.3960998164221], [-61.939226085862515, 45.39596449621002], [-61.93905149693918, 45.39582261203024], [-61.93900947666728, 45.39571380438747], [-61.93903628965995, 45.3954490067902], [-61.939401493143976, 45.39517769476816], [-61.93949991187064, 45.39500299801461], [-61.939469013916685, 45.39468429390545], [-61.939308616322656, 45.39436439809548], [-61.93917459986366, 45.39420831084829], [-61.93891739400585, 45.394043408252784], [-61.938692695333714, 45.39410591122119], [-61.93819029469076, 45.394332084628005], [-61.93790170675519, 45.394348402731424], [-61.9377801072635, 45.39431979296409], [-61.93755399755842, 45.394187811925946], [-61.93712050933138, 45.39411510782334], [-61.936969299759255, 45.39403370987169], [-61.936805697844854, 45.39382480965516], [-61.936623303614915, 45.39371039439211], [-61.93648451323676, 45.393685106962906], [-61.93572178906777, 45.3937143927857], [-61.93521948079597, 45.393797699941665], [-61.93459712008637, 45.39383249537391], [-61.93419789815133, 45.39375319740703], [-61.93346510609051, 45.39347810686575], [-61.93318448679862, 45.39332410036285], [-61.9324581784001, 45.39282700507456], [-61.9313994042542, 45.39254299507882], [-61.931098481120934, 45.39243180079681], [-61.93076969712697, 45.39217670235311], [-61.93047991003071, 45.3918556013825], [-61.93006380368953, 45.39156530334618], [-61.92958680128641, 45.39133210015663], [-61.92876650790168, 45.391236013098855], [-61.928362700166915, 45.39114461053026], [-61.928116411821016, 45.39105540268811], [-61.92779060676849, 45.390903602144746], [-61.92696619943541, 45.39029539765419], [-61.926110299556804, 45.390011408642906], [-61.92570190119972, 45.38983640067144], [-61.925329498448455, 45.38956361079137], [-61.925134791276875, 45.38932178668657], [-61.92477699216309, 45.388585297277544], [-61.924236294597016, 45.38823439848213], [-61.924069594401736, 45.38806509897215], [-61.92404808132936, 45.38784200497657], [-61.92409030628098, 45.387736491180746], [-61.92424649351281, 45.38754428683616], [-61.92454308443619, 45.38728620687455], [-61.92453080863184, 45.38715870737909], [-61.92436420397229, 45.38691800956599], [-61.924412984990134, 45.386590494742194], [-61.92425400817606, 45.38646520521516], [-61.92381288300246, 45.38634839731515], [-61.92354480269003, 45.38617900935239], [-61.92311509908623, 45.38563809063516], [-61.92237359380494, 45.384981594670776], [-61.92200769137583, 45.38455829858621], [-61.921624395253076, 45.384281086353084], [-61.92123940515754, 45.384166609704685], [-61.920069011660225, 45.383592197053126], [-61.919637289482, 45.38342819930653], [-61.919013489766726, 45.383079528456236], [-61.918707677665395, 45.38274021943701], [-61.91864059448876, 45.38244399417531], [-61.91868599278949, 45.382299004122615], [-61.918687796736215, 45.38213630312162], [-61.91856959702826, 45.38192530096903], [-61.918520013640745, 45.38170110721263], [-61.9185405973293, 45.38144388502691], [-61.91822301710088, 45.38105030336933], [-61.91813600235217, 45.38087230045421], [-61.91813039522936, 45.38037999046574], [-61.917969923499484, 45.38027439448527], [-61.91730449637355, 45.380005801096864], [-61.91652100828624, 45.379383315029926], [-61.91638450832627, 45.37890959786445], [-61.914913790356216, 45.37808109003179], [-61.91446668987764, 45.37775769313126], [-61.91390581562522, 45.37752100306977], [-61.91369858552155, 45.377366008666456], [-61.913490498787546, 45.37680208695092], [-61.91344218477659, 45.37677239540101], [-61.913381899323845, 45.37647229199223], [-61.913504598578996, 45.37571530256645], [-61.91311889230204, 45.37504910176025], [-61.91252240112452, 45.374624500831885], [-61.91231070527327, 45.374385894241826], [-61.91222689892515, 45.37416829809827], [-61.911995104765246, 45.37382971052845], [-61.911705408009894, 45.37365150271209], [-61.9114937778525, 45.3730972913431], [-61.91311743644561, 45.371110147165034], [-61.91414771722559, 45.36972788190397], [-61.91310406602366, 45.36920330379104], [-61.912455889049234, 45.36900289851955], [-61.912264384415174, 45.36886429922643], [-61.91213688168909, 45.368629006008], [-61.912138804049015, 45.36839500061807], [-61.91241680796124, 45.36808860846974], [-61.91246390937079, 45.36785241322491], [-61.91241278603576, 45.3675765925625], [-61.912141786611585, 45.36744669800039], [-61.91203598833529, 45.36729170701741], [-61.911993407579516, 45.36663130774853], [-61.91205140008402, 45.3663995057139], [-61.911762219257234, 45.3659355965507], [-61.911544890540775, 45.36527610197765], [-61.911389293919676, 45.3651111884538], [-61.91119378389656, 45.364532007440175], [-61.910865400400105, 45.36420540816503], [-61.91069609037379, 45.3637423667173], [-61.910694590970444, 45.363738306567676], [-61.91053581496506, 45.36361289301036], [-61.910445907345554, 45.36333149959719], [-61.90971818185292, 45.362159598525544], [-61.90971843269577, 45.36215863766144], [-61.909777798089664, 45.361908103704025], [-61.90975030803383, 45.36154978984699], [-61.90933618733677, 45.361239691548406], [-61.90913048263336, 45.36120760102524], [-61.908821804783955, 45.361266698857094], [-61.90867690143189, 45.36124899211019], [-61.90770798274891, 45.3609088003679], [-61.907556786607735, 45.360898801707684], [-61.90741639155506, 45.360964597442006], [-61.90723370084501, 45.361207300530936], [-61.907049597551804, 45.3613269080135], [-61.90696454008027, 45.361353519616245], [-61.906009174778575, 45.35861745595151], [-61.906495015958114, 45.35234232646227], [-61.906463582361724, 45.34955387262758], [-61.90632670546939, 45.34051139643317], [-61.90623236863339, 45.338236354258385], [-61.90629195104073, 45.334321095022226], [-61.906270278733835, 45.332396368203135], [-61.90617189000957, 45.32366058127276], [-61.905972340129985, 45.302174929478475], [-61.90606481138081, 45.301853695853396], [-61.906689316958065, 45.301636696763374], [-61.90745107866111, 45.30125060405985], [-61.908162500809965, 45.30121161290752], [-61.908329092863646, 45.30116670230055], [-61.9085924965386, 45.300966986968405], [-61.90871730937049, 45.30081330088943], [-61.90931218498225, 45.30061500694272], [-61.9100880972944, 45.300122287854904], [-61.91015799413061, 45.30016080779891], [-61.91055650404184, 45.300168795772954], [-61.91061559164017, 45.300202891448464], [-61.91086291303943, 45.30034369853059], [-61.9110506117563, 45.30073600969024], [-61.91127679907808, 45.301419509844564], [-61.91136340417172, 45.30181169716263], [-61.9111913796951, 45.302344302206784], [-61.91121608480658, 45.302456394752355], [-61.91187699808627, 45.3029072871828], [-61.912615983518265, 45.30315500410074], [-61.91321988236817, 45.30319499758369], [-61.91380051151635, 45.303174494151826], [-61.914085607554945, 45.30305499304343], [-61.9143752896072, 45.30287609166998], [-61.91474139848195, 45.30272811241971], [-61.915194506141994, 45.302615306745246], [-61.91534240326279, 45.30259339559708], [-61.91565859424895, 45.30243540298632], [-61.915937305728114, 45.302395011227055], [-61.91621149350051, 45.30219969583493], [-61.916216603948, 45.30192611277807], [-61.91628690612798, 45.30175039880253], [-61.91647219990482, 45.3016824942192], [-61.91681778681677, 45.30164860817833], [-61.91759790664205, 45.30145361256528], [-61.91764940698821, 45.30137239620867], [-61.918781609204174, 45.301308956368516], [-61.91963185303627, 45.30125901323534], [-61.92341951874737, 45.301462551879325], [-61.927747794668676, 45.30168740595482], [-61.92801239214437, 45.30175340569087], [-61.9283282952361, 45.30173820383384], [-61.9355301258358, 45.30051339217925], [-61.93558159269304, 45.30044360674667], [-61.93605660052104, 45.30012530014542], [-61.936817985681095, 45.299881807198744], [-61.93709348658887, 45.299880806309936], [-61.938077011549545, 45.30002299153077], [-61.93870300467226, 45.29978598832727], [-61.938903692295206, 45.299805904984055], [-61.939108999424235, 45.29998060544034], [-61.93937671329287, 45.30000709242827], [-61.93981750468193, 45.29969528901038], [-61.94026259731751, 45.299752596866995], [-61.94042440377461, 45.299838409426755], [-61.94115101722595, 45.30010119619926], [-61.94125669094607, 45.30032759094501], [-61.941245699883275, 45.30039458720912], [-61.94130489180016, 45.30042860660301], [-61.94140260217476, 45.30082519497029], [-61.94147878951945, 45.300927398076034], [-61.94170280648445, 45.3010791095294], [-61.941989095155876, 45.30115389737122], [-61.942261511169946, 45.30112111205887], [-61.94248580372163, 45.30098719785302], [-61.94277561453499, 45.300665395801516], [-61.94311841044888, 45.30017119456528], [-61.94327408421032, 45.300050495152995], [-61.943535710797406, 45.2999417898702], [-61.94377699434903, 45.29994739419991], [-61.944095897568836, 45.300106807604024], [-61.9464188947012, 45.299585372005645], [-61.95311353700537, 45.29591501056465], [-61.961481063446115, 45.29164894774086], [-61.96156149503868, 45.291700985771], [-61.96286870390271, 45.29180009282185], [-61.96338528829998, 45.29201880688658], [-61.9640060993417, 45.29234079944016], [-61.96453679912227, 45.29238150489424], [-61.96476349048707, 45.29235873063196], [-61.97306271479217, 45.29672714450218], [-61.979525836660166, 45.300128022132455], [-61.98606159893907, 45.30508377351951], [-61.986148496065816, 45.30535209068441], [-61.98643340554523, 45.30551789842674], [-61.9870748090854, 45.30579691542364], [-61.987580822959565, 45.30586819537319], [-61.98758434275039, 45.30585061328481], [-61.9896260495673, 45.302509380926814], [-61.99066293812534, 45.30081237219031], [-61.99530257315126, 45.29321728558747], [-61.99635179429522, 45.29149934578994], [-61.999123307041465, 45.28691450538907], [-61.99996676560296, 45.28551894037471], [-62.00413463542832, 45.27862184307494], [-62.00493493778248, 45.2772968716515], [-62.00969651848848, 45.26941192668369], [-62.01286449254571, 45.26421474464343], [-62.0129657249902, 45.264057226207484], [-62.012339525208745, 45.26388775740994], [-62.001730918080014, 45.26100570318813], [-62.00133430047702, 45.26088009600608], [-62.00007126078025, 45.2605840141391], [-61.98911627823138, 45.257767492421124], [-61.9802328804669, 45.25529988586712], [-61.97666293834188, 45.254258726393], [-61.97603398040616, 45.254087698207236], [-61.971816634703295, 45.25294072231209], [-61.97104414591082, 45.252730605513875], [-61.96915890091839, 45.25221778538741], [-61.9614825540646, 45.25004524371175], [-61.94990325093151, 45.246766473388845], [-61.946778583415885, 45.24592400627979], [-61.939814697885204, 45.24404589872529], [-61.93634251321513, 45.24309649651342], [-61.931384595711876, 45.24153983081836], [-61.92812507363224, 45.240516197134525], [-61.928128331959854, 45.240510613263865], [-61.92734730410446, 45.24024133918447], [-61.93422423897885, 45.228557562582196], [-61.93478619298581, 45.22767831688363], [-61.93672611165782, 45.224940788552516], [-61.937455508718976, 45.22387753552655], [-61.938187472261426, 45.22268195111764], [-61.928987015952494, 45.21980459791665], [-61.92352342868346, 45.21827282974338], [-61.89958725106375, 45.21167752140616], [-61.89549860879962, 45.21051681419133], [-61.86996363248568, 45.203262434514194], [-61.86670897243837, 45.20234696683023], [-61.864500104408044, 45.20171977913168], [-61.86422700627918, 45.20164224808446], [-61.86378412888579, 45.201509138828875], [-61.85507123953108, 45.19889012625277], [-61.84023823689643, 45.194619578002175], [-61.82927697322987, 45.191461690158], [-61.82290026853165, 45.1896238054961], [-61.81853380402393, 45.187710210171225], [-61.80710464438568, 45.18269974488284], [-61.80232515739777, 45.18060370174754], [-61.79757488214609, 45.17852007353135], [-61.78253384585488, 45.1715351740409], [-61.76785427024368, 45.16471380761347], [-61.743119501629955, 45.15386456685281], [-61.739649835127096, 45.152341761816025], [-61.738543447108476, 45.151882287462435], [-61.73512217969666, 45.15046132975617], [-61.734721647209334, 45.15029494656432], [-61.72751586901587, 45.14730141778537], [-61.726918634449085, 45.14705325646313], [-61.720644160796866, 45.14444577913457], [-61.72006202581259, 45.1442708632814], [-61.717184097593716, 45.14340599089887], [-61.71585899692279, 45.14300772899866], [-61.71267453255563, 45.14195166818609], [-61.708870274274815, 45.14090685720806], [-61.69825445794773, 45.137714278899516], [-61.68102481665714, 45.1323960752997], [-61.64592902427847, 45.12244933538039], [-61.63244818993711, 45.1186239482683], [-61.623725604857704, 45.116220538720334], [-61.58518362391765, 45.105587825437304], [-61.58018262416683, 45.10420665338548], [-61.57743467518174, 45.10347862972312], [-61.552222139393706, 45.096794014411294], [-61.52140195097565, 45.0887635902777], [-61.52138268622552, 45.08875855658216], [-61.50000611445394, 45.10531791114127], [-61.50000000300246, 45.10532264575946], [-61.488093825630024, 45.11453881316125], [-61.46709572291133, 45.13078066428688], [-61.46350315620315, 45.133752016170924], [-61.45129275376509, 45.14384729952819], [-61.45099175198349, 45.14364874527845], [-61.440289325933975, 45.1437054846759], [-61.387234267316785, 45.14396801906334], [-61.373860383818254, 45.14411695069197], [-61.323798110157554, 45.14465680499829], [-61.29673143708966, 45.145392290032845], [-61.278042014818226, 45.14606972911268], [-61.24252716145981, 45.147346257215766], [-61.21713037631235, 45.14788069317971], [-61.21378660434596, 45.14796105072791], [-61.19389807905465, 45.14843644198348], [-61.188278834969985, 45.14929423164244], [-61.17879482873398, 45.15147353718448], [-61.15908046152964, 45.15577013873131], [-61.141869922046034, 45.1596309558192], [-61.124417953100476, 45.163338112270544], [-61.11241626566726, 45.166064154812254], [-61.105076514614304, 45.16816796179529], [-61.09577349277099, 45.17161671470619], [-61.0904861152098, 45.17342975548549], [-61.061376056331696, 45.190668370130915], [-61.02857542651799, 45.20988007896394], [-61.01233616060421, 45.21954599995026], [-61.00421142875514, 45.22428353224178], [-60.999999999322704, 45.226738592244736], [-60.996343409304, 45.22886983046568], [-60.98034400555863, 45.23819123515917], [-60.969383683571586, 45.24708057626725], [-60.9657323034269, 45.25004103460622], [-60.96407736493177, 45.251382675517455], [-60.94876796990238, 45.26257525773421], [-60.946703230133544, 45.264086099603325], [-60.93275560374091, 45.27428850729499], [-60.92818282818172, 45.27763200065543], [-60.922478512079664, 45.286889656862044], [-60.91737555637496, 45.29522455730278], [-60.91433322025343, 45.30162961210481], [-60.910759084499745, 45.30991588992492], [-60.90887832012315, 45.31449155898448], [-60.907131180162935, 45.31874142371004], [-60.901507790626795, 45.33438224738649], [-60.89910916156842, 45.339784068732975], [-60.89837024025047, 45.34376218061497], [-60.89757706443612, 45.3621512831871], [-60.89792600435406, 45.38722692188962], [-60.892247824578426, 45.47411694775126], [-60.89065076692821, 45.49850139627046], [-60.89054699161244, 45.500085044988374], [-60.89003989937586, 45.507822001077585], [-60.815744763780636, 45.50695903185817], [-60.755776359195345, 45.50518518537092], [-60.75592824137347, 45.50529416041504], [-60.75567397298142, 45.50531069111139], [-60.69025493237012, 45.51020293416138], [-60.640469121941514, 45.516623831179295], [-60.607349580386916, 45.51923758051261], [-60.607325858826, 45.51895303384799], [-60.588925941269935, 45.51982101266228], [-60.56050709468966, 45.52509583330369], [-60.53803827528742, 45.52909969196395], [-60.53693823428162, 45.5293602994101], [-60.507557312521925, 45.53631475499416], [-60.50000247426481, 45.53914468822359], [-60.50000001689298, 45.539145600598424], [-60.46165368229047, 45.55349481084891], [-60.37780213957317, 45.58381563533923], [-60.321810839375814, 45.603783006210065], [-60.30902350042283, 45.6102584485969], [-60.268916399789205, 45.62901980657145], [-60.23881720009345, 45.6441569518942], [-60.2156537402786, 45.6560670054243], [-60.19458561267187, 45.665253585047594], [-60.1692074457302, 45.67710019539588], [-60.15027378887296, 45.687098943630765], [-60.14370036945552, 45.69124519569876], [-60.13314081452094, 45.701975845768814], [-60.132312416193294, 45.701779135038414], [-60.130477752381154, 45.70413820212635], [-60.12931449606947, 45.70563381703332], [-60.11824605680407, 45.71933529003105], [-60.098691428754485, 45.74680194606103], [-60.09582640162438, 45.750081310063756], [-60.08923512673901, 45.757623885156214], [-60.077971500329646, 45.768399777305355], [-60.06724797691584, 45.77716736733651], [-60.057797182674214, 45.78299070668888], [-60.03406913153135, 45.7936494786393], [-60.00000226919737, 45.809720948015546], [-59.99999998888817, 45.80972201204902], [-59.99999795773938, 45.80972296909632], [-59.961382829476655, 45.82791205463208], [-59.90308941274892, 45.85521856110046], [-59.894052352301514, 45.85944576322145], [-59.87868838488141, 45.866149792997064], [-59.81667440043171, 45.904107713497176], [-59.79680076869102, 45.91902824886307], [-59.789199046137185, 45.925244745011064], [-59.78563939229123, 45.93074044899311], [-59.78038674334165, 45.94318438462321], [-59.77496516185962, 45.95451163624201], [-59.77104395260414, 45.95996139226125], [-59.76785966237021, 45.9624897902732], [-59.767906821825804, 45.962529555666144], [-59.75902304248987, 45.970602502201764], [-59.75893200165969, 45.975262306780785], [-59.75153259068503, 45.990919667173785], [-59.703268011615805, 45.99033086604126], [-59.69408396296024, 45.98946233906884], [-59.68260964015677, 46.00005865687829], [-59.6826001240582, 46.000067431018586], [-59.671093320615306, 46.01068766209521], [-59.65567810288812, 46.031237362671], [-59.65172658766349, 46.039548925211555], [-59.65215093014933, 46.05911738597177], [-59.658137773838945, 46.08925302560112], [-59.66249462782472, 46.108416394234325], [-59.66250314426649, 46.108427548050145], [-59.67447744769121, 46.12413163247069], [-59.69048635273284, 46.141777459655515], [-59.71164485655097, 46.15612035542915], [-59.72284175835865, 46.1639100473103], [-59.73785342614304, 46.171728296036406], [-59.749109917116925, 46.1757442885134], [-59.75242746070592, 46.17824740656604], [-59.752519153303105, 46.178174642007946], [-59.7604298038292, 46.17189480201314], [-59.76746176631209, 46.16824295187451], [-59.77372041022278, 46.16593306598149], [-59.776502249757506, 46.165771367496404], [-59.77651692949292, 46.16576298494279], [-59.79538309393894, 46.15498955293264], [-59.80564750825621, 46.14914789166337], [-59.84420075068817, 46.127183759359575], [-59.845342232914916, 46.126532886082934], [-59.86631766949287, 46.11788337353626], [-59.87543291069636, 46.1138003063412], [-59.87969487919511, 46.11213153752233], [-59.88331429544529, 46.11136775921115], [-59.883667144187115, 46.10971249231603], [-59.88435290462319, 46.109525711200185], [-59.889290480417294, 46.10818073359482], [-59.89649711889793, 46.10669159027834], [-59.90006790947404, 46.10626686856225], [-59.90304165160505, 46.1059462156001], [-59.90635596778247, 46.10649714707401], [-59.90756759448289, 46.106359387008766], [-59.90884227878184, 46.105852958360614], [-59.90894488240615, 46.10581118792074], [-59.90910400515774, 46.10577992120775], [-59.909355232158035, 46.10575244679532], [-59.90975522637202, 46.10569684535417], [-59.91015653823832, 46.10562433241441], [-59.91043964222994, 46.105625263985544], [-59.91122811291499, 46.105595124787705], [-59.911611345381885, 46.10556785108938], [-59.91185527974931, 46.105519011537595], [-59.912050379800824, 46.1054557396807], [-59.912204123823294, 46.10536023517505], [-59.91245643477366, 46.10525748817877], [-59.91277982068805, 46.10516585030027], [-59.913165828502365, 46.10511564222463], [-59.91352403942659, 46.10510716617432], [-59.91367109626207, 46.105077396469035], [-59.91392810506214, 46.105041314447796], [-59.91406948338069, 46.104966203835325], [-59.914187611578, 46.104849700523495], [-59.914187491927976, 46.104442693751274], [-59.91427042326326, 46.10433209573667], [-59.91446711063261, 46.10422840269505], [-59.91518451183532, 46.10404499171932], [-59.915729400692356, 46.10381909809859], [-59.916039091508836, 46.10377420016944], [-59.91626850515976, 46.10395590597349], [-59.91676909324741, 46.10457710638579], [-59.916879600323625, 46.10465569080867], [-59.91714579363587, 46.104727905331764], [-59.91787320623527, 46.10432961476751], [-59.91830508471806, 46.10418050524947], [-59.91936980913661, 46.10419791105377], [-59.91949619993715, 46.104241505813185], [-59.91959919539349, 46.1043795053883], [-59.919558304431035, 46.105155111475334], [-59.919683906582435, 46.10525061154709], [-59.919919994452314, 46.10528900497419], [-59.92028409624126, 46.1052673977768], [-59.920651616694585, 46.10517420199683], [-59.92109521366535, 46.1049778993451], [-59.921332917543324, 46.10491269531617], [-59.921486100041776, 46.10492610549875], [-59.92162508104885, 46.10500640333832], [-59.921717219130876, 46.10513969960601], [-59.92184948877801, 46.105227601954475], [-59.922115693642276, 46.105299802189094], [-59.92268821614488, 46.10526309633122], [-59.92294859069075, 46.10515529827663], [-59.923046509786936, 46.10506160803936], [-59.92301549234999, 46.10494389837216], [-59.92281370182873, 46.104815911661674], [-59.92264198202302, 46.10458590165149], [-59.92261018997415, 46.104384400319724], [-59.92310901055099, 46.10402400719357], [-59.92363461210069, 46.103768899071994], [-59.92379859019732, 46.103651194167405], [-59.92455189526863, 46.10341008878662], [-59.92486158869345, 46.103365195539276], [-59.92497290687545, 46.10339189921981], [-59.925162990414876, 46.103567208023], [-59.9253246039407, 46.10360501095122], [-59.92616410290413, 46.10345290612711], [-59.926986918097214, 46.10352320027471], [-59.9283272143909, 46.10399229697749], [-59.92850561705205, 46.10407900367126], [-59.92896770442472, 46.10437061105856], [-59.92913440688995, 46.104640194127796], [-59.92930118093682, 46.10518110517574], [-59.92953410625773, 46.1055623940242], [-59.92960444524291, 46.10561437331147], [-59.97833326798148, 46.11684379287365], [-59.99503920412116, 46.118264907330946], [-59.995244522182304, 46.1183216243219], [-59.9953087126112, 46.118331421852965], [-59.99543738413353, 46.118368992615885], [-59.995500606190184, 46.11839677852833], [-59.99565398190366, 46.11848000948785], [-59.99570505270183, 46.11851645736303], [-59.996025654180826, 46.11880062403779], [-59.99607507252991, 46.118844404706344], [-59.996096473653715, 46.118863384684936], [-59.99663180846511, 46.119158275793275], [-59.99706595465705, 46.119362303374956], [-59.99720542610624, 46.119463195302906], [-59.997243574099556, 46.119499294826966], [-59.997281271819666, 46.11954437247785], [-59.99730644585559, 46.11958103229467], [-59.99751974881405, 46.119799974040056], [-59.997964880885085, 46.120111400407055], [-59.99800317486878, 46.12012140898466], [-59.99802809253045, 46.12013915031016], [-59.99810601754071, 46.120158315684144], [-59.99814477930516, 46.12015932376491], [-59.99817017923777, 46.12016809908689], [-59.99832540255125, 46.12017037417909], [-59.99836469531017, 46.120161508252075], [-59.99840348911448, 46.12016252842134], [-59.99844149373259, 46.120153606234936], [-59.99846784424444, 46.12014531293458], [-59.998507636617724, 46.12012745870499], [-59.99857329731445, 46.12011027709758], [-59.99859880973275, 46.12009294937162], [-59.99861173513533, 46.12009329682142], [-59.99876292682508, 46.12000731793239], [-59.998782685635916, 46.11999608005901], [-59.998809521102025, 46.11997876395555], [-59.998848039564606, 46.11996088784217], [-59.99887435785424, 46.11995258223365], [-59.99890117571706, 46.11993528838089], [-59.99901779765333, 46.11990954368438], [-59.99904361632694, 46.119910226265304], [-59.9990829582829, 46.119901349963314], [-60.00020819096701, 46.11991652530922], [-60.00024748312302, 46.119907658583166], [-60.0002733513863, 46.119908330739875], [-60.00031264352195, 46.11989946398615], [-60.00033770541859, 46.11989111395651], [-60.00037699752605, 46.1198822471758], [-60.000403347513306, 46.11987395332762], [-60.00043021351357, 46.119855751086405], [-60.00046947432918, 46.11984776993875], [-60.00052188382081, 46.11981225163634], [-60.00053450200474, 46.119794588410834], [-60.00056136790281, 46.119776386137374], [-60.00057448530167, 46.119749734670286], [-60.00060130237678, 46.1197324403343], [-60.000615194123, 46.119714798827424], [-60.00062836024983, 46.11968723941424], [-60.00081513934029, 46.11946532282751], [-60.00084248656599, 46.1194381545441], [-60.000868015247455, 46.11942080396114], [-60.000895331180104, 46.11939452133701], [-60.000933848290884, 46.119376644390606], [-60.000960664999276, 46.119359349977266], [-60.00100045565926, 46.11934149472416], [-60.00103971591551, 46.11933351334956], [-60.001078232914814, 46.119315636347096], [-60.00123409458592, 46.11928192976257], [-60.001363415000405, 46.11928351561017], [-60.00140225686609, 46.11928362655939], [-60.00145394312777, 46.1192849802864], [-60.001531916877155, 46.1193032347262], [-60.00157021096823, 46.11931324177531], [-60.00209868490475, 46.119400917522334], [-60.00252205255055, 46.11954165323725], [-60.00257282225364, 46.1195600870674], [-60.002636534821875, 46.11957884547612], [-60.002687803425005, 46.119588291001584], [-60.00275322221993, 46.11959901300266], [-60.00280449087139, 46.11960845846356], [-60.00298556221014, 46.119610521481675], [-60.003050721664025, 46.11960232494466], [-60.00310168218718, 46.11959375986013], [-60.003166841594854, 46.119585563240996], [-60.003192660143306, 46.11958624464982], [-60.0032060841381, 46.11957760320319], [-60.00323195225327, 46.11957827452219], [-60.003258318216574, 46.11956905971966], [-60.003271243502596, 46.11956940651024], [-60.00329759276081, 46.119561111839566], [-60.00332316927334, 46.11954285261573], [-60.00334951850598, 46.11953455793107], [-60.003376383087605, 46.11951635485132], [-60.00338900004725, 46.11949869125475], [-60.00341581586965, 46.11948139611244], [-60.00342970641448, 46.11946375419736], [-60.00344187340367, 46.119454170894066], [-60.00344282199233, 46.11943710235515], [-60.00345676123277, 46.11941855249341], [-60.00345693400665, 46.11939157616543], [-60.003470824506856, 46.11937393425097], [-60.003471323154805, 46.1193649460113], [-60.00345808958786, 46.11934658889104], [-60.00345953596748, 46.119319634255326], [-60.003449077169705, 46.11920235894954], [-60.00345347410313, 46.119049453162965], [-60.00348258318348, 46.11894220591043], [-60.0035095889101, 46.118897912237124], [-60.003890906700846, 46.11819145368602], [-60.003903523077085, 46.11817379012009], [-60.00391789402242, 46.11814718231166], [-60.00397031626781, 46.11811164002057], [-60.00398420616133, 46.11809399812621], [-60.00400974732815, 46.11807668123887], [-60.004036112234346, 46.118067466272215], [-60.00406292693606, 46.11805017104766], [-60.004102266230284, 46.118041292658496], [-60.00412730882105, 46.118032963933054], [-60.00415412346623, 46.11801566868437], [-60.004192964225574, 46.11801577844789], [-60.00421928035419, 46.11800747137166], [-60.00425857001026, 46.11799860299607], [-60.00438791881233, 46.118000196754615], [-60.004645138799894, 46.11803032602757], [-60.004697164561904, 46.1180497003618], [-60.004747435085086, 46.11807712106121], [-60.004786118435945, 46.11810424122041], [-60.00483634038568, 46.11813256981903], [-60.00487499180803, 46.1181596777514], [-60.00491314493617, 46.11819577387216], [-60.005125153251406, 46.11848665989554], [-60.00534979785834, 46.11875985970911], [-60.005602596695795, 46.119014911726495], [-60.00629778490283, 46.1196091772291], [-60.00671496112939, 46.11998375214779], [-60.006904560045434, 46.120139025808434], [-60.007333930379644, 46.12050399268067], [-60.00743491331171, 46.12062274924589], [-60.007522505318036, 46.12075016008156], [-60.00759541724896, 46.12088527127032], [-60.00771656692213, 46.12122956931615], [-60.00771606911588, 46.12123855765171], [-60.007728079986045, 46.12125598472665], [-60.00772758218181, 46.12126497306329], [-60.00774133343351, 46.12127431910512], [-60.00775326365463, 46.121292641940165], [-60.00775276585511, 46.12130163027838], [-60.00781629546908, 46.12134738405892], [-60.007841666907176, 46.121357042420115], [-60.00785417563881, 46.121365481145915], [-60.00786710148585, 46.12136582728976], [-60.00789372907671, 46.1213755295361], [-60.00790667246404, 46.12137585339817], [-60.00791914917871, 46.121384279920896], [-60.00799673843149, 46.12138541427445], [-60.00803503578778, 46.12139541870733], [-60.008060438392185, 46.12140419132985], [-60.008112159370164, 46.12140555350166], [-60.00816343125988, 46.12141499603281], [-60.00829275815869, 46.12141657209791], [-60.00833208206106, 46.121407714035946], [-60.008384268689205, 46.121400075513634], [-60.00846285329443, 46.12138323278114], [-60.00934711619889, 46.12118767486917], [-60.010767076846435, 46.12082793281478], [-60.012159303491536, 46.12054933857952], [-60.01333071458627, 46.12028566860489], [-60.01357858960084, 46.12022553082784], [-60.01381268077382, 46.12015693298995], [-60.0140486043669, 46.12007849430048], [-60.01427122284652, 46.11998262965425], [-60.014480123180455, 46.11987737498118], [-60.014677881588334, 46.11976284238294], [-60.01487574179402, 46.11962220652121], [-60.01503276879139, 46.11954260324767], [-60.015190573661144, 46.119472907426996], [-60.015359533518264, 46.11941252322477], [-60.015529301270256, 46.11936026287207], [-60.01571151530055, 46.11931731327483], [-60.01589452207213, 46.119284305472924], [-60.01607577530001, 46.11925934396131], [-60.01627074871041, 46.11924371457847], [-60.01791579304259, 46.119148071468715], [-60.018811325556285, 46.11907876612615], [-60.01948416966342, 46.11903422788267], [-60.01975576764672, 46.11903770443655], [-60.020014787524715, 46.11905885823048], [-60.0209437979247, 46.11916050605637], [-60.02150044804392, 46.11915881776761], [-60.02221257769814, 46.11910538359666], [-60.023468185207726, 46.11910301324952], [-60.02481393826071, 46.11908498719071], [-60.025588695242845, 46.11916636883635], [-60.02563392791196, 46.11917660086113], [-60.026346978296, 46.11933821754635], [-60.02651474216383, 46.11937937391186], [-60.026581497509284, 46.11936595113379], [-60.026861484615274, 46.11945425703857], [-60.02802133773314, 46.11954742063605], [-60.028839959777684, 46.119487725264776], [-60.029174568133165, 46.11952341986457], [-60.02977491168739, 46.11943105330641], [-60.03227860157567, 46.11932512152547], [-60.03260076122629, 46.11935149476046], [-60.03458215503462, 46.11933095294382], [-60.036221703110265, 46.119409496621124], [-60.03757699881265, 46.120200697812926], [-60.039325759189, 46.12162313513612], [-60.03974701209323, 46.121733059048935], [-60.04019988293455, 46.121735809848616], [-60.041689859516346, 46.12122536368596], [-60.04196177180261, 46.121223417708194], [-60.04465394962909, 46.121950154506614], [-60.04570473896466, 46.12214833554429], [-60.046848897875606, 46.12229493328056], [-60.04883705892803, 46.12239133353182], [-60.04996972612739, 46.12251059631048], [-60.05127667728245, 46.12276035916008], [-60.05200960890601, 46.123094300294014], [-60.05287031552376, 46.12394456697129], [-60.05321918635802, 46.124196584513484], [-60.05418767022078, 46.12472558417504], [-60.05518729484642, 46.12491337836756], [-60.05602848185056, 46.12491706268391], [-60.05729145894023, 46.12477868947921], [-60.06006343764949, 46.124013018422396], [-60.06056564955708, 46.123818950981644], [-60.06136717232545, 46.12335352814577], [-60.06225520718527, 46.12296235369243], [-60.06260804975106, 46.122899409539585], [-60.06454460883484, 46.12299421836735], [-60.06490413611245, 46.12304845877466], [-60.06509948475363, 46.123026472491624], [-60.065602636819406, 46.12305739361048], [-60.0694560195733, 46.123372358789865], [-60.07171568022616, 46.12323228594437], [-60.07245771348663, 46.12315231247185], [-60.073026960197254, 46.123157911558756], [-60.07531264030972, 46.12350446893651], [-60.075726764990804, 46.12350606846958], [-60.07774080881013, 46.12335959976699], [-60.07831669643332, 46.12323933092118], [-60.078949147170874, 46.12327351817421], [-60.07970124533803, 46.12324774467886], [-60.08075648175809, 46.12336473633281], [-60.08134395949079, 46.123514756127776], [-60.08232162662647, 46.12362973754256], [-60.0888216991279, 46.12358859997113], [-60.089156833055995, 46.12361513147793], [-60.090922409690656, 46.12351611907986], [-60.092204062404214, 46.12351274831961], [-60.09261533635194, 46.12356821682393], [-60.09602611082548, 46.12369099799555], [-60.096805961934685, 46.12362981787624], [-60.09961104202915, 46.12370110120006], [-60.100882400860726, 46.12340035888695], [-60.10272976260839, 46.123222226576324], [-60.103448274274776, 46.12309644840699], [-60.10435907677435, 46.122759525232354], [-60.10493745693587, 46.12283718169474], [-60.105497768272684, 46.12301339453752], [-60.10609165883732, 46.123289469072105], [-60.10664279347947, 46.123393429388514], [-60.10706022671198, 46.12333200903321], [-60.10941948415959, 46.12277070415239], [-60.109666994626906, 46.12274096094728], [-60.11014196451135, 46.12281598711563], [-60.11058122976292, 46.123079119624094], [-60.11125760005687, 46.12355790251705], [-60.11148464014907, 46.12367164844737], [-60.11202565765613, 46.12372134351467], [-60.113049918894696, 46.12367674774255], [-60.11359555008408, 46.12365323448664], [-60.1149009055901, 46.12320080991936], [-60.11510661173566, 46.122981127548826], [-60.116067137859915, 46.12293377492962], [-60.11696087923137, 46.123172763255305], [-60.119176405401895, 46.123139599710605], [-60.11970199111622, 46.12373828853418], [-60.12002923864326, 46.12391772924078], [-60.12087926979846, 46.124002531191586], [-60.12106576305421, 46.124151346894436], [-60.12114865715024, 46.124549731603935], [-60.1217072406722, 46.124762066235455], [-60.12193623229361, 46.124738776755436], [-60.12418279402784, 46.118979304343945], [-60.13210769780675, 46.112461508008025], [-60.132771046989134, 46.111854986470526], [-60.13348219802973, 46.11120472466995], [-60.13400529431468, 46.11072638542483], [-60.14099070319399, 46.10488280774179], [-60.14116739430163, 46.10473872014935], [-60.14845715536422, 46.09879274999657], [-60.14878170343912, 46.09852798846807], [-60.15070232496848, 46.09696136673456], [-60.151201018324, 46.09655451720061], [-60.15126030664322, 46.096506167514235], [-60.15135320012151, 46.096430387253214], [-60.15392906871482, 46.09432895895071], [-60.16555880389664, 46.08483819940895], [-60.171622883057395, 46.07989227598951], [-60.17810124436679, 46.074606897077004], [-60.182336381195555, 46.07115080585163], [-60.187898869846904, 46.06660601115513], [-60.1916097822502, 46.063573356462385], [-60.19909268560769, 46.05745650450367], [-60.198932491960036, 46.054575554870084], [-60.19891422236265, 46.0542476027365], [-60.19877459065517, 46.051736706517445], [-60.19871400538484, 46.05064719814996], [-60.20060484798877, 46.0504285826741], [-60.20499808369757, 46.04992050542699], [-60.20598967665849, 46.04967510441127], [-60.2152181103132, 46.041769992326635], [-60.21856790926644, 46.04133849438162], [-60.24633070187052, 46.01827369113091], [-60.25722658141689, 46.009334737233985], [-60.261039790105485, 46.00620530454392], [-60.263888342871134, 46.00378923271589], [-60.26835499695662, 45.99999998551324], [-60.27460139787465, 45.99477520719035], [-60.280859992814996, 45.99999998427847], [-60.28182858772797, 46.000837336366274], [-60.29538360255935, 46.01255108685697], [-60.30401738940073, 46.01702349809764], [-60.30574378960222, 46.01781579004859], [-60.30851652119557, 46.0188514941836], [-60.31249698002257, 46.02033810283568], [-60.312680112245516, 46.02846939875358], [-60.318063313701764, 46.03609600627371], [-60.322051690869905, 46.04123099601554], [-60.32662115685029, 46.04558181860213], [-60.329524899720994, 46.048346085626434], [-60.3332147484884, 46.05277176386536], [-60.333215500472726, 46.052865794315025], [-60.333405610993374, 46.05324739614397], [-60.333340382585504, 46.05351080284286], [-60.33307510169962, 46.05357549349791], [-60.33291472180955, 46.05367399681375], [-60.33280579660387, 46.05391898884728], [-60.33219660400667, 46.05403590619412], [-60.33229569443898, 46.05426490044802], [-60.33230988648436, 46.05443710423375], [-60.33180510310427, 46.0546396917422], [-60.33163680654716, 46.05461020609143], [-60.330914607687134, 46.055250992955614], [-60.330734477324, 46.05566340338556], [-60.33031739991154, 46.05585098773534], [-60.330228979988654, 46.05596960468354], [-60.32981721018253, 46.05601399994329], [-60.329751382917124, 46.056038107870336], [-60.32967627761645, 46.056141504985014], [-60.32954459726352, 46.05618991317252], [-60.329411280901006, 46.0561544024367], [-60.32934849844842, 46.056055106739116], [-60.329037914445244, 46.056017497527], [-60.32880861683673, 46.05626369799287], [-60.32877480282339, 46.05640530349569], [-60.32860851402502, 46.05640780145026], [-60.32824759928912, 46.05635940532765], [-60.32808752276048, 46.0564060956748], [-60.32802130031062, 46.056482097413884], [-60.32809741754979, 46.05656609595557], [-60.328088107186176, 46.056645316380454], [-60.32786569399143, 46.05683210910635], [-60.32775159640824, 46.05687741032592], [-60.32733260520416, 46.0566900928983], [-60.327227407436816, 46.05670809045241], [-60.32719991291474, 46.056893903058686], [-60.326772400108204, 46.057316209916685], [-60.326298607114765, 46.05744871565515], [-60.325999191302635, 46.05770678792932], [-60.32605270374831, 46.05788529703729], [-60.32600747593451, 46.05802509024849], [-60.32516204724128, 46.05826830306825], [-60.32488967461173, 46.05837422058472], [-60.32464839448419, 46.058454957301535], [-60.32446180920107, 46.058493480793196], [-60.32436140655995, 46.05854873061783], [-60.32388236170515, 46.05881238478677], [-60.32289972190378, 46.05939366390966], [-60.32136027061398, 46.06071748064579], [-60.32041501229815, 46.06142057880144], [-60.31974155455198, 46.061888279657026], [-60.31881233207064, 46.06225926630667], [-60.317308591367635, 46.06287113458223], [-60.31677602296944, 46.06308783796274], [-60.31673566712887, 46.06311409093325], [-60.316734646739484, 46.06311497676222], [-60.31585437211122, 46.06368776720058], [-60.31564465637058, 46.06382427026921], [-60.315297421743175, 46.06405028123281], [-60.31373635586776, 46.06492019898755], [-60.3126800446249, 46.065434005866756], [-60.311958536109, 46.06578490224777], [-60.31123861021463, 46.06631189578104], [-60.310460725174664, 46.067139710566586], [-60.3098677318662, 46.06773015356074], [-60.309276330088295, 46.06829036569434], [-60.308338144902834, 46.068842421002714], [-60.30573512398206, 46.06971782520027], [-60.30275491487474, 46.07031235098834], [-60.301156115209444, 46.071060249794975], [-60.29980267970459, 46.07177155147568], [-60.297765874043584, 46.072599672316905], [-60.29511766135634, 46.0735040019076], [-60.29129717886074, 46.07441063912914], [-60.289708147548225, 46.07512569113198], [-60.28948205177653, 46.075366758445455], [-60.28922182093906, 46.075645173997515], [-60.2890633757375, 46.07573689810472], [-60.28898459214172, 46.075751810879474], [-60.2887780265857, 46.07577454094235], [-60.28870433045608, 46.07578265073787], [-60.287926989764124, 46.075871854829735], [-60.28776640974106, 46.07583230625389], [-60.287112148586, 46.07567122305862], [-60.287091488201405, 46.07564168879242], [-60.28674721005499, 46.07514880841002], [-60.28698613837098, 46.07470120014134], [-60.287048655564654, 46.07430980702951], [-60.287020196811106, 46.07400698478979], [-60.2867329444381, 46.07366777493898], [-60.28627541958615, 46.073264013408014], [-60.285849233676586, 46.07310276457315], [-60.285205796327475, 46.07299274559187], [-60.28442453083618, 46.07301905809479], [-60.283870038442885, 46.0731094529219], [-60.28355314126888, 46.07328947194159], [-60.283104183486735, 46.0736876203742], [-60.283010948748604, 46.07374822067911], [-60.282964368217556, 46.07375944632878], [-60.28287341788115, 46.07378140287312], [-60.282439979075804, 46.073885764883606], [-60.2818461979988, 46.07375084278758], [-60.2813306414714, 46.07358942108808], [-60.2807192680253, 46.07357281204311], [-60.280160896244446, 46.07386613080171], [-60.27971643463558, 46.07437776335667], [-60.27951808240402, 46.07467199976261], [-60.2792167373027, 46.07484185338112], [-60.278831610382255, 46.07488775248518], [-60.278196794781486, 46.07497064690838], [-60.277764664579166, 46.0750617138696], [-60.277409254436805, 46.07519243073856], [-60.27713046196436, 46.075461672959], [-60.27696772606905, 46.07571973164542], [-60.276665983664216, 46.076558668617096], [-60.276283502894536, 46.077274742991825], [-60.27624501506965, 46.07732826794959], [-60.27577102266247, 46.07798779617868], [-60.275222458089125, 46.07854893550365], [-60.27398181188921, 46.079063240257284], [-60.27184392470942, 46.079284197661124], [-60.27023231911199, 46.07939672457959], [-60.2690393569888, 46.07982157054185], [-60.2681305727892, 46.080645885587785], [-60.267024379522425, 46.08194909841371], [-60.26563819684284, 46.0838634973869], [-60.26479884843638, 46.085022641532646], [-60.26357585409438, 46.08605100481184], [-60.261534886987036, 46.086938885721096], [-60.26086590538334, 46.08728187278592], [-60.25855048136263, 46.08846884278168], [-60.257511884902016, 46.089206311831056], [-60.25661549242217, 46.08984278901664], [-60.25336118929345, 46.09190279905981], [-60.25283641337014, 46.09223495244893], [-60.252733268708816, 46.09230025232608], [-60.25210792144117, 46.0935242413087], [-60.25209874988156, 46.094062259935384], [-60.25209665575591, 46.094185140082594], [-60.252085320509956, 46.094853265596214], [-60.25197365155531, 46.09513201376991], [-60.251777647823545, 46.095623562513616], [-60.25173262102059, 46.09572183466147], [-60.25172709900194, 46.09573445492317], [-60.25166982520822, 46.09586600697241], [-60.25161253032554, 46.09599833122218], [-60.251341806508904, 46.09670903009747], [-60.25089140194365, 46.097370989563885], [-60.25050958964061, 46.09793219060963], [-60.25045173701735, 46.09801718899658], [-60.25023340443343, 46.098191037076695], [-60.249457015865225, 46.09880922292758], [-60.24813335568438, 46.09923062610835], [-60.24567488355525, 46.10048906302118], [-60.24557750119248, 46.10053889121791], [-60.24537077581098, 46.10064472255546], [-60.244777586568226, 46.10090982510167], [-60.24421592384068, 46.10116085391434], [-60.24359711498697, 46.10131603153697], [-60.24348724495575, 46.10134357961335], [-60.24333651773075, 46.101381389342485], [-60.24325049072149, 46.101451046898546], [-60.24281889084126, 46.10180083366229], [-60.242793390224385, 46.10182154371089], [-60.242821438851564, 46.102038272303204], [-60.2428870210064, 46.102299794042956], [-60.243411708156216, 46.10287103955535], [-60.24357568666786, 46.103116858421785], [-60.24368429703768, 46.103335103512954], [-60.2437464389127, 46.103575967621275], [-60.24355412148271, 46.10387792577901], [-60.24316585129439, 46.10416613112954], [-60.24279104391361, 46.10439389219446], [-60.24192575718765, 46.10482510952265], [-60.24122365175677, 46.10498548899096], [-60.24085701918202, 46.10494778061325], [-60.24002986318125, 46.10498828314583], [-60.23957406190722, 46.10501806123536], [-60.23867927153864, 46.10507650382153], [-60.23775702123071, 46.10486285773365], [-60.23619395926396, 46.10485528179074], [-60.234723412295985, 46.10560544899189], [-60.23421066379001, 46.106190949056526], [-60.233894225787495, 46.10655229891284], [-60.23360943443506, 46.106809270451436], [-60.233841459325674, 46.10694322373681], [-60.23409071433511, 46.10708709105385], [-60.23419009152299, 46.10714440520645], [-60.23423920631309, 46.10717259996143], [-60.235145183073165, 46.10768600058014], [-60.23672839734897, 46.10860369071488], [-60.238503902182224, 46.10958629217908], [-60.23900260683788, 46.109861110025186], [-60.24013968356921, 46.11052250819807], [-60.24047019689359, 46.110714699107206], [-60.240575982679815, 46.11077259969772], [-60.240676806389814, 46.11082770256453], [-60.24073719470108, 46.110862486695254], [-60.2407377668596, 46.11086281822785], [-60.24302528073622, 46.1121553062784], [-60.24306279910853, 46.112182294318316], [-60.24315321190804, 46.112237594932836], [-60.24483929310737, 46.113173895127055], [-60.245795552555784, 46.11363414419097], [-60.247106157401696, 46.11431744742932], [-60.24932004764752, 46.11544438517138], [-60.25738893036646, 46.1198701450236], [-60.26246052964149, 46.12262581601669], [-60.262890411129945, 46.12284802375328], [-60.2636874926642, 46.12326894012803], [-60.264819900652775, 46.12403698030336], [-60.266681180211584, 46.12530435022997], [-60.26753201282173, 46.12587535237251], [-60.2695159238187, 46.12723124986508], [-60.26995325727126, 46.127521349911234], [-60.27689644694359, 46.132125988222974], [-60.281322794314804, 46.13518460835963], [-60.28330940654676, 46.13638769404929], [-60.285146217115205, 46.13724002492841], [-60.28945467263147, 46.13896958696202], [-60.29600654672321, 46.14165257061879], [-60.29825847192841, 46.14254039337618], [-60.29965438233146, 46.14312638744056], [-60.300726705037405, 46.143635788524], [-60.302344303897286, 46.14426529709435], [-60.30393569848558, 46.14490228713152], [-60.30502679768415, 46.14533670675944], [-60.30544939102763, 46.145539309975675], [-60.305845181385834, 46.14575920398089], [-60.30621650008122, 46.14600561310557], [-60.30627631888587, 46.146052901935875], [-60.30653342846739, 46.146251597461955], [-60.306534596190524, 46.14625249894738], [-60.30673770297186, 46.14641660607398], [-60.306749001192784, 46.14642498728261], [-60.30683989938169, 46.14649820809501], [-60.30692779417623, 46.146580407109035], [-60.30739728604693, 46.147071200264904], [-60.3077872868376, 46.14759700486352], [-60.30844318890449, 46.14898949814887], [-60.30850700493145, 46.14917902584265], [-60.3086864001731, 46.14971170878773], [-60.30879649867549, 46.15000321273667], [-60.308809104327004, 46.150036807577926], [-60.30939549331829, 46.151662601689196], [-60.3094763922423, 46.151889486326475], [-60.30951728501828, 46.1520056946775], [-60.30955288650234, 46.15211231665652], [-60.309589694707356, 46.15222251174901], [-60.30962739128277, 46.152324203307685], [-60.30974900918289, 46.152646608926425], [-60.310067610153396, 46.15349559949201], [-60.31024971157809, 46.15403729381442], [-60.31042420574918, 46.15494861015633], [-60.310577716964126, 46.15623659274453], [-60.310708803635116, 46.157371908797224], [-60.31074190834285, 46.15762379033845], [-60.31084089704043, 46.158434390927994], [-60.31096358920552, 46.15939860666008], [-60.31111621176408, 46.16073149650863], [-60.31129250130024, 46.162164010365096], [-60.31144690072355, 46.163380892048316], [-60.31160450464568, 46.16448001519536], [-60.31176961650838, 46.16582229521395], [-60.31179710508712, 46.16605601022358], [-60.31180268193804, 46.16610120023571], [-60.311848612373126, 46.16640830944922], [-60.311848495353345, 46.16641011392785], [-60.311848099532284, 46.1664171857204], [-60.31185071642778, 46.16644520392663], [-60.3119208904939, 46.16723620305853], [-60.31198423614018, 46.16780330770172], [-60.31209497991669, 46.16879470436562], [-60.31221458490332, 46.16982169759536], [-60.31224330713088, 46.170031212559444], [-60.31225130026943, 46.17009929147474], [-60.312325309051175, 46.170686612740695], [-60.312357911327, 46.17100150814383], [-60.31235119506032, 46.171325303389374], [-60.31231899917469, 46.17164050037627], [-60.31224670157098, 46.171954714054834], [-60.31199749139623, 46.17268059829818], [-60.31146940716644, 46.173756253499576], [-60.31145671423748, 46.17378209738032], [-60.31088731795421, 46.17493699852929], [-60.310819654871295, 46.17507720536273], [-60.30940989651633, 46.177998294830246], [-60.30831108364738, 46.18028109781672], [-60.30764532319124, 46.18169279669059], [-60.307637191357294, 46.18170990110258], [-60.30762450505323, 46.18173690495642], [-60.30756971101868, 46.18185310357971], [-60.30685842124012, 46.18336099538336], [-60.30646569156974, 46.1841312057883], [-60.3061900384745, 46.18467931535985], [-60.30612839209039, 46.18480189556269], [-60.305844287846284, 46.185338800677215], [-60.30548341021997, 46.18585680663934], [-60.3050706177823, 46.18634749519633], [-60.304330404724936, 46.18704201138208], [-60.303512891934105, 46.18769949247116], [-60.30371085591342, 46.18783231392648], [-60.31018361698735, 46.19217347993501], [-60.310674006446774, 46.19250233565754], [-60.31118022992769, 46.192879514128734], [-60.31183751210421, 46.19336927420895], [-60.31230766419598, 46.193717023864785], [-60.31231641218501, 46.19372351826529], [-60.31739832085823, 46.19749759581046], [-60.31757740481505, 46.19759900278713], [-60.31775621032557, 46.19770850787118], [-60.31790890985717, 46.19781831254477], [-60.31806218886931, 46.19794520331005], [-60.31963201183031, 46.19908640353874], [-60.320832799021765, 46.20000739360065], [-60.32088028971366, 46.20004360651308], [-60.32162020436482, 46.200609104362], [-60.32276194438634, 46.20145119044134], [-60.32275598783404, 46.20145360314265], [-60.322132288476205, 46.20177330144924], [-60.32173301357315, 46.202041899216404], [-60.32133058907304, 46.20243400958466], [-60.32110668423956, 46.20272450021534], [-60.32085561181492, 46.203149094634185], [-60.32052542061396, 46.20390439592915], [-60.320093306863654, 46.204450411406796], [-60.31960899532524, 46.205244791115526], [-60.31963949127757, 46.205912787852206], [-60.31981919054231, 46.206290094592575], [-60.319809498742956, 46.20642120504101], [-60.3199559216339, 46.206674280499065], [-60.31997659026934, 46.20671000632866], [-60.32031731359897, 46.206988700173206], [-60.320662913722224, 46.20751899668929], [-60.32079338052503, 46.20802110555466], [-60.321190092244215, 46.208458607677514], [-60.321273293824945, 46.20882640683339], [-60.32242148766486, 46.20949302670353], [-60.31044964856789, 46.23359630777002], [-60.307978864695016, 46.23856765218028], [-60.30651700546214, 46.24150849675313], [-60.30616855033181, 46.24220942146941], [-60.30333502949282, 46.24474843174059], [-60.29752614265511, 46.25001559065596], [-60.297515116199946, 46.25002560747237], [-60.294658465375335, 46.25228870345268], [-60.29464467167112, 46.25263349928942], [-60.29541938769258, 46.25362154004771], [-60.29604814157235, 46.25415675551743], [-60.29599228112767, 46.254761949218114], [-60.29543529233384, 46.25517891197967], [-60.294780600572956, 46.255543103178816], [-60.29472918785371, 46.25605363196145], [-60.29527063624601, 46.25654607985973], [-60.29628821258923, 46.25700781609411], [-60.29726490752058, 46.25789850621193], [-60.29730327308766, 46.258262491972246], [-60.297367554012915, 46.258872422171294], [-60.29689157493819, 46.259965684227026], [-60.29634072418057, 46.260571468609854], [-60.29509481039274, 46.26116151202042], [-60.29389053960016, 46.26194382615287], [-60.29370464991449, 46.26273455019827], [-60.294410336619215, 46.26397243678598], [-60.29459981745991, 46.264904168253445], [-60.29370309962915, 46.26591430303606], [-60.29424542684808, 46.26701600673507], [-60.29490600102406, 46.26831178603345], [-60.29473013216051, 46.26982211633347], [-60.29483985214943, 46.27072760117632], [-60.29536185320897, 46.27179003792134], [-60.29654970817705, 46.27325875786073], [-60.2977413596851, 46.27423179563374], [-60.29849268191439, 46.2751367066945], [-60.29947173168748, 46.276152657879585], [-60.301058667778904, 46.278736873140524], [-60.30186848483281, 46.280454073949926], [-60.301575127184336, 46.28172160597078], [-60.30006325413605, 46.282503320023686], [-60.29969347156899, 46.28289556034426], [-60.29922567593416, 46.28299202991126], [-60.29847601610157, 46.283504558114295], [-60.29770929041651, 46.28402871455904], [-60.2956755664066, 46.28587831756621], [-60.29352026848509, 46.28833564099627], [-60.29155193278214, 46.28944767871594], [-60.28994410717157, 46.289143358480885], [-60.28769105083727, 46.289093626380385], [-60.28648818553549, 46.28980907853316], [-60.28524693760734, 46.29133398548336], [-60.285209958373315, 46.29334557490674], [-60.285950094950124, 46.29417281587988], [-60.28764578995965, 46.29662906365302], [-60.28648793428041, 46.299884777827245], [-60.28602794023886, 46.303057804930084], [-60.28567086527615, 46.30745702103016], [-60.28519046327533, 46.30933970044655], [-60.28522862026161, 46.30940608794659], [-60.286176316486774, 46.31118301212917], [-60.28418836145244, 46.31440630044572], [-60.282660042474475, 46.31688406740267], [-60.277593429293326, 46.32564305749769], [-60.27104754961642, 46.33654317145752]]]}, "properties": {"FED_NUM": 12002, "ED_NAMEE": "Cape Breton—Canso—Antigonish", "ED_NAMEF": "Cape Breton—Canso—Antigonish", "REPORDER": "2023", "SHAPE_Leng": 817039.157442, "SHAPE_Area": 20565331006.9}}, {"type": "Feature", "geometry": {"type": "Polygon", "coordinates": [[[-63.33069973721598, 46.06821074550468], [-63.300495311632, 46.01395074839941], [-63.29276866018775, 46.00004948527547], [-63.2927681358269, 46.00004854828641], [-63.28602038651893, 45.98790140771019], [-63.25388555043622, 45.92996393819232], [-63.23520706053452, 45.89621944865983], [-63.206302607506906, 45.843901839413256], [-63.2062718620882, 45.843846134795754], [-63.20024262762387, 45.832917880023274], [-63.18755433041855, 45.80990269570511], [-63.1875345016776, 45.809912014951166], [-63.183186199148466, 45.80235887144043], [-63.16082941953405, 45.76348469718664], [-63.16081256611633, 45.7634551422933], [-63.160728016764516, 45.76330696202479], [-63.15454979435199, 45.75247908818009], [-63.15315973918465, 45.75070575929683], [-63.151115407283996, 45.74731560811232], [-63.14384226035895, 45.73460657292917], [-63.140528608379434, 45.72799220122943], [-63.13612473439912, 45.719175059586426], [-63.135035229692434, 45.717387727224775], [-63.1343545871465, 45.71613865207406], [-63.13235006291147, 45.71240954026894], [-63.12645359985526, 45.70201540437288], [-63.12553989038487, 45.70034869113489], [-63.12326443274657, 45.696235424235155], [-63.12119052888769, 45.69198736262523], [-63.112932915121746, 45.67755599334932], [-63.10450300676727, 45.661811478260184], [-63.102359214644636, 45.658272897508205], [-63.09590150401406, 45.646144609153716], [-63.09545153698752, 45.64530934974789], [-63.09293049185523, 45.640562569906116], [-63.09139494625607, 45.637676995957165], [-63.09093765326014, 45.63681760694573], [-63.08953666456483, 45.634184514464614], [-63.08757939944939, 45.63113118843493], [-63.08767893904121, 45.63069247775035], [-63.08661455290124, 45.628691477757286], [-63.08249400064532, 45.62133637624766], [-63.078552393797445, 45.61458178658809], [-63.07731372534139, 45.61208639916531], [-63.073314936694395, 45.60478118301342], [-63.06556170896533, 45.590747407140995], [-63.059988828670036, 45.58041946065006], [-63.05874966994518, 45.57815281807429], [-63.05504674546286, 45.57132983312829], [-63.053270701419684, 45.56805659162298], [-63.05184464002715, 45.56543160357703], [-63.04962185088425, 45.56133940552461], [-63.03894305147722, 45.54166956609973], [-63.03762563311874, 45.53929816698199], [-63.03108590927398, 45.52752260972864], [-63.0189097554544, 45.505581955370126], [-63.018432985338414, 45.50472678507587], [-63.01710891682956, 45.50233087203724], [-63.016124020344066, 45.50002819813268], [-63.014296455678505, 45.49575499113843], [-63.013932592703334, 45.49490402264136], [-63.01090438431521, 45.48943850940262], [-63.01043542090129, 45.488529574658514], [-63.01027046916889, 45.488270988047255], [-63.009906576639786, 45.48763320288809], [-63.00975335506597, 45.48746448655174], [-63.00947148439289, 45.487154132035926], [-63.00849906738109, 45.4860834303956], [-63.001848810653804, 45.48274267623118], [-62.999928589784574, 45.48093394776845], [-62.99909620030785, 45.48014983991832], [-62.98330997067043, 45.46950438514737], [-62.97950442614646, 45.46684323987488], [-62.97368601177712, 45.46277369243186], [-62.96331148587109, 45.455504795715974], [-62.95753371024582, 45.451455154510356], [-62.95592591742616, 45.45032807401891], [-62.954663160003484, 45.449451289866154], [-62.950884971604, 45.44682757304705], [-62.95062668773056, 45.44662973288117], [-62.950625583113435, 45.446628901932485], [-62.950008417488775, 45.4461909980219], [-62.94995464678017, 45.44615282687427], [-62.94985939610287, 45.446085250439666], [-62.94739550265627, 45.444332628808645], [-62.9468097248604, 45.4439063881263], [-62.94639628043994, 45.44360553229022], [-62.94568933136748, 45.44309107980025], [-62.945178208189816, 45.44271914470529], [-62.94443264557322, 45.442176561909875], [-62.940682376481725, 45.43944707187816], [-62.939536671298214, 45.438613134057526], [-62.91848728877522, 45.423908808821984], [-62.90432569903754, 45.41334868170845], [-62.90241821059487, 45.411978902526755], [-62.88518632552863, 45.399599334234615], [-62.87719238389384, 45.39353396712019], [-62.86765714836296, 45.38629631887846], [-62.86104054959354, 45.38127217902924], [-62.85253251643813, 45.375079408739154], [-62.842026602732155, 45.36742923561779], [-62.84189120884764, 45.366948617732234], [-62.8333403443033, 45.36110139068753], [-62.82407042763965, 45.35434566656714], [-62.81688165252795, 45.34910471775502], [-62.81624597482502, 45.348641194022136], [-62.816194318620425, 45.348603528217524], [-62.81354960389883, 45.34667491765793], [-62.81015767080418, 45.34420110090427], [-62.803152075863835, 45.33918083590304], [-62.80089421235603, 45.33756247920835], [-62.79140325070546, 45.330757997732015], [-62.78541832341436, 45.32646566813248], [-62.77339398047404, 45.317838517024875], [-62.77123513527129, 45.31628912040785], [-62.76268383946643, 45.31015039923781], [-62.76024430591715, 45.30839869631975], [-62.757590699219094, 45.30649307200764], [-62.75675064401767, 45.30589666682129], [-62.753679301033884, 45.30371594833906], [-62.748322044786036, 45.29991151542625], [-62.74040496621112, 45.294287554297576], [-62.73061723442743, 45.28733204581272], [-62.715673201459865, 45.27670650806277], [-62.71558306571732, 45.27664238639195], [-62.7150986831872, 45.27638265413937], [-62.71509852378563, 45.27638276788968], [-62.71454585538158, 45.27606716780115], [-62.71410969835633, 45.27587224281647], [-62.71440741034515, 45.27580616516688], [-62.71578587620217, 45.2755541040338], [-62.71728091181486, 45.275280704210864], [-62.71733396141586, 45.27525390168892], [-62.72106354923281, 45.273370317798445], [-62.72418261548173, 45.272259131689836], [-62.72427129422203, 45.272182504367954], [-62.724364815142536, 45.27210420629021], [-62.72445702071113, 45.27200719857728], [-62.72452389148107, 45.27191849209792], [-62.72459051209453, 45.27182030478993], [-62.7246176075715, 45.27176640944624], [-62.72464450650042, 45.27172229082998], [-62.72477959576613, 45.27148139677641], [-62.72487339151674, 45.2713294835655], [-62.72499149257835, 45.27117720459846], [-62.725034816452904, 45.27113319203531], [-62.725084890458945, 45.27108969639618], [-62.72509710332359, 45.27107970338926], [-62.725150113422075, 45.27103669418821], [-62.725203399845526, 45.27100450077799], [-62.72526648222238, 45.27096680432513], [-62.72540959477827, 45.27089688975322], [-62.72541700527706, 45.27089371549987], [-62.72609429461087, 45.27060150681609], [-62.72651939381533, 45.270414404763], [-62.726752188979624, 45.270324010174306], [-62.72696589039459, 45.27021410370966], [-62.726966384732314, 45.2702137962859], [-62.72717221079957, 45.27010509680892], [-62.727594306760565, 45.26989579106413], [-62.72793030565746, 45.26974810036328], [-62.728033811873374, 45.269696100814066], [-62.72829849640749, 45.26957009501537], [-62.72887301004044, 45.26933980952452], [-62.728910819581344, 45.26932679656904], [-62.7292981962894, 45.26919321273588], [-62.729581699132815, 45.2690993989357], [-62.72973610009786, 45.26905648699938], [-62.729816789979594, 45.269029490021445], [-62.72982928661004, 45.26902520923657], [-62.729900009026316, 45.269010312761175], [-62.730045003769916, 45.268979611830545], [-62.73019809728025, 45.26895590519713], [-62.730249093822934, 45.26894700360551], [-62.73027718734022, 45.26894349867343], [-62.730312900907435, 45.268939092518686], [-62.73033718305578, 45.268937899437496], [-62.73037050279547, 45.26894081193434], [-62.73040469021147, 45.26894808845215], [-62.730414784913556, 45.26895010797865], [-62.73042750577525, 45.268951913502484], [-62.730465683106964, 45.26895919692002], [-62.73054040423578, 45.268969810017666], [-62.730584508966565, 45.26897489763404], [-62.73058701105292, 45.2689752045897], [-62.73061728760799, 45.268980301391174], [-62.73076890820209, 45.2690095068267], [-62.7308962043844, 45.2690385929189], [-62.73097759952005, 45.2690562962593], [-62.73098408417568, 45.26905770765127], [-62.731028696020715, 45.269072195519776], [-62.73107320477626, 45.26908580123177], [-62.7311208038555, 45.26909709786119], [-62.73117398908503, 45.26910560034203], [-62.73121270043964, 45.26911148964124], [-62.731361509281484, 45.269129503694955], [-62.731403078513445, 45.269136105770414], [-62.73146419630627, 45.269142687222526], [-62.73149502150112, 45.26914419482504], [-62.73155671062913, 45.269144007800854], [-62.73158749354652, 45.26914220034764], [-62.73164840695782, 45.269135114390835], [-62.73170910662292, 45.269123299716064], [-62.73175130623736, 45.26911440939223], [-62.73205491024659, 45.26905661340873], [-62.73219088878128, 45.26902468874298], [-62.73231611120031, 45.26898820138686], [-62.7324722101199, 45.26894559486039], [-62.73269302222877, 45.26889829637881], [-62.732709597995466, 45.26889520970079], [-62.73285128872843, 45.26885229754777], [-62.73299301132642, 45.268809396367416], [-62.733148998259985, 45.26877301218687], [-62.733275084809605, 45.268742607374385], [-62.73339101369542, 45.26871639517801], [-62.73352390175971, 45.26869100934695], [-62.73364229921344, 45.26867098744284], [-62.7340223881156, 45.26860249424592], [-62.73408268356023, 45.268592399424435], [-62.73414200623227, 45.26858489948028], [-62.73419922001231, 45.26858219397133], [-62.734250991357804, 45.26858419433442], [-62.73431219487867, 45.2685875035702], [-62.73437049258579, 45.26859011150982], [-62.7344269073064, 45.2685977053408], [-62.73468038863803, 45.268628795446105], [-62.73483370217769, 45.26865311065172], [-62.73498369094468, 45.26867040115987], [-62.73515559675808, 45.26868130174676], [-62.735303493225, 45.268683393214864], [-62.735737986333355, 45.26869179611346], [-62.73583489664799, 45.2686939093804], [-62.73591529386105, 45.268692897831954], [-62.736004608983215, 45.26868500520458], [-62.736157813814124, 45.268663698027346], [-62.7362509125335, 45.26864609338764], [-62.73636391041809, 45.26861629104625], [-62.73649209650277, 45.26857628985409], [-62.73659550419529, 45.2685415132521], [-62.73671109357866, 45.26849329122532], [-62.73689349654823, 45.26840280142091], [-62.737009391119116, 45.26834080793535], [-62.737115897715704, 45.268271090151714], [-62.737217921634624, 45.268199896720134], [-62.737308690494714, 45.26812989113712], [-62.73751849271527, 45.2679620907805], [-62.73772709840383, 45.267785186625304], [-62.73804189920307, 45.2675204048311], [-62.73820110674341, 45.26737981462211], [-62.73829190032797, 45.26728149917376], [-62.7383496793157, 45.267208106739474], [-62.73840831678597, 45.267173598944936], [-62.73842072285975, 45.26716223445457], [-62.738474704499055, 45.267112708330444], [-62.73850071003612, 45.267083004770434], [-62.73851438157086, 45.26705969833067], [-62.73852579338906, 45.267026410248036], [-62.73852871003802, 45.266996709142916], [-62.73853011020063, 45.26696969569431], [-62.73853159794948, 45.266933686837625], [-62.738531700490846, 45.26690670125092], [-62.73853307733292, 45.266888705592706], [-62.7385487079515, 45.26678459419603], [-62.73855029266638, 45.26677448393824], [-62.738596092977865, 45.26649369930413], [-62.738622198828956, 45.266313806565684], [-62.73862909099207, 45.26624270108193], [-62.738644683567685, 45.266161705646034], [-62.738667198273525, 45.26608870433021], [-62.738692576897364, 45.26601520497198], [-62.73870502794079, 45.26599358939031], [-62.738992334809424, 45.26596891994244], [-62.73976018606218, 45.26608078733201], [-62.73986168418161, 45.26589444613508], [-62.74119492589062, 45.26471689265237], [-62.745328155273754, 45.26385713065577], [-62.748193255873865, 45.263015603316084], [-62.750604599078784, 45.262502679581594], [-62.75568240963183, 45.26112773114452], [-62.75694850465988, 45.26060966597493], [-62.75798771115932, 45.26018441852221], [-62.75880687213411, 45.25936407679198], [-62.7601473459902, 45.25767799197821], [-62.76143144319276, 45.25713572942104], [-62.76460014512701, 45.25672533367448], [-62.76898751343879, 45.25586611863582], [-62.772136659986586, 45.2551288197079], [-62.77308746643548, 45.254950225651754], [-62.77658999313953, 45.25429227819535], [-62.77736475178061, 45.254106027857716], [-62.779458490843055, 45.25360265713221], [-62.781666080010616, 45.25291591611341], [-62.78340961517302, 45.25206787532], [-62.7855056801589, 45.251261136394895], [-62.78610947407763, 45.25102874027934], [-62.787332527235584, 45.25004407876163], [-62.787421373929426, 45.24997255462782], [-62.79238909814825, 45.24768593604393], [-62.79836271739021, 45.247027991460236], [-62.79935079633223, 45.24696545772365], [-62.804735058302576, 45.246624458068304], [-62.810143144834946, 45.24559503385512], [-62.8147857531566, 45.24400890533822], [-62.8189968703102, 45.23890081099223], [-62.82365126207527, 45.23694085541339], [-62.825378195662815, 45.234575256027604], [-62.8269166000892, 45.23319071854064], [-62.82971434525471, 45.23224321786186], [-62.83101643207032, 45.23036975677122], [-62.833495186636156, 45.22893370659242], [-62.837921989806716, 45.225877473546156], [-62.84045439672084, 45.224561902238435], [-62.844228043881195, 45.22260126436184], [-62.84491933463029, 45.22222918591348], [-62.84784951600771, 45.22066251542006], [-62.8518258794865, 45.218433774081326], [-62.851905306303024, 45.218370933329666], [-62.855026904582076, 45.2159026900395], [-62.855894503852234, 45.21535085711985], [-62.859725353974454, 45.21321376616844], [-62.86214930323319, 45.21229749992685], [-62.86547502130158, 45.21089853686115], [-62.86905811617454, 45.209361549394764], [-62.873558422959036, 45.207318728405895], [-62.878084165377054, 45.205715734879334], [-62.88224730848789, 45.203925833120934], [-62.885620223788465, 45.2019286417355], [-62.88587560987656, 45.20177739769726], [-62.88881701233386, 45.19929492093565], [-62.892254114671424, 45.19774344652407], [-62.895122555202335, 45.19646705380756], [-62.89748042919665, 45.19541777996264], [-62.89846249131713, 45.19465687521984], [-62.89869358663674, 45.19451639541069], [-62.90423188655611, 45.19295788800551], [-62.91141901385734, 45.19074417640507], [-62.91175366817583, 45.19064110948279], [-62.91464927552521, 45.18998944319364], [-62.91480283390357, 45.18994806444544], [-62.92628622440897, 45.18569990421271], [-62.93599937839003, 45.182064473032085], [-62.93781793402096, 45.18134918990093], [-62.9420902501351, 45.17957634318633], [-62.944611085749656, 45.17853011291974], [-62.94749863413437, 45.17732194396059], [-62.9535499738938, 45.17531709066027], [-62.95367383715056, 45.17527605343687], [-62.95426989079506, 45.174552797409135], [-62.955956290097554, 45.17431238456989], [-62.956124825043155, 45.174250279334], [-62.95614732118219, 45.17424392493412], [-62.956411715056205, 45.17418170946077], [-62.957366525366155, 45.17373199347207], [-62.95781848878082, 45.17366823277204], [-62.957918978746484, 45.173588604353895], [-62.970618773559245, 45.16853962866871], [-62.984122296509604, 45.16350321215603], [-62.99216628834315, 45.160916501490604], [-62.996820888093644, 45.15750993914935], [-62.99929758463536, 45.15631404521434], [-63.000000000542784, 45.156082681324555], [-63.006040154293686, 45.15409304527648], [-63.01386177530244, 45.15169100130524], [-63.01597450397373, 45.15085936968091], [-63.0208918274186, 45.148923411942626], [-63.02147799615078, 45.1487143770824], [-63.02697565558471, 45.14675336070934], [-63.03158249237773, 45.145073338493944], [-63.03275696484177, 45.14469064781408], [-63.0419536639123, 45.141408247618656], [-63.0560386358527, 45.13642027970848], [-63.06053569677971, 45.13482704609544], [-63.06295278222635, 45.13397056803537], [-63.064330511931566, 45.13348354139083], [-63.07894450669137, 45.128163612336394], [-63.08057561627204, 45.127578416190765], [-63.08343790658266, 45.126538992272174], [-63.08728601078516, 45.1251467588805], [-63.09765696886979, 45.12140491077702], [-63.11441762664875, 45.11543451977184], [-63.12042431928827, 45.11332173634763], [-63.12570326790954, 45.111464442728874], [-63.134699221247864, 45.10829837159415], [-63.13470036424782, 45.10829797749892], [-63.15536332882492, 45.10102083520256], [-63.155365725047425, 45.10102000032264], [-63.155754202785964, 45.100883106980596], [-63.15688885461461, 45.10047865489037], [-63.16098524884185, 45.0990182891716], [-63.16105833139077, 45.09892117116007], [-63.16129965563024, 45.09885781300724], [-63.16159154631839, 45.098704384634395], [-63.16178203828506, 45.09865009690163], [-63.162037022300666, 45.09864328574958], [-63.16316048139465, 45.09825970483235], [-63.16353619524872, 45.098108554356486], [-63.16366169322031, 45.097868908251506], [-63.16407290362043, 45.097594508599244], [-63.164625399694245, 45.097506000370274], [-63.1652136133873, 45.09748180278352], [-63.16568259786744, 45.0972802108835], [-63.16619529618588, 45.097095587411005], [-63.166582494888445, 45.09685230028504], [-63.16674039528044, 45.09661088459646], [-63.16681959271942, 45.09637928648028], [-63.16722559627002, 45.09620380599528], [-63.16829169439279, 45.09602178860391], [-63.169032305695254, 45.09607670020321], [-63.16955889047793, 45.09594790250148], [-63.170686091705704, 45.09555758367136], [-63.170789896759, 45.09549691033297], [-63.170903579386355, 45.095481284646254], [-63.17373274813507, 45.09447202490626], [-63.177224349003225, 45.09322961460045], [-63.17879441741281, 45.092666113132836], [-63.190830063380425, 45.08837031265849], [-63.20028897057609, 45.08499258849438], [-63.20307135095018, 45.08399871006553], [-63.21525400540726, 45.07964564500346], [-63.2269310520517, 45.075435093201904], [-63.2330529439837, 45.07325345817372], [-63.23402310170904, 45.07290859820106], [-63.25754986944401, 45.06454104670189], [-63.26423868790278, 45.06216045719326], [-63.26995213869317, 45.06012643593703], [-63.27596460422513, 45.05798539017431], [-63.28282053757038, 45.05554326722451], [-63.29079675180395, 45.05270114011021], [-63.31298077659913, 45.04479099761398], [-63.31464188479905, 45.04419838598116], [-63.31748609564443, 45.04318356143185], [-63.33597634537614, 45.03659061671069], [-63.33597290531126, 45.036264313733355], [-63.33612580803891, 45.03610181320744], [-63.33629810804625, 45.035654714121875], [-63.33668889737699, 45.03542269101032], [-63.33699338710028, 45.03535889741054], [-63.33737369342653, 45.035344309033846], [-63.337800990918815, 45.035398201698925], [-63.33804901047761, 45.035463589918386], [-63.338578509150324, 45.03536561347353], [-63.3387326092356, 45.03529411370155], [-63.338867988358516, 45.03526570097344], [-63.3405206852129, 45.03525819442492], [-63.34088889296959, 45.03514839699244], [-63.34099011722497, 45.035016196121624], [-63.340976991459804, 45.03494070424996], [-63.340811414406545, 45.03478630244812], [-63.34076130989891, 45.034666389302956], [-63.34077110434527, 45.034579505525684], [-63.340870417033166, 45.03448689987292], [-63.341164893672406, 45.03439901011238], [-63.341310283737414, 45.034394596774], [-63.3420312954207, 45.034491211347905], [-63.3427564054714, 45.0341564954008], [-63.343011310636555, 45.03419429347097], [-63.34313400602372, 45.034312099836896], [-63.34312930212774, 45.03441089951975], [-63.3430035096369, 45.03470470505701], [-63.34298880714044, 45.03477959234729], [-63.34314989617377, 45.03514358689185], [-63.34322471198646, 45.03521269357373], [-63.343335306511285, 45.03523519336962], [-63.34357119760902, 45.035205305004254], [-63.34383379529384, 45.03508499193129], [-63.34426358186947, 45.034968705961504], [-63.344657519999174, 45.0347881931738], [-63.34480379321753, 45.0347639944533], [-63.34511348953836, 45.03482299966612], [-63.34554851214433, 45.03518179150167], [-63.34563120798555, 45.035203493615434], [-63.34575549266478, 45.03517089498677], [-63.34589251290301, 45.0349922047651], [-63.346059719044376, 45.034533093461995], [-63.34613611671153, 45.034451796056764], [-63.346458200074984, 45.034253808771695], [-63.34684960300599, 45.0338910877348], [-63.34694019210522, 45.033865589362804], [-63.347920919522984, 45.0339010963894], [-63.34804250776273, 45.03392778909523], [-63.34811228819552, 45.0339849075384], [-63.34814688290067, 45.03431030469456], [-63.34820891545528, 45.0344147000879], [-63.34881050729456, 45.034908105719836], [-63.34893888658869, 45.03490730086656], [-63.34926409520902, 45.03476071230624], [-63.34955740534588, 45.03458178989736], [-63.349863515629, 45.03436749402054], [-63.35021419463029, 45.03403950672072], [-63.35096051526284, 45.03349149908519], [-63.35145549255285, 45.03317879296312], [-63.35238151143306, 45.03284089911851], [-63.35353471678197, 45.0325400939184], [-63.354416789709155, 45.03218529642806], [-63.355132288815014, 45.03204809503979], [-63.355445489254556, 45.031917091265086], [-63.35558370491671, 45.0318293917596], [-63.35574540828845, 45.031599699929906], [-63.35600269729333, 45.03100431094637], [-63.35564189938096, 45.03084518824478], [-63.35510509268835, 45.03039698839872], [-63.35486151561411, 45.03012199962179], [-63.35493798875851, 45.029688399721785], [-63.35506210771141, 45.02954491488798], [-63.3552889124205, 45.02947119263888], [-63.35561929750134, 45.029447486515195], [-63.35567261071417, 45.02926670440477], [-63.3557988191055, 45.02919459983158], [-63.35602369039454, 45.02916040247769], [-63.35618498819277, 45.02917219238631], [-63.35633249882475, 45.02923901098126], [-63.35650130084748, 45.029444889086356], [-63.35652939850155, 45.02990870253401], [-63.35665720655591, 45.03003840284297], [-63.356772695121116, 45.03007290408733], [-63.35849049931364, 45.02986868894634], [-63.35859657739973, 45.02987361926293], [-63.358846916071194, 45.02988519740609], [-63.35927879007327, 45.02984010953104], [-63.35959710292621, 45.02972110835084], [-63.35985049417606, 45.02955700538676], [-63.36003060163782, 45.02952559493365], [-63.360242615423076, 45.02952679486868], [-63.36041898228808, 45.029574503823845], [-63.360571514538705, 45.02965340047025], [-63.36074310808001, 45.02980001025393], [-63.36080920375457, 45.02993611324113], [-63.36116650970487, 45.03028509549619], [-63.361453408738704, 45.03070760025717], [-63.36187372194405, 45.03114109490567], [-63.36210081659733, 45.03153050431466], [-63.36225918561306, 45.03195380061246], [-63.36242111264986, 45.032539604619075], [-63.36243389535409, 45.0328564861115], [-63.362351517651874, 45.03400239896879], [-63.362490784769285, 45.03435799701702], [-63.36274830745996, 45.03457791543726], [-63.36305941085237, 45.03472779339197], [-63.3634458832709, 45.03481620720636], [-63.36469080668883, 45.03493310647674], [-63.36653828445944, 45.035171203913634], [-63.36681430633436, 45.035237209727676], [-63.3674411081785, 45.035438216067874], [-63.36798739542662, 45.03568869267641], [-63.36832450324458, 45.035878812605084], [-63.36855319660258, 45.03611778835381], [-63.368857695366934, 45.03675839875503], [-63.36939971121517, 45.03757079900712], [-63.36966731695503, 45.03781470097984], [-63.37024311251188, 45.038267791260374], [-63.371819684737424, 45.03975010366603], [-63.37226650837021, 45.039982402172186], [-63.37259550205544, 45.04010899252428], [-63.373260000485956, 45.04022379219132], [-63.37358269975184, 45.040247288139405], [-63.37382948368596, 45.04022150528584], [-63.37398459008604, 45.04013019484629], [-63.374127398057944, 45.03994359218003], [-63.37438359047428, 45.03936789720759], [-63.374471194486006, 45.039049403444565], [-63.37476469471162, 45.03862889364431], [-63.37514960689297, 45.03816300856284], [-63.37585430299558, 45.037427791442475], [-63.376033789200186, 45.03717478668555], [-63.37609389515321, 45.036966407087824], [-63.37606938815397, 45.036775802683536], [-63.37585690801719, 45.03631159263786], [-63.37557990551744, 45.035913189842574], [-63.37534020928398, 45.03566999115223], [-63.375310995470876, 45.035578303458436], [-63.37539718190896, 45.03541010294257], [-63.37551429084544, 45.035294188415115], [-63.37574480481337, 45.03514128963732], [-63.376194288940596, 45.03496210883478], [-63.3764010017442, 45.0348402994519], [-63.37665279646617, 45.03447420921835], [-63.37673791135298, 45.03397361041839], [-63.37680420338462, 45.0338683109626], [-63.37698529868183, 45.0338172089707], [-63.377641218763216, 45.03375759434903], [-63.37814359745848, 45.03363891059087], [-63.37904028432884, 45.03320899767758], [-63.37948690897599, 45.03308900852419], [-63.37963320679301, 45.033064797872], [-63.37991611163033, 45.03310310470418], [-63.38020211301616, 45.03319310181043], [-63.380869388688694, 45.03360068930577], [-63.38152859959051, 45.03394490381099], [-63.38263739978812, 45.03446201311034], [-63.38299918607281, 45.03460119327244], [-63.38407938902417, 45.03489589976288], [-63.38425670168607, 45.03492390685829], [-63.38480427901, 45.034913103217086], [-63.38498439426125, 45.03488181140304], [-63.385258806541295, 45.03474581337245], [-63.38604241143318, 45.03446349581887], [-63.386362495236845, 45.0343048926017], [-63.38655319249218, 45.03416690630191], [-63.38698159798421, 45.03395928799737], [-63.3881587099413, 45.033144099123035], [-63.38841390327586, 45.032940407673514], [-63.38851311323568, 45.03284769349278], [-63.388715882197815, 45.03245280319708], [-63.38887869908439, 45.03231409915739], [-63.389548005532355, 45.032088511477106], [-63.389780335708814, 45.031970282553885], [-63.39064210012392, 45.03149300516443], [-63.39136171431288, 45.03114579585269], [-63.392192788117484, 45.030801297111395], [-63.39243049134584, 45.030731798744824], [-63.392603694266604, 45.03072789120161], [-63.392880603576685, 45.030774012864505], [-63.3938872976716, 45.03084921166685], [-63.39424689081203, 45.03091708832695], [-63.394587786150225, 45.03102799418395], [-63.3952608032724, 45.031317011823006], [-63.396438107373505, 45.03204139225274], [-63.39801611502974, 45.03290969185118], [-63.39883248615105, 45.03347510239447], [-63.39914459488026, 45.03360519823619], [-63.39940560203936, 45.03363511415976], [-63.3995969829403, 45.03371870324598], [-63.400186315698036, 45.034247097663226], [-63.400563196136986, 45.0346637028172], [-63.40063531633165, 45.03479200285662], [-63.40065301040205, 45.03501010101501], [-63.40050649968086, 45.035517295959195], [-63.40018658429914, 45.03626969893221], [-63.400010303741155, 45.036815714540474], [-63.40003721666316, 45.037077602907885], [-63.400201508949976, 45.0373822119069], [-63.400931098010524, 45.0381355871472], [-63.40101330473829, 45.03828789656373], [-63.401057010831614, 45.03854619202302], [-63.40100209027978, 45.038766604618395], [-63.40094757999275, 45.03885640539163], [-63.400750085853794, 45.0390219042821], [-63.39982689327135, 45.039542488182214], [-63.39909131125203, 45.039873490013136], [-63.39843240913899, 45.04023400894372], [-63.397931700870856, 45.04055470535252], [-63.39774598651968, 45.04070470213378], [-63.39736439600831, 45.04122209949707], [-63.39727238172939, 45.041398102211716], [-63.39718050814803, 45.04157401293016], [-63.397047414975596, 45.04167379559275], [-63.39689589889827, 45.041927502544176], [-63.39663698446221, 45.04221039834497], [-63.39633688941255, 45.042658510389266], [-63.39608480468727, 45.042913790558934], [-63.39561679268268, 45.04348861044838], [-63.39543110611595, 45.04363859260788], [-63.39484630083351, 45.04444020257318], [-63.39420167960998, 45.04520870163198], [-63.39391471032369, 45.045732311332834], [-63.39379671432587, 45.045868104964676], [-63.39369909148779, 45.0461625963292], [-63.39361849876477, 45.046310897888056], [-63.39345470486021, 45.04661210896361], [-63.3933785078848, 45.04704569684901], [-63.393434803834644, 45.04751011371327], [-63.393552892745795, 45.047968087918235], [-63.393388083249214, 45.04838780682745], [-63.39311161141306, 45.04880479052955], [-63.39298208629064, 45.04906689729183], [-63.392856990770845, 45.049471708407324], [-63.39256440809411, 45.05011390489743], [-63.392345384776824, 45.05073420827766], [-63.392227700113, 45.05098080764487], [-63.39213181857113, 45.05147729917348], [-63.39212599502179, 45.0518372845562], [-63.39207398305849, 45.052350701643356], [-63.392014010180944, 45.05255910571857], [-63.39185910136807, 45.053002706902376], [-63.39184811300881, 45.0535921955671], [-63.391753712920526, 45.053938298854675], [-63.39152519574688, 45.05440401128492], [-63.39148620336072, 45.05464058853686], [-63.39146520380688, 45.05479303497896], [-63.392111922202965, 45.054862868319695], [-63.392661416543625, 45.05509110635897], [-63.39300221162377, 45.0555847952516], [-63.39296700071526, 45.05639937607157], [-63.393309044516286, 45.05667927556521], [-63.393921668670004, 45.056878009755515], [-63.39444425387662, 45.056933860851316], [-63.395294707753536, 45.05688743895208], [-63.39614185584137, 45.056697145381136], [-63.3970735103615, 45.056403153867116], [-63.398589517460564, 45.0555847504322], [-63.3990793661356, 45.05533777161412], [-63.39938044028105, 45.055222452984204], [-63.40004338634115, 45.05520889671102], [-63.40092826917478, 45.05540864529555], [-63.40173514875062, 45.05574495926242], [-63.40281246788569, 45.05600008841559], [-63.40358304573633, 45.056007895387], [-63.40391007978979, 45.05592407595832], [-63.40420311790661, 45.05577076901221], [-63.404337327208545, 45.055539796753415], [-63.404410183541565, 45.0552300880632], [-63.40435137828818, 45.0544869893241], [-63.4041693956754, 45.05392610348647], [-63.40399684431429, 45.05361491376637], [-63.40375397232197, 45.05330629336787], [-63.40336029909691, 45.052867054446104], [-63.403330548359435, 45.05268622438605], [-63.40338372227591, 45.05257574415009], [-63.40349995011442, 45.05246151208936], [-63.40403466489516, 45.05236837323022], [-63.4052606045257, 45.05223656565523], [-63.40561387229287, 45.05229994489659], [-63.405854217147336, 45.05237338038259], [-63.406024456480296, 45.05248113892243], [-63.40624079775026, 45.05269260937006], [-63.406288090059036, 45.0528491239808], [-63.4062770382586, 45.05298660443885], [-63.40621597962268, 45.05307071262034], [-63.40608034823847, 45.05316892633212], [-63.40572676524031, 45.05332804259756], [-63.40521341715097, 45.05359804843975], [-63.405067769614014, 45.05373832804165], [-63.405007561837834, 45.0538612467883], [-63.405051103718904, 45.053996134433476], [-63.4053079643308, 45.054270733813475], [-63.405555675831366, 45.05441976129949], [-63.405788721350525, 45.05453203476169], [-63.40606421032274, 45.05463390597819], [-63.406939078947225, 45.05481487592639], [-63.40712554446362, 45.054905636834675], [-63.407304952957084, 45.05505180485068], [-63.4074062439956, 45.05518827799907], [-63.40795982505616, 45.05634232199046], [-63.40822107729446, 45.05663390248136], [-63.40854271102395, 45.05683320570226], [-63.40906741808099, 45.057196501002046], [-63.40956303954403, 45.05752915312411], [-63.40988662753156, 45.05777834189421], [-63.410396211876915, 45.05815103047439], [-63.41090879369139, 45.05838784002597], [-63.41112260254167, 45.058445833280274], [-63.41145387384974, 45.05846294780041], [-63.41243125383256, 45.058340601138916], [-63.41310750712458, 45.05847990017573], [-63.41365849297836, 45.05857712965827], [-63.41498822486538, 45.05832431053644], [-63.41650072401839, 45.0583715948485], [-63.417081719124475, 45.05824991583092], [-63.41769040347086, 45.05799790275761], [-63.41803677207268, 45.05804504752584], [-63.418437255574176, 45.058178148176644], [-63.418977689670115, 45.058364936385736], [-63.419492003608326, 45.05845537766148], [-63.420034977426326, 45.058408554635825], [-63.420614539410444, 45.058294918555134], [-63.42087015552181, 45.058187968711806], [-63.421181990385634, 45.05797830060912], [-63.42133091471278, 45.0578274849946], [-63.42140011207707, 45.0576516417075], [-63.421437543210914, 45.05737983794576], [-63.42142924266181, 45.05651311841963], [-63.42162707477829, 45.056229407888786], [-63.421887374189716, 45.05603345346336], [-63.42262918740664, 45.05572122891504], [-63.42281845407112, 45.055581495314456], [-63.4230185164403, 45.05534216275591], [-63.423196365039544, 45.05496235363219], [-63.423305676042716, 45.05463193359631], [-63.423434629077114, 45.05397800878536], [-63.423624052340124, 45.05348586480566], [-63.42365584333644, 45.05322670199775], [-63.42359423705421, 45.05271151233776], [-63.42350426988514, 45.05239851417177], [-63.42327980883527, 45.05199410440641], [-63.42302455282137, 45.051838793900025], [-63.42272309441788, 45.051730088966565], [-63.42199373518597, 45.05156104293456], [-63.421597126259094, 45.05137221891988], [-63.42131448056707, 45.05115774893027], [-63.42118593213342, 45.05101436484098], [-63.42114962811099, 45.0507767887766], [-63.42119374452496, 45.050587157702424], [-63.42136982126669, 45.05037660150674], [-63.42182562872817, 45.05006201417316], [-63.42188407863969, 45.05002910299105], [-63.42234909583201, 45.04975501252062], [-63.42256350467163, 45.04958580100767], [-63.422740008387905, 45.04939201413587], [-63.4229152075902, 45.04910710403682], [-63.42317758642906, 45.04850360615716], [-63.42326129883914, 45.04802269099067], [-63.423173987410784, 45.047616891533174], [-63.42310679730415, 45.04750059423894], [-63.422327810079885, 45.046718500185605], [-63.42165079416277, 45.04578449099146], [-63.42156619438682, 45.04556080046355], [-63.421385205358156, 45.04440480285585], [-63.421585895595214, 45.04404930254758], [-63.421770599316744, 45.0439190026236], [-63.42215051661282, 45.04379329886361], [-63.42293833871443, 45.04370641184231], [-63.42316124206558, 45.04368182281346], [-63.423514197267494, 45.04364289535521], [-63.42363351407317, 45.04359819474346], [-63.423786188591585, 45.04343550484641], [-63.42382830538664, 45.04325050287372], [-63.42375189015831, 45.04309039876886], [-63.423650009669615, 45.04300090523736], [-63.42289979802141, 45.04268259598218], [-63.422803800470945, 45.04258540259959], [-63.42292131273993, 45.04233880635738], [-63.42349587319654, 45.04188734152345], [-63.42352379086397, 45.041866000794954], [-63.42368699612334, 45.04180609226157], [-63.42386801233639, 45.041739373658665], [-63.42419802152486, 45.04161738784109], [-63.42495372491279, 45.04169100667597], [-63.425343789945494, 45.04188189537792], [-63.425979059178054, 45.04243775519191], [-63.42692874658369, 45.04301054791318], [-63.428076276662225, 45.04343371578433], [-63.42895894846872, 45.043653007186926], [-63.43010168401805, 45.04373796752301], [-63.431679436911764, 45.04338256349251], [-63.43275415866537, 45.04291354997479], [-63.43345316698023, 45.04249977894826], [-63.43377268153047, 45.04213996970214], [-63.43397005524912, 45.04178427975005], [-63.43421427193097, 45.04107538845973], [-63.434271104875805, 45.040694611615315], [-63.434348132663814, 45.04048883560475], [-63.43453905996393, 45.038528083577624], [-63.43495844597893, 45.0373125741088], [-63.43581185315808, 45.0363359277652], [-63.436773596209996, 45.035687078145216], [-63.43747120109182, 45.0349883986313], [-63.43794846879175, 45.03430614973746], [-63.438182822192616, 45.03350710318449], [-63.43794548006129, 45.03252493906007], [-63.437055535270794, 45.030841676400605], [-63.43587658733101, 45.02956226796379], [-63.43578341903251, 45.029136474163266], [-63.43587185454297, 45.028807498365055], [-63.436107690087375, 45.028521395997956], [-63.43643190325856, 45.02833601486129], [-63.43699715184934, 45.0282635302425], [-63.43749030781091, 45.028079548745204], [-63.43776603455642, 45.02772878870274], [-63.437781616508644, 45.02725054133044], [-63.43699758590052, 45.026429767350905], [-63.436365902355945, 45.025529217035064], [-63.435639952385124, 45.02349660222897], [-63.43497679630166, 45.02178768641099], [-63.43444158817697, 45.0211036361514], [-63.43352021872801, 45.01847964589151], [-63.433425673870715, 45.01795992546034], [-63.43352784277299, 45.0174209993111], [-63.43399008151074, 45.016380007105916], [-63.43505498051644, 45.013497291218854], [-63.435086727646166, 45.01341131963076], [-63.43518279272984, 45.01315119120773], [-63.43579350013041, 45.01208085342529], [-63.43610108577699, 45.010399708289896], [-63.43585519189287, 45.00959722063984], [-63.43376375182486, 45.00783628070061], [-63.43292233184594, 45.00695107848691], [-63.43228111989813, 45.005313482957945], [-63.43168692562728, 45.00378098495058], [-63.43185295156604, 45.00297596521042], [-63.432409363656994, 45.00243395166232], [-63.43306738724671, 45.00142769605623], [-63.43320163703313, 45.00130208203857], [-63.43336266204268, 45.00124159186338], [-63.43380193561918, 45.001233786575966], [-63.435067712933005, 45.00147918597519], [-63.437783001562906, 45.0021971923408], [-63.44071168315902, 45.002468494672584], [-63.44330591062602, 45.00217530326715], [-63.446044410932146, 45.002085146036904], [-63.44805682677063, 45.00160549186845], [-63.44920088601003, 45.00088768073777], [-63.45053399503018, 45.000043933157876], [-63.45073132407417, 44.99991901738048], [-63.45168557279044, 44.999744976408664], [-63.45366716927881, 44.99900018309317], [-63.454865775930585, 44.99812979511553], [-63.456026805108245, 44.99670498321865], [-63.45631813803808, 44.99634744673432], [-63.45762862848531, 44.995549303392465], [-63.458042788434994, 44.99493569222817], [-63.458019043699714, 44.99453668080312], [-63.45751836191591, 44.9939261476691], [-63.456077064861475, 44.99264349757414], [-63.45617292552859, 44.99227860401426], [-63.45639943970325, 44.99202297271132], [-63.45672583454999, 44.99183866028564], [-63.45721785301078, 44.991813873968], [-63.458155308909646, 44.99168425128604], [-63.460505323585224, 44.99070326084521], [-63.46128723149723, 44.989913782833206], [-63.461217624372296, 44.98884524880671], [-63.46133710950755, 44.988482013262946], [-63.462501170609, 44.9875769435069], [-63.4638892054994, 44.986748400738186], [-63.46557768102607, 44.986449483094624], [-63.46732561855316, 44.98659848115883], [-63.467936835132306, 44.98645828691984], [-63.46806720932672, 44.98642839900286], [-63.46889420929307, 44.98603635784351], [-63.46971687553225, 44.985197998109044], [-63.47040081479354, 44.98425551267276], [-63.47171251000893, 44.983132767625456], [-63.47217230550572, 44.982308031330724], [-63.47209934019424, 44.981439218694845], [-63.471988254105256, 44.98060306181704], [-63.472149260826356, 44.98033845092642], [-63.4724858426828, 44.97995294943649], [-63.474624808636904, 44.97926950200114], [-63.47558130945327, 44.978983228175615], [-63.47612976460445, 44.978810616554405], [-63.477256796257905, 44.97823537360207], [-63.47748238951097, 44.97808936955659], [-63.47804935281531, 44.977659519955544], [-63.478261641144826, 44.97748073515213], [-63.479226217751474, 44.9761841320481], [-63.480361226996315, 44.975144014333466], [-63.481332523180185, 44.97377457412493], [-63.481469068777464, 44.97358376815789], [-63.482003855785614, 44.97280037672368], [-63.48327944713473, 44.971706222947944], [-63.485005626759055, 44.97042314610026], [-63.48595748525437, 44.97012531202775], [-63.487019762651606, 44.969961899874654], [-63.48765896779131, 44.96953657668854], [-63.48808081475736, 44.96876749113072], [-63.48840492560912, 44.9671898047068], [-63.488339055298695, 44.96622661420514], [-63.48876257495353, 44.96526428815147], [-63.489972669367084, 44.96466027586758], [-63.49099798449757, 44.96392510171744], [-63.49180903123329, 44.962780777783024], [-63.49238348452142, 44.96239284166928], [-63.49321800458777, 44.96217131134878], [-63.49450236979869, 44.96188216315922], [-63.49482850153914, 44.961717602208076], [-63.495178081082045, 44.961427392457566], [-63.49608008898723, 44.96115905690349], [-63.49757405887939, 44.96099097119198], [-63.49890495014057, 44.961197081656266], [-63.49918027161653, 44.96125388293982], [-63.49934503116909, 44.96128550301426], [-63.499999992480184, 44.961678392361755], [-63.50061482736558, 44.96204718065721], [-63.50186636635562, 44.962466285905286], [-63.50223113675212, 44.962476480999364], [-63.5030013588806, 44.96249801603733], [-63.504245039631925, 44.9629885053694], [-63.504853382641365, 44.963730841446534], [-63.505247550057646, 44.96385057388576], [-63.50608164398891, 44.96386261013348], [-63.50825330201235, 44.96375005814217], [-63.50910674012212, 44.96315029564041], [-63.50882496668861, 44.96199432125497], [-63.507875631121856, 44.961352945591464], [-63.507725388129444, 44.960788888075854], [-63.508416324854174, 44.960430465957785], [-63.50957635798858, 44.96068727103401], [-63.510080305635164, 44.9612455480765], [-63.51058349912108, 44.96145410864359], [-63.51163682068967, 44.961443381289826], [-63.51362886759505, 44.9603805127848], [-63.5144758073041, 44.960124827665254], [-63.514535752893664, 44.96010671965439], [-63.514960187161904, 44.95970968796341], [-63.51509927485013, 44.95957960408871], [-63.51529044484082, 44.958937598616636], [-63.516555506767915, 44.95796444505223], [-63.5177548582129, 44.956610282199144], [-63.51837492443389, 44.9558529495295], [-63.518716841901444, 44.955408538445695], [-63.5192640093487, 44.95436859247727], [-63.52007216046104, 44.952761693471984], [-63.52049936990933, 44.95172097907241], [-63.521772027962356, 44.95067635827194], [-63.522250856432585, 44.94963038524397], [-63.52332245204155, 44.948423879285436], [-63.5250035527191, 44.94590341957348], [-63.526223994396524, 44.94463265894624], [-63.52647111655126, 44.94362940690151], [-63.52728849917109, 44.942641280013355], [-63.52826066783401, 44.94215027633222], [-63.53028457551037, 44.94060823345605], [-63.53075825252509, 44.93987978047255], [-63.5302104350232, 44.93897588269049], [-63.53090242432444, 44.93842405166686], [-63.53263455261349, 44.93801983306691], [-63.532957728458655, 44.93736003102763], [-63.532564040535156, 44.9366566018998], [-63.53179077633986, 44.935801649448926], [-63.53126502123058, 44.93348044412251], [-63.5305754508795, 44.93272792436421], [-63.53060052777754, 44.93218933036584], [-63.53309444891074, 44.93220313949844], [-63.53438689189917, 44.93180580888939], [-63.53463946259103, 44.93177888033974], [-63.53572157469552, 44.931350209331036], [-63.536377216997636, 44.93144941435509], [-63.53692199009416, 44.93168890499825], [-63.53836892877698, 44.93644800274002], [-63.53839624094758, 44.93645163674348], [-63.539974373347405, 44.93666179460356], [-63.5405606722724, 44.93673480117395], [-63.54090727862607, 44.936812504951355], [-63.541043300120236, 44.93685593182612], [-63.541173188718794, 44.93688854588241], [-63.54126973483381, 44.93689653208106], [-63.54126110419647, 44.93683331233318], [-63.541262701467616, 44.936734287889166], [-63.54124440023231, 44.936410295651676], [-63.541243013374014, 44.936392302797586], [-63.54123190095237, 44.93629330838711], [-63.54115320283545, 44.93493350867298], [-63.54107059737229, 44.933826607073186], [-63.541001300211725, 44.932655811579075], [-63.54096108682072, 44.93201680160493], [-63.54084491162503, 44.931385403136275], [-63.54083460874368, 44.93135411488973], [-63.54080839456008, 44.93127760072221], [-63.54071369555319, 44.930907110048324], [-63.54048288020351, 44.93034740578834], [-63.54026219340101, 44.929868809394726], [-63.53958920904096, 44.928423403506784], [-63.53909940550912, 44.927402193903866], [-63.53864920744002, 44.92628261464205], [-63.53831420293523, 44.925145499428346], [-63.53817305525638, 44.924508149157774], [-63.538172588721956, 44.92450608757895], [-63.538114118135205, 44.924208395517546], [-63.538015391007576, 44.923271798561956], [-63.53797459126965, 44.92270389045518], [-63.537938002883216, 44.92109270201251], [-63.537939304513145, 44.9210116079534], [-63.53794119040263, 44.92089510854369], [-63.537941195552044, 44.920894690437144], [-63.53790049900787, 44.91956269310766], [-63.53787351094428, 44.918932497529944], [-63.53784369502417, 44.91763638966781], [-63.53779721378242, 44.91591719918497], [-63.537731816103516, 44.91528649598453], [-63.53757771290807, 44.914655206087254], [-63.53735909502796, 44.91404138572922], [-63.53680079071342, 44.91257940706046], [-63.53653448725414, 44.91187489974843], [-63.53619118929426, 44.911196891554034], [-63.53577211353637, 44.91053630475661], [-63.534855607382895, 44.90925061597698], [-63.53391519695969, 44.90796499818037], [-63.532875804787416, 44.90652500011117], [-63.53217021430571, 44.90556510383704], [-63.531489103675156, 44.9046419124268], [-63.53113000052074, 44.90416201102735], [-63.52997909340501, 44.90255870783982], [-63.52915030657911, 44.901409391748004], [-63.52876820691498, 44.90088841434826], [-63.52822159889815, 44.9001417008759], [-63.52815989513333, 44.90004199510401], [-63.528140601561056, 44.90000969617289], [-63.52780239397137, 44.89944499770051], [-63.52746018199864, 44.89873090059229], [-63.527181197336446, 44.8979994973113], [-63.526955600429886, 44.89715161365613], [-63.52683009863455, 44.89630510014765], [-63.5268069851553, 44.89544100512995], [-63.526939816953, 44.894307892570936], [-63.52699449275003, 44.8940564986661], [-63.527212002218114, 44.89319399341716], [-63.52750428415151, 44.89233300253986], [-63.52775972105099, 44.89146219698094], [-63.528119694863626, 44.890384785741176], [-63.52846801269245, 44.88929030089788], [-63.528881700712894, 44.887997501090325], [-63.52920290233813, 44.88698330900337], [-63.529528595151454, 44.88599810576936], [-63.52953070451359, 44.88599109731453], [-63.52956260493457, 44.885888689620664], [-63.52981730429393, 44.88508101472653], [-63.53007090896192, 44.884291193199], [-63.53041890447236, 44.88315979530851], [-63.530577400701354, 44.88277471218955], [-63.53068418398282, 44.88243350556196], [-63.53096580206021, 44.881500012957574], [-63.53123390493426, 44.88063809020197], [-63.53142079733283, 44.880036806091844], [-63.5316079928336, 44.87946249458251], [-63.53179511290696, 44.87887920466846], [-63.53183449606298, 44.87876288749632], [-63.53196778580772, 44.87838599723598], [-63.53211401371696, 44.877910008785776], [-63.53212761958927, 44.87786489697654], [-63.53212911049519, 44.87786044962881], [-63.53215470649995, 44.877784705934246], [-63.53216708850015, 44.87775759336249], [-63.53268808706472, 44.87615989646155], [-63.5328208958848, 44.875756097112834], [-63.5336218930388, 44.874061787287566], [-63.534232906431875, 44.87305971323163], [-63.534945490709084, 44.8720840994296], [-63.53575848434569, 44.87115489512709], [-63.537430089026785, 44.86957610595188], [-63.539264406014404, 44.86808939573757], [-63.54222789782007, 44.86566630033257], [-63.54299801435477, 44.86504239916717], [-63.544529091404996, 44.86377400796122], [-63.544858103853564, 44.863501407719866], [-63.54773179597863, 44.8611317913823], [-63.54835979992934, 44.86062381085746], [-63.54905310741713, 44.86005329816167], [-63.55177199337951, 44.857817598566314], [-63.55179770956493, 44.8577994931295], [-63.553452285979894, 44.85644559663683], [-63.55449078893201, 44.855589901703176], [-63.55603031348771, 44.8543337978955], [-63.55608050838798, 44.85428938995252], [-63.556082871416294, 44.85428744991224], [-63.55614580833145, 44.85423600640969], [-63.55617090496265, 44.854208906065054], [-63.55738909504903, 44.85322889539899], [-63.55801608632235, 44.85276580716916], [-63.558233488708005, 44.85260629495957], [-63.55914151559957, 44.852019497655235], [-63.560980216940884, 44.85100880015056], [-63.56257831045046, 44.85018051043012], [-63.56284298211817, 44.850043300737816], [-63.56290588902086, 44.850010591706244], [-63.56401640293464, 44.849431690003556], [-63.566758819546024, 44.84802369663895], [-63.569540117863724, 44.8465883951574], [-63.5696293082175, 44.846542500170514], [-63.57012679302756, 44.84628658392867], [-63.57014061188774, 44.846278402751835], [-63.57015102893216, 44.84627306807689], [-63.56995659162021, 44.846023502665176], [-63.56981691120823, 44.8459098022805], [-63.56992479291342, 44.84583888850379], [-63.56994318742914, 44.84581760103667], [-63.5699760034705, 44.84569968799402], [-63.56991630006001, 44.845405799421506], [-63.56973048037293, 44.845073500033514], [-63.569699389951346, 44.84489100053312], [-63.56972391207944, 44.84457910284352], [-63.56960121393903, 44.84407029854888], [-63.5696021091814, 44.84392010408697], [-63.56969800520577, 44.84375611549969], [-63.56960310711146, 44.84324790192742], [-63.569732817953344, 44.842946201200405], [-63.56973449151135, 44.842776186734305], [-63.56971098009354, 44.8426769067247], [-63.569604186374015, 44.84244520541227], [-63.5696135884776, 44.84196700037916], [-63.56944959666689, 44.84164311104859], [-63.56942691266048, 44.84152399889214], [-63.569358116951584, 44.840925392362934], [-63.569113399998955, 44.84067099135208], [-63.56894509623393, 44.84057638938994], [-63.56880801509463, 44.840403394787124], [-63.5685599989706, 44.83996699616026], [-63.568481779863355, 44.8397162007404], [-63.56818590262503, 44.83923131129584], [-63.56810769580674, 44.83911098690412], [-63.56780910438214, 44.838946391858144], [-63.56767618520253, 44.838805100702075], [-63.56759677374465, 44.83866909327883], [-63.56750128185555, 44.838476998809995], [-63.567427400573386, 44.83825799600251], [-63.567339885732004, 44.83809389524893], [-63.567469504184565, 44.838053304188236], [-63.5675443898601, 44.83799159979139], [-63.56756711643685, 44.83784979249505], [-63.56781961065336, 44.83753501270752], [-63.567818818558074, 44.83742419407821], [-63.56775489345728, 44.83735959712907], [-63.56774149446401, 44.837284195610486], [-63.56776339024772, 44.83716210800139], [-63.56808230682843, 44.83685268827216], [-63.56830109985503, 44.83667549063522], [-63.56853329420148, 44.8365738066369], [-63.56885879929626, 44.83649779044532], [-63.569248393805736, 44.83635598781375], [-63.56938720603775, 44.83635910372228], [-63.5694058040041, 44.83605500003978], [-63.569551301134986, 44.83589998881536], [-63.56953958816835, 44.83578510415687], [-63.569402616471145, 44.83548159926408], [-63.56948921329383, 44.83540440021844], [-63.56965331503874, 44.83533679362395], [-63.56986950108924, 44.835218910270456], [-63.569875407061566, 44.835080604053225], [-63.56984428956682, 44.8350285930004], [-63.56968791082268, 44.83491839697469], [-63.569702207088966, 44.83484360921712], [-63.569749307354954, 44.83478129232908], [-63.56985790121531, 44.8347125069788], [-63.569936107632415, 44.83470239312917], [-63.57002951332164, 44.83459760200772], [-63.57006238794105, 44.83421879231188], [-63.57001118079177, 44.83398830062197], [-63.57002970944547, 44.83394521513726], [-63.57028880318695, 44.83386390388809], [-63.57048820268293, 44.83374958706182], [-63.570471393789, 44.833622709842516], [-63.57033010976472, 44.83341799843537], [-63.57033349766506, 44.83333889576405], [-63.57022419542833, 44.83316659971506], [-63.570305005684084, 44.83309709004297], [-63.57058510518187, 44.83304391289608], [-63.57064310615184, 44.832985798448945], [-63.57066669584258, 44.83295469594494], [-63.57066839755368, 44.83278470018227], [-63.57059108617859, 44.83238370568615], [-63.570367514940216, 44.83202699611583], [-63.57017238754463, 44.83178150082898], [-63.57015559553672, 44.83165460191361], [-63.570136419567824, 44.83119559534543], [-63.57025759410253, 44.830830496710284], [-63.57028791414175, 44.830771804309634], [-63.57024169190906, 44.83068378849536], [-63.570317406960086, 44.83060239883625], [-63.5706383210965, 44.829590752567604], [-63.57086876645578, 44.82884380080162], [-63.572991718603966, 44.82083802746519], [-63.57296159391223, 44.82066913374746], [-63.571213420844856, 44.811577932795245], [-63.571208407613945, 44.808375584039375], [-63.57120625438583, 44.807013705851865], [-63.570821355260485, 44.80511071836972], [-63.56930530607036, 44.80519189640179], [-63.56786830758135, 44.80526880942586], [-63.567386096008185, 44.80529820001035], [-63.56599504381636, 44.805369060934034], [-63.56381165698359, 44.805485830621265], [-63.510655457687974, 44.808320517278645], [-63.50927838649827, 44.80839352326668], [-63.50809649859015, 44.80846500570043], [-63.507813435596276, 44.808471167325976], [-63.50509993736345, 44.808614930476786], [-63.495382261092274, 44.80912908994541], [-63.49403733288948, 44.809200170567784], [-63.49304184901745, 44.80919276112636], [-63.4667701706177, 44.80899292487574], [-63.46588778781804, 44.80898607907321], [-63.44129684070169, 44.80879179449962], [-63.440046078261126, 44.80878172346742], [-63.43933088136669, 44.80877596639422], [-63.43917801480199, 44.808774737029545], [-63.43592244156968, 44.80874843855521], [-63.431183725695284, 44.80870982098422], [-63.428418477611814, 44.800527108171615], [-63.428415786398475, 44.80051913403119], [-63.4236603372595, 44.78644075306593], [-63.41563360295601, 44.762659460723114], [-63.40896655715308, 44.742889252973185], [-63.40868025738806, 44.742039833465746], [-63.40868020628257, 44.74203967601642], [-63.406954815809215, 44.736920520507695], [-63.406358689011604, 44.735151496512515], [-63.40606564619179, 44.734266586417306], [-63.40571627193065, 44.734324272566305], [-63.40514726986291, 44.734447998750205], [-63.404710544003535, 44.73354788030942], [-63.404271853953, 44.732603694924826], [-63.404002816539794, 44.73212119238232], [-63.403713486541946, 44.73142509414403], [-63.403422203273365, 44.73076538982803], [-63.40339789136089, 44.73071138573213], [-63.403257285352566, 44.730363212083866], [-63.40324109540867, 44.73032310035361], [-63.403087820259344, 44.72996149354249], [-63.4029916928091, 44.72951099122331], [-63.40288368107464, 44.72923060033309], [-63.40277448129685, 44.728969006478636], [-63.40265281390036, 44.72871549171795], [-63.40249318172767, 44.72846219951637], [-63.40248157906895, 44.72843440676759], [-63.40232309486069, 44.72815410078576], [-63.40215170039433, 44.72783779967387], [-63.40190749443813, 44.72740288816718], [-63.40182289119124, 44.72722229627004], [-63.40172449491789, 44.72705070142494], [-63.4015804969742, 44.726680310790314], [-63.401459584316804, 44.72637279907415], [-63.401340105612256, 44.72606630964448], [-63.40131559068978, 44.72600240917928], [-63.401243701869774, 44.72583070202389], [-63.401157791987984, 44.725641095699466], [-63.401074201515314, 44.725415387204634], [-63.401014794259595, 44.7252347099125], [-63.40100319727965, 44.72519868859159], [-63.40086881155869, 44.72492729574728], [-63.40084540657615, 44.7248283908649], [-63.400665117218104, 44.72433119625154], [-63.40056009269814, 44.72393450110314], [-63.40042650650969, 44.723600115041116], [-63.40028341508824, 44.72317569555144], [-63.40013921107501, 44.722778300689264], [-63.40000039352656, 44.72242230378113], [-63.3999593115184, 44.722317992873194], [-63.399875000808585, 44.72208299420139], [-63.39963289383146, 44.72150450980088], [-63.39943940058741, 44.721088900278495], [-63.39933149550439, 44.7208176920551], [-63.39930711720459, 44.72076380309587], [-63.39923332023846, 44.72067309696015], [-63.39914560244565, 44.72059058718086], [-63.399059188145145, 44.72050899925934], [-63.39895890278036, 44.720436408469105], [-63.39894750871954, 44.720427497887776], [-63.39884731128661, 44.72036299910739], [-63.39863549646163, 44.72022600524627], [-63.39833621393062, 44.72004339645599], [-63.39811060989533, 44.719915397708476], [-63.39801049319126, 44.71985999491654], [-63.39784921709136, 44.71972369591669], [-63.39776280345233, 44.719651091896054], [-63.39768780234405, 44.719578390949394], [-63.3976139944176, 44.71949680439078], [-63.39755291237781, 44.71941509462192], [-63.39745438929176, 44.71923359278978], [-63.39741840617106, 44.71914370569219], [-63.39735920593013, 44.71897191229912], [-63.39734640683666, 44.718954010337036], [-63.39727550712269, 44.71873720151742], [-63.3972032994088, 44.718511490827495], [-63.397168291039506, 44.718384705698995], [-63.397156612569525, 44.71833079555778], [-63.397121397385874, 44.718168807657314], [-63.39708731008772, 44.71798800225376], [-63.397077509841424, 44.717852993807945], [-63.397079093067155, 44.717758805524845], [-63.39707932037117, 44.71774499852679], [-63.39709381034719, 44.71764680226067], [-63.39712089997847, 44.71753869825564], [-63.39716058975941, 44.71744039414469], [-63.3972138861199, 44.717305205383774], [-63.39730689719338, 44.71705458955737], [-63.39742509491696, 44.71679490396069], [-63.3974794982455, 44.71662459935524], [-63.397492897189395, 44.716552512163815], [-63.39750749837573, 44.71648038864926], [-63.39750829881041, 44.71640841194134], [-63.3975103015238, 44.71633639891224], [-63.39749851634476, 44.71626439709714], [-63.39745078713835, 44.71611959794879], [-63.39741480649544, 44.716029712151546], [-63.397305892578515, 44.71580330737852], [-63.397170606656104, 44.715576888650524], [-63.397122190789815, 44.71551398633149], [-63.397072398941376, 44.715441291181605], [-63.39701110821196, 44.715341593254784], [-63.39688751171848, 44.71521449218804], [-63.3968750061773, 44.71519621464791], [-63.39676438524365, 44.715078705810626], [-63.39649019753238, 44.71485999424949], [-63.396340592037184, 44.71476860946992], [-63.396116100602505, 44.71462180333907], [-63.396041306208225, 44.71457609933797], [-63.39568000203962, 44.71435681333739], [-63.395442906601644, 44.71420191034545], [-63.395317298740096, 44.714119494011875], [-63.395305891663604, 44.71411060597658], [-63.39493129149177, 44.713872710286296], [-63.3948069950188, 44.713772489916245], [-63.39447031345536, 44.713580493056845], [-63.39422040435012, 44.71341571087089], [-63.39386079795664, 44.713195090206604], [-63.39383380120582, 44.71317851286946], [-63.39381090343703, 44.71316331091512], [-63.393602505048094, 44.71303530090978], [-63.39359690183106, 44.71303178684664], [-63.394518113171266, 44.71281779860788], [-63.39475011110263, 44.712763894133694], [-63.39581529190194, 44.71253161075902], [-63.39689189561595, 44.71230728811701], [-63.39775429762819, 44.712099989896316], [-63.39871730320063, 44.71191111273327], [-63.398804199601784, 44.71188921257618], [-63.39881809485745, 44.71188559937864], [-63.39885718986943, 44.71187639224566], [-63.398881965920744, 44.71187096118351], [-63.39889500990207, 44.7118682042648], [-63.39893280955625, 44.711859113540356], [-63.39898322671346, 44.71185081488456], [-63.39907780158151, 44.71182969548241], [-63.39913582116208, 44.71181599333779], [-63.39995910611018, 44.71166191217798], [-63.399999498462684, 44.71165550011835], [-63.40006000467415, 44.71164539195503], [-63.400367590644834, 44.7115804015245], [-63.400757111139896, 44.71149889248376], [-63.40130169856413, 44.71138709935175], [-63.40138999263919, 44.71136970672051], [-63.40191050851244, 44.711249111939544], [-63.40235320748374, 44.71118090105748], [-63.402771700895784, 44.71108671315044], [-63.40325311106143, 44.71096529672404], [-63.40395030487148, 44.71083680810806], [-63.40449489377588, 44.71071598861991], [-63.404532691347335, 44.71070689557121], [-63.405039417250556, 44.710595200457206], [-63.40567240061128, 44.7104841102577], [-63.40644630830553, 44.71031210816433], [-63.4076376101847, 44.71006200810564], [-63.40766279335503, 44.7100529919542], [-63.40782803742191, 44.71001328010722], [-63.40830931630884, 44.709897594570194], [-63.40893071210868, 44.70975940273685], [-63.40923600523692, 44.70969629347785], [-63.409639221723474, 44.70961289426151], [-63.41056439636755, 44.70941509599776], [-63.41146452058888, 44.70923449819725], [-63.41235060101225, 44.709045002494605], [-63.41327599039297, 44.70886519904322], [-63.41331370812509, 44.7088562161113], [-63.41335159698381, 44.70884779551802], [-63.414124194289066, 44.708674907469906], [-63.41515150849305, 44.708450612845176], [-63.416227989213816, 44.70823599274259], [-63.41697538492457, 44.70807209897625], [-63.41753269846237, 44.707969291684016], [-63.41760828662167, 44.70795190737573], [-63.41815399123196, 44.707830992256945], [-63.41910330906226, 44.707642090548546], [-63.42023140981264, 44.70740120878256], [-63.42137210547235, 44.70715930742562], [-63.4225367087245, 44.706918296140614], [-63.423512404223274, 44.70672111493718], [-63.42369011059118, 44.70668620510267], [-63.42420939243091, 44.70657450288416], [-63.425084085861336, 44.70639389837288], [-63.4260975142898, 44.70617859261356], [-63.42750290876399, 44.705885210981506], [-63.42873289090392, 44.705608709335436], [-63.42983461488069, 44.70540299629236], [-63.430860609139565, 44.70518749965327], [-63.431519696733375, 44.70504098586808], [-63.43164569483898, 44.70501530675601], [-63.432152584888584, 44.704929698794466], [-63.43273480382654, 44.70480049749255], [-63.43286211616912, 44.7047749026801], [-63.43296299697151, 44.704757397571825], [-63.433021846706374, 44.70474684663248], [-63.433773494755094, 44.70461209719914], [-63.43387058775715, 44.704591001673535], [-63.434226606587316, 44.704511900940894], [-63.434356987363074, 44.70448290414634], [-63.43512960781873, 44.70431879722992], [-63.435762293800934, 44.704189484768854], [-63.43633320134308, 44.7040694127137], [-63.4369281166372, 44.70393929966368], [-63.437562009364406, 44.70380179989183], [-63.43820729259918, 44.70367238797077], [-63.43884238653834, 44.703527709102914], [-63.43904401162122, 44.703481896873114], [-63.43990909208078, 44.70328298962511], [-63.43994369001251, 44.703275003428836], [-63.44058909174956, 44.70315460235404], [-63.44099388752828, 44.703095400367495], [-63.44141140780915, 44.703063211542734], [-63.44181531266761, 44.70304900518153], [-63.44199509607018, 44.703054485770174], [-63.442231911412094, 44.70306180095241], [-63.442672701631814, 44.703092488230766], [-63.44311360544296, 44.70314209976041], [-63.443553415331614, 44.70321780578128], [-63.443868195812094, 44.70327509742895], [-63.44416921819133, 44.7033495957322], [-63.44445770458336, 44.7034421101368], [-63.44474629851611, 44.703544509535895], [-63.44572390929376, 44.70394940208376], [-63.446073793384016, 44.70415061130483], [-63.446435791893386, 44.70434261067596], [-63.44701059670633, 44.70466269739515], [-63.447473096508666, 44.70488329432236], [-63.44803658217609, 44.70512230281821], [-63.44920540906041, 44.70543009757405], [-63.44936840342651, 44.70544929846055], [-63.44994841058542, 44.70552711263851], [-63.45052819631927, 44.70556810809231], [-63.45067910801675, 44.705569607716825], [-63.451197104032325, 44.70555638789756], [-63.451701810234326, 44.70552469081902], [-63.452321116541164, 44.70545830018234], [-63.4532190845708, 44.70535939660098], [-63.453850998219544, 44.70529291075101], [-63.45463550002686, 44.70520070308011], [-63.45501510483446, 44.7051596086698], [-63.45530638497044, 44.70512600400157], [-63.455596597179074, 44.70510140691539], [-63.45589950859405, 44.705095695967636], [-63.45618991554033, 44.70510720116241], [-63.45668129508788, 44.705129599660786], [-63.4573115202101, 44.70518909339669], [-63.4579785994263, 44.70526749246689], [-63.45864570143125, 44.705336800412006], [-63.45909931524712, 44.705385400792196], [-63.45940248706049, 44.7054156911553], [-63.45971691734528, 44.705426994609525], [-63.459893487231426, 44.705420006394846], [-63.45997049822834, 44.7054205939667], [-63.46001981513237, 44.705421292418926], [-63.46004974904641, 44.70542152670803], [-63.460095513167346, 44.70542190713153], [-63.460170889366964, 44.70542229995586], [-63.46018388552726, 44.70542240153511], [-63.460184312994095, 44.70542240762444], [-63.460196515351136, 44.70542240598506], [-63.46022430922164, 44.70542051044613], [-63.46068979969188, 44.70538259130227], [-63.46118281179877, 44.70531489866002], [-63.46167680012941, 44.70520210042474], [-63.46248910200795, 44.704975487554265], [-63.46324999458471, 44.70477540887199], [-63.46336458513468, 44.70474070409178], [-63.46399821623947, 44.70457519624228], [-63.46458140907687, 44.70440989342505], [-63.465076303640934, 44.704261105755116], [-63.46550740503533, 44.7041389078404], [-63.465901207584395, 44.70402551604317], [-63.466141712439, 44.70395610795701], [-63.46666181073167, 44.70379821112008], [-63.46680130929728, 44.70376361495465], [-63.4672071962121, 44.70365020511578], [-63.46812050016667, 44.70341599647241], [-63.46837369430866, 44.70335460997212], [-63.46882978858428, 44.703251006732515], [-63.4690449054265, 44.70319888871353], [-63.46955188751086, 44.703104906364224], [-63.47009640816549, 44.703001803586695], [-63.47054569527021, 44.702914810282], [-63.47064008967393, 44.70290730831696], [-63.47121062112998, 44.70279559496049], [-63.47221009516261, 44.70261589622701], [-63.47251400190384, 44.70255519513122], [-63.47338720363448, 44.70239230703146], [-63.474159707505294, 44.70223689228171], [-63.4750331983429, 44.70207400717208], [-63.4759707949213, 44.70189360708234], [-63.47643840166422, 44.70180789325412], [-63.47695758379568, 44.701704000598], [-63.477009289573374, 44.70169568716032], [-63.477451603071884, 44.70160930972092], [-63.47781959685958, 44.701541094636404], [-63.478287215764915, 44.70144639808457], [-63.478389291446376, 44.70142889451113], [-63.47850280765228, 44.701411994279695], [-63.478540798978244, 44.7014033077775], [-63.47935089883846, 44.70124841053257], [-63.480161190154874, 44.70109379705539], [-63.48083290380871, 44.70096490033751], [-63.48088829896384, 44.70095283690927], [-63.480762514965946, 44.70078112237185], [-63.47924535294697, 44.69701696372773], [-63.47930910395471, 44.69693421243282], [-63.47933030553126, 44.696831988080575], [-63.479438103130185, 44.696652711581805], [-63.479417811889, 44.696363702263874], [-63.47952229979759, 44.6961330008641], [-63.47947338944275, 44.6958630932322], [-63.4795634903172, 44.695707094525474], [-63.47934210829812, 44.69533060030876], [-63.47899768911251, 44.69485650042267], [-63.47865528008502, 44.69458390440832], [-63.47851669990472, 44.69433970023896], [-63.478008888212266, 44.69417400907295], [-63.47744428630772, 44.69391619822421], [-63.47744689949484, 44.693857003115475], [-63.477765989970074, 44.69365868748913], [-63.47794888567351, 44.69328750080628], [-63.477728097158824, 44.69302169543551], [-63.47741898780081, 44.69287240561034], [-63.477049310136735, 44.69246880523251], [-63.476796998641156, 44.69241168653525], [-63.47609859226479, 44.69168049690958], [-63.475822493551355, 44.69141339649408], [-63.47584278614965, 44.69133089252672], [-63.47563650309779, 44.6909903042431], [-63.475409514470655, 44.69086260223423], [-63.47547338993138, 44.69042539105505], [-63.47537170267487, 44.68985408982581], [-63.475510313328655, 44.68972680000772], [-63.47534902124883, 44.68949399374062], [-63.47531249673654, 44.68931930700777], [-63.47510471655135, 44.68925919764009], [-63.475019683791224, 44.68905569763727], [-63.475070118866796, 44.68867359651302], [-63.47441489097878, 44.68846108748853], [-63.47421151426982, 44.6883023049577], [-63.47428068669781, 44.68811819067621], [-63.47422711124158, 44.68807740858247], [-63.47390100796412, 44.68806210401068], [-63.473635494413564, 44.687929603398636], [-63.47376770582953, 44.687699400420705], [-63.47330660792747, 44.68698949196662], [-63.472977211272045, 44.68692270446982], [-63.472859012856674, 44.68659600961416], [-63.47317838581459, 44.68589589755412], [-63.47361790883446, 44.68548320216612], [-63.47318770760431, 44.684825297738335], [-63.473028812916226, 44.68466359788228], [-63.47302301055051, 44.68430000697999], [-63.47292943955232, 44.684181619500734], [-63.47291348652408, 44.684147303901476], [-63.47258268844974, 44.68398959256701], [-63.472613413049295, 44.6838006068269], [-63.4727955912647, 44.683690191300315], [-63.4729059853388, 44.6834517079128], [-63.472434190071084, 44.683349993472305], [-63.4721697124989, 44.68282629342354], [-63.471504009400945, 44.68247921536723], [-63.471052603723074, 44.68229499359229], [-63.47021090405917, 44.682291595877885], [-63.46964771283571, 44.68188350031757], [-63.46920420249324, 44.6818931055334], [-63.46895578638094, 44.68199809534994], [-63.46878980566846, 44.68199430710345], [-63.46870211187469, 44.68185000046055], [-63.468247509860454, 44.68161439835544], [-63.46825309920998, 44.68136560591538], [-63.468423922091525, 44.681140294202706], [-63.46834890825124, 44.68096079061668], [-63.46851049916471, 44.68069179291777], [-63.46914210636588, 44.680563992646995], [-63.469897286917615, 44.680273095832455], [-63.47082181404674, 44.679666002208705], [-63.47146970228237, 44.67905249393976], [-63.47128110365257, 44.67868860867179], [-63.47083949547019, 44.67828740749791], [-63.46983958432386, 44.677861403173104], [-63.46886230315139, 44.67779560157015], [-63.46788460556975, 44.6772476927225], [-63.467585701502834, 44.677122294358774], [-63.46686190408006, 44.67659199744346], [-63.46659279715581, 44.67592600207608], [-63.46569489249628, 44.675328492563], [-63.46545579446545, 44.67510568737091], [-63.46520369507072, 44.674677197455985], [-63.46497458733864, 44.674478307199536], [-63.464344397006286, 44.67408448797473], [-63.464096413203805, 44.67405909987287], [-63.46381960508561, 44.67381171031866], [-63.46379229776496, 44.673680695117255], [-63.46358630003458, 44.67358111211002], [-63.46350926229134, 44.673576499916564], [-63.463155609720694, 44.67355540057101], [-63.463161153836474, 44.67363629294098], [-63.4626976696687, 44.67361685881516], [-63.46203371023741, 44.67342377149663], [-63.44641072580655, 44.66709545736826], [-63.441096142508435, 44.66513385672622], [-63.431187639016954, 44.66158595301735], [-63.431129140496765, 44.661565013455004], [-63.43097811869056, 44.66151093234928], [-63.428746456780004, 44.66071161201773], [-63.421569995600045, 44.658107839666094], [-63.421498318718236, 44.65808201610226], [-63.4214744850899, 44.658073437638684], [-63.41492495211862, 44.655831277132464], [-63.41191246254475, 44.65298884769309], [-63.412427465286235, 44.64911745847891], [-63.413415450223525, 44.647053158430914], [-63.41469440277846, 44.64564096989924], [-63.41512820624737, 44.644977412703135], [-63.41566118237291, 44.643295525205986], [-63.41501481789628, 44.640037749205675], [-63.408459721938165, 44.633930223411305], [-63.39775976776894, 44.62402022983439], [-63.38512307040756, 44.6123121472942], [-63.37769249116704, 44.605424231468874], [-63.376441524714174, 44.60426442206197], [-63.363520995727455, 44.59228085403924], [-63.36332304742521, 44.5920972247377], [-63.3417006903836, 44.59618988005228], [-63.337643778158146, 44.59695712041152], [-63.32207708521164, 44.60006921642468], [-63.29898803933841, 44.60467949973168], [-63.28808052193602, 44.607106351729946], [-63.24983847551817, 44.61560251600762], [-63.228942824101956, 44.61878557808756], [-63.215678793676155, 44.62080335345522], [-63.21531501551837, 44.62085865691655], [-63.19586008019183, 44.62151061159334], [-63.17452611859207, 44.62056401319742], [-63.15869890884534, 44.62004461515499], [-63.13805716673734, 44.619362993222715], [-63.13810698336508, 44.619515329701464], [-63.04622179665994, 44.61377893924101], [-63.038795397869215, 44.61483893652202], [-63.00424033308264, 44.61976233789978], [-62.99999999135397, 44.620578407387725], [-62.962286382242304, 44.62782644746338], [-62.94066134045252, 44.631974348070244], [-62.90551551043209, 44.638530934758826], [-62.884335844254146, 44.64247456986662], [-62.849042279334235, 44.651881920785925], [-62.793673204555624, 44.66807896742467], [-62.79320733795871, 44.6682159429082], [-62.75507269100036, 44.678770181517216], [-62.7379110281672, 44.68651636665078], [-62.69682510052317, 44.70503813596481], [-62.69417037072985, 44.706300970806886], [-62.667516058439915, 44.718972393579655], [-62.633746868902975, 44.73500567815082], [-62.61523440978201, 44.749807680699696], [-62.61530564496841, 44.75008699406755], [-62.6156397064193, 44.75139705945158], [-62.6156813765667, 44.75156048393712], [-62.615654472056086, 44.75156512775385], [-62.592548795260676, 44.75768446975638], [-62.56175711343792, 44.76457921412438], [-62.544379838459854, 44.76824901208014], [-62.52658143600281, 44.771396848013936], [-62.52629888081973, 44.77144631760975], [-62.51689962507008, 44.77309117065141], [-62.50732295319819, 44.77476594522963], [-62.500027498104615, 44.77599910297354], [-62.49375740428528, 44.77705840288212], [-62.49360794601912, 44.77708363911611], [-62.49360562545746, 44.77700186469418], [-62.4153386173703, 44.785304731338314], [-62.41533769612399, 44.78530265449423], [-62.19715367848731, 44.81005876684854], [-62.196990526115684, 44.810148518049324], [-62.171986686134005, 44.82389513213489], [-62.17195816478457, 44.82391150748056], [-62.084815741691344, 44.87425689371427], [-62.0731185139865, 44.87942906868975], [-62.07318016771791, 44.87948809880759], [-62.03270001126741, 44.89722887964827], [-62.00001067733221, 44.912829332490944], [-62.00000001544476, 44.91283443882137], [-61.997543880694295, 44.91400569638512], [-61.99669232142419, 44.962538352459], [-61.9964530382687, 44.97615937707464], [-61.99612061890074, 44.975924802887036], [-61.97376335070334, 44.975827267887134], [-61.9689333414005, 44.97580547767419], [-61.912768942443144, 44.975532849345164], [-61.89669300081409, 44.979463890795735], [-61.85151792680187, 44.99049177298994], [-61.82304894535767, 44.99784055467884], [-61.814416462004885, 45.00006666549137], [-61.805188462549594, 45.00244521436139], [-61.791995605183374, 45.005843675169174], [-61.78085168329825, 45.00871247940063], [-61.71333190251165, 45.02504601525804], [-61.70082365750798, 45.028065110735795], [-61.67887373665815, 45.03335802698672], [-61.63561091724024, 45.04341184854909], [-61.61423498045052, 45.04837020503061], [-61.595330121338876, 45.05275032305726], [-61.572048241237255, 45.058733424537195], [-61.562608797054466, 45.061157100341056], [-61.543092481036275, 45.074238183825656], [-61.542756625148705, 45.074463188022484], [-61.52140195097565, 45.0887635902777], [-61.552222139393706, 45.096794014411294], [-61.57743467518174, 45.10347862972312], [-61.58018262416683, 45.10420665338548], [-61.58518362391765, 45.105587825437304], [-61.623725604857704, 45.116220538720334], [-61.63244818993711, 45.1186239482683], [-61.64592902427847, 45.12244933538039], [-61.68102481665714, 45.1323960752997], [-61.69825445794773, 45.137714278899516], [-61.708870274274815, 45.14090685720806], [-61.71267453255563, 45.14195166818609], [-61.71585899692279, 45.14300772899866], [-61.717184097593716, 45.14340599089887], [-61.72006202581259, 45.1442708632814], [-61.720644160796866, 45.14444577913457], [-61.726918634449085, 45.14705325646313], [-61.72751586901587, 45.14730141778537], [-61.734721647209334, 45.15029494656432], [-61.73512217969666, 45.15046132975617], [-61.738543447108476, 45.151882287462435], [-61.739649835127096, 45.152341761816025], [-61.743119501629955, 45.15386456685281], [-61.76785427024368, 45.16471380761347], [-61.78253384585488, 45.1715351740409], [-61.79757488214609, 45.17852007353135], [-61.80232515739777, 45.18060370174754], [-61.80710464438568, 45.18269974488284], [-61.81853380402393, 45.187710210171225], [-61.82290026853165, 45.1896238054961], [-61.82927697322987, 45.191461690158], [-61.84023823689643, 45.194619578002175], [-61.85507123953108, 45.19889012625277], [-61.86378412888579, 45.201509138828875], [-61.86422700627918, 45.20164224808446], [-61.864500104408044, 45.20171977913168], [-61.86670897243837, 45.20234696683023], [-61.86996363248568, 45.203262434514194], [-61.89549860879962, 45.21051681419133], [-61.89958725106375, 45.21167752140616], [-61.92352342868346, 45.21827282974338], [-61.928987015952494, 45.21980459791665], [-61.938187472261426, 45.22268195111764], [-61.937455508718976, 45.22387753552655], [-61.93672611165782, 45.224940788552516], [-61.93478619298581, 45.22767831688363], [-61.93422423897885, 45.228557562582196], [-61.92734730410446, 45.24024133918447], [-61.928128331959854, 45.240510613263865], [-61.92812507363224, 45.240516197134525], [-61.931384595711876, 45.24153983081836], [-61.93634251321513, 45.24309649651342], [-61.939814697885204, 45.24404589872529], [-61.946778583415885, 45.24592400627979], [-61.94990325093151, 45.246766473388845], [-61.9614825540646, 45.25004524371175], [-61.96915890091839, 45.25221778538741], [-61.97104414591082, 45.252730605513875], [-61.971816634703295, 45.25294072231209], [-61.97603398040616, 45.254087698207236], [-61.97666293834188, 45.254258726393], [-61.9802328804669, 45.25529988586712], [-61.98911627823138, 45.257767492421124], [-62.00007126078025, 45.2605840141391], [-62.00133430047702, 45.26088009600608], [-62.001730918080014, 45.26100570318813], [-62.012339525208745, 45.26388775740994], [-62.0129657249902, 45.264057226207484], [-62.01286449254571, 45.26421474464343], [-62.00969651848848, 45.26941192668369], [-62.00493493778248, 45.2772968716515], [-62.00413463542832, 45.27862184307494], [-61.99996676560296, 45.28551894037471], [-61.999123307041465, 45.28691450538907], [-61.99635179429522, 45.29149934578994], [-61.99530257315126, 45.29321728558747], [-61.99066293812534, 45.30081237219031], [-61.9896260495673, 45.302509380926814], [-61.98758434275039, 45.30585061328481], [-61.987580822959565, 45.30586819537319], [-61.9870748090854, 45.30579691542364], [-61.98643340554523, 45.30551789842674], [-61.986148496065816, 45.30535209068441], [-61.98606159893907, 45.30508377351951], [-61.979525836660166, 45.300128022132455], [-61.97306271479217, 45.29672714450218], [-61.96476349048707, 45.29235873063196], [-61.96453679912227, 45.29238150489424], [-61.9640060993417, 45.29234079944016], [-61.96338528829998, 45.29201880688658], [-61.96286870390271, 45.29180009282185], [-61.96156149503868, 45.291700985771], [-61.961481063446115, 45.29164894774086], [-61.95311353700537, 45.29591501056465], [-61.9464188947012, 45.299585372005645], [-61.944095897568836, 45.300106807604024], [-61.94377699434903, 45.29994739419991], [-61.943535710797406, 45.2999417898702], [-61.94327408421032, 45.300050495152995], [-61.94311841044888, 45.30017119456528], [-61.94277561453499, 45.300665395801516], [-61.94248580372163, 45.30098719785302], [-61.942261511169946, 45.30112111205887], [-61.941989095155876, 45.30115389737122], [-61.94170280648445, 45.3010791095294], [-61.94147878951945, 45.300927398076034], [-61.94140260217476, 45.30082519497029], [-61.94130489180016, 45.30042860660301], [-61.941245699883275, 45.30039458720912], [-61.94125669094607, 45.30032759094501], [-61.94115101722595, 45.30010119619926], [-61.94042440377461, 45.299838409426755], [-61.94026259731751, 45.299752596866995], [-61.93981750468193, 45.29969528901038], [-61.93937671329287, 45.30000709242827], [-61.939108999424235, 45.29998060544034], [-61.938903692295206, 45.299805904984055], [-61.93870300467226, 45.29978598832727], [-61.938077011549545, 45.30002299153077], [-61.93709348658887, 45.299880806309936], [-61.936817985681095, 45.299881807198744], [-61.93605660052104, 45.30012530014542], [-61.93558159269304, 45.30044360674667], [-61.9355301258358, 45.30051339217925], [-61.9283282952361, 45.30173820383384], [-61.92801239214437, 45.30175340569087], [-61.927747794668676, 45.30168740595482], [-61.92341951874737, 45.301462551879325], [-61.91963185303627, 45.30125901323534], [-61.918781609204174, 45.301308956368516], [-61.91764940698821, 45.30137239620867], [-61.91759790664205, 45.30145361256528], [-61.91681778681677, 45.30164860817833], [-61.91647219990482, 45.3016824942192], [-61.91628690612798, 45.30175039880253], [-61.916216603948, 45.30192611277807], [-61.91621149350051, 45.30219969583493], [-61.915937305728114, 45.302395011227055], [-61.91565859424895, 45.30243540298632], [-61.91534240326279, 45.30259339559708], [-61.915194506141994, 45.302615306745246], [-61.91474139848195, 45.30272811241971], [-61.9143752896072, 45.30287609166998], [-61.914085607554945, 45.30305499304343], [-61.91380051151635, 45.303174494151826], [-61.91321988236817, 45.30319499758369], [-61.912615983518265, 45.30315500410074], [-61.91187699808627, 45.3029072871828], [-61.91121608480658, 45.302456394752355], [-61.9111913796951, 45.302344302206784], [-61.91136340417172, 45.30181169716263], [-61.91127679907808, 45.301419509844564], [-61.9110506117563, 45.30073600969024], [-61.91086291303943, 45.30034369853059], [-61.91061559164017, 45.300202891448464], [-61.91055650404184, 45.300168795772954], [-61.91015799413061, 45.30016080779891], [-61.9100880972944, 45.300122287854904], [-61.90931218498225, 45.30061500694272], [-61.90871730937049, 45.30081330088943], [-61.9085924965386, 45.300966986968405], [-61.908329092863646, 45.30116670230055], [-61.908162500809965, 45.30121161290752], [-61.90745107866111, 45.30125060405985], [-61.906689316958065, 45.301636696763374], [-61.90606481138081, 45.301853695853396], [-61.905972340129985, 45.302174929478475], [-61.90617189000957, 45.32366058127276], [-61.906270278733835, 45.332396368203135], [-61.90629195104073, 45.334321095022226], [-61.90623236863339, 45.338236354258385], [-61.90632670546939, 45.34051139643317], [-61.906463582361724, 45.34955387262758], [-61.906495015958114, 45.35234232646227], [-61.906009174778575, 45.35861745595151], [-61.90696454008027, 45.361353519616245], [-61.907049597551804, 45.3613269080135], [-61.90723370084501, 45.361207300530936], [-61.90741639155506, 45.360964597442006], [-61.907556786607735, 45.360898801707684], [-61.90770798274891, 45.3609088003679], [-61.90867690143189, 45.36124899211019], [-61.908821804783955, 45.361266698857094], [-61.90913048263336, 45.36120760102524], [-61.90933618733677, 45.361239691548406], [-61.90975030803383, 45.36154978984699], [-61.909777798089664, 45.361908103704025], [-61.90971843269577, 45.36215863766144], [-61.90971818185292, 45.362159598525544], [-61.910445907345554, 45.36333149959719], [-61.91053581496506, 45.36361289301036], [-61.910694590970444, 45.363738306567676], [-61.91069609037379, 45.3637423667173], [-61.910865400400105, 45.36420540816503], [-61.91119378389656, 45.364532007440175], [-61.911389293919676, 45.3651111884538], [-61.911544890540775, 45.36527610197765], [-61.911762219257234, 45.3659355965507], [-61.91205140008402, 45.3663995057139], [-61.911993407579516, 45.36663130774853], [-61.91203598833529, 45.36729170701741], [-61.912141786611585, 45.36744669800039], [-61.91241278603576, 45.3675765925625], [-61.91246390937079, 45.36785241322491], [-61.91241680796124, 45.36808860846974], [-61.912138804049015, 45.36839500061807], [-61.91213688168909, 45.368629006008], [-61.912264384415174, 45.36886429922643], [-61.912455889049234, 45.36900289851955], [-61.91310406602366, 45.36920330379104], [-61.91414771722559, 45.36972788190397], [-61.91311743644561, 45.371110147165034], [-61.9114937778525, 45.3730972913431], [-61.911705408009894, 45.37365150271209], [-61.911995104765246, 45.37382971052845], [-61.91222689892515, 45.37416829809827], [-61.91231070527327, 45.374385894241826], [-61.91252240112452, 45.374624500831885], [-61.91311889230204, 45.37504910176025], [-61.913504598578996, 45.37571530256645], [-61.913381899323845, 45.37647229199223], [-61.91344218477659, 45.37677239540101], [-61.913490498787546, 45.37680208695092], [-61.91369858552155, 45.377366008666456], [-61.91390581562522, 45.37752100306977], [-61.91446668987764, 45.37775769313126], [-61.914913790356216, 45.37808109003179], [-61.91638450832627, 45.37890959786445], [-61.91652100828624, 45.379383315029926], [-61.91730449637355, 45.380005801096864], [-61.917969923499484, 45.38027439448527], [-61.91813039522936, 45.38037999046574], [-61.91813600235217, 45.38087230045421], [-61.91822301710088, 45.38105030336933], [-61.9185405973293, 45.38144388502691], [-61.918520013640745, 45.38170110721263], [-61.91856959702826, 45.38192530096903], [-61.918687796736215, 45.38213630312162], [-61.91868599278949, 45.382299004122615], [-61.91864059448876, 45.38244399417531], [-61.918707677665395, 45.38274021943701], [-61.919013489766726, 45.383079528456236], [-61.919637289482, 45.38342819930653], [-61.920069011660225, 45.383592197053126], [-61.92123940515754, 45.384166609704685], [-61.921624395253076, 45.384281086353084], [-61.92200769137583, 45.38455829858621], [-61.92237359380494, 45.384981594670776], [-61.92311509908623, 45.38563809063516], [-61.92354480269003, 45.38617900935239], [-61.92381288300246, 45.38634839731515], [-61.92425400817606, 45.38646520521516], [-61.924412984990134, 45.386590494742194], [-61.92436420397229, 45.38691800956599], [-61.92453080863184, 45.38715870737909], [-61.92454308443619, 45.38728620687455], [-61.92424649351281, 45.38754428683616], [-61.92409030628098, 45.387736491180746], [-61.92404808132936, 45.38784200497657], [-61.924069594401736, 45.38806509897215], [-61.924236294597016, 45.38823439848213], [-61.92477699216309, 45.388585297277544], [-61.925134791276875, 45.38932178668657], [-61.925329498448455, 45.38956361079137], [-61.92570190119972, 45.38983640067144], [-61.926110299556804, 45.390011408642906], [-61.92696619943541, 45.39029539765419], [-61.92779060676849, 45.390903602144746], [-61.928116411821016, 45.39105540268811], [-61.928362700166915, 45.39114461053026], [-61.92876650790168, 45.391236013098855], [-61.92958680128641, 45.39133210015663], [-61.93006380368953, 45.39156530334618], [-61.93047991003071, 45.3918556013825], [-61.93076969712697, 45.39217670235311], [-61.931098481120934, 45.39243180079681], [-61.9313994042542, 45.39254299507882], [-61.9324581784001, 45.39282700507456], [-61.93318448679862, 45.39332410036285], [-61.93346510609051, 45.39347810686575], [-61.93419789815133, 45.39375319740703], [-61.93459712008637, 45.39383249537391], [-61.93521948079597, 45.393797699941665], [-61.93572178906777, 45.3937143927857], [-61.93648451323676, 45.393685106962906], [-61.936623303614915, 45.39371039439211], [-61.936805697844854, 45.39382480965516], [-61.936969299759255, 45.39403370987169], [-61.93712050933138, 45.39411510782334], [-61.93755399755842, 45.394187811925946], [-61.9377801072635, 45.39431979296409], [-61.93790170675519, 45.394348402731424], [-61.93819029469076, 45.394332084628005], [-61.938692695333714, 45.39410591122119], [-61.93891739400585, 45.394043408252784], [-61.93917459986366, 45.39420831084829], [-61.939308616322656, 45.39436439809548], [-61.939469013916685, 45.39468429390545], [-61.93949991187064, 45.39500299801461], [-61.939401493143976, 45.39517769476816], [-61.93903628965995, 45.3954490067902], [-61.93900947666728, 45.39571380438747], [-61.93905149693918, 45.39582261203024], [-61.939226085862515, 45.39596449621002], [-61.93963780680246, 45.3960998164221], [-61.939915288926976, 45.39622190886795], [-61.940035184234226, 45.396413205200105], [-61.94018958434252, 45.3965264948386], [-61.94054510852883, 45.39665959277001], [-61.94112488187223, 45.39715880098739], [-61.94129341853843, 45.39716539751109], [-61.941469807841905, 45.39700179355321], [-61.94140450514673, 45.39676110634431], [-61.94153099985753, 45.396516009902975], [-61.941666783445704, 45.39650950797549], [-61.941950599149116, 45.396623892398964], [-61.942346520774215, 45.39688559441214], [-61.94271908913604, 45.39722969239153], [-61.94303068890009, 45.39763100926204], [-61.94352726888192, 45.39879566970202], [-61.943823631239944, 45.3997692325221], [-61.94417507372921, 45.399730926264986], [-61.94425019441718, 45.39943478938577], [-61.96272194312919, 45.39732541859295], [-61.964991140298174, 45.39707177324711], [-61.97970112340429, 45.39591663721974], [-62.000239754637576, 45.393576432559534], [-62.01360064767062, 45.39213544024182], [-62.03684033934532, 45.389623602062755], [-62.03876435187871, 45.389368662887044], [-62.04064732211762, 45.38916132693281], [-62.0430920024235, 45.3888912356052], [-62.04528202117636, 45.38864265193807], [-62.04563730010053, 45.388617812662076], [-62.04575581366984, 45.388614397051796], [-62.045776125441584, 45.38859639212118], [-62.048801078920654, 45.38826304834739], [-62.0541282955952, 45.38767576458492], [-62.069430851820485, 45.385986931561945], [-62.08559318987297, 45.384101958970156], [-62.089803581909464, 45.38373433050002], [-62.0908241017646, 45.38362136571608], [-62.09143867116107, 45.38366022014], [-62.09209944943053, 45.38537803147715], [-62.096577338213436, 45.39701600628206], [-62.098430456131254, 45.401830560378215], [-62.104828529607495, 45.41650516059854], [-62.10798612295877, 45.42374398122305], [-62.108236608232446, 45.42431816193739], [-62.10904896956919, 45.426180111092094], [-62.10969125416719, 45.427652180694196], [-62.112336718800044, 45.433686107770036], [-62.11584646054211, 45.441689018097726], [-62.119424029366996, 45.449843792136214], [-62.124258548794124, 45.460859215119896], [-62.12505310826383, 45.462669168887274], [-62.1267396579775, 45.46669142572478], [-62.13090174651606, 45.47621244326725], [-62.13722652019325, 45.49067337428362], [-62.13882448944801, 45.49420346429728], [-62.13954546327266, 45.49613119085158], [-62.14122569435227, 45.500084927411166], [-62.14132782004155, 45.50032521976166], [-62.144045699022875, 45.5067192010562], [-62.14490065092091, 45.508730144959976], [-62.14655584934272, 45.512622932247794], [-62.14833208556549, 45.516799658793936], [-62.15485095181527, 45.53212206298744], [-62.155047817186485, 45.53258470107345], [-62.16070353407928, 45.54587000556712], [-62.162682084886264, 45.55051589155118], [-62.16677957508351, 45.56013430473567], [-62.16836166391052, 45.563847122923605], [-62.16915993965217, 45.565720255216014], [-62.170403822733995, 45.56863869349117], [-62.17099935590783, 45.570035852363084], [-62.172105043874865, 45.572629587528766], [-62.17358958899354, 45.577927701238885], [-62.17508898005825, 45.5796278942371], [-62.17531259928842, 45.5801798826022], [-62.17542751486071, 45.5804635432846], [-62.17668370261014, 45.583564035545606], [-62.17820696845967, 45.58564898004144], [-62.177666105207464, 45.585776163224914], [-62.18040481630452, 45.592308042232794], [-62.181372061409164, 45.59461455901913], [-62.18588328380347, 45.60536900332934], [-62.185506303251984, 45.6060126086349], [-62.19153446800048, 45.61883422405776], [-62.19626999081548, 45.63011168029106], [-62.20006886897872, 45.63915465872229], [-62.201641168463546, 45.642896427095415], [-62.201812994065065, 45.643305318966114], [-62.202045723479976, 45.643859080111774], [-62.20891117028338, 45.660189938687076], [-62.21145007446677, 45.66601405810521], [-62.21292129958586, 45.66956749435967], [-62.21803733268547, 45.68160061040465], [-62.219831806383446, 45.685992297176846], [-62.22411951614408, 45.6968165917782], [-62.22853121300676, 45.706541194715214], [-62.233199611579366, 45.71812559560886], [-62.23525864340272, 45.72206589199716], [-62.24787176660454, 45.74940595179313], [-62.278927367933285, 45.73674398617885], [-62.28499930376252, 45.73426633657881], [-62.30533574738, 45.72560174668735], [-62.30908242222548, 45.72400461688], [-62.325785351835115, 45.715380539490496], [-62.3280299460395, 45.7142211487571], [-62.33472167435003, 45.70941814272033], [-62.34517422335957, 45.70639268962731], [-62.34731557949598, 45.70577268347782], [-62.379269026415905, 45.69841586776423], [-62.397237858982606, 45.69360745274298], [-62.40390823020005, 45.691267864841485], [-62.42587318220085, 45.68355879032322], [-62.44087858578972, 45.67740534974367], [-62.45275146193482, 45.67193890409599], [-62.4528494415127, 45.67196728300146], [-62.495218847847475, 45.68422401882655], [-62.499999361796064, 45.68595877621701], [-62.50000000935572, 45.6859590020441], [-62.505992163800926, 45.68813290000863], [-62.51368698604087, 45.692410285255306], [-62.52194591411534, 45.69619952123416], [-62.523358340813125, 45.69678026831989], [-62.5331093366806, 45.700788695156454], [-62.5485531064634, 45.70713379887637], [-62.56238376027731, 45.71285572030508], [-62.57594739708901, 45.71635555378754], [-62.58825053511836, 45.71918714307704], [-62.60363113942554, 45.723098906827865], [-62.57511854189055, 45.750070143426726], [-62.575116251586124, 45.750072291504154], [-62.54422601060226, 45.779249353592974], [-62.5296589152871, 45.792992931224184], [-62.52539089994117, 45.79701779660537], [-62.500000011691775, 45.820944326808956], [-62.50000001355947, 45.861271814149504], [-62.54022794153646, 45.86077056063805], [-62.54979303665118, 45.86056641917494], [-62.55004705732017, 45.86056097590425], [-62.55030107792692, 45.86055553192491], [-62.63017309134215, 45.858810898584494], [-62.63041868270391, 45.858805436105754], [-62.630424122803205, 45.858819771538776], [-62.64198887232917, 45.85868220095143], [-62.64224296782959, 45.85867916612675], [-62.69575956528185, 45.858023353404604], [-62.698835696377195, 45.858040397780165], [-62.699089817642246, 45.85804179865831], [-62.710732354153414, 45.85810675710426], [-62.74671407081042, 45.85829235864123], [-62.746968194953, 45.85829362586654], [-62.74722231911001, 45.858294892382446], [-62.75440742622558, 45.85833050333941], [-62.76735126150508, 45.85983534178109], [-62.76760195533403, 45.85986446248356], [-62.767852649491495, 45.8598935824994], [-62.77727529377425, 45.86098777259252], [-62.77752600060418, 45.86101686611345], [-62.77777670776236, 45.86104595894768], [-62.78977124654506, 45.862437261797396], [-62.79002196972844, 45.86246632109076], [-62.79027269323972, 45.86249537969732], [-62.80768229931007, 45.86451173746057], [-62.80793304590082, 45.86454074769075], [-62.80818379281895, 45.86456975723402], [-62.818458863956685, 45.86575810895534], [-62.8276064000731, 45.867320248127], [-62.82785331484494, 45.867362405904906], [-62.828100230085276, 45.86740456302101], [-62.84554916642594, 45.870381389643164], [-62.845796115223266, 45.870423499327025], [-62.84604306448866, 45.87046560834894], [-62.86844924861893, 45.874282601496894], [-62.872293516429146, 45.87524825410264], [-62.87253274422035, 45.87530833979875], [-62.87277197265863, 45.87536842488225], [-62.89721209268594, 45.881502781368575], [-62.897451387845464, 45.88156280324628], [-62.89769068365161, 45.88162282451107], [-62.912010538053316, 45.885213178808], [-62.922885046652596, 45.88942490135555], [-62.92310745384088, 45.88951103346697], [-62.92332986189173, 45.88959716506792], [-62.95032336768554, 45.90004286863934], [-62.950545881251024, 45.900128937758176], [-62.95076839567903, 45.90021500636607], [-62.970232490808854, 45.90773919480346], [-62.97240055834584, 45.90919507489307], [-62.97258389866914, 45.90931819540847], [-62.972767272669664, 45.90944132675483], [-63.0000000061174, 45.927716358827276], [-63.02837463246273, 45.946734620721244], [-63.03967875060347, 45.95621410679494], [-63.03984163414948, 45.956350673026876], [-63.04000451869833, 45.956487239049544], [-63.05891437417843, 45.9723333043096], [-63.08670443151949, 45.99102379307997], [-63.09167498650041, 45.99433937686353], [-63.09185915515351, 45.99446221103802], [-63.09204332482718, 45.994585044906785], [-63.100283763549875, 46.000080055125466], [-63.10028705709771, 46.000082242632686], [-63.104856306606145, 46.003128338742776], [-63.132503195032726, 46.011157663963175], [-63.14597468899257, 46.01513544702347], [-63.14620915001361, 46.01520465142487], [-63.27540944791426, 46.05235870694249], [-63.27564544084146, 46.052426363812515], [-63.27588137111337, 46.05249411155775], [-63.330463590696866, 46.06814314659336], [-63.33069973721598, 46.06821074550468]]]}, "properties": {"FED_NUM": 12003, "ED_NAMEE": "Central Nova", "ED_NAMEF": "Nova-Centre", "REPORDER": "2023", "SHAPE_Leng": 680355.017649, "SHAPE_Area": 11811363069.2}}, {"type": "Feature", "geometry": {"type": "Polygon", "coordinates": [[[-64.80607003726527, 45.53648958687712], [-64.8589569080056, 45.50008495691174], [-64.86319721572774, 45.49716248348486], [-64.93374955553676, 45.4494572681084], [-64.93892345120754, 45.43607633790632], [-64.94216061621061, 45.42770040605748], [-64.94217077618372, 45.4276741108034], [-64.95213081908256, 45.40188490800745], [-64.96189062735988, 45.375959844828486], [-64.9888117873694, 45.30430338794103], [-64.99999998741117, 45.273219548919094], [-65.00016854656242, 45.2727509509204], [-65.01180009275747, 45.26133326189321], [-65.02627952734943, 45.252977610493446], [-65.02690878269918, 45.25003333754876], [-65.03158317661568, 45.228150412652255], [-65.03658942131574, 45.16533066607067], [-65.03684340790629, 45.15996809361636], [-65.03864366883565, 45.121925936757016], [-65.03926316491643, 45.09353086062766], [-65.03648827937796, 45.09464321807767], [-65.03647106211852, 45.094615440027624], [-65.03007598201604, 45.097316119347546], [-65.00591044595019, 45.10751462685264], [-65.0000000115544, 45.11000736957106], [-64.96680745368256, 45.12399458879018], [-64.93708930083635, 45.136500725932386], [-64.90893772274782, 45.14833279845499], [-64.88731921831183, 45.15740926298555], [-64.87240502135542, 45.16366599206656], [-64.871941704024, 45.16386550403571], [-64.87155692966758, 45.164031210524115], [-64.84572714373884, 45.1751483734473], [-64.84001769799261, 45.1776040693336], [-64.8249462738649, 45.18090765425283], [-64.76704189681577, 45.19357244504574], [-64.75411000590884, 45.19765178029798], [-64.75355812808297, 45.197825810221715], [-64.7531421520706, 45.19794483436971], [-64.75205584777291, 45.198255711268295], [-64.74506154409734, 45.20025679736856], [-64.69635041554052, 45.221974192262294], [-64.66774545281564, 45.236612407158646], [-64.66774723592533, 45.23661501065839], [-64.65780493492166, 45.24183736652274], [-64.6448085338661, 45.2481296914715], [-64.64093564342488, 45.25008536202535], [-64.6345500690292, 45.253309090915835], [-64.62425960866254, 45.258924585237885], [-64.60857097600615, 45.26753386903033], [-64.60838039036634, 45.26763788326555], [-64.59743062302442, 45.27361197359536], [-64.59213845506896, 45.27649836544673], [-64.57705226921544, 45.28923384815553], [-64.56218721677386, 45.30188589695383], [-64.56103904640786, 45.30286276625451], [-64.55258295098454, 45.30999880165553], [-64.54915384818494, 45.31289179959564], [-64.54778489444952, 45.31404657473316], [-64.54167388840007, 45.31916475923746], [-64.5391982391487, 45.321285438741874], [-64.52751387123686, 45.328864390476184], [-64.52033956930693, 45.331969669729695], [-64.50716991506452, 45.33519209634234], [-64.50000000813641, 45.336187944329936], [-64.49917667992779, 45.33630223692939], [-64.49402863751, 45.33738303509852], [-64.49046054150179, 45.33813192765286], [-64.48764847526407, 45.33864351963761], [-64.48403383214219, 45.339300988733626], [-64.48071993148012, 45.34049395231816], [-64.47976890759261, 45.34071814221994], [-64.47462570781039, 45.341930360733045], [-64.4743256646269, 45.342001066858565], [-64.46360265489017, 45.34508740760049], [-64.46263002508634, 45.34509231364653], [-64.44484696756928, 45.34518019536917], [-64.41760455724207, 45.34543744289701], [-64.39685790328292, 45.34554665682229], [-64.38389326147887, 45.34561248874216], [-64.35592019918484, 45.3456733382013], [-64.32850520703175, 45.34590742582741], [-64.32319608814204, 45.345997971395676], [-64.32314845301572, 45.345998196128825], [-64.30205090568296, 45.34608841491805], [-64.28130165702854, 45.34494831896818], [-64.27818130178915, 45.34477644517418], [-64.25295087083073, 45.342953065921634], [-64.24639739459697, 45.342554339397374], [-64.22770018670037, 45.34141408013231], [-64.22571385397195, 45.34131733633774], [-64.22244609764492, 45.34115810894069], [-64.22244618895839, 45.34115135860767], [-64.1661773867025, 45.33855517797064], [-64.10680542889193, 45.33577743841194], [-64.08925588016396, 45.33144298799544], [-64.0892515195206, 45.33140236913153], [-64.07561887643332, 45.32832691166369], [-64.01926536859355, 45.31558794387687], [-64.01910706915164, 45.315546838177845], [-64.00000231286232, 45.310582788714996], [-64.00000001326629, 45.31058219622135], [-63.971618126044184, 45.303198355440955], [-63.95425474017705, 45.30429973770458], [-63.94649013931465, 45.30479117251004], [-63.938365429120964, 45.30530466272118], [-63.92116181162224, 45.30638951268493], [-63.90246321555053, 45.30756485729424], [-63.89055943050117, 45.30831105303926], [-63.88923782493648, 45.308393793625896], [-63.878819705282666, 45.30904539791206], [-63.87504539512067, 45.310290071654], [-63.86193267174229, 45.314612653593805], [-63.84678911013421, 45.32870651554751], [-63.83871552433157, 45.332824231074106], [-63.82934971287876, 45.337599256685415], [-63.81896138626503, 45.34289341575834], [-63.79706508927951, 45.35447133507239], [-63.78802539800702, 45.35502531120377], [-63.76680347983121, 45.35632221618327], [-63.74921505879472, 45.35739324651729], [-63.74913005050942, 45.35739291042859], [-63.73204668842371, 45.35732588896301], [-63.73169649772622, 45.35729229776762], [-63.719511223253214, 45.35612207576279], [-63.71731252536527, 45.35591074490493], [-63.709790679437205, 45.35450636378851], [-63.698108062928426, 45.352323731926006], [-63.681887717447125, 45.35035770391708], [-63.660110838113596, 45.34771338792244], [-63.64752420820181, 45.34618247860331], [-63.638832120982215, 45.3451095258586], [-63.612534304614094, 45.34185795512097], [-63.6027283934498, 45.340643457039924], [-63.59034050896197, 45.33910754824178], [-63.58047492549463, 45.339083726993096], [-63.56447353238502, 45.339042830545736], [-63.55523764105282, 45.33901794249728], [-63.55503580117543, 45.339017389794996], [-63.5257971124743, 45.3388635219067], [-63.51351975056067, 45.33931904172511], [-63.51318723815426, 45.33939050998329], [-63.502674250444336, 45.33043069767143], [-63.50012357587593, 45.32825142272645], [-63.49981442498178, 45.327987248559715], [-63.49981327795823, 45.32798630072273], [-63.49315921988741, 45.32229978240653], [-63.48653463632666, 45.31807386132765], [-63.48543269420163, 45.31731161565971], [-63.48379954315366, 45.31596940582995], [-63.477839932632165, 45.311380809082976], [-63.47568164784969, 45.306996429573935], [-63.479127948137105, 45.298607112873206], [-63.48076439508857, 45.29114034464131], [-63.48002542829843, 45.28818889665432], [-63.478853261309695, 45.283653151979834], [-63.47519513161483, 45.27746179587876], [-63.47270814478931, 45.27225588077766], [-63.468487899712784, 45.27059351951628], [-63.46209699277998, 45.27114683743099], [-63.459084879957274, 45.26958034688607], [-63.45690965372879, 45.26844986347352], [-63.45434085585966, 45.26239279360436], [-63.454167853692084, 45.255022812207535], [-63.45437507304489, 45.251517504133695], [-63.45447080784419, 45.24988439593072], [-63.45451395097646, 45.24913471836813], [-63.45171561617874, 45.245119108148764], [-63.44835677210117, 45.2429197498646], [-63.442401591716994, 45.24208287941344], [-63.436766544138706, 45.24052799970801], [-63.43039096455172, 45.23666156419149], [-63.42882767889654, 45.23571334934413], [-63.42112885783063, 45.23522778308472], [-63.41747962552915, 45.23422546612545], [-63.41746384762408, 45.23422110040131], [-63.41631490995689, 45.23099734283428], [-63.41785798635542, 45.221601843598485], [-63.41843820431517, 45.21435987713694], [-63.41834329831702, 45.21007703511147], [-63.41129701732736, 45.20520937409019], [-63.40547874889117, 45.20099341751674], [-63.39975364553022, 45.20082083871719], [-63.39682886681599, 45.1994741053418], [-63.39503298902129, 45.197448336310785], [-63.396568986343496, 45.19395726302163], [-63.40006332223194, 45.190777038769774], [-63.40240703425759, 45.18732437385106], [-63.402167417631986, 45.18631106774952], [-63.40158786490627, 45.18386021801054], [-63.398865010187535, 45.17951378411633], [-63.39584955329387, 45.17707384747699], [-63.392316856509446, 45.17575715674002], [-63.38976301433054, 45.17441170519198], [-63.388379396197465, 45.17294410761129], [-63.387921673211636, 45.17154904765349], [-63.38860034827448, 45.168829444573305], [-63.3881187930127, 45.16536169220481], [-63.387355516935, 45.16132622673733], [-63.386868746162335, 45.15762074860832], [-63.39023154896751, 45.151683566777976], [-63.389898636988086, 45.149567999551095], [-63.38976073431252, 45.14869170474899], [-63.382760349373065, 45.14230045790182], [-63.3822960276764, 45.1403085813469], [-63.3823493162596, 45.139051438541536], [-63.383297472431856, 45.13804381943444], [-63.38732272247125, 45.13452980420562], [-63.390982070241904, 45.132116229648794], [-63.39485934754649, 45.12958879000145], [-63.39490740606054, 45.129557191109285], [-63.39627560295747, 45.12507201596328], [-63.39628210019187, 45.12259934894564], [-63.39968231206691, 45.11609427655933], [-63.401429194569566, 45.11179490870442], [-63.400899826053895, 45.110757997707], [-63.397768793295555, 45.10916182262052], [-63.39507542253444, 45.108422149188414], [-63.39487397989092, 45.1082046030217], [-63.39470853508019, 45.10808816820689], [-63.39453440268603, 45.107978005663256], [-63.3940351383051, 45.10756656304725], [-63.394022287775904, 45.107253115093684], [-63.394290170858845, 45.10707763704001], [-63.395872202621206, 45.10577188847681], [-63.396209997749466, 45.10549314298371], [-63.39697688013415, 45.10502322787631], [-63.39879272987838, 45.10391053365793], [-63.402003432981154, 45.10336648347542], [-63.40352424631478, 45.10351746047377], [-63.40495394251887, 45.103156607922976], [-63.405737153545694, 45.102524557900374], [-63.40612584272722, 45.101280429558294], [-63.404553889251375, 45.09996811528984], [-63.403717434888314, 45.098881379894564], [-63.401283009754565, 45.09750489916608], [-63.40031212479915, 45.09654681728708], [-63.4004022153793, 45.09576235879837], [-63.40073628729006, 45.09514907639179], [-63.40195126601278, 45.09397294683272], [-63.402958479773304, 45.093411733889134], [-63.403683725980216, 45.09327408380949], [-63.4053324972558, 45.09328528238852], [-63.407088065645894, 45.093257606104785], [-63.40930078125484, 45.092610828879224], [-63.40994500191318, 45.09179932431056], [-63.41041178895988, 45.091159849014524], [-63.410601967942654, 45.090643073951576], [-63.41065427049921, 45.09039061276094], [-63.410490546914545, 45.09002073341578], [-63.41019795774136, 45.0898304653952], [-63.40939686853249, 45.08970358035835], [-63.40612099607651, 45.090140076187225], [-63.404618696006956, 45.09037717353868], [-63.40408354862928, 45.09031443441647], [-63.40174391273802, 45.09012430112316], [-63.40094033182431, 45.09005116653221], [-63.400484891529764, 45.09006637175391], [-63.39889295932056, 45.09022343960994], [-63.39779832488083, 45.09035106477561], [-63.39654846800126, 45.090234056505146], [-63.39563006607934, 45.08989931008145], [-63.39492314852683, 45.0893350828096], [-63.39391050475532, 45.08753233364345], [-63.39416448081654, 45.08641555522704], [-63.3942485717911, 45.08605384469332], [-63.39475748449381, 45.08558470793866], [-63.39587487464351, 45.08488786548009], [-63.396402539232945, 45.08447850036004], [-63.39665805486142, 45.08392063160412], [-63.39665789945944, 45.083917998981576], [-63.39663328746822, 45.08356707994081], [-63.396584444956204, 45.08287005570336], [-63.39640109028974, 45.08263400634306], [-63.395345879293735, 45.08127489382155], [-63.39510461815997, 45.08098566099068], [-63.39506474563192, 45.080612782073906], [-63.39524162856725, 45.08038850477653], [-63.39560280303912, 45.08014767337447], [-63.396083503686185, 45.07997820375801], [-63.39699428172024, 45.07975220503465], [-63.39816912269029, 45.079538148343815], [-63.39861643712469, 45.07913445420865], [-63.39881736780374, 45.07869608680141], [-63.39885580876542, 45.07820752973786], [-63.39748832581642, 45.07669191264865], [-63.396840711405616, 45.07638688476472], [-63.395794063082874, 45.07631957386], [-63.39496606512756, 45.076638525489294], [-63.39363802877639, 45.076932863427594], [-63.3930514504993, 45.07673288374878], [-63.39266559071954, 45.076355745850364], [-63.39267105225229, 45.075546945338296], [-63.39327338785955, 45.07349284804977], [-63.39436280022673, 45.070166932269935], [-63.39435156747678, 45.06971719605947], [-63.39395038936972, 45.06894089039859], [-63.39361176969173, 45.06836192752618], [-63.39369768498346, 45.067423937393045], [-63.393463301843724, 45.06674879579568], [-63.39285321117042, 45.06626377592109], [-63.39225289937175, 45.0659288352345], [-63.39185296927086, 45.06572070830771], [-63.39177642379652, 45.06554860170446], [-63.39178590643682, 45.06538045051782], [-63.39190969469891, 45.065107719170804], [-63.39203720045073, 45.064928475422214], [-63.39297405441378, 45.064323888723095], [-63.393515481526826, 45.06393447633646], [-63.39395477140952, 45.06343482865068], [-63.39448521040144, 45.06255722682401], [-63.39494124767535, 45.06147296254944], [-63.394885431937574, 45.060399726757055], [-63.39434015421381, 45.05970494119361], [-63.39375139700887, 45.05953573640908], [-63.393371614431665, 45.05954595620307], [-63.39302499377787, 45.05970109198618], [-63.392811880096666, 45.060187096215046], [-63.39284993559546, 45.06042376808331], [-63.39325071353391, 45.06087203149116], [-63.39360027640535, 45.061477712300466], [-63.39363708511622, 45.06163845086586], [-63.39355054369627, 45.061813487777826], [-63.39336755161657, 45.06201158450934], [-63.39317603973555, 45.0621566768097], [-63.39285269027571, 45.06224969863305], [-63.39246530975805, 45.06224586898662], [-63.39201193278688, 45.0621279462074], [-63.390547737525864, 45.06127415848674], [-63.389470594971954, 45.06074125196023], [-63.38831614771377, 45.06025239198234], [-63.38783294442179, 45.05967419256946], [-63.387453000871744, 45.05914212868361], [-63.38720909211503, 45.05852474972224], [-63.38729916782488, 45.05821212218994], [-63.38752480635165, 45.05798632679446], [-63.38774753657943, 45.05791813319653], [-63.38817404247432, 45.057983289374675], [-63.38879642543657, 45.05858177530812], [-63.389468722574335, 45.0590463627146], [-63.38990671492733, 45.05905925362444], [-63.390121643868, 45.05892357149091], [-63.3903440207021, 45.058472517677444], [-63.389969742694724, 45.057663554371466], [-63.38982553588972, 45.056870035844575], [-63.390150354225725, 45.05628091475692], [-63.39146520380688, 45.05479303497896], [-63.39148620336072, 45.05464058853686], [-63.39152519574688, 45.05440401128492], [-63.391753712920526, 45.053938298854675], [-63.39184811300881, 45.0535921955671], [-63.39185910136807, 45.053002706902376], [-63.392014010180944, 45.05255910571857], [-63.39207398305849, 45.052350701643356], [-63.39212599502179, 45.0518372845562], [-63.39213181857113, 45.05147729917348], [-63.392227700113, 45.05098080764487], [-63.392345384776824, 45.05073420827766], [-63.39256440809411, 45.05011390489743], [-63.392856990770845, 45.049471708407324], [-63.39298208629064, 45.04906689729183], [-63.39311161141306, 45.04880479052955], [-63.393388083249214, 45.04838780682745], [-63.393552892745795, 45.047968087918235], [-63.393434803834644, 45.04751011371327], [-63.3933785078848, 45.04704569684901], [-63.39345470486021, 45.04661210896361], [-63.39361849876477, 45.046310897888056], [-63.39369909148779, 45.0461625963292], [-63.39379671432587, 45.045868104964676], [-63.39391471032369, 45.045732311332834], [-63.39420167960998, 45.04520870163198], [-63.39484630083351, 45.04444020257318], [-63.39543110611595, 45.04363859260788], [-63.39561679268268, 45.04348861044838], [-63.39608480468727, 45.042913790558934], [-63.39633688941255, 45.042658510389266], [-63.39663698446221, 45.04221039834497], [-63.39689589889827, 45.041927502544176], [-63.397047414975596, 45.04167379559275], [-63.39718050814803, 45.04157401293016], [-63.39727238172939, 45.041398102211716], [-63.39736439600831, 45.04122209949707], [-63.39774598651968, 45.04070470213378], [-63.397931700870856, 45.04055470535252], [-63.39843240913899, 45.04023400894372], [-63.39909131125203, 45.039873490013136], [-63.39982689327135, 45.039542488182214], [-63.400750085853794, 45.0390219042821], [-63.40094757999275, 45.03885640539163], [-63.40100209027978, 45.038766604618395], [-63.401057010831614, 45.03854619202302], [-63.40101330473829, 45.03828789656373], [-63.400931098010524, 45.0381355871472], [-63.400201508949976, 45.0373822119069], [-63.40003721666316, 45.037077602907885], [-63.400010303741155, 45.036815714540474], [-63.40018658429914, 45.03626969893221], [-63.40050649968086, 45.035517295959195], [-63.40065301040205, 45.03501010101501], [-63.40063531633165, 45.03479200285662], [-63.400563196136986, 45.0346637028172], [-63.400186315698036, 45.034247097663226], [-63.3995969829403, 45.03371870324598], [-63.39940560203936, 45.03363511415976], [-63.39914459488026, 45.03360519823619], [-63.39883248615105, 45.03347510239447], [-63.39801611502974, 45.03290969185118], [-63.396438107373505, 45.03204139225274], [-63.3952608032724, 45.031317011823006], [-63.394587786150225, 45.03102799418395], [-63.39424689081203, 45.03091708832695], [-63.3938872976716, 45.03084921166685], [-63.392880603576685, 45.030774012864505], [-63.392603694266604, 45.03072789120161], [-63.39243049134584, 45.030731798744824], [-63.392192788117484, 45.030801297111395], [-63.39136171431288, 45.03114579585269], [-63.39064210012392, 45.03149300516443], [-63.389780335708814, 45.031970282553885], [-63.389548005532355, 45.032088511477106], [-63.38887869908439, 45.03231409915739], [-63.388715882197815, 45.03245280319708], [-63.38851311323568, 45.03284769349278], [-63.38841390327586, 45.032940407673514], [-63.3881587099413, 45.033144099123035], [-63.38698159798421, 45.03395928799737], [-63.38655319249218, 45.03416690630191], [-63.386362495236845, 45.0343048926017], [-63.38604241143318, 45.03446349581887], [-63.385258806541295, 45.03474581337245], [-63.38498439426125, 45.03488181140304], [-63.38480427901, 45.034913103217086], [-63.38425670168607, 45.03492390685829], [-63.38407938902417, 45.03489589976288], [-63.38299918607281, 45.03460119327244], [-63.38263739978812, 45.03446201311034], [-63.38152859959051, 45.03394490381099], [-63.380869388688694, 45.03360068930577], [-63.38020211301616, 45.03319310181043], [-63.37991611163033, 45.03310310470418], [-63.37963320679301, 45.033064797872], [-63.37948690897599, 45.03308900852419], [-63.37904028432884, 45.03320899767758], [-63.37814359745848, 45.03363891059087], [-63.377641218763216, 45.03375759434903], [-63.37698529868183, 45.0338172089707], [-63.37680420338462, 45.0338683109626], [-63.37673791135298, 45.03397361041839], [-63.37665279646617, 45.03447420921835], [-63.3764010017442, 45.0348402994519], [-63.376194288940596, 45.03496210883478], [-63.37574480481337, 45.03514128963732], [-63.37551429084544, 45.035294188415115], [-63.37539718190896, 45.03541010294257], [-63.375310995470876, 45.035578303458436], [-63.37534020928398, 45.03566999115223], [-63.37557990551744, 45.035913189842574], [-63.37585690801719, 45.03631159263786], [-63.37606938815397, 45.036775802683536], [-63.37609389515321, 45.036966407087824], [-63.376033789200186, 45.03717478668555], [-63.37585430299558, 45.037427791442475], [-63.37514960689297, 45.03816300856284], [-63.37476469471162, 45.03862889364431], [-63.374471194486006, 45.039049403444565], [-63.37438359047428, 45.03936789720759], [-63.374127398057944, 45.03994359218003], [-63.37398459008604, 45.04013019484629], [-63.37382948368596, 45.04022150528584], [-63.37358269975184, 45.040247288139405], [-63.373260000485956, 45.04022379219132], [-63.37259550205544, 45.04010899252428], [-63.37226650837021, 45.039982402172186], [-63.371819684737424, 45.03975010366603], [-63.37024311251188, 45.038267791260374], [-63.36966731695503, 45.03781470097984], [-63.36939971121517, 45.03757079900712], [-63.368857695366934, 45.03675839875503], [-63.36855319660258, 45.03611778835381], [-63.36832450324458, 45.035878812605084], [-63.36798739542662, 45.03568869267641], [-63.3674411081785, 45.035438216067874], [-63.36681430633436, 45.035237209727676], [-63.36653828445944, 45.035171203913634], [-63.36469080668883, 45.03493310647674], [-63.3634458832709, 45.03481620720636], [-63.36305941085237, 45.03472779339197], [-63.36274830745996, 45.03457791543726], [-63.362490784769285, 45.03435799701702], [-63.362351517651874, 45.03400239896879], [-63.36243389535409, 45.0328564861115], [-63.36242111264986, 45.032539604619075], [-63.36225918561306, 45.03195380061246], [-63.36210081659733, 45.03153050431466], [-63.36187372194405, 45.03114109490567], [-63.361453408738704, 45.03070760025717], [-63.36116650970487, 45.03028509549619], [-63.36080920375457, 45.02993611324113], [-63.36074310808001, 45.02980001025393], [-63.360571514538705, 45.02965340047025], [-63.36041898228808, 45.029574503823845], [-63.360242615423076, 45.02952679486868], [-63.36003060163782, 45.02952559493365], [-63.35985049417606, 45.02955700538676], [-63.35959710292621, 45.02972110835084], [-63.35927879007327, 45.02984010953104], [-63.358846916071194, 45.02988519740609], [-63.35859657739973, 45.02987361926293], [-63.35849049931364, 45.02986868894634], [-63.356772695121116, 45.03007290408733], [-63.35665720655591, 45.03003840284297], [-63.35652939850155, 45.02990870253401], [-63.35650130084748, 45.029444889086356], [-63.35633249882475, 45.02923901098126], [-63.35618498819277, 45.02917219238631], [-63.35602369039454, 45.02916040247769], [-63.3557988191055, 45.02919459983158], [-63.35567261071417, 45.02926670440477], [-63.35561929750134, 45.029447486515195], [-63.3552889124205, 45.02947119263888], [-63.35506210771141, 45.02954491488798], [-63.35493798875851, 45.029688399721785], [-63.35486151561411, 45.03012199962179], [-63.35510509268835, 45.03039698839872], [-63.35564189938096, 45.03084518824478], [-63.35600269729333, 45.03100431094637], [-63.35574540828845, 45.031599699929906], [-63.35558370491671, 45.0318293917596], [-63.355445489254556, 45.031917091265086], [-63.355132288815014, 45.03204809503979], [-63.354416789709155, 45.03218529642806], [-63.35353471678197, 45.0325400939184], [-63.35238151143306, 45.03284089911851], [-63.35145549255285, 45.03317879296312], [-63.35096051526284, 45.03349149908519], [-63.35021419463029, 45.03403950672072], [-63.349863515629, 45.03436749402054], [-63.34955740534588, 45.03458178989736], [-63.34926409520902, 45.03476071230624], [-63.34893888658869, 45.03490730086656], [-63.34881050729456, 45.034908105719836], [-63.34820891545528, 45.0344147000879], [-63.34814688290067, 45.03431030469456], [-63.34811228819552, 45.0339849075384], [-63.34804250776273, 45.03392778909523], [-63.347920919522984, 45.0339010963894], [-63.34694019210522, 45.033865589362804], [-63.34684960300599, 45.0338910877348], [-63.346458200074984, 45.034253808771695], [-63.34613611671153, 45.034451796056764], [-63.346059719044376, 45.034533093461995], [-63.34589251290301, 45.0349922047651], [-63.34575549266478, 45.03517089498677], [-63.34563120798555, 45.035203493615434], [-63.34554851214433, 45.03518179150167], [-63.34511348953836, 45.03482299966612], [-63.34480379321753, 45.0347639944533], [-63.344657519999174, 45.0347881931738], [-63.34426358186947, 45.034968705961504], [-63.34383379529384, 45.03508499193129], [-63.34357119760902, 45.035205305004254], [-63.343335306511285, 45.03523519336962], [-63.34322471198646, 45.03521269357373], [-63.34314989617377, 45.03514358689185], [-63.34298880714044, 45.03477959234729], [-63.3430035096369, 45.03470470505701], [-63.34312930212774, 45.03441089951975], [-63.34313400602372, 45.034312099836896], [-63.343011310636555, 45.03419429347097], [-63.3427564054714, 45.0341564954008], [-63.3420312954207, 45.034491211347905], [-63.341310283737414, 45.034394596774], [-63.341164893672406, 45.03439901011238], [-63.340870417033166, 45.03448689987292], [-63.34077110434527, 45.034579505525684], [-63.34076130989891, 45.034666389302956], [-63.340811414406545, 45.03478630244812], [-63.340976991459804, 45.03494070424996], [-63.34099011722497, 45.035016196121624], [-63.34088889296959, 45.03514839699244], [-63.3405206852129, 45.03525819442492], [-63.338867988358516, 45.03526570097344], [-63.3387326092356, 45.03529411370155], [-63.338578509150324, 45.03536561347353], [-63.33804901047761, 45.035463589918386], [-63.337800990918815, 45.035398201698925], [-63.33737369342653, 45.035344309033846], [-63.33699338710028, 45.03535889741054], [-63.33668889737699, 45.03542269101032], [-63.33629810804625, 45.035654714121875], [-63.33612580803891, 45.03610181320744], [-63.33597290531126, 45.036264313733355], [-63.33597634537614, 45.03659061671069], [-63.31748609564443, 45.04318356143185], [-63.31464188479905, 45.04419838598116], [-63.31298077659913, 45.04479099761398], [-63.29079675180395, 45.05270114011021], [-63.28282053757038, 45.05554326722451], [-63.27596460422513, 45.05798539017431], [-63.26995213869317, 45.06012643593703], [-63.26423868790278, 45.06216045719326], [-63.25754986944401, 45.06454104670189], [-63.23402310170904, 45.07290859820106], [-63.2330529439837, 45.07325345817372], [-63.2269310520517, 45.075435093201904], [-63.21525400540726, 45.07964564500346], [-63.20307135095018, 45.08399871006553], [-63.20028897057609, 45.08499258849438], [-63.190830063380425, 45.08837031265849], [-63.17879441741281, 45.092666113132836], [-63.177224349003225, 45.09322961460045], [-63.17373274813507, 45.09447202490626], [-63.170903579386355, 45.095481284646254], [-63.170789896759, 45.09549691033297], [-63.170686091705704, 45.09555758367136], [-63.16955889047793, 45.09594790250148], [-63.169032305695254, 45.09607670020321], [-63.16829169439279, 45.09602178860391], [-63.16722559627002, 45.09620380599528], [-63.16681959271942, 45.09637928648028], [-63.16674039528044, 45.09661088459646], [-63.166582494888445, 45.09685230028504], [-63.16619529618588, 45.097095587411005], [-63.16568259786744, 45.0972802108835], [-63.1652136133873, 45.09748180278352], [-63.164625399694245, 45.097506000370274], [-63.16407290362043, 45.097594508599244], [-63.16366169322031, 45.097868908251506], [-63.16353619524872, 45.098108554356486], [-63.16316048139465, 45.09825970483235], [-63.162037022300666, 45.09864328574958], [-63.16178203828506, 45.09865009690163], [-63.16159154631839, 45.098704384634395], [-63.16129965563024, 45.09885781300724], [-63.16105833139077, 45.09892117116007], [-63.16098524884185, 45.0990182891716], [-63.15688885461461, 45.10047865489037], [-63.155754202785964, 45.100883106980596], [-63.155365725047425, 45.10102000032264], [-63.15536332882492, 45.10102083520256], [-63.13470036424782, 45.10829797749892], [-63.134699221247864, 45.10829837159415], [-63.12570326790954, 45.111464442728874], [-63.12042431928827, 45.11332173634763], [-63.11441762664875, 45.11543451977184], [-63.09765696886979, 45.12140491077702], [-63.08728601078516, 45.1251467588805], [-63.08343790658266, 45.126538992272174], [-63.08057561627204, 45.127578416190765], [-63.07894450669137, 45.128163612336394], [-63.064330511931566, 45.13348354139083], [-63.06295278222635, 45.13397056803537], [-63.06053569677971, 45.13482704609544], [-63.0560386358527, 45.13642027970848], [-63.0419536639123, 45.141408247618656], [-63.03275696484177, 45.14469064781408], [-63.03158249237773, 45.145073338493944], [-63.02697565558471, 45.14675336070934], [-63.02147799615078, 45.1487143770824], [-63.0208918274186, 45.148923411942626], [-63.01597450397373, 45.15085936968091], [-63.01386177530244, 45.15169100130524], [-63.006040154293686, 45.15409304527648], [-63.000000000542784, 45.156082681324555], [-62.99929758463536, 45.15631404521434], [-62.996820888093644, 45.15750993914935], [-62.99216628834315, 45.160916501490604], [-62.984122296509604, 45.16350321215603], [-62.970618773559245, 45.16853962866871], [-62.957918978746484, 45.173588604353895], [-62.95781848878082, 45.17366823277204], [-62.957366525366155, 45.17373199347207], [-62.956411715056205, 45.17418170946077], [-62.95614732118219, 45.17424392493412], [-62.956124825043155, 45.174250279334], [-62.955956290097554, 45.17431238456989], [-62.95426989079506, 45.174552797409135], [-62.95367383715056, 45.17527605343687], [-62.9535499738938, 45.17531709066027], [-62.94749863413437, 45.17732194396059], [-62.944611085749656, 45.17853011291974], [-62.9420902501351, 45.17957634318633], [-62.93781793402096, 45.18134918990093], [-62.93599937839003, 45.182064473032085], [-62.92628622440897, 45.18569990421271], [-62.91480283390357, 45.18994806444544], [-62.91464927552521, 45.18998944319364], [-62.91175366817583, 45.19064110948279], [-62.91141901385734, 45.19074417640507], [-62.90423188655611, 45.19295788800551], [-62.89869358663674, 45.19451639541069], [-62.89846249131713, 45.19465687521984], [-62.89748042919665, 45.19541777996264], [-62.895122555202335, 45.19646705380756], [-62.892254114671424, 45.19774344652407], [-62.88881701233386, 45.19929492093565], [-62.88587560987656, 45.20177739769726], [-62.885620223788465, 45.2019286417355], [-62.88224730848789, 45.203925833120934], [-62.878084165377054, 45.205715734879334], [-62.873558422959036, 45.207318728405895], [-62.86905811617454, 45.209361549394764], [-62.86547502130158, 45.21089853686115], [-62.86214930323319, 45.21229749992685], [-62.859725353974454, 45.21321376616844], [-62.855894503852234, 45.21535085711985], [-62.855026904582076, 45.2159026900395], [-62.851905306303024, 45.218370933329666], [-62.8518258794865, 45.218433774081326], [-62.84784951600771, 45.22066251542006], [-62.84491933463029, 45.22222918591348], [-62.844228043881195, 45.22260126436184], [-62.84045439672084, 45.224561902238435], [-62.837921989806716, 45.225877473546156], [-62.833495186636156, 45.22893370659242], [-62.83101643207032, 45.23036975677122], [-62.82971434525471, 45.23224321786186], [-62.8269166000892, 45.23319071854064], [-62.825378195662815, 45.234575256027604], [-62.82365126207527, 45.23694085541339], [-62.8189968703102, 45.23890081099223], [-62.8147857531566, 45.24400890533822], [-62.810143144834946, 45.24559503385512], [-62.804735058302576, 45.246624458068304], [-62.79935079633223, 45.24696545772365], [-62.79836271739021, 45.247027991460236], [-62.79238909814825, 45.24768593604393], [-62.787421373929426, 45.24997255462782], [-62.787332527235584, 45.25004407876163], [-62.78610947407763, 45.25102874027934], [-62.7855056801589, 45.251261136394895], [-62.78340961517302, 45.25206787532], [-62.781666080010616, 45.25291591611341], [-62.779458490843055, 45.25360265713221], [-62.77736475178061, 45.254106027857716], [-62.77658999313953, 45.25429227819535], [-62.77308746643548, 45.254950225651754], [-62.772136659986586, 45.2551288197079], [-62.76898751343879, 45.25586611863582], [-62.76460014512701, 45.25672533367448], [-62.76143144319276, 45.25713572942104], [-62.7601473459902, 45.25767799197821], [-62.75880687213411, 45.25936407679198], [-62.75798771115932, 45.26018441852221], [-62.75694850465988, 45.26060966597493], [-62.75568240963183, 45.26112773114452], [-62.750604599078784, 45.262502679581594], [-62.748193255873865, 45.263015603316084], [-62.745328155273754, 45.26385713065577], [-62.74119492589062, 45.26471689265237], [-62.73986168418161, 45.26589444613508], [-62.73976018606218, 45.26608078733201], [-62.738992334809424, 45.26596891994244], [-62.73870502794079, 45.26599358939031], [-62.738692576897364, 45.26601520497198], [-62.738667198273525, 45.26608870433021], [-62.738644683567685, 45.266161705646034], [-62.73862909099207, 45.26624270108193], [-62.738622198828956, 45.266313806565684], [-62.738596092977865, 45.26649369930413], [-62.73855029266638, 45.26677448393824], [-62.7385487079515, 45.26678459419603], [-62.73853307733292, 45.266888705592706], [-62.738531700490846, 45.26690670125092], [-62.73853159794948, 45.266933686837625], [-62.73853011020063, 45.26696969569431], [-62.73852871003802, 45.266996709142916], [-62.73852579338906, 45.267026410248036], [-62.73851438157086, 45.26705969833067], [-62.73850071003612, 45.267083004770434], [-62.738474704499055, 45.267112708330444], [-62.73842072285975, 45.26716223445457], [-62.73840831678597, 45.267173598944936], [-62.7383496793157, 45.267208106739474], [-62.73829190032797, 45.26728149917376], [-62.73820110674341, 45.26737981462211], [-62.73804189920307, 45.2675204048311], [-62.73772709840383, 45.267785186625304], [-62.73751849271527, 45.2679620907805], [-62.737308690494714, 45.26812989113712], [-62.737217921634624, 45.268199896720134], [-62.737115897715704, 45.268271090151714], [-62.737009391119116, 45.26834080793535], [-62.73689349654823, 45.26840280142091], [-62.73671109357866, 45.26849329122532], [-62.73659550419529, 45.2685415132521], [-62.73649209650277, 45.26857628985409], [-62.73636391041809, 45.26861629104625], [-62.7362509125335, 45.26864609338764], [-62.736157813814124, 45.268663698027346], [-62.736004608983215, 45.26868500520458], [-62.73591529386105, 45.268692897831954], [-62.73583489664799, 45.2686939093804], [-62.735737986333355, 45.26869179611346], [-62.735303493225, 45.268683393214864], [-62.73515559675808, 45.26868130174676], [-62.73498369094468, 45.26867040115987], [-62.73483370217769, 45.26865311065172], [-62.73468038863803, 45.268628795446105], [-62.7344269073064, 45.2685977053408], [-62.73437049258579, 45.26859011150982], [-62.73431219487867, 45.2685875035702], [-62.734250991357804, 45.26858419433442], [-62.73419922001231, 45.26858219397133], [-62.73414200623227, 45.26858489948028], [-62.73408268356023, 45.268592399424435], [-62.7340223881156, 45.26860249424592], [-62.73364229921344, 45.26867098744284], [-62.73352390175971, 45.26869100934695], [-62.73339101369542, 45.26871639517801], [-62.733275084809605, 45.268742607374385], [-62.733148998259985, 45.26877301218687], [-62.73299301132642, 45.268809396367416], [-62.73285128872843, 45.26885229754777], [-62.732709597995466, 45.26889520970079], [-62.73269302222877, 45.26889829637881], [-62.7324722101199, 45.26894559486039], [-62.73231611120031, 45.26898820138686], [-62.73219088878128, 45.26902468874298], [-62.73205491024659, 45.26905661340873], [-62.73175130623736, 45.26911440939223], [-62.73170910662292, 45.269123299716064], [-62.73164840695782, 45.269135114390835], [-62.73158749354652, 45.26914220034764], [-62.73155671062913, 45.269144007800854], [-62.73149502150112, 45.26914419482504], [-62.73146419630627, 45.269142687222526], [-62.731403078513445, 45.269136105770414], [-62.731361509281484, 45.269129503694955], [-62.73121270043964, 45.26911148964124], [-62.73117398908503, 45.26910560034203], [-62.7311208038555, 45.26909709786119], [-62.73107320477626, 45.26908580123177], [-62.731028696020715, 45.269072195519776], [-62.73098408417568, 45.26905770765127], [-62.73097759952005, 45.2690562962593], [-62.7308962043844, 45.2690385929189], [-62.73076890820209, 45.2690095068267], [-62.73061728760799, 45.268980301391174], [-62.73058701105292, 45.2689752045897], [-62.730584508966565, 45.26897489763404], [-62.73054040423578, 45.268969810017666], [-62.730465683106964, 45.26895919692002], [-62.73042750577525, 45.268951913502484], [-62.730414784913556, 45.26895010797865], [-62.73040469021147, 45.26894808845215], [-62.73037050279547, 45.26894081193434], [-62.73033718305578, 45.268937899437496], [-62.730312900907435, 45.268939092518686], [-62.73027718734022, 45.26894349867343], [-62.730249093822934, 45.26894700360551], [-62.73019809728025, 45.26895590519713], [-62.730045003769916, 45.268979611830545], [-62.729900009026316, 45.269010312761175], [-62.72982928661004, 45.26902520923657], [-62.729816789979594, 45.269029490021445], [-62.72973610009786, 45.26905648699938], [-62.729581699132815, 45.2690993989357], [-62.7292981962894, 45.26919321273588], [-62.728910819581344, 45.26932679656904], [-62.72887301004044, 45.26933980952452], [-62.72829849640749, 45.26957009501537], [-62.728033811873374, 45.269696100814066], [-62.72793030565746, 45.26974810036328], [-62.727594306760565, 45.26989579106413], [-62.72717221079957, 45.27010509680892], [-62.726966384732314, 45.2702137962859], [-62.72696589039459, 45.27021410370966], [-62.726752188979624, 45.270324010174306], [-62.72651939381533, 45.270414404763], [-62.72609429461087, 45.27060150681609], [-62.72541700527706, 45.27089371549987], [-62.72540959477827, 45.27089688975322], [-62.72526648222238, 45.27096680432513], [-62.725203399845526, 45.27100450077799], [-62.725150113422075, 45.27103669418821], [-62.72509710332359, 45.27107970338926], [-62.725084890458945, 45.27108969639618], [-62.725034816452904, 45.27113319203531], [-62.72499149257835, 45.27117720459846], [-62.72487339151674, 45.2713294835655], [-62.72477959576613, 45.27148139677641], [-62.72464450650042, 45.27172229082998], [-62.7246176075715, 45.27176640944624], [-62.72459051209453, 45.27182030478993], [-62.72452389148107, 45.27191849209792], [-62.72445702071113, 45.27200719857728], [-62.724364815142536, 45.27210420629021], [-62.72427129422203, 45.272182504367954], [-62.72418261548173, 45.272259131689836], [-62.72106354923281, 45.273370317798445], [-62.71733396141586, 45.27525390168892], [-62.71728091181486, 45.275280704210864], [-62.71578587620217, 45.2755541040338], [-62.71440741034515, 45.27580616516688], [-62.71410969835633, 45.27587224281647], [-62.71454585538158, 45.27606716780115], [-62.71509852378563, 45.27638276788968], [-62.7150986831872, 45.27638265413937], [-62.71558306571732, 45.27664238639195], [-62.715673201459865, 45.27670650806277], [-62.73061723442743, 45.28733204581272], [-62.74040496621112, 45.294287554297576], [-62.748322044786036, 45.29991151542625], [-62.753679301033884, 45.30371594833906], [-62.75675064401767, 45.30589666682129], [-62.757590699219094, 45.30649307200764], [-62.76024430591715, 45.30839869631975], [-62.76268383946643, 45.31015039923781], [-62.77123513527129, 45.31628912040785], [-62.77339398047404, 45.317838517024875], [-62.78541832341436, 45.32646566813248], [-62.79140325070546, 45.330757997732015], [-62.80089421235603, 45.33756247920835], [-62.803152075863835, 45.33918083590304], [-62.81015767080418, 45.34420110090427], [-62.81354960389883, 45.34667491765793], [-62.816194318620425, 45.348603528217524], [-62.81624597482502, 45.348641194022136], [-62.81688165252795, 45.34910471775502], [-62.82407042763965, 45.35434566656714], [-62.8333403443033, 45.36110139068753], [-62.84189120884764, 45.366948617732234], [-62.842026602732155, 45.36742923561779], [-62.85253251643813, 45.375079408739154], [-62.86104054959354, 45.38127217902924], [-62.86765714836296, 45.38629631887846], [-62.87719238389384, 45.39353396712019], [-62.88518632552863, 45.399599334234615], [-62.90241821059487, 45.411978902526755], [-62.90432569903754, 45.41334868170845], [-62.91848728877522, 45.423908808821984], [-62.939536671298214, 45.438613134057526], [-62.940682376481725, 45.43944707187816], [-62.94443264557322, 45.442176561909875], [-62.945178208189816, 45.44271914470529], [-62.94568933136748, 45.44309107980025], [-62.94639628043994, 45.44360553229022], [-62.9468097248604, 45.4439063881263], [-62.94739550265627, 45.444332628808645], [-62.94985939610287, 45.446085250439666], [-62.94995464678017, 45.44615282687427], [-62.950008417488775, 45.4461909980219], [-62.950625583113435, 45.446628901932485], [-62.95062668773056, 45.44662973288117], [-62.950884971604, 45.44682757304705], [-62.954663160003484, 45.449451289866154], [-62.95592591742616, 45.45032807401891], [-62.95753371024582, 45.451455154510356], [-62.96331148587109, 45.455504795715974], [-62.97368601177712, 45.46277369243186], [-62.97950442614646, 45.46684323987488], [-62.98330997067043, 45.46950438514737], [-62.99909620030785, 45.48014983991832], [-62.999928589784574, 45.48093394776845], [-63.001848810653804, 45.48274267623118], [-63.00849906738109, 45.4860834303956], [-63.00947148439289, 45.487154132035926], [-63.00975335506597, 45.48746448655174], [-63.009906576639786, 45.48763320288809], [-63.01027046916889, 45.488270988047255], [-63.01043542090129, 45.488529574658514], [-63.01090438431521, 45.48943850940262], [-63.013932592703334, 45.49490402264136], [-63.014296455678505, 45.49575499113843], [-63.016124020344066, 45.50002819813268], [-63.01710891682956, 45.50233087203724], [-63.018432985338414, 45.50472678507587], [-63.0189097554544, 45.505581955370126], [-63.03108590927398, 45.52752260972864], [-63.03762563311874, 45.53929816698199], [-63.03894305147722, 45.54166956609973], [-63.04962185088425, 45.56133940552461], [-63.05184464002715, 45.56543160357703], [-63.053270701419684, 45.56805659162298], [-63.05504674546286, 45.57132983312829], [-63.05874966994518, 45.57815281807429], [-63.059988828670036, 45.58041946065006], [-63.06556170896533, 45.590747407140995], [-63.073314936694395, 45.60478118301342], [-63.07731372534139, 45.61208639916531], [-63.078552393797445, 45.61458178658809], [-63.08249400064532, 45.62133637624766], [-63.08661455290124, 45.628691477757286], [-63.08767893904121, 45.63069247775035], [-63.08757939944939, 45.63113118843493], [-63.08953666456483, 45.634184514464614], [-63.09093765326014, 45.63681760694573], [-63.09139494625607, 45.637676995957165], [-63.09293049185523, 45.640562569906116], [-63.09545153698752, 45.64530934974789], [-63.09590150401406, 45.646144609153716], [-63.102359214644636, 45.658272897508205], [-63.10450300676727, 45.661811478260184], [-63.112932915121746, 45.67755599334932], [-63.12119052888769, 45.69198736262523], [-63.12326443274657, 45.696235424235155], [-63.12553989038487, 45.70034869113489], [-63.12645359985526, 45.70201540437288], [-63.13235006291147, 45.71240954026894], [-63.1343545871465, 45.71613865207406], [-63.135035229692434, 45.717387727224775], [-63.13612473439912, 45.719175059586426], [-63.140528608379434, 45.72799220122943], [-63.14384226035895, 45.73460657292917], [-63.151115407283996, 45.74731560811232], [-63.15315973918465, 45.75070575929683], [-63.15454979435199, 45.75247908818009], [-63.160728016764516, 45.76330696202479], [-63.16081256611633, 45.7634551422933], [-63.16082941953405, 45.76348469718664], [-63.183186199148466, 45.80235887144043], [-63.1875345016776, 45.809912014951166], [-63.18755433041855, 45.80990269570511], [-63.20024262762387, 45.832917880023274], [-63.2062718620882, 45.843846134795754], [-63.206302607506906, 45.843901839413256], [-63.23520706053452, 45.89621944865983], [-63.25388555043622, 45.92996393819232], [-63.28602038651893, 45.98790140771019], [-63.2927681358269, 46.00004854828641], [-63.29276866018775, 46.00004948527547], [-63.300495311632, 46.01395074839941], [-63.33069973721598, 46.06821074550468], [-63.330768947821056, 46.06823055382731], [-63.33094308358357, 46.06825283118481], [-63.34811038355989, 46.070446498492], [-63.34836123998823, 46.070478533331816], [-63.34861184168147, 46.07051158089934], [-63.418191730942226, 46.07966054665529], [-63.48348183456636, 46.088447900586935], [-63.483732646765155, 46.08848156809235], [-63.483983459345524, 46.088515234914546], [-63.48868430556843, 46.08914597632402], [-63.49999500105314, 46.090530083251956], [-63.500000011295974, 46.09053068037418], [-63.53233206704126, 46.094479048224606], [-63.53258372524509, 46.09450974465721], [-63.53283538379807, 46.0945404404012], [-63.57925331020838, 46.100187618809414], [-63.58328750229141, 46.09951599030846], [-63.58353601957662, 46.099474600643525], [-63.58378452069535, 46.099433233234556], [-63.60238688890249, 46.09633357899102], [-63.614472830844136, 46.09315972120542], [-63.614476979291645, 46.09315862004961], [-63.61471161123835, 46.093096991749164], [-63.61494991049379, 46.093033427701606], [-63.61495679680502, 46.0930315738525], [-63.63299055363223, 46.08821877911057], [-63.64348168023957, 46.085695939986124], [-63.65928195088761, 46.08417839026373], [-63.659486086952526, 46.08415737363254], [-63.65973876657766, 46.08413134730607], [-63.659991445905625, 46.08410532028408], [-63.699884695803426, 46.0799890809476], [-63.70328090253099, 46.07972610525257], [-63.70353472133544, 46.07970644906455], [-63.703788539914434, 46.079686792173355], [-63.72059791184203, 46.078383215306985], [-63.73217642471492, 46.077483464327294], [-63.743901071681634, 46.07522125400277], [-63.744147151377106, 46.075173751631546], [-63.74439323054444, 46.075126248607575], [-63.74650370945475, 46.07471885906359], [-63.75919807782195, 46.07243069041744], [-63.774895037322125, 46.06956376834638], [-63.775142010874916, 46.06951863359839], [-63.77538898392415, 46.069473498191826], [-63.79089513958642, 46.06663834023988], [-63.80183273665968, 46.064655579970925], [-63.80225566701237, 46.06457889130002], [-63.80232687674128, 46.06456596779209], [-63.81274168258091, 46.06267652859803], [-63.812988722079865, 46.06263167682955], [-63.814826951102674, 46.06229808054937], [-63.81965313446782, 46.06142194731773], [-63.853069299869865, 46.05530977651738], [-63.853316183831375, 46.05526456850119], [-63.853563067288796, 46.05521935982672], [-63.85403520397504, 46.055132902085376], [-63.87077365087978, 46.05225034206696], [-63.877934581959785, 46.05101965140181], [-63.89025430483045, 46.04882213601101], [-63.89544463923502, 46.04779442210076], [-63.895690117980465, 46.04774580681153], [-63.89593559618699, 46.04769719087292], [-63.89817863632115, 46.04725294544337], [-63.905417612742426, 46.04578855091339], [-63.905662013504426, 46.04573908652918], [-63.90590741201449, 46.045692080573346], [-63.91147482296643, 46.04462560126863], [-63.917413907271154, 46.04349194387244], [-63.91766001629008, 46.043444951173655], [-63.91790612478678, 46.04339795782134], [-63.92572906661523, 46.0419039908835], [-63.92597506099131, 46.041857000466], [-63.926220928438624, 46.04180965948208], [-63.930796355311095, 46.04092864648401], [-63.9310423094431, 46.040881268348315], [-63.93128824754822, 46.04083391253758], [-63.93925124243598, 46.03929993663547], [-63.93949717847946, 46.039252536069], [-63.93974309850082, 46.039205157828825], [-63.940534385245975, 46.03905267590581], [-63.946747890474214, 46.03790845834948], [-63.95777761877412, 46.035842919], [-63.96671767889382, 46.03429503387428], [-63.966965288448954, 46.034252163708146], [-63.96721289752486, 46.0342092928787], [-63.97605964594201, 46.032676553278755], [-63.989065153355845, 46.03039964779203], [-63.99063960053942, 46.03013053429613], [-63.99088738028362, 46.03008817540103], [-63.99113515955403, 46.03004581584146], [-63.99914951199315, 46.02867544415553], [-63.99999853545133, 46.02844571854934], [-63.99999998726027, 46.028445295246236], [-64.0001327677302, 46.02840937469913], [-64.00641995511299, 46.02660594241953], [-64.01050599494558, 46.02567177306909], [-64.01074837694115, 46.02561637447487], [-64.01099074078196, 46.02556094149593], [-64.01257391936024, 46.0251989326411], [-64.01789825063523, 46.02409661279402], [-64.0179038902675, 46.02410582351225], [-64.0189870645469, 46.02388364588439], [-64.02340490733013, 46.02295612401095], [-64.02537485160612, 46.02253149385958], [-64.02690838821282, 46.022081158076766], [-64.02713958810895, 46.022013256166005], [-64.02735741841403, 46.02192650573582], [-64.02852807458429, 46.02146026796108], [-64.02872546787569, 46.0213816520414], [-64.02874427989676, 46.021371613198006], [-64.0289468206893, 46.02126365001558], [-64.03313644422664, 46.01902991727104], [-64.0333370934292, 46.01892293332263], [-64.03347546583103, 46.01877564152191], [-64.03670803083575, 46.01533407654387], [-64.04237973862264, 46.00459396097159], [-64.04205627272506, 46.00022533902084], [-64.04204314903973, 46.000047892172645], [-64.04204227169966, 46.000036257741705], [-64.04202997703928, 45.999870457699494], [-64.04181576969765, 45.996976061664355], [-64.0418254057232, 45.99649688425102], [-64.04187564836195, 45.993997338162714], [-64.04244660350966, 45.99349504995315], [-64.04260461695334, 45.99335744895976], [-64.04260455032232, 45.993356110300375], [-64.04259021429118, 45.99311480846692], [-64.04259000488275, 45.99311140583013], [-64.04270630298281, 45.99287480308531], [-64.04282839494255, 45.99262638769944], [-64.04429310870384, 45.99177969197075], [-64.04471188031943, 45.99170290444968], [-64.04508028154753, 45.99172390455131], [-64.04509491176601, 45.991724806414396], [-64.04509879648234, 45.99172500785256], [-64.04561297860425, 45.991693604274914], [-64.04592228695213, 45.99158079862366], [-64.04604800101143, 45.99153499695025], [-64.04605148698617, 45.99153369545723], [-64.04631449609917, 45.99133919802871], [-64.04631830332963, 45.99087829405387], [-64.04634138780952, 45.9907732938528], [-64.04641200500919, 45.99045170546743], [-64.04641219100216, 45.99045058929507], [-64.04590131847254, 45.990041100129034], [-64.04557108140554, 45.98933640759834], [-64.04520219081137, 45.98878198725077], [-64.0448975925623, 45.988324199591425], [-64.04467350489134, 45.98785959114725], [-64.04467359529626, 45.98785939646484], [-64.04467310576972, 45.98785850840464], [-64.04469179952554, 45.987800802879384], [-64.04474371145308, 45.9876342007028], [-64.0448528934385, 45.9875437054032], [-64.04505431613397, 45.987377001996705], [-64.04545839984812, 45.98722449552733], [-64.04555580643031, 45.987210211314775], [-64.04593930220365, 45.987160713753596], [-64.04614258439062, 45.987117001065556], [-64.04643879318942, 45.98705339615482], [-64.04667929809025, 45.98694280335134], [-64.0469481907305, 45.98681918852953], [-64.04784580636381, 45.98656730379845], [-64.04803539160856, 45.986437395617116], [-64.04823659359273, 45.98629939406028], [-64.04838109558642, 45.98608760518914], [-64.04849411422846, 45.98592209558207], [-64.04867939459842, 45.98548788432695], [-64.04871640824726, 45.985230389058685], [-64.04871641724486, 45.98523019586699], [-64.04865339231705, 45.98500428421255], [-64.04852270542384, 45.984535707815844], [-64.0484066076924, 45.98425170395925], [-64.04833619299421, 45.9841570838992], [-64.04822109532309, 45.984002286927996], [-64.04803610944043, 45.98373309210672], [-64.04788040826202, 45.98361540758233], [-64.0476074055769, 45.9834242977092], [-64.04691100255049, 45.98310711031787], [-64.04668810711368, 45.983049107531144], [-64.04635719836561, 45.9829630954401], [-64.04632328516388, 45.982886506672045], [-64.04632000947784, 45.982879106829294], [-64.04642449149712, 45.98281728765918], [-64.04647700310242, 45.98278621411628], [-64.04674202252276, 45.982703094214735], [-64.04676220721417, 45.982688100036725], [-64.04684129292508, 45.98262920952628], [-64.04670889233351, 45.98255870572531], [-64.04665638980508, 45.98253080461443], [-64.04665260696338, 45.98253069223421], [-64.04637160355179, 45.982526312574066], [-64.0456111928384, 45.982939296190864], [-64.04520319454247, 45.98303999464378], [-64.04426120188405, 45.98308451353016], [-64.04371208569631, 45.98314320896656], [-64.04339341387613, 45.9830926946731], [-64.0433827023061, 45.98309110785159], [-64.04337748852473, 45.98309019262342], [-64.04322240997172, 45.98295835317087], [-64.04310591162269, 45.98285929242337], [-64.04310570037117, 45.98277399093185], [-64.04310510878983, 45.98254432578481], [-64.04310509262368, 45.982537399925306], [-64.04324281960444, 45.982336998886055], [-64.04345799983896, 45.98214509416517], [-64.04346600286131, 45.98213789681274], [-64.043466480463, 45.98213760422287], [-64.04346810521898, 45.98213620064464], [-64.04353320438943, 45.98209810889369], [-64.04409387887941, 45.98176650634876], [-64.04436148973808, 45.98177479398507], [-64.04444288055596, 45.98180480204051], [-64.04458678656009, 45.98185790785724], [-64.0448306931299, 45.981848687948556], [-64.04503187943821, 45.981841202909315], [-64.04514187725067, 45.98182640499151], [-64.04577048855768, 45.98174178842332], [-64.04712249437927, 45.98170780696366], [-64.04715129893866, 45.98170201078594], [-64.04770209200615, 45.98158988717937], [-64.04832460532486, 45.98141420085689], [-64.04867439615153, 45.98131539648545], [-64.04880919301746, 45.98129878816717], [-64.04910361326252, 45.981262708398916], [-64.04966269245952, 45.98124780695189], [-64.04999930444089, 45.98114299445518], [-64.05000260231992, 45.98114191203752], [-64.05028319445618, 45.98092389098723], [-64.05034148245504, 45.98084709911137], [-64.0504560098165, 45.98069620983053], [-64.05057950116334, 45.97988760730246], [-64.05057009639044, 45.97984170441568], [-64.05053041760569, 45.97964840018417], [-64.05041171615434, 45.97944379611807], [-64.05026809133118, 45.979303687458376], [-64.05009689389182, 45.97913680061109], [-64.04986721301158, 45.978966399868966], [-64.04974639680643, 45.97887689790066], [-64.0496931991614, 45.97881240585015], [-64.0491983800788, 45.97821240143351], [-64.04900040463701, 45.97807580941158], [-64.0487915126815, 45.977931707825064], [-64.04845879750118, 45.97776929159781], [-64.04820260049956, 45.97764420029878], [-64.04689730152681, 45.97687340471044], [-64.04681265632921, 45.976823396578084], [-64.04680542802645, 45.97681913497249], [-64.04680352920029, 45.97681801164298], [-64.04680860017562, 45.97681817988467], [-64.04879344775547, 45.97688848944841], [-64.14942368761503, 45.98014747291783], [-64.15278462767834, 45.97853915547744], [-64.15580388914437, 45.97697405369608], [-64.15603317805088, 45.976859699954055], [-64.15826414086568, 45.97574709196474], [-64.15899112896415, 45.975384500408886], [-64.15914514354327, 45.97530769579282], [-64.15920499422322, 45.97514904922213], [-64.15928302170656, 45.974942301434226], [-64.15934681658511, 45.97477323389927], [-64.15941267000504, 45.9745986760072], [-64.16002887836567, 45.97296542991579], [-64.16023163714088, 45.972430155074804], [-64.16145238542886, 45.96920678924671], [-64.16150834931933, 45.969057974488805], [-64.16173637159494, 45.96845225664359], [-64.1622999696272, 45.9669541586678], [-64.16256319485461, 45.966254457393305], [-64.1630115307133, 45.96506260896508], [-64.16362323103796, 45.96343642718868], [-64.16395122352391, 45.96256664006486], [-64.16445790424243, 45.96122318503425], [-64.16460980416217, 45.96082053747668], [-64.16694131080537, 45.958241289631346], [-64.17081758042863, 45.95395257895207], [-64.17484120281807, 45.949714131424294], [-64.17529927199763, 45.94923186001998], [-64.1759302305952, 45.948567596973426], [-64.17626918581104, 45.94821074441667], [-64.17714650015724, 45.94728704644217], [-64.17734944539114, 45.94707332999897], [-64.17745034928632, 45.946967113013635], [-64.17749010091501, 45.946925239976025], [-64.17795134549822, 45.946439616161385], [-64.17796752957673, 45.94642256156329], [-64.17886498327717, 45.94547756488748], [-64.19107707242375, 45.93261938145635], [-64.19115592982442, 45.93253104279782], [-64.1923897862284, 45.931230904804025], [-64.19266273788006, 45.930947247044465], [-64.19310478124675, 45.930465226307035], [-64.19662758426938, 45.926621975541565], [-64.20197682204137, 45.92078483642231], [-64.20521540120549, 45.917249962665174], [-64.2053689864969, 45.917082321455986], [-64.20600026311865, 45.91639321778322], [-64.20623719984972, 45.91613459612076], [-64.20627900894681, 45.916159706440475], [-64.20633838073599, 45.91619540705541], [-64.2065744020404, 45.91620170984142], [-64.20666258182172, 45.91620400178065], [-64.20692120449016, 45.916187304678694], [-64.20756918870637, 45.91614549026718], [-64.20779810095976, 45.91609579787328], [-64.20780970759473, 45.91609329410795], [-64.20781081342082, 45.91609289725991], [-64.20808090640011, 45.915986502224136], [-64.20821320902523, 45.91593441532507], [-64.20821850499398, 45.91593229952826], [-64.20832591154368, 45.915919309501504], [-64.20842410813925, 45.91590739005566], [-64.20855869902296, 45.91597690308125], [-64.2086484886087, 45.91609380312812], [-64.20880538663765, 45.91629820407527], [-64.20903599701468, 45.91639280210012], [-64.20932041227763, 45.916396909357154], [-64.20976020597392, 45.91653819739976], [-64.20987510855093, 45.916509003066516], [-64.20993791385989, 45.91649310611084], [-64.2099380882423, 45.9164926031171], [-64.20994749173536, 45.91647220744572], [-64.21000480801268, 45.91634710230688], [-64.20985410059777, 45.91605099177052], [-64.20986591578027, 45.91600709464415], [-64.20988598484999, 45.915932301873625], [-64.21016560518686, 45.91571381359355], [-64.21019910695752, 45.91566930954655], [-64.21026039416937, 45.91558798822123], [-64.21038859717078, 45.91509330469231], [-64.21052540789339, 45.914892698765954], [-64.21095360171125, 45.91445789363893], [-64.21119210439952, 45.914083906247726], [-64.21124820147082, 45.914038810644776], [-64.21133779355623, 45.91396680621348], [-64.21134369895691, 45.91395859341818], [-64.2116581116742, 45.91352249171161], [-64.21225580685729, 45.91312979842053], [-64.21247910492407, 45.91305850317158], [-64.2125775123618, 45.91302709543079], [-64.2126252980205, 45.91301779978472], [-64.21286360309217, 45.91297159483539], [-64.21298730985929, 45.91297071210428], [-64.21323929550478, 45.91296900149339], [-64.21351101946577, 45.91303159689287], [-64.2136066973254, 45.913053687056944], [-64.21385199043962, 45.91303329994416], [-64.21395890303369, 45.91296970720134], [-64.21406051164203, 45.91290920687672], [-64.21409371324968, 45.91283050512419], [-64.21411549857123, 45.912778903287645], [-64.21445599777446, 45.912422205774355], [-64.21451920708701, 45.91230749239469], [-64.21461218861334, 45.91213850725672], [-64.21468160037426, 45.91181199382748], [-64.21477050397841, 45.91139388806726], [-64.2149661941299, 45.91124099239894], [-64.21501508907966, 45.91120279452618], [-64.21501681283371, 45.91120279377913], [-64.21659228926005, 45.91116949608232], [-64.21682922056426, 45.91104579951643], [-64.21698290372993, 45.91091501014813], [-64.2171093207573, 45.91080749769282], [-64.2176421834152, 45.91029070380397], [-64.21780991529353, 45.909609803238034], [-64.21826098751228, 45.909205702862195], [-64.21891420514174, 45.908620506278275], [-64.21950878913985, 45.908327091945495], [-64.21982971923367, 45.90805349433807], [-64.22006908468047, 45.90775220363403], [-64.22037000928036, 45.90737340678333], [-64.22037890951003, 45.907362192908444], [-64.22049009413153, 45.90706190823743], [-64.22050970919184, 45.906919197631595], [-64.22051890873082, 45.90685179930575], [-64.22033279522091, 45.90664451059659], [-64.22008902232918, 45.90637299355056], [-64.22004689457376, 45.90625721052865], [-64.21999599562515, 45.90565669549596], [-64.22011230688692, 45.905177707065114], [-64.22012670327923, 45.90511641327517], [-64.22014461336468, 45.90503989427256], [-64.22014479582226, 45.90503919814451], [-64.22003859329678, 45.90477948389478], [-64.21970158974683, 45.904234495216336], [-64.21955139392827, 45.90408088734404], [-64.21930378341392, 45.903827702214556], [-64.2193029873429, 45.903634292159815], [-64.2193022963873, 45.903486092320186], [-64.2193601890316, 45.90325648735642], [-64.21980149612209, 45.90257691015539], [-64.21999150578716, 45.90228431030696], [-64.2200050958871, 45.90220910566659], [-64.22007968847684, 45.902114708215706], [-64.22031219631641, 45.90182019200886], [-64.22033191685586, 45.90171919823144], [-64.2203322887821, 45.90171719288712], [-64.22044052364292, 45.90162799392148], [-64.22055961479523, 45.901529698332915], [-64.22084148979252, 45.90142248637514], [-64.22191359231796, 45.90133439178026], [-64.22206800808681, 45.90124779646337], [-64.22216231863807, 45.901194895118856], [-64.22223388642382, 45.901080692942635], [-64.22227698395697, 45.900534497645836], [-64.22227987348607, 45.90049803590787], [-64.22228780587608, 45.900398314130626], [-64.22315615957508, 45.89932620836771], [-64.224549471502, 45.89913955460647], [-64.22565391908657, 45.89912608495359], [-64.22634259026907, 45.89911769087926], [-64.22674354589361, 45.89887527910281], [-64.22710653298762, 45.898655806202804], [-64.22716104637037, 45.89840554182941], [-64.22727974915118, 45.897860684181225], [-64.22791524519393, 45.89728655610095], [-64.22783304452504, 45.896798885615254], [-64.22694349192771, 45.89622674265902], [-64.22706430205284, 45.89566310720445], [-64.22770576509514, 45.895232737123195], [-64.22842037355703, 45.89494390789725], [-64.2314559006732, 45.89371690256607], [-64.23177351755979, 45.892933509971066], [-64.23305043673088, 45.892348131149646], [-64.23420136943676, 45.89233697790723], [-64.23514048022753, 45.89359876263446], [-64.23622010438707, 45.89366300273729], [-64.23633269935736, 45.89370428987128], [-64.23716881106729, 45.89350940371657], [-64.23774308512888, 45.893318796808025], [-64.23805488687313, 45.89315369056433], [-64.23810119633777, 45.89312920184577], [-64.23834499473132, 45.89295781215042], [-64.2385272006357, 45.892753912978975], [-64.23855778702764, 45.89258868866485], [-64.23857421920971, 45.89250029269675], [-64.2385735909389, 45.89249810348503], [-64.23844630715946, 45.8920020083896], [-64.23844869297434, 45.89198099463393], [-64.23846149145814, 45.89186720202899], [-64.23816219432968, 45.89119579474585], [-64.23810069822856, 45.890762011705334], [-64.2381390144708, 45.89061559799369], [-64.23817731041441, 45.890469093964164], [-64.23819160604688, 45.89045571419189], [-64.23832339897037, 45.890332087950455], [-64.23884479133321, 45.890001808464746], [-64.2392738033539, 45.8899086035504], [-64.23929119799905, 45.88990478561647], [-64.2394552995536, 45.8899349005284], [-64.24010978291365, 45.89051590750202], [-64.24019910982398, 45.8905664056395], [-64.2402106145842, 45.89057290108815], [-64.24039971276187, 45.8905958965251], [-64.24057899659, 45.890617809919675], [-64.24110839755582, 45.890522211156096], [-64.24129369216037, 45.89048871047779], [-64.24145750066168, 45.89044908889101], [-64.24292600899095, 45.890094393083075], [-64.24307388976646, 45.89006879552741], [-64.24307460053724, 45.890068690146634], [-64.2431084964085, 45.89004871016884], [-64.24358939466606, 45.88976598716708], [-64.24390410368802, 45.889500303594936], [-64.24412099393197, 45.88917790901519], [-64.24414757757164, 45.88913830580871], [-64.24417069114892, 45.88903940964082], [-64.24421239001151, 45.888861097301316], [-64.24408860276819, 45.8884146043547], [-64.24400200162722, 45.88826238671327], [-64.24384709897825, 45.88816109322066], [-64.24372400261032, 45.888080588441895], [-64.2437227994703, 45.88807980722659], [-64.24387101588924, 45.88788269335367], [-64.24407161477427, 45.88761599224653], [-64.24422290851095, 45.887542309752185], [-64.24438878996693, 45.88746149459143], [-64.24535190466254, 45.88719289705245], [-64.24566379323022, 45.88702650604479], [-64.2459735991694, 45.886728898529874], [-64.2465706127593, 45.886335992749125], [-64.24668349816729, 45.886166785928644], [-64.24668331613319, 45.88602589511162], [-64.2466828919897, 45.88578551042209], [-64.24656870548338, 45.885529506845685], [-64.246394191129, 45.88513810529101], [-64.24639479024205, 45.8847170914127], [-64.247364382821, 45.884420702845176], [-64.24771221434469, 45.88418729204863], [-64.24813548514462, 45.88370059833879], [-64.2485033057637, 45.883364097923305], [-64.24944950659864, 45.88288870759418], [-64.25029648860942, 45.88229670507393], [-64.25044289571836, 45.881949297320425], [-64.25119701404735, 45.8814764948038], [-64.25123019901791, 45.881455698415095], [-64.25202629109903, 45.88085510565831], [-64.25281451939215, 45.88053229784668], [-64.25347841511298, 45.88018410326389], [-64.25374719717293, 45.88009469218355], [-64.25376530746502, 45.88008870022659], [-64.25379229410647, 45.88008278622921], [-64.2539712953746, 45.880043885121864], [-64.25449609170617, 45.87978500809793], [-64.25471251153513, 45.87957350142986], [-64.25506890497456, 45.87883179489054], [-64.25507406576108, 45.878810508804364], [-64.25507492174609, 45.87880692715833], [-64.25515131524038, 45.878492004219794], [-64.25517828526809, 45.878380499010646], [-64.25516219772409, 45.87818349619155], [-64.25513180023788, 45.877811905056866], [-64.25493168938415, 45.877550588825684], [-64.25492930448594, 45.87754760755306], [-64.25492890515089, 45.8775470028858], [-64.2548962122966, 45.87752170846793], [-64.25458390266267, 45.87728009607233], [-64.25460719046335, 45.877058094389966], [-64.25435168921658, 45.87644290019484], [-64.25435120445262, 45.87643989106502], [-64.25434560844832, 45.876406705277816], [-64.25431760785672, 45.87623990287764], [-64.2544020006852, 45.8760702933273], [-64.25467290002747, 45.87593898906641], [-64.25557280934358, 45.87588780305507], [-64.25611241774943, 45.87570459192068], [-64.25638070094078, 45.875555800785534], [-64.25658029634079, 45.87544499797958], [-64.25663638422657, 45.875392695730675], [-64.25681970707997, 45.87522190298565], [-64.25701519013992, 45.87494308981738], [-64.2570211076562, 45.87493471603907], [-64.25702130141984, 45.87493430343278], [-64.2570451202122, 45.87487669771744], [-64.25732010759128, 45.874212008453455], [-64.25760079897546, 45.87381600433514], [-64.25779970935812, 45.87353550842926], [-64.25783640765712, 45.87283700976037], [-64.25802510210453, 45.872585895026766], [-64.25807668816181, 45.872517205396704], [-64.25807859642734, 45.872514691650785], [-64.25821809946711, 45.87240339234617], [-64.25829190164647, 45.872344412780244], [-64.25829378724877, 45.872342898294676], [-64.25837609094197, 45.87234880071227], [-64.25842998873074, 45.87235269138835], [-64.25843310304055, 45.872351798435375], [-64.25845501492115, 45.87234550005151], [-64.25973110456547, 45.8719773986328], [-64.26021759802411, 45.87186500949782], [-64.2603398891632, 45.87179550197359], [-64.26051799547709, 45.87169429607024], [-64.26061441023211, 45.871565997955166], [-64.26065981114246, 45.871505595713415], [-64.26060750272016, 45.8713515142233], [-64.26057050238026, 45.87124228844638], [-64.2603889915966, 45.87084539547501], [-64.2601848957815, 45.87039899703234], [-64.26013629986033, 45.870027103914595], [-64.26011470228207, 45.869861911584955], [-64.26015851268978, 45.869517003073526], [-64.26012889320556, 45.86937258842157], [-64.26011848515077, 45.86932179787668], [-64.26011190731262, 45.86894841248365], [-64.25992529153922, 45.86850898750753], [-64.25931231282918, 45.86785601133861], [-64.25899249791361, 45.86751529332371], [-64.25899439064175, 45.86751280262923], [-64.2590388942954, 45.86745351036669], [-64.25911660760303, 45.867350197839464], [-64.25913151008083, 45.867341490724755], [-64.25934778750319, 45.86721440482114], [-64.26035640041631, 45.86720651197008], [-64.26038711120117, 45.86720625066356], [-64.26082048292199, 45.8672028041853], [-64.2612270941901, 45.86708139643618], [-64.26122751285446, 45.86708130831621], [-64.26163220737683, 45.866638106938574], [-64.26186219015918, 45.866246318234566], [-64.26215753018614, 45.8658940337632], [-64.26252244361824, 45.86552983094832], [-64.26299961957992, 45.8650985841043], [-64.26316039536474, 45.86479709654385], [-64.26313950764829, 45.864525309947155], [-64.26306064018243, 45.864300929972586], [-64.2628961259228, 45.86404742111893], [-64.26289625240803, 45.86403854314865], [-64.26289818954777, 45.86391357852899], [-64.2633123984195, 45.863562324446015], [-64.26386442428827, 45.86306356058342], [-64.26437849431356, 45.86268794062455], [-64.26613828746345, 45.86220956088806], [-64.26710822661138, 45.86176442959763], [-64.26720916555529, 45.86153234667215], [-64.2673981707885, 45.86109784368797], [-64.26741374914039, 45.861061984856335], [-64.266774780589, 45.859585281679145], [-64.266500315303, 45.85951397868937], [-64.2662719239115, 45.85945465611763], [-64.26596557921148, 45.85937507051362], [-64.26532676913811, 45.85946023358837], [-64.26458353329066, 45.859559305984476], [-64.26316446306866, 45.85947294842277], [-64.26225839063663, 45.85893069243659], [-64.26228641071641, 45.85810017352742], [-64.26337775439808, 45.856547273167415], [-64.26340653317361, 45.85650629587924], [-64.26344133259543, 45.85645678396957], [-64.26346015550405, 45.856429972665474], [-64.26348974797072, 45.856387888970715], [-64.26354458073473, 45.85630986095668], [-64.26376358931391, 45.855998232152636], [-64.2638755801194, 45.855838847866295], [-64.26398757012167, 45.855679463553976], [-64.26434029172458, 45.85517749275523], [-64.2668201755413, 45.85291685329553], [-64.26818111199147, 45.8524303798295], [-64.26926998489742, 45.852470625562255], [-64.26997916713955, 45.85284934816051], [-64.27098602397089, 45.85388777376335], [-64.27165408204993, 45.85416968383433], [-64.27215227197232, 45.85413792182603], [-64.27236339248726, 45.853992066887095], [-64.27258192539122, 45.853841063422294], [-64.27287975754247, 45.85279137643227], [-64.27274734172654, 45.85153286475535], [-64.27312961999364, 45.85058587094272], [-64.27385206253697, 45.849535091720966], [-64.27410713239922, 45.84862509628774], [-64.27415662519196, 45.84804067739453], [-64.2738698235265, 45.84757919220178], [-64.27338189645647, 45.84724715814915], [-64.27184051519856, 45.84716245495803], [-64.27104273052385, 45.84701992084549], [-64.27085153410796, 45.84689240528769], [-64.27056968165236, 45.846704450098954], [-64.27031833550453, 45.846536854182695], [-64.27004884472879, 45.846043349099574], [-64.26938275464923, 45.844823569585095], [-64.26964895862022, 45.84361742705733], [-64.2703068099493, 45.84272516096294], [-64.27127326572715, 45.84202426837777], [-64.27217803267246, 45.842231544546344], [-64.27291795341858, 45.84287634234861], [-64.27363478733841, 45.84324769743313], [-64.27454886226498, 45.843150150620346], [-64.27517749646046, 45.84243417936338], [-64.27495095430939, 45.84200258043543], [-64.2748212990884, 45.84175556290588], [-64.27408556594459, 45.841202573380606], [-64.27384073406047, 45.840427475663354], [-64.27488419051517, 45.83851286930204], [-64.27560201089096, 45.83637501465277], [-64.27662006993911, 45.83488641443422], [-64.27798666347928, 45.834218902373465], [-64.2787977619479, 45.833540739694705], [-64.27931497099401, 45.83310827966305], [-64.28161558070968, 45.83114470522738], [-64.28301600035327, 45.82978492783659], [-64.28505118559524, 45.829758596127974], [-64.28629863930466, 45.83059458929898], [-64.28648198251703, 45.830717461505785], [-64.28666532674268, 45.83084033340966], [-64.28772634871153, 45.83155135983427], [-64.2905828718485, 45.83428929515619], [-64.29545208070232, 45.84025733180124], [-64.30027874764447, 45.8435916717829], [-64.31146270406185, 45.84986721281062], [-64.31472147486222, 45.85156515699038], [-64.32337106182698, 45.854964253968724], [-64.33034797852378, 45.85688450043195], [-64.3305823131275, 45.85694899457761], [-64.33082115529822, 45.85700479969765], [-64.33307685196917, 45.85753182803662], [-64.3341292695766, 45.85732306506934], [-64.33437373801954, 45.85727457339851], [-64.33461820592903, 45.857226081081535], [-64.3439855963361, 45.855367303961636], [-64.35204323062925, 45.853034866857186], [-64.35758726628235, 45.84628691370249], [-64.35785898965113, 45.8456607744181], [-64.35793272127793, 45.8454908717332], [-64.35800648529354, 45.845320979746866], [-64.36018670138456, 45.840296615991186], [-64.36106474638724, 45.832802813894304], [-64.36672535713606, 45.826283416355714], [-64.37518856074607, 45.82085806986428], [-64.38908116011275, 45.80883968852596], [-64.39659142778419, 45.80196981667463], [-64.40663932757231, 45.79042011254317], [-64.41240842749589, 45.78412754755458], [-64.42511235615268, 45.773056227730464], [-64.43606602757285, 45.76710767403096], [-64.44522906370743, 45.76058239412964], [-64.45313772710797, 45.752706916920005], [-64.45328353075661, 45.752561712517604], [-64.45580506454874, 45.75005005060064], [-64.45581568647205, 45.750039460779114], [-64.45932004838514, 45.74654829817457], [-64.46669002815943, 45.734568478264414], [-64.46739532372162, 45.73342171868619], [-64.46947733194882, 45.725500388394224], [-64.4695232058099, 45.7253258502977], [-64.46956907931154, 45.725151312312924], [-64.47028748255987, 45.72241741813418], [-64.47629771318923, 45.70995506018781], [-64.48470403317332, 45.70373295723119], [-64.48487811116973, 45.703604084586026], [-64.4850521881594, 45.703475211680704], [-64.48575062950559, 45.70295814769476], [-64.49900622536136, 45.69510132163703], [-64.49999792285655, 45.69474261291401], [-64.50000000729885, 45.694741860885124], [-64.51175349402794, 45.69048926639797], [-64.54013302300964, 45.68427165594037], [-64.57112613305188, 45.666584330741486], [-64.58842542821367, 45.657327595462974], [-64.58862656177055, 45.65721994831619], [-64.58882764645986, 45.657112313285], [-64.6114429501012, 45.64500063074295], [-64.6116438138927, 45.644892999079914], [-64.61164428985958, 45.644890560458], [-64.61184306798054, 45.64478423862854], [-64.65988737188691, 45.61906020532449], [-64.66017060818062, 45.618906387272226], [-64.7025302077102, 45.59588928290351], [-64.74299184866341, 45.57379954174799], [-64.76920673688817, 45.55996037283934], [-64.80604527185193, 45.53648920923305], [-64.80607003726527, 45.53648958687712]]]}, "properties": {"FED_NUM": 12004, "ED_NAMEE": "Cumberland—Colchester", "ED_NAMEF": "Cumberland—Colchester", "REPORDER": "2023", "SHAPE_Leng": 558850.759996, "SHAPE_Area": 11078185377.3}}, {"type": "Feature", "geometry": {"type": "Polygon", "coordinates": [[[-63.48088829896384, 44.70095283690927], [-63.48138978370844, 44.700843697741874], [-63.48146660451041, 44.700817293829886], [-63.481935087525265, 44.70068659692261], [-63.482201917392864, 44.70059000240913], [-63.48309181768147, 44.70021100042796], [-63.48341018326495, 44.700033999753025], [-63.483469287342515, 44.70000669685625], [-63.48348690600865, 44.6999984983489], [-63.484098487677414, 44.699625900897885], [-63.484659889756436, 44.69928868652661], [-63.484953815035865, 44.69911190584542], [-63.48524651155537, 44.698943209516734], [-63.48556460504861, 44.69879330446662], [-63.48589540120491, 44.698661411628635], [-63.486060292553425, 44.69860841114582], [-63.48665579104504, 44.6984426892682], [-63.48714891650463, 44.69837510076038], [-63.487654707631734, 44.6983342926537], [-63.48827311529546, 44.698321692764374], [-63.4889166209211, 44.69831879777461], [-63.48957299342372, 44.69830630185432], [-63.490380706719094, 44.6982956115938], [-63.49080980919134, 44.69829019071067], [-63.49121699879089, 44.698284928996536], [-63.49122630037448, 44.69828480136027], [-63.49151659771949, 44.69828799804461], [-63.49180679650103, 44.69827239157137], [-63.49190770256025, 44.698263792380956], [-63.49209798985235, 44.698238690598], [-63.49237658949757, 44.69819610581669], [-63.492533789824726, 44.69816209468534], [-63.493022304441624, 44.69804009623173], [-63.49342811410478, 44.697908906121555], [-63.49343309434308, 44.697906800833174], [-63.49380930481708, 44.69775868900385], [-63.49417891623201, 44.697591403562186], [-63.49452198552593, 44.69741439336833], [-63.49484089062686, 44.69721949131936], [-63.495134390853174, 44.69700579908779], [-63.49521220588091, 44.696943310701926], [-63.495416509636556, 44.69677410025747], [-63.49544149798382, 44.69675689058908], [-63.496341300583794, 44.69584639304189], [-63.496800321588225, 44.69537430097729], [-63.49717529567314, 44.694988612429505], [-63.49727829731311, 44.69488269186276], [-63.497279712510185, 44.6948816921448], [-63.49741940951782, 44.69476689025907], [-63.497585394965526, 44.694633812091084], [-63.497905313998395, 44.69440189162406], [-63.49824950357622, 44.69418921271915], [-63.498987182561635, 44.69384460515925], [-63.49905061214083, 44.69388469666549], [-63.49909507774239, 44.693912950620486], [-63.49974848829344, 44.69432829481463], [-63.499961492377594, 44.694437909334425], [-63.50000079440445, 44.69445760520859], [-63.5001820876491, 44.694548601477365], [-63.50023641298987, 44.69457560199528], [-63.50074971491266, 44.69479640218354], [-63.5024054116554, 44.69535989909211], [-63.50424969530811, 44.69598728902735], [-63.50426470638066, 44.69599215541009], [-63.504337115407004, 44.69601569686609], [-63.50506489802416, 44.6962556100921], [-63.50570449245941, 44.69651291043868], [-63.506305293906, 44.696806397784876], [-63.50704237977497, 44.69724520548853], [-63.50772820060686, 44.69772741259334], [-63.50815048852493, 44.69810089762878], [-63.50853520200301, 44.69849980219631], [-63.508880780305475, 44.6989079052336], [-63.50973608048118, 44.700004100520424], [-63.509757816109264, 44.70003100257635], [-63.51036288562231, 44.70080159571542], [-63.51116571142178, 44.701807190136925], [-63.51223221151816, 44.70295020417021], [-63.513201688093204, 44.703813709436496], [-63.51352490210544, 44.70410488705701], [-63.514671304327265, 44.70497831431783], [-63.51652879294917, 44.706326605450656], [-63.51848449652571, 44.707774290956834], [-63.520591404408826, 44.7093222103195], [-63.52227411783253, 44.71057839623416], [-63.524630406846455, 44.712308693327806], [-63.52514138687654, 44.712700601943766], [-63.526636410717494, 44.71383790765273], [-63.526985918254205, 44.71409289752965], [-63.528095593871356, 44.71491240274593], [-63.52883160755762, 44.715459008397254], [-63.529965409147984, 44.71629639153642], [-63.53076028181852, 44.716910186916515], [-63.530868294964996, 44.71684049782661], [-63.53146739162914, 44.716830085431866], [-63.532469114147595, 44.716864205159], [-63.53279731534388, 44.71670940490086], [-63.53319580710297, 44.71672221653717], [-63.533315609216416, 44.71689871397498], [-63.533528599034575, 44.71697060665867], [-63.53376690813848, 44.71697200584768], [-63.53403969844979, 44.71681601258067], [-63.53420330350063, 44.71687889388871], [-63.534471297099095, 44.71734319833066], [-63.534511804009114, 44.71794088824808], [-63.53495449656422, 44.718211494895606], [-63.53583371676706, 44.71825859250357], [-63.536140916633975, 44.71820619503675], [-63.53686059517863, 44.718352500313124], [-63.53710989403869, 44.71822759543329], [-63.537784483058694, 44.71826620791814], [-63.53807479858307, 44.718217285868846], [-63.53884391031457, 44.71760991290121], [-63.53934759233513, 44.71737209229869], [-63.53975870404818, 44.71734951497569], [-63.54090888959041, 44.717410488206035], [-63.5412664946553, 44.71721679211508], [-63.54146670205338, 44.71669169000887], [-63.54165560969621, 44.71655361068112], [-63.54260900765519, 44.71616761217031], [-63.54349909987701, 44.71621879176209], [-63.544005783396535, 44.71629320301315], [-63.54430610419587, 44.71639861327255], [-63.54452588908465, 44.71644300674087], [-63.544997897844574, 44.71641758681134], [-63.545214693284244, 44.71640679832202], [-63.545265999302195, 44.71624588548024], [-63.54549448773528, 44.71596239045099], [-63.54589432931937, 44.71579013379825], [-63.54752898194067, 44.715300169781464], [-63.554296290772804, 44.715186747039695], [-63.55430039152745, 44.71518677187324], [-63.55428580887904, 44.71512270384313], [-63.55424360103682, 44.714899596481864], [-63.55421070859409, 44.71467370238509], [-63.55418480606896, 44.71444691475158], [-63.5541677029445, 44.71421881461715], [-63.55416229147346, 44.713988009267], [-63.55416580892356, 44.71375540435314], [-63.55417979984294, 44.713523790081176], [-63.554203502438135, 44.71329248796363], [-63.55423431784703, 44.71306139687526], [-63.55427398898728, 44.712831193606206], [-63.554323304893835, 44.712602398228604], [-63.55438209105603, 44.712374392212276], [-63.55445052170342, 44.71214779404489], [-63.55452849411642, 44.711921702055456], [-63.554615384891896, 44.71169710646629], [-63.554711591862734, 44.71147470181013], [-63.554717598739906, 44.711462206188315], [-63.55481718612085, 44.7112547918702], [-63.55492989185666, 44.7110369100428], [-63.55504539147363, 44.710820594156935], [-63.55516270585596, 44.71060349807007], [-63.555280990190425, 44.710386005433975], [-63.55540159475146, 44.71016891108096], [-63.555523498333834, 44.70995251069269], [-63.555648789880074, 44.70973678791511], [-63.55577490661833, 44.70952240873027], [-63.55589998485863, 44.70930770468511], [-63.55602540480035, 44.70909401200366], [-63.556151593043566, 44.708880692944376], [-63.55627810481554, 44.70866829518182], [-63.55640420643667, 44.70845721219297], [-63.556531198263734, 44.70825118543608], [-63.556652583082524, 44.70804140652341], [-63.55676741298822, 44.707839491377946], [-63.556996490551015, 44.707468119794164], [-63.55703349989571, 44.707408100548676], [-63.557159118749446, 44.70719819790653], [-63.557284080037455, 44.70698740100825], [-63.55740870741352, 44.70677780499765], [-63.5575333910995, 44.7065685920217], [-63.557659398328596, 44.70635980172186], [-63.557784496372456, 44.706150786449925], [-63.55790898497495, 44.705941508375886], [-63.55803401242824, 44.7057323021838], [-63.558157893914924, 44.70552228723394], [-63.55828198899177, 44.705312009865224], [-63.55840768324986, 44.70510180160542], [-63.558533791099634, 44.70489050430777], [-63.55865919074484, 44.70467879879335], [-63.558786084805455, 44.704468608520905], [-63.55891211193485, 44.70425859906572], [-63.559037678934715, 44.70404980344704], [-63.559162294997336, 44.70384160738621], [-63.55928561370275, 44.70363529092307], [-63.55940719097868, 44.70342899758533], [-63.55952659837194, 44.70322389563459], [-63.559646400155984, 44.70302060568482], [-63.55976419524632, 44.70281808733845], [-63.55988010355157, 44.70261668890745], [-63.559997218460865, 44.702417294854655], [-63.56009119083666, 44.702260184548756], [-63.56020648615131, 44.70208390789674], [-63.56032668525374, 44.701880308005514], [-63.560443105543996, 44.70167749198349], [-63.56054539704249, 44.70147909630992], [-63.560640716937634, 44.70127799415297], [-63.56072641223547, 44.70107440138677], [-63.560803909313606, 44.7008689988835], [-63.56087049479923, 44.70066150669594], [-63.560927921800044, 44.7004529963888], [-63.560977712977476, 44.70024359447708], [-63.561022405496445, 44.70003349299371], [-63.56106569986508, 44.69982319582085], [-63.56110901249924, 44.69961240196219], [-63.561151580916395, 44.69940160688982], [-63.56119531229974, 44.699189306674455], [-63.561240108866336, 44.698975999239536], [-63.5612855937945, 44.69876301015507], [-63.561331795071574, 44.69854959411673], [-63.56137720495425, 44.69833618878271], [-63.561409111183686, 44.69821220790503], [-63.56144190921276, 44.6980727071703], [-63.56148170990372, 44.69787419637331], [-63.561521299479715, 44.69767488718361], [-63.56156099726854, 44.697474888225045], [-63.56160259100918, 44.69727539469488], [-63.56164419223931, 44.69707559648405], [-63.56168569583128, 44.696875709439425], [-63.56172769916827, 44.69667618837196], [-63.561768806083286, 44.69647689383537], [-63.561809387493156, 44.696278091777785], [-63.56185059637977, 44.696079699142324], [-63.5618875219925, 44.69589603632821], [-63.56189040680899, 44.695881697728815], [-63.56193060991646, 44.695684808632365], [-63.56197100968631, 44.69548879743703], [-63.56201021242155, 44.69529240728938], [-63.56205128647778, 44.69509679375534], [-63.56209220790074, 44.6949014081391], [-63.56213120579028, 44.6947069060526], [-63.562170390029344, 44.69451288696553], [-63.562209413805746, 44.694319400637355], [-63.562248592001936, 44.69412638644404], [-63.56228779642228, 44.69393438784581], [-63.56232510729947, 44.69374199699225], [-63.562363300631034, 44.693550689344185], [-63.56237358833764, 44.69350300216302], [-63.562404400275724, 44.69336101357767], [-63.56244468368417, 44.69317220659531], [-63.562575052331674, 44.6925832222317], [-63.56266090008186, 44.6921953024432], [-63.56268360750551, 44.69212340997683], [-63.562731299655745, 44.69214469346349], [-63.56274270351157, 44.69215360470315], [-63.562779404129536, 44.69216963954727], [-63.562806082862664, 44.692181202911364], [-63.56285119856739, 44.69219895411001], [-63.562993612619685, 44.69225500282683], [-63.563194599787515, 44.69232848772814], [-63.56332029123618, 44.69237490554959], [-63.563379788633895, 44.692392600393646], [-63.563659498406295, 44.69247589336367], [-63.56487167550611, 44.692791740205195], [-63.56501590385911, 44.69282930822955], [-63.56617219499217, 44.69311790416662], [-63.56756910874373, 44.693480097525686], [-63.56806890437563, 44.69360990440711], [-63.568496608535206, 44.69372209523268], [-63.56936318001445, 44.69393570086474], [-63.56986668890021, 44.694056498091314], [-63.57023129571818, 44.69412290088574], [-63.57038578486767, 44.694151395405434], [-63.57089810655094, 44.69421790441206], [-63.571440203623446, 44.69427639277795], [-63.57290238829782, 44.6943518976108], [-63.57323049094677, 44.69434490734988], [-63.57396349613955, 44.694315105728805], [-63.57464180258325, 44.694255491882885], [-63.574900011671836, 44.69422571066523], [-63.57495317987048, 44.69421739972732], [-63.57523930215424, 44.694172704936285], [-63.57559419019578, 44.69410820140541], [-63.57593589872776, 44.69403421250631], [-63.57610028602189, 44.69399950551905], [-63.576259406072296, 44.69396188947659], [-63.576425204827, 44.69392911547854], [-63.57691246971756, 44.693800792840385], [-63.57758258982114, 44.69362430366282], [-63.57814021413228, 44.69347570337121], [-63.578798511910676, 44.693292310487934], [-63.57964799711978, 44.69305659166245], [-63.58078831776072, 44.692741201884864], [-63.581029915901496, 44.69267149237436], [-63.581030293114644, 44.692671396982846], [-63.58103139282014, 44.692671099953365], [-63.58204309821751, 44.69239181176046], [-63.583233696613966, 44.69206788944296], [-63.5846280906167, 44.69167458682061], [-63.58588278943464, 44.69132429821765], [-63.586237589535806, 44.6912282080495], [-63.587048113533456, 44.69099150420564], [-63.58799948765103, 44.69072909760875], [-63.58858239380955, 44.6905811954176], [-63.58910081328206, 44.69043180817246], [-63.58957038724554, 44.690291897692084], [-63.59005209710585, 44.69016038594579], [-63.59056712383104, 44.69001582200609], [-63.59086251357817, 44.68993290444253], [-63.59216948813239, 44.68951119714356], [-63.592359315370196, 44.689440899729306], [-63.5935781051175, 44.68891959914235], [-63.59394720274781, 44.68874268730724], [-63.5941885061472, 44.68863641279523], [-63.594378142155094, 44.68853980527892], [-63.594518690426376, 44.6884681906101], [-63.59452105069989, 44.6884671199971], [-63.594632990279756, 44.68841541041595], [-63.59470949300896, 44.68837088931506], [-63.594798698200485, 44.68832629605599], [-63.59491331064965, 44.688273398390045], [-63.595307419655676, 44.688096793911434], [-63.59586660889342, 44.68785799819049], [-63.59613300837471, 44.68775219919178], [-63.59638579383162, 44.687664384417445], [-63.59666519726652, 44.68759449964196], [-63.59695610657371, 44.687533609642735], [-63.59710840728671, 44.68749860110806], [-63.597701908266835, 44.687413597425994], [-63.59830841455888, 44.68736450522784], [-63.59847259761509, 44.687356587981256], [-63.598628915552304, 44.68735740108684], [-63.59867429297849, 44.68735808789591], [-63.59909078906519, 44.68736129027313], [-63.59910309602376, 44.68736180987415], [-63.59910381530924, 44.68736149527291], [-63.599128588896725, 44.687362001819864], [-63.599500893744114, 44.687364499428426], [-63.59979750011482, 44.687366601419896], [-63.5999615812648, 44.68736840038469], [-63.599999514914394, 44.687368206816046], [-63.60026380968604, 44.68737070578842], [-63.60040709081268, 44.687371502960545], [-63.60052830975833, 44.68737260298019], [-63.60059640949964, 44.68737575311105], [-63.60063430064854, 44.687377501111044], [-63.600768100525706, 44.68738399213931], [-63.60084391313803, 44.68738450796061], [-63.601424318510425, 44.68737960070145], [-63.6016765091151, 44.68736389896667], [-63.60191729369846, 44.68733828594407], [-63.60215728449673, 44.68729560691726], [-63.60229613483266, 44.68726535677522], [-63.60239838570387, 44.68724310411893], [-63.60247519894506, 44.687227386278096], [-63.60275069830544, 44.68716859675991], [-63.60292970841262, 44.68713041165902], [-63.603157488951304, 44.68706980598648], [-63.603372615855434, 44.68699939683589], [-63.60357618705792, 44.68692000437697], [-63.60376697738366, 44.68682260520961], [-63.60395769127932, 44.68671539888878], [-63.604059296899365, 44.686653605911154], [-63.60427561521319, 44.686464299316846], [-63.60435311643331, 44.68639459919015], [-63.604359849780394, 44.6863809289515], [-63.6044072989079, 44.68634363965521], [-63.60444718988539, 44.68630300088786], [-63.604450594216644, 44.68629960193342], [-63.604494290848685, 44.6862551975052], [-63.60449472266348, 44.6862547852464], [-63.604551709486884, 44.68619639446526], [-63.60458289549113, 44.686163809918554], [-63.60464110325645, 44.68610611331115], [-63.604674086511594, 44.686073300818016], [-63.604918106212, 44.685751606720736], [-63.60522109473472, 44.68540341163649], [-63.60526990652158, 44.685358089980234], [-63.605323497647824, 44.68530290590654], [-63.60539929969469, 44.68522201008163], [-63.60547958878184, 44.685140905606225], [-63.605658199531, 44.68496171023598], [-63.605801612954245, 44.68480250290026], [-63.605957581888646, 44.68462970284867], [-63.60611349628668, 44.68445610207722], [-63.60627319378047, 44.684279706389106], [-63.60640119416249, 44.684088997015394], [-63.6065558040013, 44.6839100077755], [-63.606673831850244, 44.6837728084014], [-63.606709105065974, 44.68373180393204], [-63.60687002127133, 44.68355269347712], [-63.607024609170765, 44.6833736138342], [-63.607184297460115, 44.683195400356226], [-63.60727669071257, 44.683088395287314], [-63.60733890116551, 44.68301641050341], [-63.60749230933718, 44.682841793486915], [-63.6076468849288, 44.6826636050659], [-63.60770088726512, 44.68260397903738], [-63.6077042043502, 44.68260029906228], [-63.60780021471868, 44.682489101718154], [-63.6079444433163, 44.68232377549848], [-63.60794860099343, 44.68231901171829], [-63.60808950158225, 44.68215350565675], [-63.60823039541812, 44.6819971074684], [-63.608366393172396, 44.68184511071667], [-63.60850110822943, 44.68169309773156], [-63.608629493548676, 44.681545697896404], [-63.60875790996663, 44.68139830882198], [-63.608885102545514, 44.68125539457924], [-63.609019889629316, 44.68110790589496], [-63.60914950977855, 44.68095600801928], [-63.609284219572984, 44.68080399448051], [-63.60941259983326, 44.680656594128195], [-63.609540999490406, 44.68050470157058], [-63.60967570314937, 44.68035721350487], [-63.60980411627785, 44.68020529799775], [-63.6099324931558, 44.68005789730792], [-63.61006100063153, 44.67991939937258], [-63.610175599707254, 44.67978020233255], [-63.61029790344657, 44.679646304515806], [-63.61042011561379, 44.679507904765146], [-63.61053480783711, 44.67937860401331], [-63.61064448936401, 44.679248300427545], [-63.610760489026504, 44.679123495798386], [-63.610869006107656, 44.67899869318243], [-63.61098498624577, 44.67887379837179], [-63.61109969447459, 44.67874810851201], [-63.6112220045737, 44.67861871299729], [-63.61130529865128, 44.67849308594509], [-63.611421217280316, 44.678363699879725], [-63.611530980486236, 44.67823890214782], [-63.611645700795535, 44.678113189174816], [-63.61175541257721, 44.677988290435074], [-63.611800112810386, 44.67793889293542], [-63.61186388901092, 44.677868002117634], [-63.611937357199785, 44.6777859279747], [-63.61020027983817, 44.67732006875725], [-63.610163000764004, 44.67730796739809], [-63.601602871493824, 44.674765744711145], [-63.597861167554626, 44.67361375573099], [-63.59488168712869, 44.6716936883755], [-63.58958886220101, 44.66812167375139], [-63.587773526500996, 44.66690948956283], [-63.583983863632994, 44.664420946817664], [-63.5817759082425, 44.66293938898902], [-63.57700797022949, 44.65966932871595], [-63.57536835496209, 44.658644378273195], [-63.5735748603442, 44.657604195228046], [-63.57108632010295, 44.65601090500528], [-63.569089991587376, 44.654724915996354], [-63.565038122780926, 44.65109853375857], [-63.56183974424426, 44.649161859598735], [-63.56123732192337, 44.64856566420788], [-63.56050777042367, 44.6474742260616], [-63.55875308073961, 44.64485797521679], [-63.55873946268312, 44.64482972039597], [-63.55691732682292, 44.64104243863843], [-63.556259556305776, 44.63940181381317], [-63.55276110267723, 44.629159326547324], [-63.55212947858838, 44.626113505086316], [-63.5507875745229, 44.619668902913304], [-63.54802993652772, 44.609651533946995], [-63.543266831439695, 44.6009579779074], [-63.540375548932786, 44.59800224794317], [-63.5394527253535, 44.5970188993271], [-63.53943439394856, 44.59700225070488], [-63.53939540427974, 44.59696687424839], [-63.539356446528394, 44.596931508645646], [-63.53927853120761, 44.59686077740658], [-63.53923958884467, 44.596825389008714], [-63.539200631335866, 44.59679002336119], [-63.539161642031075, 44.59675464683743], [-63.53912268464356, 44.59671928116751], [-63.53908374252323, 44.5966838927249], [-63.539044785257, 44.59664852703258], [-63.53900582805138, 44.59661316132907], [-63.53896687090641, 44.59657779561435], [-63.53892788196568, 44.59654241902333], [-63.538888940148574, 44.59650703052477], [-63.53884998318553, 44.596471664776466], [-63.53881102628312, 44.59643629901696], [-63.53877206944133, 44.59640093324626], [-63.53873311266019, 44.59636556746436], [-63.538694139290094, 44.59633016804467], [-63.53865518263025, 44.596294802240386], [-63.53861622603102, 44.59625943642489], [-63.53857726949246, 44.59622407059819], [-63.538538328221144, 44.59618868199897], [-63.53851857562168, 44.596170765751445], [-63.538479619235076, 44.59613539989669], [-63.538440662909125, 44.596100034030734], [-63.53840168999454, 44.59606463452698], [-63.53836273378988, 44.59602926863863], [-63.53832377764585, 44.595993902739096], [-63.5382458655397, 44.5959231709064], [-63.5382068929285, 44.59588777134668], [-63.538167937027026, 44.59585240540233], [-63.53805106968642, 44.595746307502154], [-63.53801212923421, 44.59571091875182], [-63.53797314178031, 44.595675541886095], [-63.53793418624267, 44.595640175874564], [-63.537895230765656, 44.59560480985187], [-63.53785627534927, 44.595569443817965], [-63.53781733520027, 44.59553405501168], [-63.537778379905156, 44.59549868895539], [-63.53773939281529, 44.595463312022424], [-63.537700437641455, 44.595427945943726], [-63.537661497735044, 44.59539255709271], [-63.53762254268246, 44.595357190991635], [-63.537583587690506, 44.59532182487935], [-63.53754460090401, 44.59528644789034], [-63.53750564603334, 44.59525108175565], [-63.53746670643016, 44.59521569284872], [-63.53742775168075, 44.59518032669165], [-63.53738879699198, 44.59514496052339], [-63.537349842363845, 44.595109594343946], [-63.53731085594135, 44.595074217287674], [-63.53727191664136, 44.595038828324796], [-63.537155053484575, 44.59493272965209], [-63.53711606736541, 44.59489735253979], [-63.53707712836865, 44.594861963520984], [-63.53696026612139, 44.594755864680344], [-63.53692129551251, 44.594720464751084], [-63.53684338777214, 44.59464973211228], [-63.536804433992884, 44.59461436577609], [-63.53676548027424, 44.59457899942869], [-63.53672650996876, 44.59454359944347], [-63.536687556371426, 44.59450823307367], [-63.536648602834696, 44.59447286669269], [-63.53660964935862, 44.59443750030053], [-63.53657069594313, 44.59440213389717], [-63.53653175779534, 44.594366744721796], [-63.53649277264686, 44.59433136743017], [-63.53645381941331, 44.594296000993225], [-63.536414866240364, 44.59426063454509], [-63.536375913128076, 44.59422526808575], [-63.53633697528346, 44.59418987885446], [-63.536297990438335, 44.59415450150681], [-63.53625903750792, 44.594119135013884], [-63.536181131829025, 44.59404840199446], [-63.53614219428762, 44.59401301270725], [-63.536103209745775, 44.59397763530357], [-63.53606425711856, 44.593942268754674], [-63.53602530455195, 44.59390690219459], [-63.53598636725312, 44.593871512862634], [-63.53594741480777, 44.59383614628018], [-63.535908430569265, 44.59380076882046], [-63.535830525981744, 44.59373003559954], [-63.5357915889861, 44.593694646211674], [-63.53575263684389, 44.59365927957325], [-63.53571365290873, 44.5936239020575], [-63.53563574892751, 44.59355316872465], [-63.535596812235035, 44.59351777928085], [-63.53555786039599, 44.59348241258645], [-63.53551887676415, 44.593447035014684], [-63.53547992504638, 44.59341166829789], [-63.53544097338922, 44.59337630156988], [-63.53540203699993, 44.59334091207019], [-63.53536308546403, 44.593305545319815], [-63.535324102135526, 44.593270167692026], [-63.53524619936686, 44.5931994341353], [-63.53520726328078, 44.59316404457969], [-63.53516831204803, 44.593128677773365], [-63.53512932902283, 44.593093300089514], [-63.53509037791134, 44.593057933260795], [-63.53505142686046, 44.59302256642086], [-63.535012491077566, 44.592987176809345], [-63.53497350829502, 44.59295179908071], [-63.534934557426034, 44.5929164322072], [-63.53489560661771, 44.59288106532251], [-63.534856671077364, 44.592845675666254], [-63.53481772039027, 44.59281030875919], [-63.534778737911004, 44.59277493097452], [-63.534700836839995, 44.59270419710438], [-63.534661901602824, 44.59266880739226], [-63.53462295121887, 44.59263344042922], [-63.53458396904293, 44.59259806258853], [-63.53450606857819, 44.59252732860648], [-63.534467133644185, 44.592491938838414], [-63.53442818356334, 44.592456571819426], [-63.53438920169072, 44.5924211939227], [-63.53431130183225, 44.59235045982876], [-63.5342723672014, 44.59231507000477], [-63.53423338557143, 44.592279692063244], [-63.53415548619798, 44.59220895787976], [-63.53411653660216, 44.59217359077122], [-63.5340776022745, 44.59213820089134], [-63.534038620947825, 44.5921028228938], [-63.53399967153392, 44.59206745575169], [-63.53392177288793, 44.59199672143389], [-63.533882807011466, 44.59196132063142], [-63.53384385784007, 44.59192595344456], [-63.53376595967909, 44.59185521903723], [-63.533727010689546, 44.59181985181678], [-63.53368804511639, 44.59178445095836], [-63.53364909624813, 44.59174908371551], [-63.533610147440456, 44.5917137164615], [-63.533571198693416, 44.59167834919629], [-63.533532218155315, 44.5916429710531], [-63.533493284737176, 44.591607581005505], [-63.53345433617201, 44.59157221370671], [-63.53337643922355, 44.59150147907558], [-63.53333745898874, 44.59146610087638], [-63.53329852587373, 44.591430710772876], [-63.53322062941029, 44.59135997605223], [-63.533181649418125, 44.5913245978082], [-63.533142701337944, 44.59128923041988], [-63.53310376852611, 44.5912538402605], [-63.5330648205672, 44.59121847284981], [-63.533025872668894, 44.59118310542794], [-63.53298689297998, 44.59114772712791], [-63.53294794520294, 44.59111235968365], [-63.53290901269426, 44.591076969468354], [-63.532870065038466, 44.591041602001724], [-63.53283108559218, 44.59100622365689], [-63.53279213805764, 44.59097085616787], [-63.532753205791494, 44.590935465907855], [-63.53273219690706, 44.59091639197602], [-63.53257640774828, 44.59077492183918], [-63.532537460610094, 44.59073955427699], [-63.532498513532545, 44.590704186703626], [-63.532459566515584, 44.59066881911906], [-63.53242063476711, 44.5906334287636], [-63.53237440007704, 44.59059146620096], [-63.53231248658838, 44.590523975306006], [-63.53227814384782, 44.59048651726246], [-63.53224380116383, 44.590449059212226], [-63.53220942668597, 44.59041159028809], [-63.532175084115245, 44.59037413222449], [-63.53214072639324, 44.59033669691382], [-63.5321063839357, 44.59029923883681], [-63.53164079807538, 44.589791582967], [-63.53160629432433, 44.58975395768301], [-63.53157180727231, 44.58971636601915], [-63.531537335485275, 44.589678751589084], [-63.53150281669757, 44.589641149044304], [-63.531468345024685, 44.58960353460075], [-63.53143382635117, 44.589565932042454], [-63.53139935479242, 44.58952831758541], [-63.53136488329073, 44.58949070312165], [-63.53133036478849, 44.58945310054307], [-63.53129589340094, 44.58941548606583], [-63.531261375012924, 44.58937788347374], [-63.531226903739494, 44.58934026898301], [-63.53119241731513, 44.58930267724492], [-63.5311579143064, 44.58926505187321], [-63.53112342799614, 44.5892274601216], [-63.53108892510161, 44.589189834736395], [-63.53105445411353, 44.58915222021197], [-63.53101993612518, 44.58911461757258], [-63.53098546525123, 44.58907700303468], [-63.5309509792263, 44.58903941124935], [-63.530916476617236, 44.5890017858304], [-63.530875885554224, 44.58895752725663], [-63.53081407349658, 44.5888901248244], [-63.53076618392532, 44.58884689725937], [-63.53060972162964, 44.58870574982318], [-63.53057060620755, 44.588670462935724], [-63.53053152269504, 44.58863518690463], [-63.53037506185684, 44.58849403919579], [-63.5303359786478, 44.58845876310793], [-63.53017951902411, 44.58831761517188], [-63.530140436118536, 44.588282339027316], [-63.530101321425136, 44.58824705200354], [-63.530023092220546, 44.588176477921905], [-63.52998397770938, 44.58814119086405], [-63.52994489510723, 44.588105914662734], [-63.52990578071746, 44.58807062758217], [-63.529866666388436, 44.58803534049024], [-63.52982755212013, 44.588000053386935], [-63.52978843791258, 44.587964766272286], [-63.529749323765714, 44.58792947914627], [-63.52971024152775, 44.58789420287687], [-63.52967112750235, 44.58785891572814], [-63.52963201353765, 44.58782362856804], [-63.52959289963373, 44.587788341396596], [-63.52955378579049, 44.58775305421377], [-63.529514703855966, 44.587717777887626], [-63.529475590134204, 44.5876824906821], [-63.52943647647312, 44.58764720346522], [-63.52939736287281, 44.58761191623699], [-63.52935824933319, 44.58757662899736], [-63.52931916770212, 44.587541352614494], [-63.52928005428396, 44.58750606535218], [-63.52924094092649, 44.58747077807848], [-63.529201827629805, 44.58743549079346], [-63.5291627143938, 44.58740020349703], [-63.52909749347761, 44.58734136164771], [-63.52904507893672, 44.58729449202777], [-63.529005748733766, 44.587259354151335], [-63.52896640195259, 44.58722418263632], [-63.52892708707976, 44.58718902197795], [-63.52884845751654, 44.58711870062641], [-63.52880911097883, 44.58708352906502], [-63.52876978114083, 44.58704839111901], [-63.52873046657213, 44.58701323040269], [-63.52869112021701, 44.586978058806494], [-63.52865180577, 44.586942898067015], [-63.52861249138379, 44.58690773731594], [-63.52857316184993, 44.586872599311945], [-63.52853381573825, 44.58683742766936], [-63.52845518739169, 44.58676710608612], [-63.52841584146262, 44.58673193440875], [-63.52837652744142, 44.586696773588166], [-63.528337198272474, 44.5866616355146], [-63.528297852526, 44.58662646380243], [-63.52825853868732, 44.5865913029471], [-63.52821961279019, 44.58655649804366], [-63.528179911192346, 44.58652098120165], [-63.52814055048073, 44.58648583220165], [-63.528101236885334, 44.586450671299964], [-63.52806192335075, 44.586415510386715], [-63.528022578030324, 44.58638033859337], [-63.527983264617426, 44.58634517765692], [-63.527943936056694, 44.58631003946739], [-63.52790462276544, 44.58627487850779], [-63.52786527768845, 44.58623970666806], [-63.52782596451886, 44.58620454568529], [-63.527786651410096, 44.58616938469093], [-63.52774730651572, 44.58613421281641], [-63.52770797831994, 44.58609907455731], [-63.52766866539366, 44.5860639135282], [-63.527629352528194, 44.58602875248752], [-63.527590007877244, 44.585993580566615], [-63.527550695133456, 44.585958419502745], [-63.52751136724175, 44.58592328118569], [-63.527472022773416, 44.58588810922999], [-63.5274327102121, 44.58585294813137], [-63.52739339771161, 44.58581778702118], [-63.52735405342585, 44.58578261503069], [-63.527314741047036, 44.58574745389732], [-63.52727541352026, 44.58571231551069], [-63.527236101263064, 44.58567715435416], [-63.52719675722076, 44.58564198231728], [-63.52715744508523, 44.58560682113758], [-63.52711813301054, 44.58557165994631], [-63.5270787891508, 44.585536487874656], [-63.527039461988956, 44.58550134941846], [-63.52700015009675, 44.58546618819241], [-63.52696080641958, 44.58543101608597], [-63.52692149464905, 44.585395854836776], [-63.526882182939325, 44.58536069357599], [-63.526827689650844, 44.585311966145944], [-63.52676567452048, 44.58525418729192], [-63.52672735926684, 44.58521847162695], [-63.52668904407342, 44.58518275595146], [-63.526650697094745, 44.58514702939653], [-63.526612382021796, 44.58511131369998], [-63.526574067009044, 44.58507559799292], [-63.52653575205649, 44.58503988227532], [-63.526497437164174, 44.58500416654719], [-63.52645912233206, 44.584968450808546], [-63.52642080756014, 44.584932735059375], [-63.52638246100321, 44.58489700843068], [-63.526344161560694, 44.58486126990239], [-63.52630584696946, 44.58482555412165], [-63.52626287680665, 44.58478551031639], [-63.526224530498034, 44.58474978364425], [-63.52618621609475, 44.58471406783064], [-63.52614790175168, 44.58467835200652], [-63.52610958746883, 44.584642636171864], [-63.526071241401226, 44.58460690945757], [-63.52603294244784, 44.58457117084389], [-63.52599462834566, 44.58453545497767], [-63.52595628245882, 44.58449972823176], [-63.525917968477074, 44.58446401234448], [-63.52587965455555, 44.58442829644667], [-63.525841340694235, 44.58439258053834], [-63.52580299504841, 44.5843568537503], [-63.52576468130752, 44.584321137820915], [-63.525726367626866, 44.58428542188099], [-63.52568802216179, 44.584249695061324], [-63.52564972381066, 44.58421395634249], [-63.52561141031067, 44.584178240371], [-63.52557309687087, 44.58414252438899], [-63.525534751646816, 44.58410679752719], [-63.52549643832748, 44.58407108152412], [-63.52545812506834, 44.58403536551054], [-63.525419780025025, 44.58399963861711], [-63.525381466886344, 44.58396392258248], [-63.525309399279884, 44.5838967295347], [-63.52526609341948, 44.58385707332352], [-63.52522734468391, 44.58382159976953], [-63.52517195244789, 44.58377088665769], [-63.525112648273534, 44.58371403096634], [-63.5250373623758, 44.58364188202145], [-63.524999702881786, 44.583605773907124], [-63.52496206008232, 44.58356969941011], [-63.524886774662676, 44.58349755038662], [-63.52484911540783, 44.583461442232945], [-63.524811472847425, 44.58342536769661], [-63.52477383034673, 44.58338929315045], [-63.52473615606205, 44.58335320772493], [-63.524698528890156, 44.58331711040147], [-63.524660886568746, 44.58328103582582], [-63.52462321246343, 44.58324495037076], [-63.52458557026155, 44.58320887577543], [-63.52454794332871, 44.5831727784127], [-63.52451026940278, 44.58313669292813], [-63.52447262738018, 44.58310061830331], [-63.52443498541733, 44.58306454366866], [-63.52439732688007, 44.583028435397026], [-63.5243220432532, 44.58295628607859], [-63.52428441673869, 44.582920188647115], [-63.524246743231295, 44.58288410309366], [-63.52417146008242, 44.582811953696584], [-63.52413774951374, 44.58277965238409], [-63.5241001399256, 44.582743588531706], [-63.52406249855402, 44.5827075137998], [-63.524024857242146, 44.58267143905806], [-63.52398721599001, 44.58263536430651], [-63.52394957479765, 44.58259928954512], [-63.52391196550802, 44.58256322564367], [-63.52387432443509, 44.58252715086263], [-63.523836683421926, 44.582491076071776], [-63.5237990424685, 44.58245500127108], [-63.5237614015748, 44.582418926460555], [-63.5237237925837, 44.582382862510045], [-63.52368615180944, 44.582346787679874], [-63.52364851109494, 44.58231071283988], [-63.52361087044018, 44.58227463799005], [-63.52357326168787, 44.58223857400027], [-63.52353562115256, 44.58220249913081], [-63.52349798067701, 44.58216642425152], [-63.523460340261195, 44.58213034936239], [-63.523422699905105, 44.58209427446343], [-63.52338509145128, 44.58205821042459], [-63.52334745121467, 44.58202213550601], [-63.52330981103776, 44.58198606057758], [-63.5232721709206, 44.58194998563932], [-63.523234530863206, 44.58191391069124], [-63.52319692270789, 44.58187784660333], [-63.523159282769925, 44.58184177163561], [-63.52312164289172, 44.58180569665806], [-63.52308400307326, 44.58176962167068], [-63.523046395156705, 44.581733557543515], [-63.52300875545768, 44.581697482536505], [-63.52297111581841, 44.58166140751966], [-63.522895836719016, 44.581589257456464], [-63.52285822910101, 44.581553193280236], [-63.522820589700636, 44.581517118224106], [-63.52278295036, 44.581481043158114], [-63.521679465260384, 44.58042334082015], [-63.52138608078042, 44.58014209470817], [-63.52134847555733, 44.58010603013828], [-63.52131083855325, 44.58006995468802], [-63.52127318639903, 44.580033901984606], [-63.52123558135501, 44.57999783738529], [-63.521197944530094, 44.57996176190554], [-63.521160339605444, 44.5799256972866], [-63.52108506625421, 44.579853546278], [-63.52104746150864, 44.57981748162965], [-63.52100980977239, 44.579781428857416], [-63.520972205146165, 44.57974536418942], [-63.520896932392134, 44.57967321308261], [-63.52085932794496, 44.57963714838521], [-63.52082169171726, 44.57960107280726], [-63.520784087389465, 44.57956500809021], [-63.52074645128117, 44.579528932492636], [-63.52070883186275, 44.57949289051252], [-63.5206711958739, 44.57945681489528], [-63.52063355994477, 44.57942073926824], [-63.52059595591541, 44.579384674502144], [-63.520558320105714, 44.579348598855454], [-63.520520716195676, 44.57931253406976], [-63.52048308050543, 44.579276458403434], [-63.52044542966488, 44.57924040548373], [-63.52040782593392, 44.5792043406686], [-63.52037019042282, 44.57916826497281], [-63.5203325868112, 44.57913220013806], [-63.52029280071744, 44.57909407649079], [-63.520253003133334, 44.579052986237954], [-63.5202171748236, 44.579015962272095], [-63.52018134657223, 44.578978938298235], [-63.520145503169154, 44.57894193707274], [-63.52010967503449, 44.578904913082845], [-63.52007383174809, 44.57886791184129], [-63.52003800373014, 44.578830887835366], [-63.52000216056046, 44.57879388657778], [-63.51996633265922, 44.578756862555856], [-63.51993048960621, 44.57871986128221], [-63.519894661821695, 44.578682837244266], [-63.519858818885396, 44.57864583595458], [-63.51982299121758, 44.578608811900594], [-63.519787116558746, 44.57857179972382], [-63.519751289007694, 44.57853477565381], [-63.51971544630482, 44.578497774332035], [-63.51967961887044, 44.57846075024599], [-63.51964377628427, 44.57842374890817], [-63.51960794896662, 44.57838672480611], [-63.519572106497165, 44.57834972345224], [-63.51953627929619, 44.57831269933414], [-63.51950043694343, 44.57827569796425], [-63.519464609859185, 44.57823867383014], [-63.519428767623104, 44.57820167244418], [-63.519392940655564, 44.57816464829408], [-63.51935711374636, 44.57812762413592], [-63.51932127168535, 44.57809062272592], [-63.51928541305412, 44.57805358768056], [-63.51924957110981, 44.57801658625449], [-63.519213744434076, 44.5779795620643], [-63.51917790260648, 44.5779425606222], [-63.519142076047444, 44.577905536416], [-63.51910623433652, 44.577868534957844], [-63.51907040789418, 44.57783151073563], [-63.519034566299965, 44.57779450926144], [-63.51899873997436, 44.577757485023184], [-63.518962898496795, 44.57772048353294], [-63.51892707228789, 44.577683459278674], [-63.51889123092706, 44.57764645777241], [-63.518855404834824, 44.57760943350212], [-63.51881953175238, 44.577572421108464], [-63.518783705776904, 44.57753539682214], [-63.51874786464949, 44.57749839528378], [-63.51871203879071, 44.57746137098143], [-63.51867621299027, 44.57742434667108], [-63.518640372037886, 44.57738734510867], [-63.518604546354176, 44.5773503207823], [-63.518568705518454, 44.57731331920383], [-63.518532879951444, 44.57727629486144], [-63.518497039232436, 44.57723929326696], [-63.51846121378212, 44.57720226890854], [-63.518425373179824, 44.577165267298014], [-63.518389516008305, 44.5771282320521], [-63.51835367552271, 44.57709123042553], [-63.51834468250973, 44.57708192685872], [-63.51831785030581, 44.57705420603506], [-63.51828200993691, 44.57701720439243], [-63.51824618483672, 44.57698017998596], [-63.51821034458452, 44.5769431783273], [-63.51817451960101, 44.5769061539048], [-63.51813867946548, 44.5768691522301], [-63.51810285459867, 44.57683212779158], [-63.51806701457982, 44.57679512610084], [-63.51803118982975, 44.57675810164631], [-63.517995365137985, 44.57672107718377], [-63.517959493456715, 44.57668406459738], [-63.51792366888169, 44.5766470401188], [-63.517887829154624, 44.576610038387976], [-63.51785200469628, 44.57657301389337], [-63.51781616508588, 44.57653601214651], [-63.51779916824685, 44.5765184413261], [-63.51647043722812, 44.575145874923805], [-63.51222826228818, 44.57076660041819], [-63.51221334875402, 44.5707532888246], [-63.51203817193606, 44.57059724617001], [-63.50953504888946, 44.56836721637681], [-63.506051059047536, 44.565866410566436], [-63.504938220778776, 44.56506749443503], [-63.500509164272785, 44.562298088261294], [-63.500000011759724, 44.562029666490346], [-63.49928266926535, 44.56286128238123], [-63.49924249122405, 44.56286985458772], [-63.4881811414193, 44.56523121791508], [-63.47731434688321, 44.56754951100889], [-63.464961592660586, 44.57025271509014], [-63.46285855647365, 44.57070620757753], [-63.442412560565444, 44.575112067894345], [-63.42755927550531, 44.578309368715], [-63.38223688116044, 44.58783551227056], [-63.38216876795143, 44.58784981898647], [-63.36332304742521, 44.5920972247377], [-63.363520995727455, 44.59228085403924], [-63.376441524714174, 44.60426442206197], [-63.37769249116704, 44.605424231468874], [-63.38512307040756, 44.6123121472942], [-63.39775976776894, 44.62402022983439], [-63.408459721938165, 44.633930223411305], [-63.41501481789628, 44.640037749205675], [-63.41566118237291, 44.643295525205986], [-63.41512820624737, 44.644977412703135], [-63.41469440277846, 44.64564096989924], [-63.413415450223525, 44.647053158430914], [-63.412427465286235, 44.64911745847891], [-63.41191246254475, 44.65298884769309], [-63.41492495211862, 44.655831277132464], [-63.4214744850899, 44.658073437638684], [-63.421498318718236, 44.65808201610226], [-63.421569995600045, 44.658107839666094], [-63.428746456780004, 44.66071161201773], [-63.43097811869056, 44.66151093234928], [-63.431129140496765, 44.661565013455004], [-63.431187639016954, 44.66158595301735], [-63.441096142508435, 44.66513385672622], [-63.44641072580655, 44.66709545736826], [-63.46203371023741, 44.67342377149663], [-63.4626976696687, 44.67361685881516], [-63.463161153836474, 44.67363629294098], [-63.463155609720694, 44.67355540057101], [-63.46350926229134, 44.673576499916564], [-63.46358630003458, 44.67358111211002], [-63.46379229776496, 44.673680695117255], [-63.46381960508561, 44.67381171031866], [-63.464096413203805, 44.67405909987287], [-63.464344397006286, 44.67408448797473], [-63.46497458733864, 44.674478307199536], [-63.46520369507072, 44.674677197455985], [-63.46545579446545, 44.67510568737091], [-63.46569489249628, 44.675328492563], [-63.46659279715581, 44.67592600207608], [-63.46686190408006, 44.67659199744346], [-63.467585701502834, 44.677122294358774], [-63.46788460556975, 44.6772476927225], [-63.46886230315139, 44.67779560157015], [-63.46983958432386, 44.677861403173104], [-63.47083949547019, 44.67828740749791], [-63.47128110365257, 44.67868860867179], [-63.47146970228237, 44.67905249393976], [-63.47082181404674, 44.679666002208705], [-63.469897286917615, 44.680273095832455], [-63.46914210636588, 44.680563992646995], [-63.46851049916471, 44.68069179291777], [-63.46834890825124, 44.68096079061668], [-63.468423922091525, 44.681140294202706], [-63.46825309920998, 44.68136560591538], [-63.468247509860454, 44.68161439835544], [-63.46870211187469, 44.68185000046055], [-63.46878980566846, 44.68199430710345], [-63.46895578638094, 44.68199809534994], [-63.46920420249324, 44.6818931055334], [-63.46964771283571, 44.68188350031757], [-63.47021090405917, 44.682291595877885], [-63.471052603723074, 44.68229499359229], [-63.471504009400945, 44.68247921536723], [-63.4721697124989, 44.68282629342354], [-63.472434190071084, 44.683349993472305], [-63.4729059853388, 44.6834517079128], [-63.4727955912647, 44.683690191300315], [-63.472613413049295, 44.6838006068269], [-63.47258268844974, 44.68398959256701], [-63.47291348652408, 44.684147303901476], [-63.47292943955232, 44.684181619500734], [-63.47302301055051, 44.68430000697999], [-63.473028812916226, 44.68466359788228], [-63.47318770760431, 44.684825297738335], [-63.47361790883446, 44.68548320216612], [-63.47317838581459, 44.68589589755412], [-63.472859012856674, 44.68659600961416], [-63.472977211272045, 44.68692270446982], [-63.47330660792747, 44.68698949196662], [-63.47376770582953, 44.687699400420705], [-63.473635494413564, 44.687929603398636], [-63.47390100796412, 44.68806210401068], [-63.47422711124158, 44.68807740858247], [-63.47428068669781, 44.68811819067621], [-63.47421151426982, 44.6883023049577], [-63.47441489097878, 44.68846108748853], [-63.475070118866796, 44.68867359651302], [-63.475019683791224, 44.68905569763727], [-63.47510471655135, 44.68925919764009], [-63.47531249673654, 44.68931930700777], [-63.47534902124883, 44.68949399374062], [-63.475510313328655, 44.68972680000772], [-63.47537170267487, 44.68985408982581], [-63.47547338993138, 44.69042539105505], [-63.475409514470655, 44.69086260223423], [-63.47563650309779, 44.6909903042431], [-63.47584278614965, 44.69133089252672], [-63.475822493551355, 44.69141339649408], [-63.47609859226479, 44.69168049690958], [-63.476796998641156, 44.69241168653525], [-63.477049310136735, 44.69246880523251], [-63.47741898780081, 44.69287240561034], [-63.477728097158824, 44.69302169543551], [-63.47794888567351, 44.69328750080628], [-63.477765989970074, 44.69365868748913], [-63.47744689949484, 44.693857003115475], [-63.47744428630772, 44.69391619822421], [-63.478008888212266, 44.69417400907295], [-63.47851669990472, 44.69433970023896], [-63.47865528008502, 44.69458390440832], [-63.47899768911251, 44.69485650042267], [-63.47934210829812, 44.69533060030876], [-63.4795634903172, 44.695707094525474], [-63.47947338944275, 44.6958630932322], [-63.47952229979759, 44.6961330008641], [-63.479417811889, 44.696363702263874], [-63.479438103130185, 44.696652711581805], [-63.47933030553126, 44.696831988080575], [-63.47930910395471, 44.69693421243282], [-63.47924535294697, 44.69701696372773], [-63.480762514965946, 44.70078112237185], [-63.48088829896384, 44.70095283690927]]]}, "properties": {"FED_NUM": 12005, "ED_NAMEE": "Dartmouth—Cole Harbour", "ED_NAMEF": "Dartmouth—Cole Harbour", "REPORDER": "2023", "SHAPE_Leng": 60798.4082611, "SHAPE_Area": 171937784.755}}, {"type": "Feature", "geometry": {"type": "Polygon", "coordinates": [[[-60.20279086434275, 43.94577265382985], [-60.19858334329214, 43.94434064874848], [-60.163395110336786, 43.934109384615304], [-60.12639966015301, 43.92520362235905], [-60.09215327485266, 43.916700133171304], [-60.06752762275958, 43.91403657219375], [-60.02221627860246, 43.9083322933654], [-60.01145037547897, 43.90804351398538], [-60.00033296017933, 43.90792793176752], [-60.00028927134477, 43.908773869299], [-60.0000000018903, 43.908769238498536], [-59.98495233326987, 43.90852763420939], [-59.89736201465595, 43.90745795173051], [-59.88043169211907, 43.90850403078039], [-59.87469602278614, 43.91054376487484], [-59.77540638586204, 43.93799667592053], [-59.757630026481685, 43.94950234667275], [-59.68977209559553, 44.000064858166006], [-59.67101924956842, 44.01401136595992], [-59.67045766211453, 44.05129931162072], [-59.69771371431738, 44.04272441113019], [-59.70342232660822, 44.04103007204902], [-59.7281925735057, 44.03315585869734], [-59.751382698092584, 44.02560166538025], [-59.803057088044774, 44.00870183060791], [-59.829464643070104, 44.00007689227251], [-59.831929887322275, 43.999271179098], [-59.855786302416206, 43.99149318250216], [-59.86369770178546, 43.98947887672667], [-59.88981312453444, 43.98275242140149], [-59.915604788227846, 43.976289628939284], [-59.93400576562917, 43.972166163592156], [-59.95960681357513, 43.96867251121414], [-59.975113247178534, 43.967043467019366], [-59.99501019336905, 43.966277244912895], [-59.999934587928585, 43.966005854202], [-59.999999986390186, 43.96600425454509], [-60.00597243573659, 43.965857523029655], [-60.02787245811329, 43.96548001930614], [-60.04655401722125, 43.964856407052515], [-60.05388047674289, 43.96604547041103], [-60.06631488541842, 43.968021347040825], [-60.07891956731901, 43.9696266288719], [-60.10191882286166, 43.975761135779756], [-60.10678986397559, 43.97700677973722], [-60.12254194584513, 43.98126893551758], [-60.14353127415138, 43.98687451588869], [-60.15636896034537, 43.99049674386372], [-60.16952340006324, 43.993845047761766], [-60.17205312842208, 43.994561705646085], [-60.18726593708074, 43.99998110700144], [-60.195391087720964, 43.99996483847485], [-60.21543120103067, 43.999991971785434], [-60.25697948898736, 43.99997456213657], [-60.27839616870928, 44.000035703395426], [-60.28126374568937, 44.00003880235231], [-60.29499186572512, 43.9999785465017], [-60.29049444523973, 43.996045685014295], [-60.28373090749798, 43.99221438057443], [-60.25459897742708, 43.97547772925434], [-60.25458563460555, 43.97547007113141], [-60.25454879173969, 43.9754472860272], [-60.252696678282994, 43.97430257415236], [-60.23132462099297, 43.96108092097269], [-60.203537010907, 43.946173202129664], [-60.20279086434275, 43.94577265382985]]]}, "properties": {"FED_NUM": 12006, "ED_NAMEE": "Halifax", "ED_NAMEF": "Halifax", "REPORDER": "2023", "SHAPE_Leng": 116479.884469, "SHAPE_Area": 336766285.628}}, {"type": "Feature", "geometry": {"type": "Polygon", "coordinates": [[[-63.63784280196631, 44.69262286745296], [-63.636639707861235, 44.68758424439849], [-63.63558453953631, 44.68326930887427], [-63.6347123528621, 44.679701960487755], [-63.63384619338994, 44.67615884439121], [-63.63236331705012, 44.6698713370524], [-63.63233968306835, 44.66977114985207], [-63.63095138417596, 44.66378896255227], [-63.63093989491916, 44.663741173437295], [-63.630270336738235, 44.66304524192868], [-63.62971571020042, 44.6624627090903], [-63.6295768823964, 44.662434305346196], [-63.629439184272975, 44.66241530860142], [-63.62930739503215, 44.66240700584999], [-63.62916160556136, 44.66240420383488], [-63.62902289510237, 44.6624121019173], [-63.628709097969924, 44.662432787513275], [-63.6285307109959, 44.66244459434415], [-63.628463290148126, 44.66245160221788], [-63.62845580080154, 44.66245238460293], [-63.62836679486032, 44.662461648147826], [-63.62836629030156, 44.662461700380376], [-63.62827019327951, 44.66246956257364], [-63.62797808755144, 44.662489004055935], [-63.627722193334556, 44.66251020418486], [-63.627002704636546, 44.66257719744646], [-63.626574184105465, 44.662609304281304], [-63.62615799908093, 44.66261508827881], [-63.62572880411735, 44.662603210990184], [-63.6249982101314, 44.66257019940519], [-63.62474981967577, 44.66255499277268], [-63.62433008674859, 44.66252950169526], [-63.6242101944812, 44.66252196139484], [-63.62416639666478, 44.66251918940866], [-63.62395190357776, 44.662508392168064], [-63.62374990851145, 44.66249781437283], [-63.62361199118889, 44.662488009105445], [-63.62347361193744, 44.66248670779949], [-63.6233473977426, 44.66248559710061], [-63.623285408173814, 44.66249290870645], [-63.62307267940491, 44.66251810680527], [-63.62280069114595, 44.66256079050797], [-63.62274030216689, 44.66257169058079], [-63.622532285409605, 44.662613602456105], [-63.62243259110601, 44.66263619063373], [-63.62241459804418, 44.66264027928552], [-63.62232822881048, 44.66266096560264], [-63.62232450630806, 44.66265439329559], [-63.6220039006435, 44.662088594870504], [-63.62175538856135, 44.66166500790289], [-63.6217334415959, 44.66162757743418], [-63.62150399515661, 44.66132409066375], [-63.62133720858943, 44.66111200586284], [-63.62132841152964, 44.661102006126306], [-63.6211843959609, 44.660975798179344], [-63.62098181000499, 44.660872504631016], [-63.62017619110235, 44.66050099247398], [-63.61970079234367, 44.66032148352056], [-63.61959299765407, 44.660249703333996], [-63.61958944624873, 44.660160488545074], [-63.619586701966206, 44.66009149652295], [-63.61955398979598, 44.65984689957871], [-63.61949848705399, 44.65962110577471], [-63.619421583415075, 44.65940480809743], [-63.61922612002473, 44.65902489705821], [-63.618967693804635, 44.65856451178513], [-63.618798967740545, 44.65825307751488], [-63.61878691556293, 44.65823040500673], [-63.61810950323194, 44.656955702592775], [-63.61736045026065, 44.655682892891264], [-63.61732809664508, 44.655621390397684], [-63.617016210554276, 44.655030409289964], [-63.61698989777256, 44.65498280448809], [-63.61663598799243, 44.65434343378472], [-63.616613408413365, 44.65430050532739], [-63.61617031411097, 44.65345809106134], [-63.61592180047607, 44.65306718655226], [-63.61584988826542, 44.652978192654025], [-63.61577479935501, 44.652914689728696], [-63.615688394717814, 44.6528513103755], [-63.615587825011296, 44.65278733814163], [-63.615535981356004, 44.652749500048465], [-63.61507711345589, 44.65241440077171], [-63.614898639451056, 44.65228904007413], [-63.615047478552235, 44.652146511063485], [-63.6151087439197, 44.65211719925788], [-63.61522598530453, 44.65205940517334], [-63.61530628586528, 44.65202320441052], [-63.61535899445529, 44.65199780309392], [-63.615435807450474, 44.65195720462788], [-63.615482282570525, 44.65193510606812], [-63.61556348623648, 44.65189320511003], [-63.61565631954339, 44.65184589493645], [-63.61575788555579, 44.65179129745705], [-63.61586449960717, 44.651734000315635], [-63.61589669508121, 44.65171870175627], [-63.6159698940828, 44.65168299423786], [-63.616074109107934, 44.65164379680484], [-63.616183497495236, 44.6516116929141], [-63.61629668722873, 44.65158680320722], [-63.61636910352523, 44.6515756952749], [-63.61638242449035, 44.651499700299155], [-63.616389132195934, 44.65145417538163], [-63.616393511349465, 44.65139112417261], [-63.61640714976968, 44.651012045356104], [-63.61640915283172, 44.65089501973687], [-63.616428789192724, 44.650435783616665], [-63.61647262460815, 44.6500493347567], [-63.61647477199073, 44.6500151129558], [-63.61650275801031, 44.649680974487524], [-63.616519874841615, 44.649392791351], [-63.616518410693, 44.649331695323525], [-63.61654069018339, 44.64926598058095], [-63.616567065875245, 44.64922347726386], [-63.61660680031567, 44.64917349817221], [-63.61670096846132, 44.64910644368369], [-63.61687981653675, 44.648964138743956], [-63.617159950736344, 44.6487411607736], [-63.617173199224425, 44.648731971235605], [-63.6172749951105, 44.648651415408025], [-63.617402780106126, 44.64857150161822], [-63.617541912951474, 44.64849153106698], [-63.617682413438125, 44.64842054618803], [-63.61802248264512, 44.64829059385667], [-63.61804830899453, 44.64827950232063], [-63.61954060729385, 44.647638606841625], [-63.619495298648616, 44.64760899732303], [-63.61948160830232, 44.647600296377924], [-63.619401708389226, 44.64755030495679], [-63.61932169129142, 44.647499491357586], [-63.619241695208274, 44.64744770695554], [-63.619162884395756, 44.647395905955], [-63.61908549586716, 44.64734408505154], [-63.61900921513932, 44.64729230505879], [-63.61892921025291, 44.64723959524521], [-63.618851799869425, 44.647188688518305], [-63.61877179045761, 44.64713868689161], [-63.61869058481429, 44.64709059765928], [-63.618604286463125, 44.64704239886009], [-63.618516814277285, 44.646995198098715], [-63.61842799197357, 44.64694890755538], [-63.61834048745139, 44.64690339974205], [-63.61810788342675, 44.64673920723912], [-63.61801298121272, 44.64669540468321], [-63.6179507933799, 44.64665888693635], [-63.61782529355852, 44.646603684883175], [-63.617770709443484, 44.646579891247605], [-63.61835861506066, 44.64582783513855], [-63.61847514929448, 44.645724155065594], [-63.618372070767876, 44.645581944564235], [-63.61792220111346, 44.645155592545926], [-63.61732599462746, 44.644593002425395], [-63.61744019771057, 44.644530690684626], [-63.61768211791117, 44.644398002072855], [-63.61778379353262, 44.64435330988013], [-63.61788540786895, 44.64430060668012], [-63.61797439967662, 44.64424699609795], [-63.61806319301659, 44.644184406019406], [-63.61814000252285, 44.64412229894334], [-63.61821689762333, 44.644051197157886], [-63.61828052024029, 44.64397969366312], [-63.618588415873226, 44.64364859909105], [-63.6189209554635, 44.6433362414475], [-63.61908739889157, 44.643157604519935], [-63.619272286464515, 44.642980707248306], [-63.61929229183916, 44.642961493296035], [-63.6193434944521, 44.64291619512025], [-63.61935119164823, 44.642908109821796], [-63.619368490193786, 44.642889904074984], [-63.619509403226886, 44.64276489521959], [-63.6196003953109, 44.642691011763915], [-63.61968090722823, 44.64261940726255], [-63.61974729755706, 44.64254350884044], [-63.61980910528055, 44.64246650084358], [-63.61986190549272, 44.642386097992144], [-63.619904992809445, 44.642297898090355], [-63.6199213059885, 44.64224259277769], [-63.619959811674185, 44.64220119543998], [-63.62001761365563, 44.64213319160761], [-63.620081391132, 44.642073307796245], [-63.62015830408313, 44.642025009730624], [-63.620245797369286, 44.641988491039875], [-63.62032851493352, 44.64196630201717], [-63.62034279334487, 44.64196249164596], [-63.620445109639206, 44.64194031080843], [-63.620477788984466, 44.64193490051889], [-63.62052501489628, 44.64192739124483], [-63.62057070500708, 44.641916901850756], [-63.62062377984535, 44.64190020457477], [-63.62066119118147, 44.641888104362344], [-63.62073309613782, 44.64186528746753], [-63.62080599114184, 44.6418416893647], [-63.620833890807695, 44.64183258816071], [-63.62093671542, 44.641791498898584], [-63.6210460959994, 44.64175548596801], [-63.621163005844, 44.641726611998244], [-63.6212870060207, 44.641705007218484], [-63.62141578500262, 44.64168879691768], [-63.621549194415635, 44.64167890843999], [-63.621684803126534, 44.64167429249866], [-63.62170591793828, 44.64167425672193], [-63.621820596342864, 44.64167409711086], [-63.6219561996584, 44.64167389288852], [-63.6220936111892, 44.641674498180734], [-63.62224971033882, 44.641675891198894], [-63.62229562173221, 44.641680394309475], [-63.62234260285929, 44.64168241122388], [-63.62243679782534, 44.641681104373], [-63.62253021588818, 44.64167280090922], [-63.6226219090554, 44.641657514103535], [-63.62271080944882, 44.64163549587437], [-63.62275401644221, 44.6416220949878], [-63.62282980434851, 44.641593388210765], [-63.623463992348086, 44.64134618950542], [-63.62354430126211, 44.64131639197834], [-63.623616009665334, 44.64127730398235], [-63.623679682469714, 44.64123970514939], [-63.62380709624789, 44.641150897887634], [-63.62390958547678, 44.64104370823954], [-63.6239866909503, 44.640936501824086], [-63.62405219796485, 44.64081099729782], [-63.62412900232112, 44.64068539089766], [-63.624232407046755, 44.64056960114485], [-63.62433461111453, 44.64046189619966], [-63.62438509030547, 44.640435404789145], [-63.62466537697518, 44.64026660560444], [-63.62481711204939, 44.64018650599795], [-63.624873191793384, 44.640168285943], [-63.62532479037318, 44.640019898710314], [-63.62543829483107, 44.6399755064546], [-63.62560349617643, 44.63991389161674], [-63.62571710878365, 44.639878614936045], [-63.62589390239133, 44.63982590921529], [-63.626185400736574, 44.63974720852966], [-63.62648879453676, 44.63968671015248], [-63.626829804893475, 44.63962630308399], [-63.62715941609006, 44.63954800054338], [-63.62748869524338, 44.63945081215214], [-63.627792685756525, 44.63934559404042], [-63.62808389029817, 44.639221507404535], [-63.62827458878335, 44.63912418804805], [-63.628363491128354, 44.63907959646318], [-63.62906189471401, 44.6387432054737], [-63.62916379897862, 44.638689899589], [-63.62926510949849, 44.638619100625625], [-63.629355097631624, 44.638547501771825], [-63.62943119830926, 44.63846691320644], [-63.6295085018554, 44.638386397944], [-63.62957308765152, 44.63829689913359], [-63.629652696254354, 44.638009698508625], [-63.62978339825493, 44.63769618714504], [-63.62983451448349, 44.63763289858427], [-63.62988561909066, 44.63757949482306], [-63.62993678290903, 44.63753510600128], [-63.63000051180697, 44.63748160343811], [-63.63002639118367, 44.63746360240549], [-63.63006431508588, 44.637437093012586], [-63.63051773226134, 44.63715190639699], [-63.630573592155045, 44.63711679413903], [-63.630628485902015, 44.637083895806335], [-63.63110868727099, 44.636769702209016], [-63.63117129942052, 44.636734201088466], [-63.63124770023464, 44.63668069974491], [-63.63133669881285, 44.636637006940916], [-63.63142590611076, 44.63659229557039], [-63.63157999679249, 44.6365410952103], [-63.63173771114207, 44.636495790057594], [-63.6318984963044, 44.636456387886184], [-63.63206189982933, 44.636423098166375], [-63.632143405969956, 44.63640909636121], [-63.632225819653065, 44.63639819600687], [-63.632308903935666, 44.63639040044299], [-63.632392389968615, 44.63638570217655], [-63.6324761987824, 44.636384102320584], [-63.63255990667715, 44.63638570840652], [-63.632643510548725, 44.63639040764087], [-63.63272661548211, 44.636398205597004], [-63.63280890554838, 44.63640910673529], [-63.63289040954816, 44.63642300909809], [-63.632970797939514, 44.63643999632598], [-63.63340559923428, 44.63650848962338], [-63.63375897986538, 44.63653810708986], [-63.634142879978484, 44.636514201717596], [-63.63437638985725, 44.63650669377482], [-63.63452809581326, 44.63650470808164], [-63.63496909106015, 44.636511496685664], [-63.63623971091846, 44.63670971251194], [-63.63683059006937, 44.636786508393634], [-63.637207914432715, 44.63681599898043], [-63.63748550731234, 44.63683598920388], [-63.63771456104802, 44.636842098802106], [-63.63787650992941, 44.63684640537542], [-63.63798870437229, 44.63684940816803], [-63.638141194453034, 44.63684488892615], [-63.63814577413446, 44.63684476760476], [-63.638178998403575, 44.63684381154596], [-63.63819051063938, 44.636843501701954], [-63.63831428600985, 44.63683956965366], [-63.63831640192178, 44.636839505811835], [-63.63849419079706, 44.63683488691165], [-63.63850928727292, 44.63683389432233], [-63.63853790153807, 44.63683140117545], [-63.63897280638643, 44.636793504662975], [-63.63944109208693, 44.63672509490817], [-63.64036330257134, 44.63654261441749], [-63.641096785643015, 44.63638639998477], [-63.64165321341472, 44.63626460655797], [-63.64209588764131, 44.63615989702133], [-63.64265251815289, 44.63603819607602], [-63.643575312446025, 44.63580170381115], [-63.64377891150952, 44.63574019769393], [-63.64394060571185, 44.635664190020115], [-63.644107811688954, 44.63559429839101], [-63.644279791438514, 44.63553069125311], [-63.644456206618145, 44.63547370062267], [-63.644521097859716, 44.63544949790327], [-63.644587815914775, 44.63542789823799], [-63.644655883734174, 44.63540879557996], [-63.644725301327476, 44.635392189925376], [-63.644795885130925, 44.635378298277736], [-63.64486728415776, 44.63536700151305], [-63.64493950157189, 44.635358412421816], [-63.64501228369034, 44.635352500765386], [-63.64508529942229, 44.63534929382794], [-63.645158520024594, 44.635348893572655], [-63.64523170540491, 44.63535119058309], [-63.64530449256392, 44.635356201317045], [-63.64537691500026, 44.63536399300114], [-63.645612599930345, 44.63540230440373], [-63.64588761491253, 44.635459101430605], [-63.64607400973585, 44.635505290952686], [-63.64629839466076, 44.63556951135992], [-63.64638967942913, 44.63559850625694], [-63.64655378481265, 44.63564779986868], [-63.646721304737234, 44.63569090608433], [-63.646891698258244, 44.63572769719381], [-63.64706461272569, 44.63575799766861], [-63.64723938428082, 44.63578180568254], [-63.6474157910619, 44.635799101821185], [-63.64759318279059, 44.63580980508644], [-63.647771097485936, 44.63581378666169], [-63.647949081063835, 44.63581119971725], [-63.648024784396, 44.635808008405505], [-63.64817718299629, 44.63579190733724], [-63.64890888948208, 44.63571570131725], [-63.649855902842404, 44.63561490292797], [-63.65070220288917, 44.63552271254225], [-63.651345708144326, 44.63545510591766], [-63.65148418821151, 44.63543810397277], [-63.65162279721387, 44.635430194715674], [-63.65177390099937, 44.635413090489756], [-63.6518381078643, 44.63540459925499], [-63.65191359758208, 44.635387088538415], [-63.6519889899248, 44.635369488883164], [-63.652115793780524, 44.63531660148791], [-63.652179778811124, 44.63529010423497], [-63.6522437031813, 44.63525470488751], [-63.65244659250853, 44.63513920739486], [-63.65266229448708, 44.63503260926801], [-63.65332289822293, 44.634686699554955], [-63.654033494602224, 44.63431448765193], [-63.6548478875431, 44.63385250739643], [-63.65576458797635, 44.63319270244266], [-63.65590590222783, 44.6330965880412], [-63.65605400282233, 44.63300579207894], [-63.65620860014243, 44.63292069104081], [-63.65636919478299, 44.632841506456735], [-63.65653541180898, 44.63276839036741], [-63.65670680049654, 44.632701608742416], [-63.65688279606186, 44.6326413050743], [-63.65702121081367, 44.63259939245015], [-63.65718469066511, 44.63256430671834], [-63.65736208247662, 44.63253000219496], [-63.65834868234731, 44.63229399769015], [-63.65844990614893, 44.632285995501476], [-63.65856308722997, 44.63226830885518], [-63.659258901613214, 44.632139095494196], [-63.65941010700329, 44.632131094114854], [-63.65954871809587, 44.632123093466454], [-63.65969998542458, 44.63212399351197], [-63.659838597883216, 44.632124985472295], [-63.65997629745063, 44.632143987825486], [-63.660127789626834, 44.63216289263622], [-63.660265490953485, 44.632190887608026], [-63.6604045852978, 44.63222790050262], [-63.66053668667955, 44.63226460784692], [-63.660653802286774, 44.632302794957965], [-63.66075258466537, 44.632339204070476], [-63.660842585449, 44.632384699024456], [-63.66101760709926, 44.63247559130015], [-63.661092498702374, 44.632520988115104], [-63.661242711807304, 44.632630303215144], [-63.662769510094016, 44.63165159119025], [-63.66284589297112, 44.6315800887722], [-63.66294819213171, 44.63150919345633], [-63.66308770174522, 44.631419807967504], [-63.663202197975394, 44.631339393263914], [-63.66343260132062, 44.631089594274755], [-63.663624992471085, 44.63083008778584], [-63.663690618302766, 44.63072259903114], [-63.66379409832844, 44.63050680451851], [-63.66382060421427, 44.630399509181665], [-63.66384701833146, 44.63028229694757], [-63.66388829055315, 44.630039904319645], [-63.66397640942154, 44.62924809316259], [-63.66410290997832, 44.62829490613401], [-63.6642095813021, 44.62745220394768], [-63.66421671450662, 44.62739620262858], [-63.664222191141896, 44.627353099680604], [-63.66440129500846, 44.6259399038735], [-63.66448499218075, 44.62542720763241], [-63.664611348404435, 44.62449921166797], [-63.66462460756673, 44.624401893329875], [-63.6648019837772, 44.623494307822114], [-63.6650097195896, 44.6226852961231], [-63.66514960555315, 44.622138304981036], [-63.665403098838716, 44.62115909475446], [-63.66564049421652, 44.6204222896636], [-63.66576532352639, 44.62014000712313], [-63.66578300306636, 44.62010001210015], [-63.66586559925298, 44.61995109787508], [-63.66611259455726, 44.619579985634154], [-63.666502813876306, 44.6191145927055], [-63.666533106447, 44.61907708895804], [-63.66666940775814, 44.6189091966924], [-63.66697864396517, 44.61855070965426], [-63.66742569882045, 44.61803249867767], [-63.66745178734861, 44.61799719952676], [-63.6677724066777, 44.617602812924986], [-63.66857899096991, 44.61671861036576], [-63.66874821057341, 44.61652340794423], [-63.66930401433967, 44.615860895982195], [-63.66946318147896, 44.61567180754269], [-63.669488107529126, 44.615644603537824], [-63.66957828120288, 44.615492904552056], [-63.669657098784924, 44.61533129503727], [-63.66972199588871, 44.6151606923713], [-63.669761697643224, 44.61499841031011], [-63.66979000263408, 44.61482810267216], [-63.669806190771574, 44.614593986618935], [-63.669795987207166, 44.61435999486463], [-63.66977799422484, 44.613891909344005], [-63.66976690668502, 44.61292869597747], [-63.669756983513395, 44.61257920125224], [-63.66975546021811, 44.61251851135303], [-63.66974229704965, 44.61199259256046], [-63.669761493334605, 44.611470390630224], [-63.66981729905437, 44.61117379483873], [-63.669895909753116, 44.610887112531124], [-63.67001360769637, 44.61059919667764], [-63.67014608816116, 44.61041329735318], [-63.67020581325623, 44.61034420344866], [-63.67028551385865, 44.610202892848854], [-63.670375411442805, 44.61006470593175], [-63.67047531386866, 44.60993010803717], [-63.670584898204474, 44.609799408448296], [-63.670703985870496, 44.609672993324416], [-63.670832191771474, 44.60955120669606], [-63.670969112465826, 44.6094343025996], [-63.6711144128841, 44.60932160891127], [-63.671328202018316, 44.609169794897895], [-63.671508410441874, 44.60902680693968], [-63.67167778650448, 44.60887729713688], [-63.67181700103734, 44.60874129127263], [-63.67198260651868, 44.60856210664804], [-63.67205759714581, 44.6084708002537], [-63.672136692376, 44.60837390566124], [-63.672265508588616, 44.60817691119304], [-63.672460319538004, 44.607800399780565], [-63.67260438603491, 44.6074051994197], [-63.67263030572514, 44.60735161403876], [-63.67264360684817, 44.60730689992364], [-63.67265689270331, 44.607252799081486], [-63.672657512256464, 44.60719870224126], [-63.67265818604101, 44.6071536982341], [-63.67265890288796, 44.607099690260746], [-63.67277589394147, 44.60599351040182], [-63.6728566811914, 44.605347007478485], [-63.67286790980971, 44.60525959787751], [-63.67287521831668, 44.60520249324807], [-63.67299560753287, 44.60471740626547], [-63.67301188585826, 44.60467744421026], [-63.67317821851083, 44.604268893029385], [-63.67347749402305, 44.603568598207424], [-63.67371209347334, 44.60302148920647], [-63.673722250630995, 44.60299173667896], [-63.673723549872506, 44.602988017181694], [-63.673715346594065, 44.60297007401778], [-63.6737951529414, 44.602645901925506], [-63.67398964336112, 44.60215167193547], [-63.67692492469048, 44.58125598894077], [-63.677790740846, 44.57504590225852], [-63.66510160396003, 44.549844094019164], [-63.66509468260601, 44.54983029820643], [-63.662967556677074, 44.545603066875536], [-63.653418730547074, 44.526617109447116], [-63.653268131343, 44.526317562839246], [-63.653071863177075, 44.526155633086084], [-63.65335579893816, 44.526072652159584], [-63.65347487550674, 44.525646616336104], [-63.6533571546968, 44.52543316872445], [-63.65297402410779, 44.525249203192715], [-63.65312470358238, 44.52506269962653], [-63.6534812997303, 44.52497940769355], [-63.653667704915094, 44.52501088953069], [-63.65394819938226, 44.5248982954134], [-63.65416381256892, 44.524890909626215], [-63.65441650855491, 44.52464749458103], [-63.65464768929306, 44.524526010082184], [-63.65552328983524, 44.52349010641182], [-63.65583060440926, 44.52339779327811], [-63.657600980468395, 44.52007091543506], [-63.65762765933979, 44.51980875203689], [-63.657654392001696, 44.5194007899797], [-63.65882433254421, 44.51794052791149], [-63.659999781737625, 44.51745221717435], [-63.66010885440864, 44.51732200896548], [-63.66013865224189, 44.5172267676553], [-63.659957974806616, 44.5165209544364], [-63.658543618620605, 44.51324258157298], [-63.65823330569416, 44.51290261466451], [-63.658223788523124, 44.51287529160859], [-63.65805539851962, 44.512393595820825], [-63.65785140073037, 44.512255087008604], [-63.65774308648099, 44.51193309180035], [-63.65749299450281, 44.511706788196], [-63.656940504277294, 44.51091359356562], [-63.656428814795056, 44.510065905814265], [-63.65605173508012, 44.50950019377633], [-63.65614783046429, 44.50919523949869], [-63.657115091420934, 44.508927507771865], [-63.65761639559423, 44.50853919088333], [-63.657611080114485, 44.508396905133715], [-63.65730399613561, 44.50848920483028], [-63.65698308878437, 44.50837600804848], [-63.65671272090927, 44.50797159494124], [-63.657099889819726, 44.50780989400366], [-63.65724548721338, 44.507485292926354], [-63.657957896010345, 44.507468488750334], [-63.65793550905303, 44.50706931053297], [-63.65778717957334, 44.50678200241188], [-63.65746731438359, 44.506779297035735], [-63.657326513453555, 44.50644469698304], [-63.65727930454127, 44.505705494005156], [-63.65711959855981, 44.5055640040489], [-63.656896490754654, 44.5054882929659], [-63.65677339598482, 44.50526069399846], [-63.6561647912474, 44.504896693698896], [-63.65577960226772, 44.50473860284312], [-63.655295987487044, 44.50469299390931], [-63.65469651660676, 44.50424229187956], [-63.654440810325305, 44.50415400828347], [-63.65413469613427, 44.50435689657906], [-63.653593797149, 44.50449949067613], [-63.65331050131864, 44.50441069826377], [-63.65286341444352, 44.50414870031901], [-63.652618705404095, 44.503654094814245], [-63.65245581377155, 44.50359150290064], [-63.65229971015778, 44.50363159038606], [-63.652265921373385, 44.50391909426107], [-63.65187350317951, 44.503938498894996], [-63.65142050267448, 44.50368430401335], [-63.650669590829416, 44.50356599334754], [-63.65044610840073, 44.50322971007057], [-63.65015438582984, 44.50307749562782], [-63.64991789787517, 44.50238559330163], [-63.649604803434215, 44.50181459488971], [-63.64953420416493, 44.501516987613904], [-63.649282216203886, 44.501069598147886], [-63.64854220327378, 44.50041460490718], [-63.64793818943156, 44.5002124027946], [-63.64779300024569, 44.50000001061334], [-63.64773251218166, 44.49998309315815], [-63.647728694169516, 44.49967110087525], [-63.64760421320616, 44.499613296864624], [-63.64729949947942, 44.49964631128512], [-63.647226190383776, 44.49981849424883], [-63.647112586096654, 44.499764807733285], [-63.646874498783596, 44.49965320332135], [-63.64677469256385, 44.499394501993585], [-63.64630830449328, 44.49906500481549], [-63.64557640794054, 44.49875359882572], [-63.64541290321612, 44.4988408927177], [-63.645095510565056, 44.49877900791204], [-63.644869086088015, 44.498651907353064], [-63.64472630186771, 44.49863699773356], [-63.64453471583257, 44.49833299994232], [-63.64459298838748, 44.49825529575956], [-63.64489190704687, 44.49823000770861], [-63.64556671390682, 44.498319105091646], [-63.64585391965859, 44.498309396199716], [-63.64592529617819, 44.49804639950494], [-63.64583948908185, 44.49758269512161], [-63.64554970572365, 44.49752129737461], [-63.644960600689025, 44.49722470681797], [-63.64454789959859, 44.49706611040653], [-63.644361690738975, 44.497034499739634], [-63.6441696052975, 44.49701079844262], [-63.644020697118314, 44.496743089377624], [-63.643927794829025, 44.49658718772024], [-63.64346110267176, 44.496148811119824], [-63.642894818589134, 44.49602230400696], [-63.642263980518614, 44.4961378031424], [-63.64195389633889, 44.49589829086734], [-63.642056550689986, 44.49579451728086], [-63.64978890769275, 44.488392084453864], [-63.650517723167816, 44.48769423351524], [-63.651152005608196, 44.48708689470209], [-63.651291140808475, 44.48695364507559], [-63.651294039947985, 44.48695086339514], [-63.653655091608776, 44.48468857886986], [-63.65392868186639, 44.48442643764214], [-63.66160855960574, 44.477060581512895], [-63.671834430418684, 44.467251553770524], [-63.671838890997826, 44.46724729438151], [-63.67241147080144, 44.4666925177147], [-63.673242098792485, 44.46588765704393], [-63.67385924086732, 44.4652492060245], [-63.67728246494454, 44.46169337317393], [-63.67825331127199, 44.46068482447641], [-63.680828153227, 44.45800970124499], [-63.68114820987981, 44.45767714505733], [-63.683489525963964, 44.45524428075166], [-63.68358254796658, 44.45510423573258], [-63.69670161362194, 44.435344304454816], [-63.698913853393464, 44.43201049859945], [-63.705393278579535, 44.42224335109374], [-63.66773127940529, 44.4227214257864], [-63.667839349702355, 44.41353809277715], [-63.62740007564014, 44.412908599801696], [-63.60246020675029, 44.41312270461756], [-63.53933133815837, 44.41363329392798], [-63.50076184646263, 44.498335413351015], [-63.50081380587348, 44.50000113838977], [-63.500813889195065, 44.50000323469876], [-63.50115421459162, 44.51090973769137], [-63.50215279979142, 44.5428875385988], [-63.502492356698454, 44.55375139286586], [-63.502350337289684, 44.55375947407543], [-63.50292539852254, 44.55863789066174], [-63.500000011759724, 44.562029666490346], [-63.500509164272785, 44.562298088261294], [-63.504938220778776, 44.56506749443503], [-63.506051059047536, 44.565866410566436], [-63.50953504888946, 44.56836721637681], [-63.51203817193606, 44.57059724617001], [-63.51221334875402, 44.5707532888246], [-63.51222826228818, 44.57076660041819], [-63.51647043722812, 44.575145874923805], [-63.51779916824685, 44.5765184413261], [-63.51781616508588, 44.57653601214651], [-63.51785200469628, 44.57657301389337], [-63.517887829154624, 44.576610038387976], [-63.51792366888169, 44.5766470401188], [-63.517959493456715, 44.57668406459738], [-63.517995365137985, 44.57672107718377], [-63.51803118982975, 44.57675810164631], [-63.51806701457982, 44.57679512610084], [-63.51810285459867, 44.57683212779158], [-63.51813867946548, 44.5768691522301], [-63.51817451960101, 44.5769061539048], [-63.51821034458452, 44.5769431783273], [-63.51824618483672, 44.57698017998596], [-63.51828200993691, 44.57701720439243], [-63.51831785030581, 44.57705420603506], [-63.51834468250973, 44.57708192685872], [-63.51835367552271, 44.57709123042553], [-63.518389516008305, 44.5771282320521], [-63.518425373179824, 44.577165267298014], [-63.51846121378212, 44.57720226890854], [-63.518497039232436, 44.57723929326696], [-63.518532879951444, 44.57727629486144], [-63.518568705518454, 44.57731331920383], [-63.518604546354176, 44.5773503207823], [-63.518640372037886, 44.57738734510867], [-63.51867621299027, 44.57742434667108], [-63.51871203879071, 44.57746137098143], [-63.51874786464949, 44.57749839528378], [-63.518783705776904, 44.57753539682214], [-63.51881953175238, 44.577572421108464], [-63.518855404834824, 44.57760943350212], [-63.51889123092706, 44.57764645777241], [-63.51892707228789, 44.577683459278674], [-63.518962898496795, 44.57772048353294], [-63.51899873997436, 44.577757485023184], [-63.519034566299965, 44.57779450926144], [-63.51907040789418, 44.57783151073563], [-63.51910623433652, 44.577868534957844], [-63.519142076047444, 44.577905536416], [-63.51917790260648, 44.5779425606222], [-63.519213744434076, 44.5779795620643], [-63.51924957110981, 44.57801658625449], [-63.51928541305412, 44.57805358768056], [-63.51932127168535, 44.57809062272592], [-63.51935711374636, 44.57812762413592], [-63.519392940655564, 44.57816464829408], [-63.519428767623104, 44.57820167244418], [-63.519464609859185, 44.57823867383014], [-63.51950043694343, 44.57827569796425], [-63.51953627929619, 44.57831269933414], [-63.519572106497165, 44.57834972345224], [-63.51960794896662, 44.57838672480611], [-63.51964377628427, 44.57842374890817], [-63.51967961887044, 44.57846075024599], [-63.51971544630482, 44.578497774332035], [-63.519751289007694, 44.57853477565381], [-63.519787116558746, 44.57857179972382], [-63.51982299121758, 44.578608811900594], [-63.519858818885396, 44.57864583595458], [-63.519894661821695, 44.578682837244266], [-63.51993048960621, 44.57871986128221], [-63.51996633265922, 44.578756862555856], [-63.52000216056046, 44.57879388657778], [-63.52003800373014, 44.578830887835366], [-63.52007383174809, 44.57886791184129], [-63.52010967503449, 44.578904913082845], [-63.520145503169154, 44.57894193707274], [-63.52018134657223, 44.578978938298235], [-63.5202171748236, 44.579015962272095], [-63.520253003133334, 44.579052986237954], [-63.52029280071744, 44.57909407649079], [-63.5203325868112, 44.57913220013806], [-63.52037019042282, 44.57916826497281], [-63.52040782593392, 44.5792043406686], [-63.52044542966488, 44.57924040548373], [-63.52048308050543, 44.579276458403434], [-63.520520716195676, 44.57931253406976], [-63.520558320105714, 44.579348598855454], [-63.52059595591541, 44.579384674502144], [-63.52063355994477, 44.57942073926824], [-63.5206711958739, 44.57945681489528], [-63.52070883186275, 44.57949289051252], [-63.52074645128117, 44.579528932492636], [-63.520784087389465, 44.57956500809021], [-63.52082169171726, 44.57960107280726], [-63.52085932794496, 44.57963714838521], [-63.520896932392134, 44.57967321308261], [-63.520972205146165, 44.57974536418942], [-63.52100980977239, 44.579781428857416], [-63.52104746150864, 44.57981748162965], [-63.52108506625421, 44.579853546278], [-63.521160339605444, 44.5799256972866], [-63.521197944530094, 44.57996176190554], [-63.52123558135501, 44.57999783738529], [-63.52127318639903, 44.580033901984606], [-63.52131083855325, 44.58006995468802], [-63.52134847555733, 44.58010603013828], [-63.52138608078042, 44.58014209470817], [-63.521679465260384, 44.58042334082015], [-63.52278295036, 44.581481043158114], [-63.522820589700636, 44.581517118224106], [-63.52285822910101, 44.581553193280236], [-63.522895836719016, 44.581589257456464], [-63.52297111581841, 44.58166140751966], [-63.52300875545768, 44.581697482536505], [-63.523046395156705, 44.581733557543515], [-63.52308400307326, 44.58176962167068], [-63.52312164289172, 44.58180569665806], [-63.523159282769925, 44.58184177163561], [-63.52319692270789, 44.58187784660333], [-63.523234530863206, 44.58191391069124], [-63.5232721709206, 44.58194998563932], [-63.52330981103776, 44.58198606057758], [-63.52334745121467, 44.58202213550601], [-63.52338509145128, 44.58205821042459], [-63.523422699905105, 44.58209427446343], [-63.523460340261195, 44.58213034936239], [-63.52349798067701, 44.58216642425152], [-63.52353562115256, 44.58220249913081], [-63.52357326168787, 44.58223857400027], [-63.52361087044018, 44.58227463799005], [-63.52364851109494, 44.58231071283988], [-63.52368615180944, 44.582346787679874], [-63.5237237925837, 44.582382862510045], [-63.5237614015748, 44.582418926460555], [-63.5237990424685, 44.58245500127108], [-63.523836683421926, 44.582491076071776], [-63.52387432443509, 44.58252715086263], [-63.52391196550802, 44.58256322564367], [-63.52394957479765, 44.58259928954512], [-63.52398721599001, 44.58263536430651], [-63.524024857242146, 44.58267143905806], [-63.52406249855402, 44.5827075137998], [-63.5241001399256, 44.582743588531706], [-63.52413774951374, 44.58277965238409], [-63.52417146008242, 44.582811953696584], [-63.524246743231295, 44.58288410309366], [-63.52428441673869, 44.582920188647115], [-63.5243220432532, 44.58295628607859], [-63.52439732688007, 44.583028435397026], [-63.52443498541733, 44.58306454366866], [-63.52447262738018, 44.58310061830331], [-63.52451026940278, 44.58313669292813], [-63.52454794332871, 44.5831727784127], [-63.52458557026155, 44.58320887577543], [-63.52462321246343, 44.58324495037076], [-63.524660886568746, 44.58328103582582], [-63.524698528890156, 44.58331711040147], [-63.52473615606205, 44.58335320772493], [-63.52477383034673, 44.58338929315045], [-63.524811472847425, 44.58342536769661], [-63.52484911540783, 44.583461442232945], [-63.524886774662676, 44.58349755038662], [-63.52496206008232, 44.58356969941011], [-63.524999702881786, 44.583605773907124], [-63.5250373623758, 44.58364188202145], [-63.525112648273534, 44.58371403096634], [-63.52517195244789, 44.58377088665769], [-63.52522734468391, 44.58382159976953], [-63.52526609341948, 44.58385707332352], [-63.525309399279884, 44.5838967295347], [-63.525381466886344, 44.58396392258248], [-63.525419780025025, 44.58399963861711], [-63.52545812506834, 44.58403536551054], [-63.52549643832748, 44.58407108152412], [-63.525534751646816, 44.58410679752719], [-63.52557309687087, 44.58414252438899], [-63.52561141031067, 44.584178240371], [-63.52564972381066, 44.58421395634249], [-63.52568802216179, 44.584249695061324], [-63.525726367626866, 44.58428542188099], [-63.52576468130752, 44.584321137820915], [-63.52580299504841, 44.5843568537503], [-63.525841340694235, 44.58439258053834], [-63.52587965455555, 44.58442829644667], [-63.525917968477074, 44.58446401234448], [-63.52595628245882, 44.58449972823176], [-63.52599462834566, 44.58453545497767], [-63.52603294244784, 44.58457117084389], [-63.526071241401226, 44.58460690945757], [-63.52610958746883, 44.584642636171864], [-63.52614790175168, 44.58467835200652], [-63.52618621609475, 44.58471406783064], [-63.526224530498034, 44.58474978364425], [-63.52626287680665, 44.58478551031639], [-63.52630584696946, 44.58482555412165], [-63.526344161560694, 44.58486126990239], [-63.52638246100321, 44.58489700843068], [-63.52642080756014, 44.584932735059375], [-63.52645912233206, 44.584968450808546], [-63.526497437164174, 44.58500416654719], [-63.52653575205649, 44.58503988227532], [-63.526574067009044, 44.58507559799292], [-63.526612382021796, 44.58511131369998], [-63.526650697094745, 44.58514702939653], [-63.52668904407342, 44.58518275595146], [-63.52672735926684, 44.58521847162695], [-63.52676567452048, 44.58525418729192], [-63.526827689650844, 44.585311966145944], [-63.526882182939325, 44.58536069357599], [-63.52692149464905, 44.585395854836776], [-63.52696080641958, 44.58543101608597], [-63.52700015009675, 44.58546618819241], [-63.527039461988956, 44.58550134941846], [-63.5270787891508, 44.585536487874656], [-63.52711813301054, 44.58557165994631], [-63.52715744508523, 44.58560682113758], [-63.52719675722076, 44.58564198231728], [-63.527236101263064, 44.58567715435416], [-63.52727541352026, 44.58571231551069], [-63.527314741047036, 44.58574745389732], [-63.52735405342585, 44.58578261503069], [-63.52739339771161, 44.58581778702118], [-63.5274327102121, 44.58585294813137], [-63.527472022773416, 44.58588810922999], [-63.52751136724175, 44.58592328118569], [-63.527550695133456, 44.585958419502745], [-63.527590007877244, 44.585993580566615], [-63.527629352528194, 44.58602875248752], [-63.52766866539366, 44.5860639135282], [-63.52770797831994, 44.58609907455731], [-63.52774730651572, 44.58613421281641], [-63.527786651410096, 44.58616938469093], [-63.52782596451886, 44.58620454568529], [-63.52786527768845, 44.58623970666806], [-63.52790462276544, 44.58627487850779], [-63.527943936056694, 44.58631003946739], [-63.527983264617426, 44.58634517765692], [-63.528022578030324, 44.58638033859337], [-63.52806192335075, 44.586415510386715], [-63.528101236885334, 44.586450671299964], [-63.52814055048073, 44.58648583220165], [-63.528179911192346, 44.58652098120165], [-63.52821961279019, 44.58655649804366], [-63.52825853868732, 44.5865913029471], [-63.528297852526, 44.58662646380243], [-63.528337198272474, 44.5866616355146], [-63.52837652744142, 44.586696773588166], [-63.52841584146262, 44.58673193440875], [-63.52845518739169, 44.58676710608612], [-63.52853381573825, 44.58683742766936], [-63.52857316184993, 44.586872599311945], [-63.52861249138379, 44.58690773731594], [-63.52865180577, 44.586942898067015], [-63.52869112021701, 44.586978058806494], [-63.52873046657213, 44.58701323040269], [-63.52876978114083, 44.58704839111901], [-63.52880911097883, 44.58708352906502], [-63.52884845751654, 44.58711870062641], [-63.52892708707976, 44.58718902197795], [-63.52896640195259, 44.58722418263632], [-63.529005748733766, 44.587259354151335], [-63.52904507893672, 44.58729449202777], [-63.52909749347761, 44.58734136164771], [-63.5291627143938, 44.58740020349703], [-63.529201827629805, 44.58743549079346], [-63.52924094092649, 44.58747077807848], [-63.52928005428396, 44.58750606535218], [-63.52931916770212, 44.587541352614494], [-63.52935824933319, 44.58757662899736], [-63.52939736287281, 44.58761191623699], [-63.52943647647312, 44.58764720346522], [-63.529475590134204, 44.5876824906821], [-63.529514703855966, 44.587717777887626], [-63.52955378579049, 44.58775305421377], [-63.52959289963373, 44.587788341396596], [-63.52963201353765, 44.58782362856804], [-63.52967112750235, 44.58785891572814], [-63.52971024152775, 44.58789420287687], [-63.529749323765714, 44.58792947914627], [-63.52978843791258, 44.587964766272286], [-63.52982755212013, 44.588000053386935], [-63.529866666388436, 44.58803534049024], [-63.52990578071746, 44.58807062758217], [-63.52994489510723, 44.588105914662734], [-63.52998397770938, 44.58814119086405], [-63.530023092220546, 44.588176477921905], [-63.530101321425136, 44.58824705200354], [-63.530140436118536, 44.588282339027316], [-63.53017951902411, 44.58831761517188], [-63.5303359786478, 44.58845876310793], [-63.53037506185684, 44.58849403919579], [-63.53053152269504, 44.58863518690463], [-63.53057060620755, 44.588670462935724], [-63.53060972162964, 44.58870574982318], [-63.53076618392532, 44.58884689725937], [-63.53081407349658, 44.5888901248244], [-63.530875885554224, 44.58895752725663], [-63.530916476617236, 44.5890017858304], [-63.5309509792263, 44.58903941124935], [-63.53098546525123, 44.58907700303468], [-63.53101993612518, 44.58911461757258], [-63.53105445411353, 44.58915222021197], [-63.53108892510161, 44.589189834736395], [-63.53112342799614, 44.5892274601216], [-63.5311579143064, 44.58926505187321], [-63.53119241731513, 44.58930267724492], [-63.531226903739494, 44.58934026898301], [-63.531261375012924, 44.58937788347374], [-63.53129589340094, 44.58941548606583], [-63.53133036478849, 44.58945310054307], [-63.53136488329073, 44.58949070312165], [-63.53139935479242, 44.58952831758541], [-63.53143382635117, 44.589565932042454], [-63.531468345024685, 44.58960353460075], [-63.53150281669757, 44.589641149044304], [-63.531537335485275, 44.589678751589084], [-63.53157180727231, 44.58971636601915], [-63.53160629432433, 44.58975395768301], [-63.53164079807538, 44.589791582967], [-63.5321063839357, 44.59029923883681], [-63.53214072639324, 44.59033669691382], [-63.532175084115245, 44.59037413222449], [-63.53220942668597, 44.59041159028809], [-63.53224380116383, 44.590449059212226], [-63.53227814384782, 44.59048651726246], [-63.53231248658838, 44.590523975306006], [-63.53237440007704, 44.59059146620096], [-63.53242063476711, 44.5906334287636], [-63.532459566515584, 44.59066881911906], [-63.532498513532545, 44.590704186703626], [-63.532537460610094, 44.59073955427699], [-63.53257640774828, 44.59077492183918], [-63.53273219690706, 44.59091639197602], [-63.532753205791494, 44.590935465907855], [-63.53279213805764, 44.59097085616787], [-63.53283108559218, 44.59100622365689], [-63.532870065038466, 44.591041602001724], [-63.53290901269426, 44.591076969468354], [-63.53294794520294, 44.59111235968365], [-63.53298689297998, 44.59114772712791], [-63.533025872668894, 44.59118310542794], [-63.5330648205672, 44.59121847284981], [-63.53310376852611, 44.5912538402605], [-63.533142701337944, 44.59128923041988], [-63.533181649418125, 44.5913245978082], [-63.53322062941029, 44.59135997605223], [-63.53329852587373, 44.591430710772876], [-63.53333745898874, 44.59146610087638], [-63.53337643922355, 44.59150147907558], [-63.53345433617201, 44.59157221370671], [-63.533493284737176, 44.591607581005505], [-63.533532218155315, 44.5916429710531], [-63.533571198693416, 44.59167834919629], [-63.533610147440456, 44.5917137164615], [-63.53364909624813, 44.59174908371551], [-63.53368804511639, 44.59178445095836], [-63.533727010689546, 44.59181985181678], [-63.53376595967909, 44.59185521903723], [-63.53384385784007, 44.59192595344456], [-63.533882807011466, 44.59196132063142], [-63.53392177288793, 44.59199672143389], [-63.53399967153392, 44.59206745575169], [-63.534038620947825, 44.5921028228938], [-63.5340776022745, 44.59213820089134], [-63.53411653660216, 44.59217359077122], [-63.53415548619798, 44.59220895787976], [-63.53423338557143, 44.592279692063244], [-63.5342723672014, 44.59231507000477], [-63.53431130183225, 44.59235045982876], [-63.53438920169072, 44.5924211939227], [-63.53442818356334, 44.592456571819426], [-63.534467133644185, 44.592491938838414], [-63.53450606857819, 44.59252732860648], [-63.53458396904293, 44.59259806258853], [-63.53462295121887, 44.59263344042922], [-63.534661901602824, 44.59266880739226], [-63.534700836839995, 44.59270419710438], [-63.534778737911004, 44.59277493097452], [-63.53481772039027, 44.59281030875919], [-63.534856671077364, 44.592845675666254], [-63.53489560661771, 44.59288106532251], [-63.534934557426034, 44.5929164322072], [-63.53497350829502, 44.59295179908071], [-63.535012491077566, 44.592987176809345], [-63.53505142686046, 44.59302256642086], [-63.53509037791134, 44.593057933260795], [-63.53512932902283, 44.593093300089514], [-63.53516831204803, 44.593128677773365], [-63.53520726328078, 44.59316404457969], [-63.53524619936686, 44.5931994341353], [-63.535324102135526, 44.593270167692026], [-63.53536308546403, 44.593305545319815], [-63.53540203699993, 44.59334091207019], [-63.53544097338922, 44.59337630156988], [-63.53547992504638, 44.59341166829789], [-63.53551887676415, 44.593447035014684], [-63.53555786039599, 44.59348241258645], [-63.535596812235035, 44.59351777928085], [-63.53563574892751, 44.59355316872465], [-63.53571365290873, 44.5936239020575], [-63.53575263684389, 44.59365927957325], [-63.5357915889861, 44.593694646211674], [-63.535830525981744, 44.59373003559954], [-63.535908430569265, 44.59380076882046], [-63.53594741480777, 44.59383614628018], [-63.53598636725312, 44.593871512862634], [-63.53602530455195, 44.59390690219459], [-63.53606425711856, 44.593942268754674], [-63.536103209745775, 44.59397763530357], [-63.53614219428762, 44.59401301270725], [-63.536181131829025, 44.59404840199446], [-63.53625903750792, 44.594119135013884], [-63.536297990438335, 44.59415450150681], [-63.53633697528346, 44.59418987885446], [-63.536375913128076, 44.59422526808575], [-63.536414866240364, 44.59426063454509], [-63.53645381941331, 44.594296000993225], [-63.53649277264686, 44.59433136743017], [-63.53653175779534, 44.594366744721796], [-63.53657069594313, 44.59440213389717], [-63.53660964935862, 44.59443750030053], [-63.536648602834696, 44.59447286669269], [-63.536687556371426, 44.59450823307367], [-63.53672650996876, 44.59454359944347], [-63.53676548027424, 44.59457899942869], [-63.536804433992884, 44.59461436577609], [-63.53684338777214, 44.59464973211228], [-63.53692129551251, 44.594720464751084], [-63.53696026612139, 44.594755864680344], [-63.53707712836865, 44.594861963520984], [-63.53711606736541, 44.59489735253979], [-63.537155053484575, 44.59493272965209], [-63.53727191664136, 44.595038828324796], [-63.53731085594135, 44.595074217287674], [-63.537349842363845, 44.595109594343946], [-63.53738879699198, 44.59514496052339], [-63.53742775168075, 44.59518032669165], [-63.53746670643016, 44.59521569284872], [-63.53750564603334, 44.59525108175565], [-63.53754460090401, 44.59528644789034], [-63.537583587690506, 44.59532182487935], [-63.53762254268246, 44.595357190991635], [-63.537661497735044, 44.59539255709271], [-63.537700437641455, 44.595427945943726], [-63.53773939281529, 44.595463312022424], [-63.537778379905156, 44.59549868895539], [-63.53781733520027, 44.59553405501168], [-63.53785627534927, 44.595569443817965], [-63.537895230765656, 44.59560480985187], [-63.53793418624267, 44.595640175874564], [-63.53797314178031, 44.595675541886095], [-63.53801212923421, 44.59571091875182], [-63.53805106968642, 44.595746307502154], [-63.538167937027026, 44.59585240540233], [-63.5382068929285, 44.59588777134668], [-63.5382458655397, 44.5959231709064], [-63.53832377764585, 44.595993902739096], [-63.53836273378988, 44.59602926863863], [-63.53840168999454, 44.59606463452698], [-63.538440662909125, 44.596100034030734], [-63.538479619235076, 44.59613539989669], [-63.53851857562168, 44.596170765751445], [-63.538538328221144, 44.59618868199897], [-63.53857726949246, 44.59622407059819], [-63.53861622603102, 44.59625943642489], [-63.53865518263025, 44.596294802240386], [-63.538694139290094, 44.59633016804467], [-63.53873311266019, 44.59636556746436], [-63.53877206944133, 44.59640093324626], [-63.53881102628312, 44.59643629901696], [-63.53884998318553, 44.596471664776466], [-63.538888940148574, 44.59650703052477], [-63.53892788196568, 44.59654241902333], [-63.53896687090641, 44.59657779561435], [-63.53900582805138, 44.59661316132907], [-63.539044785257, 44.59664852703258], [-63.53908374252323, 44.5966838927249], [-63.53912268464356, 44.59671928116751], [-63.539161642031075, 44.59675464683743], [-63.539200631335866, 44.59679002336119], [-63.53923958884467, 44.596825389008714], [-63.53927853120761, 44.59686077740658], [-63.539356446528394, 44.596931508645646], [-63.53939540427974, 44.59696687424839], [-63.53943439394856, 44.59700225070488], [-63.5394527253535, 44.5970188993271], [-63.540375548932786, 44.59800224794317], [-63.543266831439695, 44.6009579779074], [-63.54802993652772, 44.609651533946995], [-63.5507875745229, 44.619668902913304], [-63.55212947858838, 44.626113505086316], [-63.55276110267723, 44.629159326547324], [-63.556259556305776, 44.63940181381317], [-63.55691732682292, 44.64104243863843], [-63.55873946268312, 44.64482972039597], [-63.55875308073961, 44.64485797521679], [-63.56050777042367, 44.6474742260616], [-63.56123732192337, 44.64856566420788], [-63.56183974424426, 44.649161859598735], [-63.565038122780926, 44.65109853375857], [-63.569089991587376, 44.654724915996354], [-63.57108632010295, 44.65601090500528], [-63.5735748603442, 44.657604195228046], [-63.57536835496209, 44.658644378273195], [-63.57700797022949, 44.65966932871595], [-63.5817759082425, 44.66293938898902], [-63.583983863632994, 44.664420946817664], [-63.587773526500996, 44.66690948956283], [-63.58958886220101, 44.66812167375139], [-63.59488168712869, 44.6716936883755], [-63.597861167554626, 44.67361375573099], [-63.601602871493824, 44.674765744711145], [-63.610163000764004, 44.67730796739809], [-63.61020027983817, 44.67732006875725], [-63.611937357199785, 44.6777859279747], [-63.61229781856301, 44.677928954424246], [-63.61839832786327, 44.68019041040452], [-63.628264030609074, 44.68642761207666], [-63.63784280196631, 44.69262286745296]]]}, "properties": {"FED_NUM": 12006, "ED_NAMEE": "Halifax", "ED_NAMEF": "Halifax", "REPORDER": "2023", "SHAPE_Leng": 89637.0093685, "SHAPE_Area": 325792851.302}}, {"type": "Feature", "geometry": {"type": "Polygon", "coordinates": [[[-63.847550955355885, 44.72514009363595], [-63.846624058396124, 44.72190979548676], [-63.84728362580564, 44.71977672287374], [-63.84642581793794, 44.71772282670114], [-63.84660017678813, 44.716550562013126], [-63.84726267589582, 44.71543530848829], [-63.84741365760965, 44.71401441114852], [-63.847052503847614, 44.71319749309004], [-63.847290281684394, 44.71164525869829], [-63.84997029611682, 44.70764944794112], [-63.85005327054262, 44.7074905923224], [-63.85004356128177, 44.707371107524004], [-63.85001293979468, 44.70699396215871], [-63.850081693970694, 44.70696498852235], [-63.8500987902483, 44.70695770712155], [-63.85010608168989, 44.70695460645914], [-63.85072399471318, 44.706691902881], [-63.8507997106594, 44.706665297005635], [-63.85082561347011, 44.706646999159446], [-63.851066401938795, 44.706540800413556], [-63.851332406000246, 44.706425390243986], [-63.852304688761826, 44.70601018830972], [-63.852435094664756, 44.705954511290365], [-63.85350020544444, 44.705501795312514], [-63.853576603065996, 44.70546610010292], [-63.853868500968915, 44.70534178743552], [-63.85390651482146, 44.70532410079072], [-63.85405838621472, 44.70526180072826], [-63.85428668207448, 44.70516370259367], [-63.854514707737444, 44.70504860827664], [-63.85490820517643, 44.704852992963446], [-63.854972197406674, 44.704817005709195], [-63.85501040386058, 44.704790205818355], [-63.85518859188595, 44.70469239484421], [-63.855226088416174, 44.70466518898546], [-63.8554038114369, 44.7045584902122], [-63.85559510876793, 44.70440650328113], [-63.85597789951167, 44.704094589582354], [-63.85603099870477, 44.704051287105926], [-63.856189795612245, 44.70393030551826], [-63.85630788773566, 44.70382599488589], [-63.85643210096564, 44.703717688078925], [-63.8565605968684, 44.703605799402865], [-63.856689598625856, 44.703491486518544], [-63.856819297910334, 44.70337528807614], [-63.856951686513455, 44.70325809662146], [-63.8570862115403, 44.70314140007726], [-63.85719190771654, 44.70304779248952], [-63.85721968988126, 44.70302320815776], [-63.857326054173974, 44.70292681246868], [-63.857351788221656, 44.702903492543456], [-63.85745431406845, 44.702812195032806], [-63.857485780143655, 44.70278410654534], [-63.85762090702241, 44.70266459994702], [-63.85775759080322, 44.7025448076971], [-63.85778909035519, 44.7025167863038], [-63.85789321210758, 44.70242449112153], [-63.85800319987012, 44.70232379028733], [-63.85802549628248, 44.70230330423991], [-63.85813778827325, 44.702202903628674], [-63.858156997534984, 44.70218578758332], [-63.858284899317844, 44.70207099462195], [-63.858408993570706, 44.70196030597591], [-63.85852621714681, 44.701855398076276], [-63.85861230179263, 44.70177790741163], [-63.85863789879692, 44.70175479268275], [-63.858673288395785, 44.70172330865695], [-63.858745621987715, 44.701658994017635], [-63.85884818962943, 44.701567209257256], [-63.85885108018833, 44.70156461007481], [-63.858947289869285, 44.70147830410453], [-63.85904351209699, 44.701392392933066], [-63.859138077244474, 44.7013085749692], [-63.85913841640028, 44.70130829841355], [-63.85923320339613, 44.70122449926145], [-63.85929501730126, 44.701169592944595], [-63.85932911523151, 44.70113929288917], [-63.8594275088191, 44.70105109896524], [-63.859529209222174, 44.70095949738583], [-63.85963511625998, 44.700864902115605], [-63.85974391209946, 44.70076670294344], [-63.859748681104904, 44.70076250344014], [-63.85985800885189, 44.700665096766436], [-63.859977020538274, 44.700559898095854], [-63.860099905667965, 44.70045120326925], [-63.86022440282381, 44.700341488135905], [-63.86033619298493, 44.70024490921757], [-63.86035099883911, 44.70023208785964], [-63.86047779397599, 44.700119602505126], [-63.86060720002418, 44.70000470305979], [-63.86087500106463, 44.69974980756785], [-63.86190290721022, 44.69882639265612], [-63.86222150455821, 44.698521511243584], [-63.86234938797151, 44.69837829135654], [-63.86251588273778, 44.698199705919116], [-63.862681693924365, 44.69797520117249], [-63.862720288777304, 44.69793980208285], [-63.863391421804316, 44.69706859445855], [-63.863424404679975, 44.6970257033751], [-63.86351391733729, 44.696900302989654], [-63.863918607162205, 44.69634678890931], [-63.86409028344637, 44.69611190215626], [-63.86457019286947, 44.69548799357053], [-63.86498678811359, 44.69494649242107], [-63.86579249579387, 44.69396089733846], [-63.865855615985716, 44.6938802979458], [-63.865959201268375, 44.693719297157784], [-63.86602239990772, 44.693638696416016], [-63.86608700193866, 44.693567102354386], [-63.86622738944438, 44.69342379492679], [-63.86643151289432, 44.69322690018933], [-63.86664700405758, 44.69303890162332], [-63.866889209697135, 44.692859711772684], [-63.86720659278394, 44.69268190515079], [-63.86753650472958, 44.69251271481439], [-63.867545687049706, 44.692508994280736], [-63.8676252185486, 44.692477198174366], [-63.86780259800233, 44.69241529714903], [-63.86808160306447, 44.692335688957535], [-63.868372091568105, 44.692265098370996], [-63.87073711741992, 44.69172939332118], [-63.87238059464776, 44.69136039261741], [-63.873355290904755, 44.69113150253336], [-63.87368429311264, 44.69102539173356], [-63.874013206532204, 44.69091040919319], [-63.87430529502476, 44.69077669752529], [-63.874317793453564, 44.69076848455081], [-63.87452090106686, 44.69067971370989], [-63.87471120423835, 44.690572194584476], [-63.87490131806388, 44.69046519750363], [-63.875067304325846, 44.69034061343373], [-63.87588230903462, 44.68965190839829], [-63.876506697824915, 44.68905210134291], [-63.87682972759272, 44.68874749926804], [-63.87699081149298, 44.688595611533046], [-63.87748768375733, 44.68813049583045], [-63.877806586008624, 44.687808194395366], [-63.8781581950013, 44.687935687259674], [-63.878258992988016, 44.68797269319163], [-63.878309182104466, 44.687991306886396], [-63.880215506816015, 44.68867170192166], [-63.88043329565994, 44.68874949959963], [-63.88059678718266, 44.68880459984767], [-63.881095300737016, 44.689010386957456], [-63.8814131019879, 44.68914179124445], [-63.88173270474158, 44.689315492341535], [-63.88186448406977, 44.68940520323902], [-63.88193929673008, 44.689450489193085], [-63.882077109041795, 44.68955031315689], [-63.882339996953284, 44.68974088618644], [-63.88246530855549, 44.6898497026885], [-63.88257790858224, 44.689948812145104], [-63.88280330468346, 44.69016670174319], [-63.883789585771474, 44.69112589520327], [-63.88388910992312, 44.69121609316103], [-63.88466330522629, 44.69197618782882], [-63.884788693432135, 44.69209408769617], [-63.884975802131756, 44.692275406789854], [-63.88568789839973, 44.69296298582183], [-63.88614918395418, 44.6934150020581], [-63.88628739006823, 44.69354169124708], [-63.88636210024352, 44.69359639029922], [-63.88638630999521, 44.69361676092466], [-63.88643691350576, 44.69365940665708], [-63.88658749648322, 44.69376899930492], [-63.88676310769816, 44.693868392379294], [-63.886975708906256, 44.69398650550956], [-63.88721451032352, 44.69408731007931], [-63.88736560625523, 44.69414191003715], [-63.8874542929468, 44.69416908875411], [-63.88779400127885, 44.69426101321072], [-63.88790670622149, 44.694289003266974], [-63.88839708773612, 44.694417504904294], [-63.88895078532207, 44.69455540454089], [-63.88903539385539, 44.69456938776198], [-63.88915311279741, 44.694583497461025], [-63.889207207724596, 44.69458790711344], [-63.889293889586945, 44.69459240697218], [-63.88936659869052, 44.694593610855634], [-63.88944339187209, 44.694584891053665], [-63.88950640614476, 44.69457631481832], [-63.88958198105031, 44.69456760429247], [-63.88964480516874, 44.694550012198405], [-63.88974230986016, 44.69453549972762], [-63.8897593931806, 44.69453289563613], [-63.88979339036996, 44.69452450714834], [-63.88983490585879, 44.694515212115185], [-63.88985439925521, 44.694508006789555], [-63.88985652690252, 44.69450727081218], [-63.8897998040228, 44.69437481176138], [-63.88984469771704, 44.69420169548023], [-63.89003968448811, 44.69401560032852], [-63.89021700415182, 44.69370279456912], [-63.890782705835576, 44.692907113702844], [-63.89082430568352, 44.692362608136754], [-63.89044258941505, 44.69172748870504], [-63.89011550123991, 44.6908949687934], [-63.89167840276232, 44.68700896571046], [-63.89282869874417, 44.68587809403921], [-63.89431482203257, 44.684430187561425], [-63.89776578199145, 44.68130644718422], [-63.89981840242506, 44.67576144666678], [-63.90067664342529, 44.6737110484519], [-63.90347397251441, 44.671745490506595], [-63.90380298350763, 44.67151427423145], [-63.90680633209956, 44.669892632023576], [-63.90667413100769, 44.66978743184723], [-63.906629571506045, 44.66692716068877], [-63.90777886307088, 44.66421084165488], [-63.90818428153607, 44.66184156487841], [-63.90951054691624, 44.661379905873176], [-63.91013490729143, 44.66116441447766], [-63.9129808185979, 44.65878222907832], [-63.91463932972298, 44.65794325166133], [-63.918625214311504, 44.658734885647824], [-63.92470296696137, 44.657770693570214], [-63.92633652114372, 44.65630923766432], [-63.92893828461474, 44.65401418276119], [-63.93124104491893, 44.65194972608816], [-63.93940950474609, 44.64475837994486], [-63.94047884762372, 44.64393386945046], [-63.95309764683944, 44.63413518338778], [-63.955526592172156, 44.628430910964944], [-63.966344271917784, 44.62251354450637], [-63.978523631076975, 44.614563581029174], [-63.988807439326195, 44.601652508406715], [-63.99718601565639, 44.59000056890209], [-63.995534862842504, 44.58563070370487], [-63.9894712398029, 44.56957603183803], [-63.9828222505536, 44.55195940148021], [-63.98279783155706, 44.5519697359197], [-63.981861368485916, 44.54960295642878], [-63.97929621864582, 44.54311865693706], [-63.97876164745113, 44.541587892192986], [-63.97721178931086, 44.537149371391], [-63.970866272794794, 44.51896861965999], [-63.96985036562227, 44.51605667689561], [-63.964229308952056, 44.50356379947735], [-63.95667779651802, 44.50395473509273], [-63.95547021163362, 44.500051476372235], [-63.95546687191756, 44.50004060749276], [-63.95419147511778, 44.49591752546887], [-63.95339576910779, 44.49334477443695], [-63.950622908061526, 44.48508640709644], [-63.94737979795444, 44.4850551581594], [-63.91395162123331, 44.48075138625861], [-63.90741883587225, 44.47969294378744], [-63.88136100285486, 44.47546579416885], [-63.85803443507686, 44.47105175950408], [-63.85790837282156, 44.471027894853925], [-63.84304140333923, 44.4689598902623], [-63.83481354221086, 44.46781424060989], [-63.83042570424343, 44.46748987942319], [-63.82112862803972, 44.46680187795785], [-63.820368854074125, 44.466714496360225], [-63.78157185869617, 44.46224291006943], [-63.78148690078413, 44.462233081273844], [-63.78649104762459, 44.4572120329375], [-63.79320566044653, 44.44843633995205], [-63.79732443597108, 44.43689746434604], [-63.75000092826275, 44.42299467910694], [-63.745912101693065, 44.42179191067242], [-63.745250364473655, 44.421719991016026], [-63.705393278579535, 44.42224335109374], [-63.698913853393464, 44.43201049859945], [-63.69670161362194, 44.435344304454816], [-63.68358254796658, 44.45510423573258], [-63.683489525963964, 44.45524428075166], [-63.68114820987981, 44.45767714505733], [-63.680828153227, 44.45800970124499], [-63.67825331127199, 44.46068482447641], [-63.67728246494454, 44.46169337317393], [-63.67385924086732, 44.4652492060245], [-63.673242098792485, 44.46588765704393], [-63.67241147080144, 44.4666925177147], [-63.671838890997826, 44.46724729438151], [-63.671834430418684, 44.467251553770524], [-63.66160855960574, 44.477060581512895], [-63.65392868186639, 44.48442643764214], [-63.653655091608776, 44.48468857886986], [-63.651294039947985, 44.48695086339514], [-63.651291140808475, 44.48695364507559], [-63.651152005608196, 44.48708689470209], [-63.650517723167816, 44.48769423351524], [-63.64978890769275, 44.488392084453864], [-63.642056550689986, 44.49579451728086], [-63.64195389633889, 44.49589829086734], [-63.642263980518614, 44.4961378031424], [-63.642894818589134, 44.49602230400696], [-63.64346110267176, 44.496148811119824], [-63.643927794829025, 44.49658718772024], [-63.644020697118314, 44.496743089377624], [-63.6441696052975, 44.49701079844262], [-63.644361690738975, 44.497034499739634], [-63.64454789959859, 44.49706611040653], [-63.644960600689025, 44.49722470681797], [-63.64554970572365, 44.49752129737461], [-63.64583948908185, 44.49758269512161], [-63.64592529617819, 44.49804639950494], [-63.64585391965859, 44.498309396199716], [-63.64556671390682, 44.498319105091646], [-63.64489190704687, 44.49823000770861], [-63.64459298838748, 44.49825529575956], [-63.64453471583257, 44.49833299994232], [-63.64472630186771, 44.49863699773356], [-63.644869086088015, 44.498651907353064], [-63.645095510565056, 44.49877900791204], [-63.64541290321612, 44.4988408927177], [-63.64557640794054, 44.49875359882572], [-63.64630830449328, 44.49906500481549], [-63.64677469256385, 44.499394501993585], [-63.646874498783596, 44.49965320332135], [-63.647112586096654, 44.499764807733285], [-63.647226190383776, 44.49981849424883], [-63.64729949947942, 44.49964631128512], [-63.64760421320616, 44.499613296864624], [-63.647728694169516, 44.49967110087525], [-63.64773251218166, 44.49998309315815], [-63.64779300024569, 44.50000001061334], [-63.64793818943156, 44.5002124027946], [-63.64854220327378, 44.50041460490718], [-63.649282216203886, 44.501069598147886], [-63.64953420416493, 44.501516987613904], [-63.649604803434215, 44.50181459488971], [-63.64991789787517, 44.50238559330163], [-63.65015438582984, 44.50307749562782], [-63.65044610840073, 44.50322971007057], [-63.650669590829416, 44.50356599334754], [-63.65142050267448, 44.50368430401335], [-63.65187350317951, 44.503938498894996], [-63.652265921373385, 44.50391909426107], [-63.65229971015778, 44.50363159038606], [-63.65245581377155, 44.50359150290064], [-63.652618705404095, 44.503654094814245], [-63.65286341444352, 44.50414870031901], [-63.65331050131864, 44.50441069826377], [-63.653593797149, 44.50449949067613], [-63.65413469613427, 44.50435689657906], [-63.654440810325305, 44.50415400828347], [-63.65469651660676, 44.50424229187956], [-63.655295987487044, 44.50469299390931], [-63.65577960226772, 44.50473860284312], [-63.6561647912474, 44.504896693698896], [-63.65677339598482, 44.50526069399846], [-63.656896490754654, 44.5054882929659], [-63.65711959855981, 44.5055640040489], [-63.65727930454127, 44.505705494005156], [-63.657326513453555, 44.50644469698304], [-63.65746731438359, 44.506779297035735], [-63.65778717957334, 44.50678200241188], [-63.65793550905303, 44.50706931053297], [-63.657957896010345, 44.507468488750334], [-63.65724548721338, 44.507485292926354], [-63.657099889819726, 44.50780989400366], [-63.65671272090927, 44.50797159494124], [-63.65698308878437, 44.50837600804848], [-63.65730399613561, 44.50848920483028], [-63.657611080114485, 44.508396905133715], [-63.65761639559423, 44.50853919088333], [-63.657115091420934, 44.508927507771865], [-63.65614783046429, 44.50919523949869], [-63.65605173508012, 44.50950019377633], [-63.656428814795056, 44.510065905814265], [-63.656940504277294, 44.51091359356562], [-63.65749299450281, 44.511706788196], [-63.65774308648099, 44.51193309180035], [-63.65785140073037, 44.512255087008604], [-63.65805539851962, 44.512393595820825], [-63.658223788523124, 44.51287529160859], [-63.65823330569416, 44.51290261466451], [-63.658543618620605, 44.51324258157298], [-63.659957974806616, 44.5165209544364], [-63.66013865224189, 44.5172267676553], [-63.66010885440864, 44.51732200896548], [-63.659999781737625, 44.51745221717435], [-63.65882433254421, 44.51794052791149], [-63.657654392001696, 44.5194007899797], [-63.65762765933979, 44.51980875203689], [-63.657600980468395, 44.52007091543506], [-63.65583060440926, 44.52339779327811], [-63.65552328983524, 44.52349010641182], [-63.65464768929306, 44.524526010082184], [-63.65441650855491, 44.52464749458103], [-63.65416381256892, 44.524890909626215], [-63.65394819938226, 44.5248982954134], [-63.653667704915094, 44.52501088953069], [-63.6534812997303, 44.52497940769355], [-63.65312470358238, 44.52506269962653], [-63.65297402410779, 44.525249203192715], [-63.6533571546968, 44.52543316872445], [-63.65347487550674, 44.525646616336104], [-63.65335579893816, 44.526072652159584], [-63.653071863177075, 44.526155633086084], [-63.653268131343, 44.526317562839246], [-63.653418730547074, 44.526617109447116], [-63.662967556677074, 44.545603066875536], [-63.66509468260601, 44.54983029820643], [-63.66510160396003, 44.549844094019164], [-63.677790740846, 44.57504590225852], [-63.67692492469048, 44.58125598894077], [-63.67398964336112, 44.60215167193547], [-63.6737951529414, 44.602645901925506], [-63.673715346594065, 44.60297007401778], [-63.673723549872506, 44.602988017181694], [-63.673722250630995, 44.60299173667896], [-63.67371209347334, 44.60302148920647], [-63.67347749402305, 44.603568598207424], [-63.67317821851083, 44.604268893029385], [-63.67301188585826, 44.60467744421026], [-63.67299560753287, 44.60471740626547], [-63.67287521831668, 44.60520249324807], [-63.67286790980971, 44.60525959787751], [-63.6728566811914, 44.605347007478485], [-63.67277589394147, 44.60599351040182], [-63.67265890288796, 44.607099690260746], [-63.67265818604101, 44.6071536982341], [-63.672657512256464, 44.60719870224126], [-63.67265689270331, 44.607252799081486], [-63.67264360684817, 44.60730689992364], [-63.67263030572514, 44.60735161403876], [-63.67260438603491, 44.6074051994197], [-63.672460319538004, 44.607800399780565], [-63.672265508588616, 44.60817691119304], [-63.672136692376, 44.60837390566124], [-63.67205759714581, 44.6084708002537], [-63.67198260651868, 44.60856210664804], [-63.67181700103734, 44.60874129127263], [-63.67167778650448, 44.60887729713688], [-63.671508410441874, 44.60902680693968], [-63.671328202018316, 44.609169794897895], [-63.6711144128841, 44.60932160891127], [-63.670969112465826, 44.6094343025996], [-63.670832191771474, 44.60955120669606], [-63.670703985870496, 44.609672993324416], [-63.670584898204474, 44.609799408448296], [-63.67047531386866, 44.60993010803717], [-63.670375411442805, 44.61006470593175], [-63.67028551385865, 44.610202892848854], [-63.67020581325623, 44.61034420344866], [-63.67014608816116, 44.61041329735318], [-63.67001360769637, 44.61059919667764], [-63.669895909753116, 44.610887112531124], [-63.66981729905437, 44.61117379483873], [-63.669761493334605, 44.611470390630224], [-63.66974229704965, 44.61199259256046], [-63.66975546021811, 44.61251851135303], [-63.669756983513395, 44.61257920125224], [-63.66976690668502, 44.61292869597747], [-63.66977799422484, 44.613891909344005], [-63.669795987207166, 44.61435999486463], [-63.669806190771574, 44.614593986618935], [-63.66979000263408, 44.61482810267216], [-63.669761697643224, 44.61499841031011], [-63.66972199588871, 44.6151606923713], [-63.669657098784924, 44.61533129503727], [-63.66957828120288, 44.615492904552056], [-63.669488107529126, 44.615644603537824], [-63.66946318147896, 44.61567180754269], [-63.66930401433967, 44.615860895982195], [-63.66874821057341, 44.61652340794423], [-63.66857899096991, 44.61671861036576], [-63.6677724066777, 44.617602812924986], [-63.66745178734861, 44.61799719952676], [-63.66742569882045, 44.61803249867767], [-63.66697864396517, 44.61855070965426], [-63.66666940775814, 44.6189091966924], [-63.666533106447, 44.61907708895804], [-63.666502813876306, 44.6191145927055], [-63.66611259455726, 44.619579985634154], [-63.66586559925298, 44.61995109787508], [-63.66578300306636, 44.62010001210015], [-63.66576532352639, 44.62014000712313], [-63.66564049421652, 44.6204222896636], [-63.665403098838716, 44.62115909475446], [-63.66514960555315, 44.622138304981036], [-63.6650097195896, 44.6226852961231], [-63.6648019837772, 44.623494307822114], [-63.66462460756673, 44.624401893329875], [-63.664611348404435, 44.62449921166797], [-63.66448499218075, 44.62542720763241], [-63.66440129500846, 44.6259399038735], [-63.664222191141896, 44.627353099680604], [-63.66421671450662, 44.62739620262858], [-63.6642095813021, 44.62745220394768], [-63.66410290997832, 44.62829490613401], [-63.66397640942154, 44.62924809316259], [-63.66388829055315, 44.630039904319645], [-63.66384701833146, 44.63028229694757], [-63.66382060421427, 44.630399509181665], [-63.66379409832844, 44.63050680451851], [-63.663690618302766, 44.63072259903114], [-63.663624992471085, 44.63083008778584], [-63.66343260132062, 44.631089594274755], [-63.663202197975394, 44.631339393263914], [-63.66308770174522, 44.631419807967504], [-63.66294819213171, 44.63150919345633], [-63.66284589297112, 44.6315800887722], [-63.662769510094016, 44.63165159119025], [-63.661242711807304, 44.632630303215144], [-63.661092498702374, 44.632520988115104], [-63.66101760709926, 44.63247559130015], [-63.660842585449, 44.632384699024456], [-63.66075258466537, 44.632339204070476], [-63.660653802286774, 44.632302794957965], [-63.66053668667955, 44.63226460784692], [-63.6604045852978, 44.63222790050262], [-63.660265490953485, 44.632190887608026], [-63.660127789626834, 44.63216289263622], [-63.65997629745063, 44.632143987825486], [-63.659838597883216, 44.632124985472295], [-63.65969998542458, 44.63212399351197], [-63.65954871809587, 44.632123093466454], [-63.65941010700329, 44.632131094114854], [-63.659258901613214, 44.632139095494196], [-63.65856308722997, 44.63226830885518], [-63.65844990614893, 44.632285995501476], [-63.65834868234731, 44.63229399769015], [-63.65736208247662, 44.63253000219496], [-63.65718469066511, 44.63256430671834], [-63.65702121081367, 44.63259939245015], [-63.65688279606186, 44.6326413050743], [-63.65670680049654, 44.632701608742416], [-63.65653541180898, 44.63276839036741], [-63.65636919478299, 44.632841506456735], [-63.65620860014243, 44.63292069104081], [-63.65605400282233, 44.63300579207894], [-63.65590590222783, 44.6330965880412], [-63.65576458797635, 44.63319270244266], [-63.6548478875431, 44.63385250739643], [-63.654033494602224, 44.63431448765193], [-63.65332289822293, 44.634686699554955], [-63.65266229448708, 44.63503260926801], [-63.65244659250853, 44.63513920739486], [-63.6522437031813, 44.63525470488751], [-63.652179778811124, 44.63529010423497], [-63.652115793780524, 44.63531660148791], [-63.6519889899248, 44.635369488883164], [-63.65191359758208, 44.635387088538415], [-63.6518381078643, 44.63540459925499], [-63.65177390099937, 44.635413090489756], [-63.65162279721387, 44.635430194715674], [-63.65148418821151, 44.63543810397277], [-63.651345708144326, 44.63545510591766], [-63.65070220288917, 44.63552271254225], [-63.649855902842404, 44.63561490292797], [-63.64890888948208, 44.63571570131725], [-63.64817718299629, 44.63579190733724], [-63.648024784396, 44.635808008405505], [-63.647949081063835, 44.63581119971725], [-63.647771097485936, 44.63581378666169], [-63.64759318279059, 44.63580980508644], [-63.6474157910619, 44.635799101821185], [-63.64723938428082, 44.63578180568254], [-63.64706461272569, 44.63575799766861], [-63.646891698258244, 44.63572769719381], [-63.646721304737234, 44.63569090608433], [-63.64655378481265, 44.63564779986868], [-63.64638967942913, 44.63559850625694], [-63.64629839466076, 44.63556951135992], [-63.64607400973585, 44.635505290952686], [-63.64588761491253, 44.635459101430605], [-63.645612599930345, 44.63540230440373], [-63.64537691500026, 44.63536399300114], [-63.64530449256392, 44.635356201317045], [-63.64523170540491, 44.63535119058309], [-63.645158520024594, 44.635348893572655], [-63.64508529942229, 44.63534929382794], [-63.64501228369034, 44.635352500765386], [-63.64493950157189, 44.635358412421816], [-63.64486728415776, 44.63536700151305], [-63.644795885130925, 44.635378298277736], [-63.644725301327476, 44.635392189925376], [-63.644655883734174, 44.63540879557996], [-63.644587815914775, 44.63542789823799], [-63.644521097859716, 44.63544949790327], [-63.644456206618145, 44.63547370062267], [-63.644279791438514, 44.63553069125311], [-63.644107811688954, 44.63559429839101], [-63.64394060571185, 44.635664190020115], [-63.64377891150952, 44.63574019769393], [-63.643575312446025, 44.63580170381115], [-63.64265251815289, 44.63603819607602], [-63.64209588764131, 44.63615989702133], [-63.64165321341472, 44.63626460655797], [-63.641096785643015, 44.63638639998477], [-63.64036330257134, 44.63654261441749], [-63.63944109208693, 44.63672509490817], [-63.63897280638643, 44.636793504662975], [-63.63853790153807, 44.63683140117545], [-63.63850928727292, 44.63683389432233], [-63.63849419079706, 44.63683488691165], [-63.63831640192178, 44.636839505811835], [-63.63831428600985, 44.63683956965366], [-63.63819051063938, 44.636843501701954], [-63.638178998403575, 44.63684381154596], [-63.63814577413446, 44.63684476760476], [-63.638141194453034, 44.63684488892615], [-63.63798870437229, 44.63684940816803], [-63.63787650992941, 44.63684640537542], [-63.63771456104802, 44.636842098802106], [-63.63748550731234, 44.63683598920388], [-63.637207914432715, 44.63681599898043], [-63.63683059006937, 44.636786508393634], [-63.63623971091846, 44.63670971251194], [-63.63496909106015, 44.636511496685664], [-63.63452809581326, 44.63650470808164], [-63.63437638985725, 44.63650669377482], [-63.634142879978484, 44.636514201717596], [-63.63375897986538, 44.63653810708986], [-63.63340559923428, 44.63650848962338], [-63.632970797939514, 44.63643999632598], [-63.63289040954816, 44.63642300909809], [-63.63280890554838, 44.63640910673529], [-63.63272661548211, 44.636398205597004], [-63.632643510548725, 44.63639040764087], [-63.63255990667715, 44.63638570840652], [-63.6324761987824, 44.636384102320584], [-63.632392389968615, 44.63638570217655], [-63.632308903935666, 44.63639040044299], [-63.632225819653065, 44.63639819600687], [-63.632143405969956, 44.63640909636121], [-63.63206189982933, 44.636423098166375], [-63.6318984963044, 44.636456387886184], [-63.63173771114207, 44.636495790057594], [-63.63157999679249, 44.6365410952103], [-63.63142590611076, 44.63659229557039], [-63.63133669881285, 44.636637006940916], [-63.63124770023464, 44.63668069974491], [-63.63117129942052, 44.636734201088466], [-63.63110868727099, 44.636769702209016], [-63.630628485902015, 44.637083895806335], [-63.630573592155045, 44.63711679413903], [-63.63051773226134, 44.63715190639699], [-63.63006431508588, 44.637437093012586], [-63.63002639118367, 44.63746360240549], [-63.63000051180697, 44.63748160343811], [-63.62993678290903, 44.63753510600128], [-63.62988561909066, 44.63757949482306], [-63.62983451448349, 44.63763289858427], [-63.62978339825493, 44.63769618714504], [-63.629652696254354, 44.638009698508625], [-63.62957308765152, 44.63829689913359], [-63.6295085018554, 44.638386397944], [-63.62943119830926, 44.63846691320644], [-63.629355097631624, 44.638547501771825], [-63.62926510949849, 44.638619100625625], [-63.62916379897862, 44.638689899589], [-63.62906189471401, 44.6387432054737], [-63.628363491128354, 44.63907959646318], [-63.62827458878335, 44.63912418804805], [-63.62808389029817, 44.639221507404535], [-63.627792685756525, 44.63934559404042], [-63.62748869524338, 44.63945081215214], [-63.62715941609006, 44.63954800054338], [-63.626829804893475, 44.63962630308399], [-63.62648879453676, 44.63968671015248], [-63.626185400736574, 44.63974720852966], [-63.62589390239133, 44.63982590921529], [-63.62571710878365, 44.639878614936045], [-63.62560349617643, 44.63991389161674], [-63.62543829483107, 44.6399755064546], [-63.62532479037318, 44.640019898710314], [-63.624873191793384, 44.640168285943], [-63.62481711204939, 44.64018650599795], [-63.62466537697518, 44.64026660560444], [-63.62438509030547, 44.640435404789145], [-63.62433461111453, 44.64046189619966], [-63.624232407046755, 44.64056960114485], [-63.62412900232112, 44.64068539089766], [-63.62405219796485, 44.64081099729782], [-63.6239866909503, 44.640936501824086], [-63.62390958547678, 44.64104370823954], [-63.62380709624789, 44.641150897887634], [-63.623679682469714, 44.64123970514939], [-63.623616009665334, 44.64127730398235], [-63.62354430126211, 44.64131639197834], [-63.623463992348086, 44.64134618950542], [-63.62282980434851, 44.641593388210765], [-63.62275401644221, 44.6416220949878], [-63.62271080944882, 44.64163549587437], [-63.6226219090554, 44.641657514103535], [-63.62253021588818, 44.64167280090922], [-63.62243679782534, 44.641681104373], [-63.62234260285929, 44.64168241122388], [-63.62229562173221, 44.641680394309475], [-63.62224971033882, 44.641675891198894], [-63.6220936111892, 44.641674498180734], [-63.6219561996584, 44.64167389288852], [-63.621820596342864, 44.64167409711086], [-63.62170591793828, 44.64167425672193], [-63.621684803126534, 44.64167429249866], [-63.621549194415635, 44.64167890843999], [-63.62141578500262, 44.64168879691768], [-63.6212870060207, 44.641705007218484], [-63.621163005844, 44.641726611998244], [-63.6210460959994, 44.64175548596801], [-63.62093671542, 44.641791498898584], [-63.620833890807695, 44.64183258816071], [-63.62080599114184, 44.6418416893647], [-63.62073309613782, 44.64186528746753], [-63.62066119118147, 44.641888104362344], [-63.62062377984535, 44.64190020457477], [-63.62057070500708, 44.641916901850756], [-63.62052501489628, 44.64192739124483], [-63.620477788984466, 44.64193490051889], [-63.620445109639206, 44.64194031080843], [-63.62034279334487, 44.64196249164596], [-63.62032851493352, 44.64196630201717], [-63.620245797369286, 44.641988491039875], [-63.62015830408313, 44.642025009730624], [-63.620081391132, 44.642073307796245], [-63.62001761365563, 44.64213319160761], [-63.619959811674185, 44.64220119543998], [-63.6199213059885, 44.64224259277769], [-63.619904992809445, 44.642297898090355], [-63.61986190549272, 44.642386097992144], [-63.61980910528055, 44.64246650084358], [-63.61974729755706, 44.64254350884044], [-63.61968090722823, 44.64261940726255], [-63.6196003953109, 44.642691011763915], [-63.619509403226886, 44.64276489521959], [-63.619368490193786, 44.642889904074984], [-63.61935119164823, 44.642908109821796], [-63.6193434944521, 44.64291619512025], [-63.61929229183916, 44.642961493296035], [-63.619272286464515, 44.642980707248306], [-63.61908739889157, 44.643157604519935], [-63.6189209554635, 44.6433362414475], [-63.618588415873226, 44.64364859909105], [-63.61828052024029, 44.64397969366312], [-63.61821689762333, 44.644051197157886], [-63.61814000252285, 44.64412229894334], [-63.61806319301659, 44.644184406019406], [-63.61797439967662, 44.64424699609795], [-63.61788540786895, 44.64430060668012], [-63.61778379353262, 44.64435330988013], [-63.61768211791117, 44.644398002072855], [-63.61744019771057, 44.644530690684626], [-63.61732599462746, 44.644593002425395], [-63.61792220111346, 44.645155592545926], [-63.618372070767876, 44.645581944564235], [-63.61847514929448, 44.645724155065594], [-63.61835861506066, 44.64582783513855], [-63.617770709443484, 44.646579891247605], [-63.61782529355852, 44.646603684883175], [-63.6179507933799, 44.64665888693635], [-63.61801298121272, 44.64669540468321], [-63.61810788342675, 44.64673920723912], [-63.61834048745139, 44.64690339974205], [-63.61842799197357, 44.64694890755538], [-63.618516814277285, 44.646995198098715], [-63.618604286463125, 44.64704239886009], [-63.61869058481429, 44.64709059765928], [-63.61877179045761, 44.64713868689161], [-63.618851799869425, 44.647188688518305], [-63.61892921025291, 44.64723959524521], [-63.61900921513932, 44.64729230505879], [-63.61908549586716, 44.64734408505154], [-63.619162884395756, 44.647395905955], [-63.619241695208274, 44.64744770695554], [-63.61932169129142, 44.647499491357586], [-63.619401708389226, 44.64755030495679], [-63.61948160830232, 44.647600296377924], [-63.619495298648616, 44.64760899732303], [-63.61954060729385, 44.647638606841625], [-63.61804830899453, 44.64827950232063], [-63.61802248264512, 44.64829059385667], [-63.617682413438125, 44.64842054618803], [-63.617541912951474, 44.64849153106698], [-63.617402780106126, 44.64857150161822], [-63.6172749951105, 44.648651415408025], [-63.617173199224425, 44.648731971235605], [-63.617159950736344, 44.6487411607736], [-63.61687981653675, 44.648964138743956], [-63.61670096846132, 44.64910644368369], [-63.61660680031567, 44.64917349817221], [-63.616567065875245, 44.64922347726386], [-63.61654069018339, 44.64926598058095], [-63.616518410693, 44.649331695323525], [-63.616519874841615, 44.649392791351], [-63.61650275801031, 44.649680974487524], [-63.61647477199073, 44.6500151129558], [-63.61647262460815, 44.6500493347567], [-63.616428789192724, 44.650435783616665], [-63.61640915283172, 44.65089501973687], [-63.61640714976968, 44.651012045356104], [-63.616393511349465, 44.65139112417261], [-63.616389132195934, 44.65145417538163], [-63.61638242449035, 44.651499700299155], [-63.61636910352523, 44.6515756952749], [-63.61629668722873, 44.65158680320722], [-63.616183497495236, 44.6516116929141], [-63.616074109107934, 44.65164379680484], [-63.6159698940828, 44.65168299423786], [-63.61589669508121, 44.65171870175627], [-63.61586449960717, 44.651734000315635], [-63.61575788555579, 44.65179129745705], [-63.61565631954339, 44.65184589493645], [-63.61556348623648, 44.65189320511003], [-63.615482282570525, 44.65193510606812], [-63.615435807450474, 44.65195720462788], [-63.61535899445529, 44.65199780309392], [-63.61530628586528, 44.65202320441052], [-63.61522598530453, 44.65205940517334], [-63.6151087439197, 44.65211719925788], [-63.615047478552235, 44.652146511063485], [-63.614898639451056, 44.65228904007413], [-63.61507711345589, 44.65241440077171], [-63.615535981356004, 44.652749500048465], [-63.615587825011296, 44.65278733814163], [-63.615688394717814, 44.6528513103755], [-63.61577479935501, 44.652914689728696], [-63.61584988826542, 44.652978192654025], [-63.61592180047607, 44.65306718655226], [-63.61617031411097, 44.65345809106134], [-63.616613408413365, 44.65430050532739], [-63.61663598799243, 44.65434343378472], [-63.61698989777256, 44.65498280448809], [-63.617016210554276, 44.655030409289964], [-63.61732809664508, 44.655621390397684], [-63.61736045026065, 44.655682892891264], [-63.61810950323194, 44.656955702592775], [-63.61878691556293, 44.65823040500673], [-63.618798967740545, 44.65825307751488], [-63.618967693804635, 44.65856451178513], [-63.61922612002473, 44.65902489705821], [-63.619421583415075, 44.65940480809743], [-63.61949848705399, 44.65962110577471], [-63.61955398979598, 44.65984689957871], [-63.619586701966206, 44.66009149652295], [-63.61958944624873, 44.660160488545074], [-63.61959299765407, 44.660249703333996], [-63.61970079234367, 44.66032148352056], [-63.62017619110235, 44.66050099247398], [-63.62098181000499, 44.660872504631016], [-63.6211843959609, 44.660975798179344], [-63.62132841152964, 44.661102006126306], [-63.62133720858943, 44.66111200586284], [-63.62150399515661, 44.66132409066375], [-63.6217334415959, 44.66162757743418], [-63.62175538856135, 44.66166500790289], [-63.6220039006435, 44.662088594870504], [-63.62232450630806, 44.66265439329559], [-63.62232822881048, 44.66266096560264], [-63.62241459804418, 44.66264027928552], [-63.62243259110601, 44.66263619063373], [-63.622532285409605, 44.662613602456105], [-63.62274030216689, 44.66257169058079], [-63.62280069114595, 44.66256079050797], [-63.62307267940491, 44.66251810680527], [-63.623285408173814, 44.66249290870645], [-63.6233473977426, 44.66248559710061], [-63.62347361193744, 44.66248670779949], [-63.62361199118889, 44.662488009105445], [-63.62374990851145, 44.66249781437283], [-63.62395190357776, 44.662508392168064], [-63.62416639666478, 44.66251918940866], [-63.6242101944812, 44.66252196139484], [-63.62433008674859, 44.66252950169526], [-63.62474981967577, 44.66255499277268], [-63.6249982101314, 44.66257019940519], [-63.62572880411735, 44.662603210990184], [-63.62615799908093, 44.66261508827881], [-63.626574184105465, 44.662609304281304], [-63.627002704636546, 44.66257719744646], [-63.627722193334556, 44.66251020418486], [-63.62797808755144, 44.662489004055935], [-63.62827019327951, 44.66246956257364], [-63.62836629030156, 44.662461700380376], [-63.62836679486032, 44.662461648147826], [-63.62845580080154, 44.66245238460293], [-63.628463290148126, 44.66245160221788], [-63.6285307109959, 44.66244459434415], [-63.628709097969924, 44.662432787513275], [-63.62902289510237, 44.6624121019173], [-63.62916160556136, 44.66240420383488], [-63.62930739503215, 44.66240700584999], [-63.629439184272975, 44.66241530860142], [-63.6295768823964, 44.662434305346196], [-63.62971571020042, 44.6624627090903], [-63.630270336738235, 44.66304524192868], [-63.63093989491916, 44.663741173437295], [-63.63095138417596, 44.66378896255227], [-63.63233968306835, 44.66977114985207], [-63.63236331705012, 44.6698713370524], [-63.63384619338994, 44.67615884439121], [-63.6347123528621, 44.679701960487755], [-63.63558453953631, 44.68326930887427], [-63.636639707861235, 44.68758424439849], [-63.63784280196631, 44.69262286745296], [-63.65943506047125, 44.69522326701702], [-63.66086447727959, 44.69507620662803], [-63.66093231539279, 44.695057790511605], [-63.661479551846334, 44.694909062546145], [-63.66229357328434, 44.69460287807407], [-63.66321696524644, 44.694297511442755], [-63.66422693456689, 44.6940551861556], [-63.664667411250534, 44.693855531274004], [-63.664669196740704, 44.693730683341585], [-63.664781087950004, 44.69355980720111], [-63.66522222047524, 44.693313333659496], [-63.66574978033911, 44.69314549642918], [-63.666520627235194, 44.69279215612613], [-63.66672929625013, 44.692704009469054], [-63.6672470728246, 44.69248531125046], [-63.66801726861039, 44.69217878606054], [-63.66852199047427, 44.69207320619638], [-63.669685300187425, 44.69181636210839], [-63.670608163593684, 44.69154214839982], [-63.67157586811212, 44.691190184683215], [-63.67302664962817, 44.69071688202466], [-63.67390458339803, 44.69045595246969], [-63.67410327033804, 44.69039693022946], [-63.67561897627231, 44.68997086926688], [-63.67698109303527, 44.68957490293682], [-63.67801920825151, 44.6892873291841], [-63.678028841879055, 44.68928450222855], [-63.6781754780338, 44.689407304516486], [-63.67844922114868, 44.689616297545626], [-63.67873779246413, 44.68979830105919], [-63.67903769941407, 44.68997109741959], [-63.68006481173244, 44.690500710674044], [-63.68096229888873, 44.690948993551345], [-63.68241969433718, 44.69167850538799], [-63.682995899980014, 44.691952412027646], [-63.68355980445385, 44.69225329095841], [-63.68407228791309, 44.69258150211394], [-63.68455989388939, 44.6929449979413], [-63.68499598249189, 44.69332590787908], [-63.68788400639961, 44.69612719536382], [-63.68811210368515, 44.696344987510706], [-63.68838446317407, 44.69660538016248], [-63.690236785342016, 44.69837620294274], [-63.69070951248597, 44.698833444926706], [-63.690783449417594, 44.69890496573259], [-63.69118299744023, 44.699291385440404], [-63.69189831608361, 44.700003694001886], [-63.69193019599749, 44.7000350086588], [-63.69202470712903, 44.70012440915849], [-63.69254050339249, 44.70061550421002], [-63.69300148896556, 44.70105919866951], [-63.693300197016484, 44.70134098966905], [-63.69353658728715, 44.70158530111848], [-63.693760591450236, 44.70184770851157], [-63.693945681354805, 44.70211940485401], [-63.694142002516415, 44.70249809856451], [-63.69421948681089, 44.70272339150804], [-63.69427540349625, 44.702886199787734], [-63.69454149486879, 44.70370740654267], [-63.6948086074686, 44.70451060824565], [-63.6952334918201, 44.7057367969655], [-63.69557211319824, 44.70681049490913], [-63.6959358836104, 44.70788409581035], [-63.69628698633278, 44.70894880169691], [-63.696367061100894, 44.709187843968834], [-63.69637673232679, 44.70921664281812], [-63.6963791626459, 44.70922400037556], [-63.69639561442912, 44.70927310726879], [-63.6967231196713, 44.71025679349726], [-63.697159096920736, 44.71156400365124], [-63.69755890884922, 44.71279130604438], [-63.69794660511426, 44.71395471097703], [-63.69801739730403, 44.714279289837606], [-63.698050486582076, 44.714612205611004], [-63.698059395037106, 44.71493619021173], [-63.69801671513262, 44.715269598090394], [-63.69800259929508, 44.715336576914666], [-63.697948592659074, 44.715593201647046], [-63.69781780454601, 44.715943290955714], [-63.69779200825929, 44.71600551012064], [-63.69764899873962, 44.71629270232079], [-63.69744210210652, 44.716624289748495], [-63.69726290031022, 44.71683880271013], [-63.69700608894296, 44.71711580554641], [-63.69680139404383, 44.71731239731283], [-63.69587020447154, 44.71809770437331], [-63.69480911345849, 44.71900890508747], [-63.693838199592435, 44.719856508465796], [-63.69330160484262, 44.720329913204644], [-63.69258600613603, 44.720946205870085], [-63.69161460810207, 44.72182089099581], [-63.69077080721204, 44.72258030570063], [-63.6903108877835, 44.72298188957922], [-63.690083284389786, 44.723172305827056], [-63.69001729770591, 44.723228896731634], [-63.689957118992595, 44.72328046893603], [-63.68995208259832, 44.723284798919394], [-63.689908210264996, 44.72332317160639], [-63.68998409181083, 44.72341238491994], [-63.69005369988482, 44.7234900069555], [-63.69009461108316, 44.72352373279137], [-63.69027560689137, 44.72372841475683], [-63.69041240599343, 44.723873399022665], [-63.69044897899549, 44.72393660679325], [-63.690623010227, 44.72413580326567], [-63.690784293562984, 44.72433490530129], [-63.69082201183184, 44.72438079071828], [-63.690858793309005, 44.72442549334495], [-63.691019995744185, 44.72463319839079], [-63.69110699458996, 44.724724493894456], [-63.69126940603115, 44.724896294342216], [-63.691367907175966, 44.725004691760475], [-63.6914932165832, 44.725104893290464], [-63.69161801153622, 44.7252048087818], [-63.69175521559423, 44.72529579237867], [-63.69185578295528, 44.725359105870865], [-63.69189388571446, 44.72537780225591], [-63.69196879560657, 44.72541419811671], [-63.69208181180837, 44.7254694030721], [-63.6921313183463, 44.72548709574426], [-63.69220738690138, 44.725515391628086], [-63.69229489441479, 44.725542807459], [-63.69260900435894, 44.7256254896216], [-63.69343900596526, 44.72586528870699], [-63.69390460327378, 44.72599500419637], [-63.69521409908924, 44.726313496013425], [-63.69542759720434, 44.72636549501416], [-63.695804790946795, 44.72644058417474], [-63.69590590089025, 44.72644991398517], [-63.69619550220536, 44.726487701371234], [-63.69654819483187, 44.72651799504335], [-63.69677580237573, 44.72653730424514], [-63.69687640532697, 44.726537914258735], [-63.697015693096716, 44.726538504402114], [-63.69714190667407, 44.7265305956252], [-63.69724288813844, 44.726531696324784], [-63.69869458231779, 44.72648780715658], [-63.69923739397669, 44.72647360396389], [-63.69964170023897, 44.72648561086016], [-63.699780705738775, 44.726495514110496], [-63.69985621033096, 44.7265048130655], [-63.69995758290815, 44.72650520498392], [-63.700000605904506, 44.726509499585774], [-63.700663301381965, 44.72656450328309], [-63.70187229825067, 44.72673480374506], [-63.702858794965636, 44.72688159849096], [-63.70327150721052, 44.72694310087412], [-63.70424168051121, 44.727084806460894], [-63.70543901549126, 44.72721879271394], [-63.70596971083243, 44.72722259941789], [-63.70635989050456, 44.72722560884282], [-63.70754819140966, 44.727152483803536], [-63.7081794928039, 44.727111685985605], [-63.710341399311346, 44.72697778379287], [-63.710391490587504, 44.72697468637983], [-63.71063109682662, 44.72694888519624], [-63.71083408199739, 44.72692330402091], [-63.71090980716638, 44.72691470886787], [-63.711111508928134, 44.726889112401174], [-63.71141548291971, 44.72685570780854], [-63.71197241417046, 44.72675149208662], [-63.7123642081204, 44.72668151388144], [-63.71295929071367, 44.726568987586205], [-63.71444008191383, 44.72629120140228], [-63.714947003517985, 44.72619540525416], [-63.71499741181085, 44.726186994748254], [-63.715010013686076, 44.72618689588451], [-63.71507288513759, 44.726169402658414], [-63.71602329446601, 44.725924002625206], [-63.716061100459996, 44.725915690535665], [-63.71612400311964, 44.72589820739916], [-63.71641600071734, 44.72581890740191], [-63.717113196641535, 44.72562549261108], [-63.71736610031006, 44.7255554922818], [-63.71745549069503, 44.72552880463357], [-63.71765809352859, 44.72547618834589], [-63.71768328202004, 44.72546799762932], [-63.717695883689586, 44.72546789838657], [-63.71778411471572, 44.72545020243674], [-63.718024691103786, 44.72540728687353], [-63.71836630593709, 44.72535569305348], [-63.71868169721277, 44.72533028753863], [-63.71900988598227, 44.725323698527205], [-63.71913618300927, 44.7253246980332], [-63.71954139073987, 44.72530949667092], [-63.71960449459799, 44.72531009269715], [-63.71975610597229, 44.725310901910454], [-63.71999589995358, 44.725303100925515], [-63.720727106606056, 44.72530840383551], [-63.72108059244888, 44.725301583861715], [-63.72127000681409, 44.72530309605977], [-63.72143419116878, 44.72530390470332], [-63.72158559339703, 44.72529659732225], [-63.721598292656665, 44.72529658636565], [-63.72176358469473, 44.72528830150462], [-63.72191479273023, 44.725262189369055], [-63.72207989353851, 44.72523680428991], [-63.7223445128027, 44.7251937061132], [-63.723977613159676, 44.724916894538886], [-63.7240028986583, 44.72491680591516], [-63.72465970811295, 44.724831603660135], [-63.72529259700224, 44.72474560696904], [-63.725443894791965, 44.72472848465614], [-63.72637930585523, 44.7246091052008], [-63.727062483500966, 44.72450570622398], [-63.72741661695743, 44.72445389937473], [-63.727707794822905, 44.724410710276395], [-63.72859391461541, 44.72428170276608], [-63.72903629910732, 44.72421319844605], [-63.72927700314134, 44.72417828818966], [-63.7302249009006, 44.72404080884134], [-63.73026260843067, 44.72403251481635], [-63.73078379937237, 44.72396040075555], [-63.73107250768942, 44.72392061352611], [-63.7314091934232, 44.72386968807244], [-63.73164159122113, 44.72383459286328], [-63.7319705916016, 44.72379198902129], [-63.732077690596086, 44.723778586620014], [-63.73210960409051, 44.723774590610354], [-63.732551895513325, 44.72372340979738], [-63.73266541306419, 44.72371549700043], [-63.73290640116473, 44.72369871364903], [-63.73313238865783, 44.72370079561459], [-63.73337249012124, 44.72371099331825], [-63.733561883097394, 44.723712502217936], [-63.733939991019575, 44.723750501697396], [-63.734128593559156, 44.72378798741299], [-63.73451960522742, 44.72385390829224], [-63.73461968914399, 44.72388119278068], [-63.73490970394602, 44.723946911873], [-63.73545078448995, 44.724093706699115], [-63.736305897586654, 44.72433380925858], [-63.73685899229932, 44.724517598047726], [-63.73711009345384, 44.72459968575308], [-63.7372991179649, 44.724664195282976], [-63.73748700818366, 44.72474680644542], [-63.73766229574072, 44.72482840174334], [-63.73783771049131, 44.724920007989276], [-63.73850358275129, 44.725248797784054], [-63.73860388140511, 44.725294103083456], [-63.73901690946365, 44.72549489796882], [-63.73910579090103, 44.72553121067625], [-63.739623996448685, 44.72574608720353], [-63.740312010897895, 44.725953690268156], [-63.740827594552606, 44.726082703199786], [-63.74150710320634, 44.72624939247113], [-63.74173340672606, 44.72630460755328], [-63.74184739399094, 44.72633260849504], [-63.742224811702485, 44.726416597998124], [-63.74307989647948, 44.726628902946594], [-63.74337138247147, 44.72670510586848], [-63.743998303808596, 44.726895906045975], [-63.7442371966859, 44.72696979710876], [-63.74427521124419, 44.72697849351715], [-63.74430060388789, 44.72698820762405], [-63.74439689152357, 44.727019920091735], [-63.74505379519112, 44.72723629698166], [-63.745393698847195, 44.72734658829807], [-63.74568279616756, 44.727438309223714], [-63.746085906176894, 44.727558114965], [-63.74651321774158, 44.727695801472386], [-63.74755680211646, 44.7280266051484], [-63.74828579515885, 44.72824680712253], [-63.74907749614941, 44.72853149221605], [-63.74922739305306, 44.72860440377426], [-63.7496419851948, 44.728805095802535], [-63.75030649711289, 44.72916049144361], [-63.75034359630599, 44.72917859203769], [-63.750381796762134, 44.72920010753839], [-63.75045700693283, 44.7292425133671], [-63.750833207420435, 44.72944269712524], [-63.75088280494457, 44.72947029095989], [-63.75089551879809, 44.729470196602094], [-63.751096299255885, 44.72957060040183], [-63.751410111131754, 44.72971709312576], [-63.75252818605479, 44.7301383059763], [-63.75386059420032, 44.73063269116094], [-63.75445168370866, 44.73083500589593], [-63.75520510216659, 44.73108291072463], [-63.75541940263117, 44.7311472083197], [-63.755746389464534, 44.731238708158706], [-63.75577180209422, 44.73124839638042], [-63.756362496830334, 44.731413789568315], [-63.75685348930885, 44.731552307375786], [-63.757356303975385, 44.73169980643222], [-63.75778469112202, 44.73181940840872], [-63.75782148861413, 44.73182899875976], [-63.758237306833, 44.73194871434194], [-63.75826269286441, 44.73195749917037], [-63.75833738916012, 44.73197590603496], [-63.758501013808306, 44.73203069734578], [-63.75930638235722, 44.73226120304835], [-63.76002350271519, 44.732463391438294], [-63.760954011341816, 44.73273091214576], [-63.76099200537849, 44.732739703711545], [-63.76213671472748, 44.73307139711143], [-63.762563994000395, 44.733200003426916], [-63.76353428680533, 44.7334131992484], [-63.76401239328976, 44.7334702916792], [-63.764050296314096, 44.733470898606285], [-63.764694304189675, 44.73355580822971], [-63.764971309945594, 44.73359350353187], [-63.7651344875429, 44.733613089936256], [-63.76547490366839, 44.7336604082996], [-63.765904702308966, 44.73368989545587], [-63.765979302903034, 44.73369930000258], [-63.76599190675109, 44.73369919393441], [-63.7660298099933, 44.73369980002133], [-63.76658591741427, 44.73373029611964], [-63.766887910639376, 44.73374089658915], [-63.76705209001162, 44.73374250245481], [-63.767772193556446, 44.733755689845125], [-63.76803629302412, 44.73376649377783], [-63.76806148561058, 44.73376630387363], [-63.768288905933396, 44.7337683995146], [-63.76965308272193, 44.73378620487873], [-63.76969100894287, 44.73378600750487], [-63.77078861580606, 44.733793001195586], [-63.771079298561666, 44.73380399013274], [-63.77108498761942, 44.7338040930856], [-63.77176138843807, 44.73381700601655], [-63.77225319933588, 44.73382950660538], [-63.77378000620441, 44.73384829343169], [-63.77425998271158, 44.73385140624651], [-63.774740002945705, 44.733854391611196], [-63.775497785906595, 44.733859192659956], [-63.77551969308461, 44.73385928926962], [-63.77648181301694, 44.73387409602297], [-63.77747969908004, 44.73388078917728], [-63.7779338977915, 44.73390149234046], [-63.77805960827679, 44.73390209069171], [-63.7782049171598, 44.733902900132264], [-63.77841330885845, 44.733904196584135], [-63.77855861367805, 44.73390589738023], [-63.77876700540058, 44.733907193006125], [-63.778981682194484, 44.733908400590686], [-63.779190105950924, 44.73390970601457], [-63.77939849770896, 44.73391100016573], [-63.77958160313803, 44.73391150628522], [-63.77978999086329, 44.733913691453694], [-63.77999841466732, 44.733914994989625], [-63.78020691763583, 44.73391629679287], [-63.78031410857997, 44.7339100936903], [-63.7805224079413, 44.73389971336151], [-63.780547596511674, 44.733900411863665], [-63.78083168631098, 44.733895803104], [-63.781040109293315, 44.73389350287798], [-63.78124840648559, 44.73389021067294], [-63.78145679741021, 44.7338878986885], [-63.781646197601475, 44.73388658539875], [-63.78185460536958, 44.73388430608779], [-63.78206289794589, 44.73388290868428], [-63.78225218834217, 44.73386988865414], [-63.78246040353899, 44.73385579088349], [-63.78266992055627, 44.73384179628268], [-63.782732988196805, 44.73384230329427], [-63.78280870949182, 44.73383359042701], [-63.782998013285024, 44.73382509567883], [-63.78327581064184, 44.7338178011612], [-63.78329989840794, 44.73381620190907], [-63.78337669184759, 44.73380988759259], [-63.78351551607285, 44.73380180426275], [-63.78405929530381, 44.73376020128222], [-63.78445060879686, 44.73374489080557], [-63.784475699480126, 44.73373581305792], [-63.78462831667374, 44.7337185012203], [-63.78496911467614, 44.73369379170583], [-63.78546231261015, 44.73366059942105], [-63.78605541181302, 44.733619604893306], [-63.78680070917422, 44.73363339207785], [-63.78725458140724, 44.73367249998012], [-63.78741910501906, 44.73369121165989], [-63.78803669391756, 44.733785098402706], [-63.788049297737125, 44.73378498921902], [-63.78848890854733, 44.733887312042114], [-63.788942793323685, 44.73401559835716], [-63.78905571779802, 44.73405260047957], [-63.78934500529922, 44.73415319086398], [-63.78967110955493, 44.73429920177347], [-63.79016109368726, 44.73453649772762], [-63.79031121322635, 44.73461829272499], [-63.7906367863262, 44.73478259802113], [-63.79068768244583, 44.734809201970656], [-63.791631682833845, 44.73532000510384], [-63.79181629947513, 44.73541988964942], [-63.79198000440883, 44.73549070767726], [-63.792131816348444, 44.73554839249601], [-63.792319084500186, 44.73560989455064], [-63.792447091747334, 44.735646303329986], [-63.792609613319414, 44.735686295879574], [-63.79274801470325, 44.73571470420597], [-63.79288530509273, 44.735741007522016], [-63.79302448663601, 44.735759908475224], [-63.79316321260226, 44.735769807338166], [-63.79339008772552, 44.73578089084734], [-63.79371058109709, 44.73578520255553], [-63.794031094321916, 44.73577748935278], [-63.79432826449474, 44.73575926292425], [-63.79435058653204, 44.73575790325995], [-63.79465330150776, 44.735725046560944], [-63.79677421005764, 44.737240744786796], [-63.79784538721237, 44.73800620452783], [-63.79808550448875, 44.7377377231813], [-63.800472017191964, 44.73506916672646], [-63.80137958271241, 44.734965098796955], [-63.80296039451067, 44.734749710064044], [-63.80303609826768, 44.73474200759234], [-63.80396050932511, 44.734549110883556], [-63.80406229710127, 44.73451421109875], [-63.805266305370495, 44.73412520661225], [-63.81020109602945, 44.74048241348733], [-63.81029051602608, 44.74058950614616], [-63.81365698137596, 44.737904284695006], [-63.815049986508235, 44.73677551757331], [-63.8162704158114, 44.7358155913981], [-63.81777760338739, 44.734618699349575], [-63.81888495729715, 44.733745797880225], [-63.819955726025825, 44.732896621338405], [-63.82032608467242, 44.73260190637922], [-63.826081423213026, 44.72812409404329], [-63.82703668936745, 44.72872256556547], [-63.827195200179204, 44.72834270737095], [-63.82749840447893, 44.728237795436904], [-63.82752519224955, 44.7282494278544], [-63.8279349792329, 44.72827370268856], [-63.82873890973131, 44.72871959410195], [-63.82923378767946, 44.72882770088764], [-63.82994228947129, 44.72870669335921], [-63.83047880533678, 44.72844019867202], [-63.831583705763045, 44.728389808854786], [-63.83247009711243, 44.72825630486685], [-63.83314060835118, 44.72826098989686], [-63.83336289396663, 44.728395585674896], [-63.83386149485198, 44.72840499305828], [-63.83414281375087, 44.7285919984811], [-63.83411290117624, 44.728950994054856], [-63.83429439510365, 44.72929030009439], [-63.83518358623113, 44.72952829255873], [-63.835424201081445, 44.7297699133316], [-63.83532501537853, 44.73035289940109], [-63.83566401695863, 44.73063189361909], [-63.83590600829592, 44.73068389565132], [-63.83674790416294, 44.73055351500983], [-63.83772749892132, 44.730145101332546], [-63.83822749157066, 44.729964787072], [-63.83918961821525, 44.72987999776128], [-63.839815006997924, 44.72960720023952], [-63.840337599935076, 44.729565589843745], [-63.84099649039265, 44.72928549446846], [-63.84201539881433, 44.72826130709381], [-63.84227400512393, 44.727859195113005], [-63.84258407863045, 44.72770047141411], [-63.84303308796737, 44.72771514724859], [-63.84333281253063, 44.72796382235296], [-63.84381029191777, 44.72817489084134], [-63.8442276656378, 44.72830350622271], [-63.84468765556633, 44.72838413793247], [-63.84503510781842, 44.728298013040664], [-63.845812008965055, 44.72812279375774], [-63.84609908540724, 44.72785150837942], [-63.84628269788861, 44.72723059070618], [-63.84646770372947, 44.72687051456536], [-63.846436203496594, 44.726368093293594], [-63.84668909602539, 44.72612379982461], [-63.84718908367905, 44.72609359675699], [-63.84767509879677, 44.72583789145604], [-63.847790906432756, 44.72555160296915], [-63.847550955355885, 44.72514009363595]]]}, "properties": {"FED_NUM": 12007, "ED_NAMEE": "Halifax West", "ED_NAMEF": "Halifax-Ouest", "REPORDER": "2023", "SHAPE_Leng": 121921.094639, "SHAPE_Area": 712635110.057}}, {"type": "Feature", "geometry": {"type": "Polygon", "coordinates": [[[-64.87155692966758, 45.164031210524115], [-64.84552899379811, 45.14875901597081], [-64.83709369790682, 45.14380590150228], [-64.83706097133475, 45.14379900107718], [-64.83706140437322, 45.14379580927702], [-64.8370630087506, 45.14372779844651], [-64.83706309400226, 45.14370509522482], [-64.83706198867345, 45.143669105114455], [-64.83704939590098, 45.14363329394304], [-64.83703678841816, 45.14359750581225], [-64.83701339363667, 45.143551602064385], [-64.83697278494138, 45.14350759580864], [-64.83691897976345, 45.1434600016311], [-64.83685769048526, 45.143408595118316], [-64.83678578863184, 45.14336838839155], [-64.83671648883715, 45.14332809902042], [-64.83664029253474, 45.14329240063174], [-64.83644440252947, 45.14314140692501], [-64.83643669563702, 45.143130890022704], [-64.83627561159489, 45.14298679632846], [-64.83625721547135, 45.14296999733423], [-64.83606811389134, 45.14265359720508], [-64.83605900034945, 45.14261939958416], [-64.83601221333603, 45.14243020287446], [-64.83598849094236, 45.142363655660674], [-64.83593530791093, 45.14221451333121], [-64.83585720267696, 45.14199880022949], [-64.83582531384405, 45.141898108873114], [-64.83580558914684, 45.14181868742585], [-64.83578411420727, 45.141693799447914], [-64.83577819678297, 45.14163908837246], [-64.83577651204583, 45.14159131150204], [-64.83577829562584, 45.141543507561906], [-64.83578369244073, 45.14149569521579], [-64.83579250243237, 45.14144830996325], [-64.83581538714742, 45.141369407964014], [-64.83585279432938, 45.141188804248785], [-64.83588898192853, 45.141009003569565], [-64.8359265008933, 45.14082840835907], [-64.83591231352035, 45.140585597645426], [-64.83591299286624, 45.14056760871851], [-64.83588569394215, 45.14035198834838], [-64.83574438795645, 45.14010940029409], [-64.83561548322741, 45.139857600770135], [-64.8354880005879, 45.13965080121156], [-64.83535961105562, 45.139454007473525], [-64.8352435992499, 45.1392469957743], [-64.83511479247846, 45.13904018734556], [-64.83501300111466, 45.13887888877922], [-64.83494878946671, 45.1387800001791], [-64.83489689849019, 45.138707899271886], [-64.8347946859303, 45.138537695100986], [-64.83469158499659, 45.13837550452368], [-64.83458951271092, 45.13820520604979], [-64.8344609958391, 45.13800739757448], [-64.83434530832963, 45.13780939640673], [-64.83422961230575, 45.137612391351674], [-64.83410121107627, 45.13741459113709], [-64.83398539957454, 45.137216604835636], [-64.83388330004188, 45.13704629603385], [-64.83379240324257, 45.136866808873954], [-64.83369020858227, 45.13669560879664], [-64.83358679002458, 45.136525404115424], [-64.83347171012505, 45.13634541327273], [-64.8333696145114, 45.136175104563705], [-64.8332660955495, 45.1360038956001], [-64.83315131872257, 45.13583379810699], [-64.83303520464717, 45.13566291113419], [-64.83292030038409, 45.13549191186107], [-64.83281789267873, 45.13531259295869], [-64.83270180758825, 45.13514160339549], [-64.83259971761697, 45.13497129474647], [-64.83248329181727, 45.13479139752354], [-64.83238120346674, 45.1346210888982], [-64.83226600616389, 45.134441112866085], [-64.83223948980475, 45.134405502440195], [-64.83214960636063, 45.13426105658506], [-64.83203449278767, 45.1340819949052], [-64.83191939279634, 45.1339019936537], [-64.83191131272967, 45.13388869204306], [-64.83180429578688, 45.13372290893741], [-64.83176571796714, 45.13366869675255], [-64.83168820699821, 45.13355199883414], [-64.8315861097358, 45.133381713302526], [-64.8314698894017, 45.13321070498326], [-64.83135510969947, 45.13303971386467], [-64.83098329880525, 45.132510110349266], [-64.83070061027433, 45.13206090290437], [-64.83058459166801, 45.131853904776655], [-64.83048239657575, 45.13163859652949], [-64.8303790845246, 45.131432394212446], [-64.83027679480011, 45.13121619483618], [-64.83019900404254, 45.13100951030241], [-64.83010840247411, 45.13080299493995], [-64.83000549900488, 45.13060480479288], [-64.82988978705089, 45.13040770024057], [-64.82954450215792, 45.12994961299536], [-64.82942941103518, 45.129769691474735], [-64.8293140191209, 45.129581596937285], [-64.82919728414893, 45.12939259992469], [-64.82909500276064, 45.1292133130475], [-64.82897961166545, 45.12902430204251], [-64.8282991846651, 45.12791000791715], [-64.82819709520426, 45.127739689455815], [-64.82808129722014, 45.12757768890237], [-64.82797919460722, 45.12740739348498], [-64.82787590844504, 45.12723619122673], [-64.8277738073833, 45.12706589584119], [-64.8276703860395, 45.12689570443176], [-64.82756831708917, 45.12672450299864], [-64.82746500349165, 45.12655420687903], [-64.82718239295791, 45.12606900576065], [-64.82691342202007, 45.125646595786534], [-64.82625868704629, 45.12457780582565], [-64.82600698051654, 45.124141607161825], [-64.82599359138506, 45.12411938691886], [-64.82598150624753, 45.124098805778516], [-64.82574769606661, 45.12370469898443], [-64.8257381933343, 45.1236878041116], [-64.82572069950976, 45.12365741300383], [-64.82564280377717, 45.1235262881769], [-64.82552768266733, 45.1233464025674], [-64.82542559930566, 45.12317610753502], [-64.82530930630983, 45.122996095533225], [-64.82519451289517, 45.12282600014584], [-64.82507809466748, 45.12264600291325], [-64.82497609439017, 45.12247570573781], [-64.8248610197445, 45.122295694546516], [-64.82474488609297, 45.12212469660483], [-64.82464260640589, 45.12194540017518], [-64.82452780154543, 45.121774411298325], [-64.82441139368508, 45.12159538704223], [-64.82405278443835, 45.12099349637971], [-64.82350129258582, 45.120085899967435], [-64.82339788065542, 45.11991470262974], [-64.8232958131268, 45.119744407843605], [-64.82317981904976, 45.119573395091145], [-64.823077705859, 45.119403112925625], [-64.82297439350829, 45.119232806902], [-64.82285961662676, 45.11906179497792], [-64.82275629541961, 45.11889070851098], [-64.82265420010786, 45.11872040336288], [-64.82255089092496, 45.118550097382744], [-64.82243610266202, 45.118379108481804], [-64.8223339931233, 45.118207909928564], [-64.82223068632698, 45.11803760397843], [-64.8221159153157, 45.117866592036805], [-64.82201390639698, 45.117697201251254], [-64.82201259539745, 45.1176963091325], [-64.8220005844451, 45.11767849832174], [-64.82198860603148, 45.117660697939684], [-64.82189779355505, 45.117525286749654], [-64.8217945077735, 45.1173550142886], [-64.82077749460423, 45.115639289255725], [-64.82075601131855, 45.11560270468964], [-64.82072938810998, 45.11556710870224], [-64.82065240292543, 45.11542338949465], [-64.82054969762989, 45.11523420578797], [-64.82044741776542, 45.11505489979046], [-64.82033241270808, 45.11487489932348], [-64.82022881381101, 45.11469569721729], [-64.82021388754457, 45.11466890260145], [-64.8202098899434, 45.114661792539735], [-64.82020318840435, 45.114650207509065], [-64.82012609598033, 45.11450739664929], [-64.82001109360529, 45.11432739622068], [-64.81990868908838, 45.11414718867155], [-64.8197937167103, 45.11396800216116], [-64.81924079238368, 45.112970499806764], [-64.81917711023479, 45.11280850796606], [-64.818958105115, 45.112395300835615], [-64.81858620480057, 45.11169449262782], [-64.8184955883746, 45.11152400136961], [-64.81840598453469, 45.111343593579925], [-64.81831539035615, 45.11117319236299], [-64.81821310774951, 45.11099379719498], [-64.81812370679839, 45.11082239057439], [-64.81802038560879, 45.11065209812319], [-64.81793078718503, 45.110472607015424], [-64.81782879247005, 45.11030140734928], [-64.81772548831992, 45.11013109193395], [-64.8176234153841, 45.10995989447122], [-64.81682678559875, 45.108531401932495], [-64.81672448852423, 45.108352109781194], [-64.81663491456894, 45.10817259623578], [-64.81653130846453, 45.107992412000385], [-64.81642930864086, 45.10782209565055], [-64.81633970571188, 45.10764171187767], [-64.81623610069101, 45.10746238767471], [-64.81613380839556, 45.10728309572565], [-64.81603150044585, 45.10710291041216], [-64.81593890554652, 45.10694951400198], [-64.81592821042709, 45.1069325954166], [-64.81583529163655, 45.106768493065466], [-64.81582590409592, 45.106752410157256], [-64.81571092264639, 45.10657329355749], [-64.81560760386512, 45.10640210824231], [-64.81550528395974, 45.106222806014664], [-64.81539060110369, 45.10605180513452], [-64.81528698878903, 45.10587250416744], [-64.81515938327382, 45.10565669877343], [-64.81505608513969, 45.10548640692845], [-64.8146720971069, 45.104839000473625], [-64.81465879844653, 45.1048211909388], [-64.81400502007413, 45.10372519258887], [-64.81389030202573, 45.10355420434058], [-64.81377399349967, 45.10337418526665], [-64.81367199982915, 45.10320389240534], [-64.8136680076603, 45.103198615239954], [-64.81355571086755, 45.10302390679632], [-64.81345368629881, 45.10285360352823], [-64.81335141385857, 45.102673395777785], [-64.81324789719274, 45.102494093058496], [-64.81314590750374, 45.10232380028408], [-64.8130562961431, 45.102143407332896], [-64.81301748408511, 45.1020809998398], [-64.81295270210921, 45.10196410687282], [-64.81270930175924, 45.10146031034365], [-64.81261869564607, 45.10128981069195], [-64.81251669327614, 45.10111948467993], [-64.81245578687464, 45.101004195170916], [-64.81242620085123, 45.10094899336586], [-64.81232419526037, 45.100777694515166], [-64.81223488589535, 45.100607193829426], [-64.81214431580811, 45.10043670479498], [-64.8120549914127, 45.10026531082835], [-64.81195148544036, 45.10008600858653], [-64.81192558139908, 45.10003240406585], [-64.81191079638675, 45.10000479168403], [-64.81186219358621, 45.09991548504088], [-64.81178548060795, 45.09978080253888], [-64.81168230469416, 45.099573602373226], [-64.81160509659611, 45.09942088751084], [-64.81118218720306, 45.09862999539753], [-64.81109139331942, 45.098450495887114], [-64.81103999662551, 45.09835141085017], [-64.81089951478518, 45.0980908032609], [-64.81071919349023, 45.097731793020735], [-64.81061689637454, 45.097551598966994], [-64.81060330784584, 45.09752481413016], [-64.81042379523201, 45.09719278871466], [-64.81021922297938, 45.09683329420705], [-64.81011571585087, 45.096653099306884], [-64.81001338659667, 45.09647369842782], [-64.80987288248973, 45.09624910439472], [-64.80979518136515, 45.09612339882976], [-64.8096162065967, 45.095808500108745], [-64.80960150124619, 45.09578260549769], [-64.80927028081271, 45.09519740698726], [-64.80915401391948, 45.09501830517487], [-64.80905208754058, 45.09484710762575], [-64.8088336130361, 45.09448769712018], [-64.80861659334334, 45.09413741146409], [-64.80851308262397, 45.093958099845565], [-64.80841080290001, 45.09377790638494], [-64.80830858754209, 45.09359859370326], [-64.80820630945215, 45.093418400305666], [-64.80811550541861, 45.09323889162704], [-64.80800097970274, 45.09303270330863], [-64.80797890906769, 45.09299609069861], [-64.80744969791247, 45.09211609700431], [-64.80734621269734, 45.09193590279504], [-64.80724360058962, 45.091747607069394], [-64.80715409741714, 45.091568097683684], [-64.80705180772613, 45.09138781469817], [-64.80694929256751, 45.09119949392147], [-64.80685849801398, 45.091019985791455], [-64.8067559859992, 45.0908308052397], [-64.80666640684977, 45.0906512982796], [-64.80656391120897, 45.09046209480125], [-64.80647439856949, 45.090282608818285], [-64.80642171149354, 45.090184408823674], [-64.80631780896772, 45.089991589362455], [-64.80590599409811, 45.089223886369105], [-64.80575478737093, 45.08894369583423], [-64.80556329616275, 45.08859290286215], [-64.80546008814147, 45.08842259022955], [-64.80526759174809, 45.088080909459535], [-64.80497289211415, 45.08755988382006], [-64.80487071622468, 45.08738049280974], [-64.80478019907589, 45.08720909031018], [-64.80467788610073, 45.08702979362728], [-64.8045874191272, 45.08685929495586], [-64.80455431584558, 45.08680159907205], [-64.80442131352072, 45.08658919305264], [-64.80438421457319, 45.086542092762144], [-64.80436299732425, 45.08651971219957], [-64.80433180797573, 45.086490689049484], [-64.80429009851646, 45.08645759494289], [-64.80426280932754, 45.086438704787795], [-64.80420430875058, 45.08640430013708], [-64.80414111097507, 45.08637429898496], [-64.8040736892984, 45.086349186298634], [-64.80400298323032, 45.08632920816561], [-64.80396669874771, 45.086321195826095], [-64.80391199593508, 45.08631190560963], [-64.80383660866565, 45.08628981397273], [-64.80375969932132, 45.086270591780114], [-64.80368149540531, 45.08625431206517], [-64.80360231279187, 45.08624090971181], [-64.80353380108052, 45.08623171000397], [-64.80346480631313, 45.08622510274337], [-64.80339539348233, 45.08622110879689], [-64.8033258962379, 45.0862196965115], [-64.80325619928813, 45.086220801125336], [-64.80318680183821, 45.08622449964159], [-64.80311781611161, 45.08623080033877], [-64.80304930101255, 45.086239611118216], [-64.80293320278385, 45.086260705262866], [-64.80252960488058, 45.08634209014688], [-64.80224779325113, 45.08640659325588], [-64.80215911278263, 45.08641520188753], [-64.8018926132273, 45.086452092728855], [-64.80179342026011, 45.08646329309573], [-64.80162369667572, 45.0864791037184], [-64.801270107612, 45.08650790453673], [-64.80081599619183, 45.08654250877617], [-64.80042371212265, 45.08655560814704], [-64.80012810818971, 45.08656510992259], [-64.80006560141636, 45.08656599518599], [-64.80000298775882, 45.08656459800856], [-64.79994061258367, 45.086560807241895], [-64.79987859725684, 45.08655480062134], [-64.79981709213504, 45.08654640438761], [-64.79975629831722, 45.0865357941233], [-64.79969639305044, 45.08652299898302], [-64.79963749722921, 45.08650789125793], [-64.79957981498993, 45.086490703016416], [-64.79952338749217, 45.086471308703814], [-64.7994275870186, 45.08643219517155], [-64.79919781899535, 45.086315096568384], [-64.79915801950554, 45.086292492602], [-64.7991164916266, 45.086271304197446], [-64.79903259158813, 45.08623490091448], [-64.79898371872014, 45.086217293448414], [-64.79893690886381, 45.08620270746361], [-64.7988891831329, 45.08618979792103], [-64.79873090479576, 45.08615979209988], [-64.79857058621297, 45.086135791862034], [-64.79840879714968, 45.08611770261962], [-64.79830239763473, 45.08611279124637], [-64.798196603622, 45.08610399427132], [-64.79809149487171, 45.086091309545004], [-64.79798759704212, 45.08607471157051], [-64.79788499596742, 45.08605431116954], [-64.79778401060437, 45.086030099740384], [-64.79768499848383, 45.08600219208752], [-64.79758820490011, 45.08597069473252], [-64.79749378933766, 45.085935603380975], [-64.79740219208979, 45.08589708717376], [-64.79729089308891, 45.08584380699104], [-64.79724451998871, 45.085820395381496], [-64.79719978656478, 45.08579540091198], [-64.79715710621456, 45.08576878980531], [-64.79711641697484, 45.08574059767646], [-64.79707789911643, 45.08571091017092], [-64.79704150844321, 45.08567979636379], [-64.79700759379861, 45.08564750705085], [-64.79697600437407, 45.08561391054532], [-64.79694700624184, 45.085579203309905], [-64.79692060547086, 45.08554349831596], [-64.79689691428909, 45.085506803851644], [-64.79687589456844, 45.08546930195949], [-64.79685599608513, 45.08542710877935], [-64.79683920021748, 45.08538410785822], [-64.7968256079432, 45.085340692436155], [-64.79681321360955, 45.08528450603915], [-64.79681020094814, 45.085256089359724], [-64.79680970892757, 45.08521069145328], [-64.79681088833372, 45.085000607597635], [-64.79686140529739, 45.08472621248879], [-64.79688968855673, 45.08447640141013], [-64.79690150697486, 45.08417370463006], [-64.79688180376121, 45.083964909182576], [-64.79684669051016, 45.083757298964755], [-64.79683489899276, 45.08370311046073], [-64.79679629180383, 45.083551108175165], [-64.79673068588572, 45.08334719447447], [-64.7966501953487, 45.08314591114477], [-64.79656399860139, 45.08296560925451], [-64.79642321430362, 45.082605997132255], [-64.79590890162726, 45.081401512435974], [-64.79585760498766, 45.08130241384487], [-64.79581891247238, 45.081204004849575], [-64.7957929041026, 45.08110450716758], [-64.79576691190499, 45.08100590281515], [-64.7957574975149, 45.08094628845235], [-64.79575369952397, 45.08090710093338], [-64.79575179640558, 45.080826502122356], [-64.79575560454843, 45.08076661042119], [-64.79576391015362, 45.08070691421297], [-64.79577651563247, 45.080647599831615], [-64.79578978825371, 45.08060040626964], [-64.79581411409752, 45.080402893651105], [-64.79585209371392, 45.080195306477194], [-64.79588911878773, 45.07999759877284], [-64.79593878990654, 45.07979959541157], [-64.79597500635205, 45.07969621418976], [-64.79600350819476, 45.0795916043289], [-64.79602431369507, 45.079486104733846], [-64.79603829896186, 45.079366896903664], [-64.7960349056089, 45.07932989346319], [-64.79602601497011, 45.07929340031011], [-64.79601180167506, 45.07925769555506], [-64.79600269682342, 45.079240394839545], [-64.7959808152291, 45.07920669565885], [-64.79596798563695, 45.07919050224991], [-64.79593888292546, 45.079159701603984], [-64.79590550225416, 45.07913130153176], [-64.79586800913701, 45.07910541069249], [-64.79582090795132, 45.0790795979568], [-64.7954252921428, 45.078820205758], [-64.79523429068307, 45.0786855063725], [-64.79506870373076, 45.07855039300792], [-64.79493990000633, 45.078434198384706], [-64.7949026002932, 45.07839821099454], [-64.79481980671542, 45.078313390774504], [-64.79470870197868, 45.07818839260883], [-64.79460710262761, 45.07805931443633], [-64.79391830307021, 45.07706881275166], [-64.79354708067552, 45.07657500300977], [-64.79341848491251, 45.076404195404905], [-64.79340648153284, 45.07638640715478], [-64.7925343044741, 45.075181695769466], [-64.79175539534496, 45.074087111918104], [-64.79299810559877, 45.073565311760376], [-64.79313521271301, 45.0735111073449], [-64.79455559250133, 45.07298708976667], [-64.79466280867194, 45.072953089875085], [-64.79578631130843, 45.072582592066226], [-64.79673752171325, 45.07224719400443], [-64.79615749782633, 45.07060180848368], [-64.79539650311649, 45.068408310132455], [-64.79520371964324, 45.06785049583712], [-64.79508780142113, 45.06751738690305], [-64.79497201920087, 45.06718529280846], [-64.79455941867893, 45.066016100682255], [-64.79454602238829, 45.06595329460419], [-64.79448170446919, 45.0657643957875], [-64.79441730739207, 45.065575499236566], [-64.79435271510012, 45.065377603604375], [-64.79428831305268, 45.065188594337116], [-64.79422399859918, 45.06500061224453], [-64.79415969811545, 45.06481169099904], [-64.79414609674902, 45.064784897244934], [-64.79409530374873, 45.06462279504029], [-64.79401799810391, 45.06442500526025], [-64.79395368457816, 45.06423610738578], [-64.79388930662343, 45.06404718875548], [-64.79385911164184, 45.063974711671975], [-64.79381099140241, 45.063858510176075], [-64.79376360673737, 45.063721508631446], [-64.79345039890944, 45.0628064012276], [-64.79338609007144, 45.06261750434513], [-64.79330881176406, 45.062419805704494], [-64.79324441831922, 45.062230798245686], [-64.79317980348632, 45.0620328943608], [-64.79311551288367, 45.06184489116697], [-64.79305089916984, 45.06164698753868], [-64.79303891029043, 45.0616282047072], [-64.79298660535608, 45.06145801187318], [-64.79293489739827, 45.061268889513535], [-64.79287031778459, 45.06107099671347], [-64.79252300117318, 45.06011770076154], [-64.79247089529437, 45.059956507781884], [-64.79239390058805, 45.05976780758461], [-64.79232960051154, 45.059578912571276], [-64.79225260098401, 45.05939009962366], [-64.79218818987223, 45.05920119654525], [-64.79212389146583, 45.05901230187426], [-64.79205958754132, 45.058823294365624], [-64.79199399749926, 45.05863440081437], [-64.79198169199641, 45.05860760660427], [-64.7917624065069, 45.05796919452734], [-64.79158120026676, 45.057453610457706], [-64.79135028549074, 45.056773106723774], [-64.79129900437603, 45.05659380616015], [-64.7912336955383, 45.05641391067008], [-64.7911823876401, 45.05623379663974], [-64.7911183191717, 45.056053800117795], [-64.79106599547727, 45.05588360006857], [-64.79100198122762, 45.0557037041227], [-64.79095059538388, 45.055523592690705], [-64.7908852894867, 45.05534369782817], [-64.79083399589673, 45.05516350498457], [-64.79033119971446, 45.05366269472855], [-64.79026719155002, 45.053482800087075], [-64.79020309816914, 45.05330279474069], [-64.79013779847128, 45.053122901162645], [-64.79008649869618, 45.0529427892186], [-64.79002249253016, 45.05276289499532], [-64.78995718828396, 45.05258288877864], [-64.78990581137712, 45.05240369551626], [-64.78984149975207, 45.052214794648975], [-64.78979021389327, 45.052034603789245], [-64.78972488520526, 45.05185470051757], [-64.78967358972423, 45.0516755055752], [-64.78911958844371, 45.05003859218597], [-64.78910840192468, 45.05000460856726], [-64.78891359235008, 45.04941798611321], [-64.78884959586722, 45.0492380939559], [-64.78879728864564, 45.04906789789357], [-64.78873329312368, 45.04888800594161], [-64.78868151323046, 45.0487347967359], [-64.78861748617156, 45.04855489453802], [-64.78833738760343, 45.047717594451356], [-64.78833039641292, 45.04769608763606], [-64.7883192110698, 45.04766210428339], [-64.78830649032889, 45.04762268761896], [-64.7882956382301, 45.047593140610466], [-64.78824809913034, 45.04745888872428], [-64.78824110919494, 45.04743829810199], [-64.78808929759599, 45.04700860944822], [-64.78807579959486, 45.046981791796135], [-64.78807549303802, 45.04697278504718], [-64.78799898660155, 45.04680199711286], [-64.7879349974803, 45.046622106457704], [-64.78787000527151, 45.04645119000253], [-64.78779330613575, 45.04627140387517], [-64.78772830024582, 45.046100510609996], [-64.78765159056995, 45.04592080414259], [-64.78758790449211, 45.045749807716874], [-64.7875099036333, 45.045570102238585], [-64.78744611250083, 45.04539921063941], [-64.78736940514261, 45.04521950450778], [-64.78734278723852, 45.04513890505491], [-64.78730420207275, 45.04503950043453], [-64.78722769013558, 45.04486879284631], [-64.78641801201371, 45.04280110495774], [-64.78632799685467, 45.042603604003745], [-64.78625049234685, 45.042396887813275], [-64.78619831959375, 45.04218979627214], [-64.78615989722053, 45.041974304586134], [-64.78614580708997, 45.041766608313644], [-64.78606220197453, 45.040264593215944], [-64.78603478675825, 45.0399129989957], [-64.78603400480512, 45.03980499077539], [-64.78602019069088, 45.03960720870182], [-64.78602018248408, 45.03952620124151], [-64.78600669751238, 45.039418410232116], [-64.78599289835869, 45.0392206054873], [-64.78597920540169, 45.03902269627186], [-64.7859657125697, 45.03883389830142], [-64.78595191377461, 45.03863609407987], [-64.78594670395992, 45.0385496958556], [-64.78593938647425, 45.038438199309866], [-64.78593728986378, 45.038249208646796], [-64.78592349024714, 45.038050488815486], [-64.78590961600011, 45.03780770479498], [-64.78591028788266, 45.03776626706425], [-64.78591048767503, 45.037753593745904], [-64.78590979967494, 45.03769060051673], [-64.7859220889582, 45.03763730236772], [-64.78593410348489, 45.03757409216641], [-64.78595911184911, 45.037519694355474], [-64.7859853012753, 45.03746620358795], [-64.7860219935263, 45.0374205854941], [-64.78602299729117, 45.03741161178842], [-64.78606070906537, 45.03735791310189], [-64.7860986136069, 45.03731229634054], [-64.78614928658075, 45.03726739954459], [-64.78619858770642, 45.037222505671984], [-64.78626199537065, 45.03717740222418], [-64.78727481297341, 45.03655390718427], [-64.78747720418333, 45.03640941120937], [-64.78766690549236, 45.0362641929804], [-64.78775459355684, 45.036183689330464], [-64.78784337743713, 45.03610220604819], [-64.78794548689753, 45.0359960916931], [-64.78800819919553, 45.035931201037855], [-64.78815911014493, 45.03575960868453], [-64.78854998581294, 45.03530880510317], [-64.7894217154444, 45.03431669794207], [-64.78943390095189, 45.034298499310545], [-64.78957200207678, 45.03412709205168], [-64.78971160054526, 45.03396460228823], [-64.78984981169481, 45.03379320315631], [-64.79000208312708, 45.033630598136725], [-64.79008170730428, 45.03353759708176], [-64.7900828817534, 45.033535699229034], [-64.79014048692477, 45.03346819671211], [-64.79029131781212, 45.033297497950414], [-64.79043101152888, 45.03313509546476], [-64.79058209876638, 45.03297249910497], [-64.7907331052751, 45.03280990475686], [-64.79142758799074, 45.03199869768091], [-64.79162879450645, 45.03177318735856], [-64.7916438662624, 45.03174637147861], [-64.79167929449436, 45.031683311489026], [-64.79174249386666, 45.03159230169787], [-64.79181839627574, 45.03150290628231], [-64.79189460435136, 45.03142160082598], [-64.7919444917668, 45.03137209685913], [-64.79203348348535, 45.031358195973205], [-64.79231258447639, 45.0313123996049], [-64.79296558814842, 45.03119095651429], [-64.79399933511198, 45.03099869579537], [-64.79467031742452, 45.030873893785554], [-64.79501329151803, 45.030801007850485], [-64.79525560181825, 45.030759305333866], [-64.7952784878956, 45.03075539641715], [-64.79553219545285, 45.030710003782076], [-64.79574790859589, 45.03066430132579], [-64.7957984071548, 45.03065539427855], [-64.79606479944283, 45.030609804778386], [-64.79631858502492, 45.0305644077996], [-64.79658469922477, 45.030508905063556], [-64.79685110456674, 45.030463290240775], [-64.79710461274638, 45.030408895466785], [-64.79726999000412, 45.03038200060314], [-64.79737100225819, 45.03036330213891], [-64.79773459544006, 45.03029908939725], [-64.79827238751483, 45.030203295136914], [-64.7983986085792, 45.03018060043663], [-64.79866479897284, 45.030126005576925], [-64.79891720768639, 45.03008060447977], [-64.79918460912154, 45.03002600926989], [-64.7992279639702, 45.03001805116776], [-64.79943709498686, 45.02997968847702], [-64.79970320330384, 45.029925092738715], [-64.79995701383164, 45.029879696040986], [-64.79996969942586, 45.029879500074045], [-64.80000000692773, 45.029874507071355], [-64.80022339733435, 45.02983409435258], [-64.80048980668506, 45.0297883893758], [-64.80070569255186, 45.029751695925285], [-64.80144171732232, 45.02962040125511], [-64.80153891989967, 45.02960269465924], [-64.8018848116214, 45.02954140958499], [-64.80188610350095, 45.02954140855741], [-64.80213850570023, 45.02949599851726], [-64.80240519403004, 45.02945939640741], [-64.80268358485908, 45.02943160417421], [-64.80294959930492, 45.029413013443325], [-64.80322861706733, 45.02940309551165], [-64.8035214913017, 45.02939310687558], [-64.80380079201338, 45.02939229564276], [-64.80409269852122, 45.02939128914749], [-64.80437070883575, 45.02939139329791], [-64.8046626802481, 45.029390405809785], [-64.80720081626849, 45.02936550380111], [-64.80749270781844, 45.02936450926071], [-64.80778461406358, 45.029363490750725], [-64.80788620957023, 45.0293636981094], [-64.80807630882661, 45.02935441272481], [-64.80810169435655, 45.02935399547375], [-64.80836801659919, 45.02934439463262], [-64.8086605904264, 45.02932530377909], [-64.80872411335496, 45.029325208691695], [-64.80895200503083, 45.02930631128903], [-64.80940310797033, 45.029282576180485], [-64.80966298955751, 45.02926890490985], [-64.80982771568446, 45.02925909439235], [-64.81014451643313, 45.029240596384916], [-64.81021749347612, 45.028700184323526], [-64.81021818137965, 45.0286822047881], [-64.81024007102583, 45.02836775937505], [-64.81024100179782, 45.02835870844461], [-64.81024279288322, 45.02834579994635], [-64.81024310403959, 45.02834329191089], [-64.81024679179806, 45.02830879701618], [-64.81024699695979, 45.02830639365241], [-64.81024797956569, 45.02829830269597], [-64.81025209579893, 45.028267607757975], [-64.81025408575142, 45.02825040724559], [-64.8102778896467, 45.027998004141025], [-64.81028521573789, 45.02787109564144], [-64.81028299431254, 45.0277440053741], [-64.81027150648825, 45.02761721205031], [-64.81025060833052, 45.02749100233413], [-64.81022049827428, 45.0273658006229], [-64.81018459131687, 45.027251388057955], [-64.81013360460042, 45.02712530563283], [-64.81006901430787, 45.02700839203], [-64.8099930167374, 45.026891697702204], [-64.80895610760994, 45.025248206841326], [-64.80884098408434, 45.02505920550506], [-64.80872591027665, 45.02487110767401], [-64.80862219573868, 45.02468188728803], [-64.80853348479603, 45.0244843087958], [-64.80837892066427, 45.02408889382059], [-64.80832669691902, 45.023881786490044], [-64.80820941646093, 45.02334259363093], [-64.80817069716036, 45.02316229861082], [-64.80814390687848, 45.02303669216253], [-64.80813210652975, 45.022982905044394], [-64.80809908492392, 45.02283490422669], [-64.80807710896514, 45.022685902583405], [-64.8080660081698, 45.02253628928845], [-64.80806499100743, 45.022424901817494], [-64.80806459739182, 45.02237089583215], [-64.80806330627566, 45.02204689901353], [-64.80807389402852, 45.021659606367734], [-64.8080730118268, 45.02147060662713], [-64.80807250251229, 45.02137159033657], [-64.80807209818441, 45.021316499145925], [-64.80807189887658, 45.021272599270155], [-64.80807068552107, 45.02107450433788], [-64.80807060228254, 45.02102950429625], [-64.80806988296177, 45.02088550294387], [-64.808068901069, 45.02081349656683], [-64.80806869042253, 45.02068749827824], [-64.8080550928847, 45.0204986860543], [-64.8080538980269, 45.02041770550804], [-64.8080539916961, 45.02030060009357], [-64.80803908744363, 45.020030799530424], [-64.80803810693422, 45.01971581174229], [-64.80803771337443, 45.019661806427514], [-64.80803707738268, 45.01956280570752], [-64.80803591138582, 45.01936469973797], [-64.80803448829823, 45.019157688759464], [-64.8080308885117, 45.01851950446], [-64.80801758585098, 45.01833880657205], [-64.80800429957407, 45.018159001864504], [-64.80799111937816, 45.01797909263953], [-64.8079764946114, 45.01779930192921], [-64.8079504940912, 45.01761968431749], [-64.80793730565456, 45.01743991148033], [-64.80790999769475, 45.017259402238494], [-64.80788410981472, 45.01707979332119], [-64.80785808928219, 45.01690008636157], [-64.80768520616165, 45.015558888834946], [-64.80764518532045, 45.015136394202145], [-64.80763170313386, 45.0150286059074], [-64.80760570538337, 45.014930001359694], [-64.80756708975598, 45.01483069869969], [-64.80752968614722, 45.01473139711927], [-64.80747788581223, 45.014660206024004], [-64.80746469617323, 45.01464240061189], [-64.80740090203552, 45.014552512128404], [-64.80733720246164, 45.0144625984589], [-64.80726080114674, 45.01437279185435], [-64.80717190687706, 45.01429139917318], [-64.80706939916402, 45.014220113272955], [-64.80695491276803, 45.0141301068577], [-64.80557959991081, 45.0131355962735], [-64.80494742376378, 45.012679270632866], [-64.80454320630005, 45.012387515301405], [-64.80239051596787, 45.01083289562468], [-64.80160631353458, 45.01026639929119], [-64.80141550114944, 45.01013170101876], [-64.80123609328753, 45.00999678429667], [-64.80104539519287, 45.0098620936803], [-64.80086731469623, 45.00972810181906], [-64.80067658639165, 45.00959340015296], [-64.80049850197925, 45.00945929479564], [-64.8003064846112, 45.00932459351588], [-64.80012839231215, 45.00918970752009], [-64.79999989821286, 45.0090990108629], [-64.7999635965355, 45.009073495142616], [-64.79993768460362, 45.009055897611745], [-64.7997595944676, 45.008921011049694], [-64.79956851107035, 45.00877720204885], [-64.79939048639223, 45.008643195336916], [-64.79932049762685, 45.008594807054074], [-64.79919850825021, 45.008508502620536], [-64.79902039003933, 45.00837360449706], [-64.79882968906598, 45.00823979273304], [-64.79865160546332, 45.008104904475275], [-64.79728900957598, 45.00710100348764], [-64.79643571221861, 45.00647259252263], [-64.7962437036485, 45.00633699140188], [-64.79607890885941, 45.00622159949506], [-64.7954172058242, 45.00575591346333], [-64.79478111052673, 45.00529870433459], [-64.79464069571887, 45.005191009836146], [-64.79374980783632, 45.00453620499714], [-64.7935367945835, 45.00437749674203], [-64.7935198921163, 45.00436520752222], [-64.79347578924339, 45.00433348820274], [-64.79257838319052, 45.00367509649378], [-64.79169660640584, 45.003034507104715], [-64.79101139106193, 45.00253670382867], [-64.78996720140998, 45.00176540647506], [-64.78979190692466, 45.00163399316954], [-64.78973079149841, 45.00158808591845], [-64.78953461832481, 45.00144179815342], [-64.78887281702896, 45.00096689766217], [-64.78869529260321, 45.000849995524106], [-64.78814758875677, 45.000455296698505], [-64.7875622854855, 45.000034206432346], [-64.78752199669479, 45.00000509648082], [-64.7875219808294, 45.00000420351883], [-64.78735839302453, 44.9998842894251], [-64.78723121039556, 44.99979179160362], [-64.786365097507, 44.99915540291835], [-64.7859068909077, 44.99882318724338], [-64.78578008523257, 44.998742404899076], [-64.7857671025604, 44.99873359406602], [-64.78563971230433, 44.9986346995453], [-64.78552468315729, 44.998527601678404], [-64.78542240983592, 44.99841939172636], [-64.78506601582971, 44.9980963998329], [-64.78486219405929, 44.99790779033376], [-64.78464631447783, 44.99773749668639], [-64.78441649538595, 44.99756729468175], [-64.78394629798989, 44.997298292728274], [-64.78371658114915, 44.997173207760525], [-64.7835753094623, 44.9970849072079], [-64.78348761947649, 44.997029997045594], [-64.78328390606005, 44.996886503310414], [-64.78308128564403, 44.99673389913413], [-64.78286941543207, 44.996571602944115], [-64.78271349877646, 44.99645250592938], [-64.78248218324327, 44.99627609824989], [-64.78179529444914, 44.99572869150104], [-64.78145111115872, 44.99546850895745], [-64.7813106999026, 44.99536089049115], [-64.78103127928915, 44.995145604171626], [-64.77978400400376, 44.99432058869845], [-64.7796529859866, 44.994228197538405], [-64.77900309837547, 44.99377040860814], [-64.77891761339401, 44.993710290697706], [-64.77877890109328, 44.99361250735662], [-64.778520687191, 44.99342750720267], [-64.77840779455394, 44.9933473844579], [-64.77822489322013, 44.99321700749742], [-64.77776049805985, 44.992885697365885], [-64.77669161761052, 44.992123694822006], [-64.77596558208099, 44.991576899321025], [-64.7758644032681, 44.99150470417818], [-64.77559687953108, 44.991307203094166], [-64.77431168418343, 44.99035669964066], [-64.7738410165477, 44.99002469492326], [-64.77358679144491, 44.989845005820115], [-64.77352970962846, 44.98980451258729], [-64.77346618843494, 44.98976039213729], [-64.77345027926317, 44.98974919317096], [-64.77303960715228, 44.98946011111102], [-64.77265780333632, 44.989172607462955], [-64.77249181051795, 44.9890563120003], [-64.77165169761034, 44.98842841195689], [-64.77096518833923, 44.987925989510586], [-64.77035440938147, 44.987495199300966], [-64.77003619542151, 44.9872525996527], [-64.76965470025344, 44.98697499593869], [-64.76937460705194, 44.98677771592649], [-64.76894229831137, 44.9864549129979], [-64.76873741465197, 44.986311291253884], [-64.76870759784941, 44.98629108893023], [-64.76858069518637, 44.986205711571706], [-64.76793670908052, 44.98576381012041], [-64.76772760116313, 44.98560680923367], [-64.76754199448281, 44.98546839259589], [-64.76738999230359, 44.98535189778706], [-64.76718590252364, 44.985190295483775], [-64.7661672903513, 44.98444540687517], [-64.76577380618274, 44.98414901259417], [-64.76548029646432, 44.98392488671097], [-64.76418241428546, 44.982964691831086], [-64.76279588788658, 44.98196980216671], [-64.76248201588564, 44.981742401392275], [-64.76234838893406, 44.981646296275265], [-64.76129520520621, 44.98088390363166], [-64.76076068580724, 44.980495192046185], [-64.76006150380819, 44.97998648989125], [-64.75985260972061, 44.97983490945072], [-64.75886549758535, 44.97911651088361], [-64.75801300829906, 44.978488703911644], [-64.75784780048009, 44.97835441206164], [-64.75768259309334, 44.978219204105926], [-64.75754189153945, 44.97805748438578], [-64.75740158820444, 44.97790479990145], [-64.75704491819926, 44.97743769972478], [-64.75678951524385, 44.97700689520968], [-64.75676369961108, 44.97695240169897], [-64.7562648788735, 44.97615250670754], [-64.75616330685071, 44.975982193499], [-64.75604879423274, 44.97580210421583], [-64.75601040438337, 44.975748691252285], [-64.75595084349497, 44.97564061626829], [-64.7559459128032, 44.97563170149375], [-64.75584429551363, 44.97546048501832], [-64.75572980071938, 44.97528128862527], [-64.75562690645478, 44.97510999307922], [-64.7555126069902, 44.9749399051615], [-64.75540968191679, 44.9747685991886], [-64.75529519060217, 44.97458940280987], [-64.75519232023372, 44.97441819721761], [-64.7550780977424, 44.974247994259834], [-64.75488611141094, 44.973942203582716], [-64.75438580498442, 44.97313159736734], [-64.7543058110994, 44.97300231055206], [-64.75410831278639, 44.972681198527525], [-64.75386951355429, 44.97229510474846], [-64.75382680837414, 44.97222559211855], [-64.75354529055173, 44.97176720475703], [-64.75354385175535, 44.971764687565255], [-64.75323971576536, 44.97122819280019], [-64.75261082233672, 44.970190893932774], [-64.75255730401034, 44.97010168907689], [-64.75249858639158, 44.97000539707531], [-64.75231229296823, 44.96971569344219], [-64.7522111073064, 44.96955881522779], [-64.7519501923245, 44.96915229006159], [-64.75170660633677, 44.96877440916675], [-64.75072390077523, 44.96719249754575], [-64.75025913133689, 44.96644663578544], [-64.74980539151309, 44.96571850506049], [-64.74908776127414, 44.964605955445975], [-64.74905218056611, 44.96455080620158], [-64.74884731071786, 44.96423620146138], [-64.7477889837195, 44.962582502181654], [-64.74757139479892, 44.96222311052256], [-64.74748140065064, 44.962080069944456], [-64.74722639722498, 44.961674702255266], [-64.74700260806111, 44.961320800475995], [-64.74685740792995, 44.96109080547158], [-64.7467604826139, 44.960947304089444], [-64.74673000600214, 44.96090190167088], [-64.74658889941838, 44.960722202322536], [-64.74644900435031, 44.96054250477634], [-64.74628410783542, 44.960372197554186], [-64.74610549186643, 44.96021020172983], [-64.74565979406866, 44.959770489803645], [-64.74529130867681, 44.959411507321896], [-64.74456460922123, 44.95869260127368], [-64.74450181096252, 44.958629613121836], [-64.74432378534681, 44.95848650387133], [-64.74414571346965, 44.958342491113214], [-64.74395529186525, 44.95820770276223], [-64.74375119560136, 44.95808298780954], [-64.74353559481489, 44.957957502604195], [-64.74331979808642, 44.95782218573993], [-64.74311610688659, 44.957669600401836], [-64.7429251917723, 44.957517694562846], [-64.74276020447826, 44.95734640262648], [-64.74264480284161, 44.957176287259564], [-64.74253060916918, 44.95700520155843], [-64.74242778916684, 44.95683478759274], [-64.74237698563803, 44.95670859668012], [-64.74235129346167, 44.956654994793475], [-64.74227491026737, 44.95647521042627], [-64.74220990602917, 44.956295295028276], [-64.74186440961961, 44.95539591033099], [-64.74159497765149, 44.954703205827315], [-64.74136428920457, 44.954118899084456], [-64.74132610322879, 44.95402949363508], [-64.74131410554453, 44.95401080517677], [-64.74117341963039, 44.9537589945823], [-64.7411090997133, 44.953687102935554], [-64.7410457880918, 44.9536071008456], [-64.74096909480647, 44.953544286858865], [-64.74095590367193, 44.95353320494462], [-64.74093519661908, 44.95351573016745], [-64.74089371481948, 44.95348070325042], [-64.74080429576023, 44.953418112256315], [-64.74071149675122, 44.953369109818226], [-64.74070250907123, 44.953364711751725], [-64.74047389498183, 44.95326559279638], [-64.7404367113312, 44.95325090472305], [-64.74038788098443, 44.9532309051445], [-64.74023260306988, 44.95316759953618], [-64.73999150821652, 44.953077605118644], [-64.73973811427665, 44.95299779363263], [-64.73896078891417, 44.95274130606935], [-64.73895061214512, 44.952737911542584], [-64.73857409661821, 44.95261398592556], [-64.73844349864913, 44.95257098742627], [-64.73826679097273, 44.95251338840935], [-64.73818999777538, 44.9524875002906], [-64.73803721959143, 44.95242499584257], [-64.73788450661182, 44.95236251205472], [-64.73774510597183, 44.95228179090692], [-64.73761840817234, 44.95220100584486], [-64.73749148858926, 44.95211110263438], [-64.73682969004243, 44.95156389564039], [-64.73660100226522, 44.951420699791214], [-64.73635991228657, 44.95128571065181], [-64.73554669907833, 44.950972200568124], [-64.73553501485068, 44.950963407325894], [-64.73531830378194, 44.95088290046136], [-64.73508999478622, 44.95079371061674], [-64.73483629160366, 44.95070390048261], [-64.73459497850037, 44.95060590573854], [-64.73435546289838, 44.95051273586271], [-64.73434101455388, 44.95050710178951], [-64.73427810064126, 44.950480110209035], [-64.73409968288698, 44.95040810012963], [-64.73302130708231, 44.95004189274337], [-64.7329303086091, 44.95000999814915], [-64.73292008575216, 44.95000569976062], [-64.73269199539534, 44.949925396277564], [-64.73246270163754, 44.94984520308092], [-64.73223459814943, 44.9497640057271], [-64.73194250541675, 44.94962080662106], [-64.73165019938281, 44.94946860165623], [-64.73142181262573, 44.94933430696448], [-64.73119361577766, 44.94920820345048], [-64.7309642042379, 44.94908290020258], [-64.73073600405259, 44.948957598527464], [-64.73053249838114, 44.94885000732148], [-64.73031759953436, 44.94874251185464], [-64.73011399866976, 44.9486348884424], [-64.73002488374998, 44.94858039820004], [-64.72994851451674, 44.94852669200792], [-64.72987191006294, 44.94846389089725], [-64.7298091200152, 44.94840099785882], [-64.72974509946957, 44.9483380127897], [-64.7296934978621, 44.948266798533936], [-64.72964319776804, 44.94819458907785], [-64.72960429182473, 44.94812228356168], [-64.72873868996189, 44.94694810114183], [-64.72742649496122, 44.945166595311434], [-64.72736269681486, 44.94506768637202], [-64.72729920448153, 44.94497770072129], [-64.7272228913887, 44.944887904846254], [-64.7271330857009, 44.94480740594442], [-64.72704420845446, 44.944716911202505], [-64.72694311263105, 44.94464550434631], [-64.72675149592826, 44.944510710870944], [-64.72656139277261, 44.944384786031], [-64.72643468733087, 44.944301196955394], [-64.72637129646981, 44.94425988950145], [-64.72508781764073, 44.94351500028788], [-64.72484649639043, 44.9434169051628], [-64.72460528817446, 44.94331790206495], [-64.72436531141294, 44.943219906175926], [-64.7228043072754, 44.94277259021483], [-64.72255059701985, 44.942682807133544], [-64.72230970505422, 44.9425936935787], [-64.722056304201, 44.942512888825554], [-64.72180162073047, 44.94243219615891], [-64.72154830099298, 44.94235230367857], [-64.72128189935455, 44.94221759482769], [-64.72102788868595, 44.94207378780543], [-64.72078658777508, 44.94193069865638], [-64.7206082872501, 44.94177770599725], [-64.72043118493762, 44.94161649674469], [-64.72026508989245, 44.94144529913113], [-64.71876380676495, 44.939981704479244], [-64.71861218713462, 44.93982910786112], [-64.7184465776053, 44.9396759049963], [-64.71829430171191, 44.93954130042356], [-64.71828141397047, 44.93953250313748], [-64.71811590060089, 44.939380190515436], [-64.71795059804859, 44.93923591013451], [-64.71778541107548, 44.93909261009107], [-64.717607205538, 44.93893949847852], [-64.71744190888454, 44.9387961896181], [-64.71726399712261, 44.938652995755874], [-64.71708609261471, 44.93850899881521], [-64.71690821576374, 44.938364899177444], [-64.71671728195645, 44.93821300114049], [-64.7165267001767, 44.93806909759307], [-64.71629910751531, 44.937916789627735], [-64.71605779697877, 44.93777278729855], [-64.71580310648145, 44.937647911838845], [-64.71554968929561, 44.937522086776056], [-64.71533408842936, 44.9373876079546], [-64.71513109876992, 44.937252900894556], [-64.71494049371827, 44.93710898414852], [-64.71374549155865, 44.936220490464805], [-64.7135670053582, 44.93605839341948], [-64.7134024835942, 44.9358970054531], [-64.71325028840837, 44.93576249500676], [-64.7132240995926, 44.93573591149731], [-64.71308500812155, 44.935574107879674], [-64.7129446019274, 44.93541240634974], [-64.71280408489454, 44.9352506963353], [-64.71234458579498, 44.93467060105758], [-64.71233139151448, 44.934654598701634], [-64.7122300200579, 44.93452651587173], [-64.7122194796227, 44.93451320261467], [-64.71191401573981, 44.934127101292674], [-64.71176118211535, 44.93397450738049], [-64.71162078563023, 44.933812804965584], [-64.71148141529477, 44.93364199797091], [-64.7113659834104, 44.93347090542464], [-64.71120099802512, 44.93329159855346], [-64.71104770059924, 44.93312100779986], [-64.71089508650407, 44.93293159935845], [-64.71088725242863, 44.932923212146115], [-64.71087018399543, 44.93290490289484], [-64.71074271072769, 44.93275200843726], [-64.7106150093938, 44.93259099179258], [-64.71050118943678, 44.932428799083], [-64.71038589092579, 44.93225769162289], [-64.71034611953513, 44.93219979764802], [-64.7103407867895, 44.93219269043776], [-64.71033421578113, 44.932183795470486], [-64.71027209278178, 44.93209650446185], [-64.71015709892677, 44.93180840837241], [-64.7100541031773, 44.93158399527084], [-64.70995260576746, 44.931367614747025], [-64.70984969150251, 44.931143199793404], [-64.70976119401566, 44.93093659816276], [-64.70940291198144, 44.930136305364805], [-64.70908263199298, 44.92940693182263], [-64.70901961498227, 44.929263401906425], [-64.70894358887232, 44.92909260555403], [-64.70886669341094, 44.928894802877764], [-64.7087774957372, 44.92870620634656], [-64.70869011678214, 44.92853740187187], [-64.70867530425474, 44.92850880327876], [-64.70865521059963, 44.92847131006348], [-64.70857338929773, 44.9283195097003], [-64.70852424476543, 44.92826149868277], [-64.70849730047031, 44.9282297006176], [-64.70843280553562, 44.928148689432646], [-64.70828068662453, 44.927978192341484], [-64.7081558888361, 44.92787019761409], [-64.70813641790295, 44.92785430228083], [-64.70812858752917, 44.92784719236527], [-64.70810260713444, 44.92782511356629], [-64.70801428344534, 44.927753495478385], [-64.70791180636787, 44.92767311215716], [-64.7077088030187, 44.92753839636906], [-64.70748040624508, 44.92744009768954], [-64.70725188438793, 44.92734089740326], [-64.70702341014932, 44.9272425997173], [-64.70679519409057, 44.92715329309639], [-64.70494349083936, 44.926499489552306], [-64.70468971541253, 44.926400691952345], [-64.70464600379174, 44.92637970681106], [-64.70444929062424, 44.92628458981982], [-64.70420759049684, 44.9261674916222], [-64.70305349559892, 44.925621193845615], [-64.70281209720052, 44.92551320713932], [-64.7025830968227, 44.92539690540198], [-64.7023554194581, 44.92527969834888], [-64.70213880416891, 44.92515418853634], [-64.70191139662262, 44.92504680823771], [-64.70166998580238, 44.924939700942886], [-64.70142880336502, 44.92484071489652], [-64.70127650213784, 44.92478708873154], [-64.70112428949311, 44.92474259385214], [-64.70097250448934, 44.92470609101806], [-64.70082061312428, 44.92467060808324], [-64.70065539454933, 44.92465318484445], [-64.70049012070159, 44.92463499405375], [-64.70032638533036, 44.92462659767876], [-64.69999978636105, 44.924635091552936], [-64.69995928855211, 44.92463659546533], [-64.69923630383678, 44.92465549290822], [-64.69910958718252, 44.924655594853306], [-64.69898289708308, 44.92465559419173], [-64.69885719544368, 44.924647586914716], [-64.69880649651216, 44.92464751251534], [-64.69874289445298, 44.924638492246785], [-64.69861539358122, 44.92461158547107], [-64.6985017911158, 44.92458450997627], [-64.69842898917439, 44.92456491013347], [-64.69842389968044, 44.92456309789707], [-64.69842258424413, 44.92456319986187], [-64.69837530563994, 44.924549494009575], [-64.69827289212037, 44.9245131862303], [-64.69815880800637, 44.92446899695409], [-64.69805760426637, 44.92443269146994], [-64.69804470424012, 44.92442380198339], [-64.6979302863769, 44.924369707325006], [-64.69781729827073, 44.92431649108373], [-64.69771529669698, 44.92425320024383], [-64.69761338892398, 44.92419079991069], [-64.69752510726383, 44.92411829047452], [-64.69744790500097, 44.92403751280912], [-64.69733400306954, 44.9239123122101], [-64.69723269396961, 44.92378599360568], [-64.69714359230079, 44.923642390789496], [-64.69706611374527, 44.923507597653256], [-64.69701501100322, 44.92336340492773], [-64.69696390858729, 44.92321921226878], [-64.69691301682288, 44.923084995762345], [-64.6961596894231, 44.92116880000191], [-64.69590319866921, 44.92050380045352], [-64.69550059035763, 44.91948919527898], [-64.69530379771514, 44.91899309222935], [-64.69501001813565, 44.918309700469216], [-64.6949457046777, 44.91814780047258], [-64.69463889019484, 44.917364607780904], [-64.6929019819373, 44.912967704349086], [-64.69289004662501, 44.912935979113755], [-64.69280030346857, 44.912697299837355], [-64.69166311913872, 44.90981999552518], [-64.69164786114366, 44.90978175544914], [-64.69098079161672, 44.908109010351346], [-64.69097941675402, 44.908103597735824], [-64.69097800874212, 44.90809909024263], [-64.69065671887543, 44.90729459603682], [-64.6906525998518, 44.90728560348741], [-64.6906512844329, 44.90728290213346], [-64.69064159143547, 44.90725700848946], [-64.69057809898298, 44.90707699666758], [-64.69056670014471, 44.907047609261326], [-64.69020689844827, 44.906123802885446], [-64.68991410261802, 44.90538538986483], [-64.68988983485906, 44.90532458493734], [-64.68930040544087, 44.9038480107868], [-64.68854788285542, 44.90194160330849], [-64.68853488598829, 44.90193190227739], [-64.68851218686734, 44.90187401886345], [-64.6881099856182, 44.900848196617424], [-64.688040797243, 44.90067180602786], [-64.68804079810371, 44.900670890470806], [-64.68792169052945, 44.90036738945348], [-64.68789630113514, 44.90032278894172], [-64.6877814778361, 44.900034605949386], [-64.68776918568821, 44.900005095384294], [-64.68747569967746, 44.899324393415796], [-64.68739851714406, 44.899153601721416], [-64.68732230550943, 44.898973799290815], [-64.68723378957303, 44.89880308586796], [-64.68714389868242, 44.898631594235425], [-64.68705531045542, 44.89846099583577], [-64.68657091026317, 44.897489594677225], [-64.68620080216307, 44.8967433996332], [-64.68613789196614, 44.89662640289713], [-64.68578080429164, 44.89597911030753], [-64.68538589526585, 44.89525119027835], [-64.6846979007334, 44.89398310466316], [-64.6840611790835, 44.892823106823], [-64.68385789801981, 44.89245429791674], [-64.68356540416026, 44.89193291408945], [-64.68322159724232, 44.89130419341728], [-64.68285239256, 44.890719088827126], [-64.68272490386248, 44.890513103061046], [-64.68263581491811, 44.89036850447781], [-64.68250868423408, 44.890134604138915], [-64.68245740963688, 44.88998229422954], [-64.68241870376879, 44.88982889170767], [-64.68239271149368, 44.889676302939634], [-64.68239211591109, 44.88952319493807], [-64.6824053165854, 44.889370002498325], [-64.68242998379861, 44.889217497737256], [-64.68256749717901, 44.88872221270252], [-64.68264239030921, 44.88842489716903], [-64.68267949746041, 44.88826321116853], [-64.68270519977987, 44.88810080224089], [-64.68270421269489, 44.887938799291405], [-64.68269090806835, 44.887785907284304], [-64.68266469333668, 44.887624284030515], [-64.68262697739397, 44.88746190644464], [-64.68234591265198, 44.88672430964349], [-64.6823324928357, 44.88669748541246], [-64.68212850992663, 44.88613059882673], [-64.68186008856357, 44.88539370788674], [-64.68178448342367, 44.88518689707694], [-64.68165771989244, 44.88484576973192], [-64.6814135058891, 44.88418859263372], [-64.68125139987367, 44.88375348620429], [-64.68109481041373, 44.88333359758034], [-64.68067299300107, 44.88215509026959], [-64.68026450272043, 44.88108540883751], [-64.68011219820573, 44.88063571257502], [-64.68006912405743, 44.88052010881294], [-64.67983059921254, 44.87988008680619], [-64.67940970328989, 44.878773607291144], [-64.67939649198983, 44.87875578579307], [-64.67924399251625, 44.87834218458899], [-64.67916699715084, 44.878135392117144], [-64.67911568668009, 44.87798220876082], [-64.67910281944471, 44.87792839395704], [-64.67906508743441, 44.87772099733054], [-64.6790261936076, 44.8775145010466], [-64.67901189396815, 44.87715459619867], [-64.67900246224723, 44.87685934732369], [-64.67899780738078, 44.87671369924535], [-64.67895539460446, 44.87525600979813], [-64.67889820286334, 44.87285331369238], [-64.67887219519578, 44.872699697081806], [-64.67883409284066, 44.87252018422303], [-64.67878199177979, 44.87234010535699], [-64.67876808323331, 44.87229389068978], [-64.67874417800134, 44.87221460581253], [-64.67871881450746, 44.8721690930541], [-64.67848899385172, 44.87171060614306], [-64.678209706954, 44.87116199994344], [-64.678157693858, 44.87107188924628], [-64.67810699383199, 44.870982592346756], [-64.67808130936149, 44.87088300002678], [-64.67806911873376, 44.87081120046721], [-64.67805589556518, 44.87079340240787], [-64.67803030433357, 44.87069470056549], [-64.678029887293, 44.870595689588725], [-64.67809249864548, 44.87004661081999], [-64.67820300998078, 44.869146493805864], [-64.67821350733128, 44.86894911948737], [-64.67821451955595, 44.868930299556894], [-64.67821429782624, 44.86870531018577], [-64.6782268195001, 44.868615098248384], [-64.6782270094141, 44.868489006308685], [-64.67823691286581, 44.867742593640315], [-64.67819519815973, 44.866698102270306], [-64.67819558417949, 44.86662610456566], [-64.67818078008801, 44.865987106694625], [-64.67816671059683, 44.86576229619158], [-64.67817941679019, 44.86550189887357], [-64.67820341776935, 44.865240499020224], [-64.67831811249017, 44.864830992474964], [-64.67843629011057, 44.864411598875826], [-64.67846610401268, 44.8643040144512], [-64.67876709638956, 44.86329589291993], [-64.67887989228261, 44.86290889281745], [-64.67904219625613, 44.86239518958191], [-64.67907979291118, 44.862206491372504], [-64.67911729623006, 44.86201690294331], [-64.67912970766875, 44.861963593594744], [-64.67914220623899, 44.86182839628664], [-64.67916681872518, 44.86162999794206], [-64.67917898169442, 44.86144080297018], [-64.67917861060248, 44.86125259786317], [-64.6791654997882, 44.86106290175078], [-64.67915209866719, 44.860865008929785], [-64.67912639540114, 44.86067639476737], [-64.67910070419362, 44.860487701351495], [-64.67898559684944, 44.860055509768074], [-64.67867721239371, 44.85894019986887], [-64.67865231417693, 44.85882349524765], [-64.67816570354941, 44.857014903261984], [-64.67765349793102, 44.85502669639904], [-64.67724340894976, 44.853452792055045], [-64.67714178976054, 44.853093288592525], [-64.67683388387155, 44.85186100645031], [-64.67673189967407, 44.85152760704317], [-64.67655249045593, 44.85079920133598], [-64.67643749583642, 44.850411998979254], [-64.67634810638343, 44.85003439871802], [-64.67634100160349, 44.850008399072856], [-64.6763409879834, 44.85000750670919], [-64.67632270198803, 44.84994469638133], [-64.67628429999766, 44.84975529952385], [-64.67625861499644, 44.84956669421932], [-64.67621900617908, 44.849377294841865], [-64.676193189584, 44.84918859154638], [-64.67616749056792, 44.84900000968871], [-64.67614178712672, 44.848810399796804], [-64.67611600347936, 44.84862170744216], [-64.67610300209894, 44.848432912267576], [-64.67608988346551, 44.848243995975494], [-64.67607680298293, 44.84805520316819], [-64.6760690057691, 44.847958110210676], [-64.67606250949434, 44.84786629484536], [-64.67605630191562, 44.847783591239086], [-64.67604938331999, 44.84767659954085], [-64.67606189913316, 44.847497295889845], [-64.67608200776269, 44.846793905222775], [-64.6760964937699, 44.846246386541466], [-64.67609618872474, 44.846192290084176], [-64.67609671841625, 44.846167100097766], [-64.67610730463544, 44.84587709637417], [-64.67611278759036, 44.84580500839563], [-64.67612029265142, 44.84571490146448], [-64.67615299197715, 44.844924002304225], [-64.6761560931223, 44.84485380652854], [-64.67617899805695, 44.844292595242536], [-64.67624980988535, 44.842763011352794], [-64.67633589308544, 44.841719306446215], [-64.67636018402501, 44.84146679858935], [-64.67637167971569, 44.841295605531684], [-64.67637618433717, 44.84124989517757], [-64.67640550477103, 44.84094951709449], [-64.67643319566159, 44.840665509417], [-64.67644640154104, 44.84049328987041], [-64.67650668899506, 44.839711993132724], [-64.67650831032171, 44.83964800671606], [-64.67651800972051, 44.83927071092358], [-64.67651699388597, 44.83906369422807], [-64.67651630516514, 44.838865607291865], [-64.67650270669806, 44.838658813248145], [-64.67649038904335, 44.83845190732987], [-64.67646438861223, 44.838254190153705], [-64.67642548280918, 44.838046907006934], [-64.67638690046934, 44.837849412429065], [-64.67619470386163, 44.836850296538785], [-64.6760519980124, 44.83598639702173], [-64.67604009711756, 44.83592349429034], [-64.67601390545458, 44.83580690294452], [-64.67600278596946, 44.83565130221774], [-64.67600110598895, 44.83562700649731], [-64.67598801194231, 44.83543819124415], [-64.67599919237605, 44.83525799419158], [-64.67604190092516, 44.8349376867248], [-64.67606159999568, 44.83478980169899], [-64.67609798847336, 44.834520109256324], [-64.67611001513828, 44.83432190257168], [-64.67612320170362, 44.83412371140096], [-64.67612160534566, 44.8339346014765], [-64.67609561485834, 44.83373700116921], [-64.67607081224405, 44.833538398718844], [-64.67597989750188, 44.83310668762424], [-64.67592919430376, 44.83292740761636], [-64.6758907908183, 44.83273799204598], [-64.67587768335656, 44.83254920227687], [-64.6758775042853, 44.832369209665856], [-64.6758885074467, 44.8321799125477], [-64.67591339690179, 44.83199139934182], [-64.67596389190496, 44.831811492479666], [-64.67607578878051, 44.83139669882688], [-64.67644000667543, 44.83038850749616], [-64.67651599691655, 44.830217312052895], [-64.67661608296771, 44.83004660347747], [-64.67671730880075, 44.82987490512655], [-64.67685578765965, 44.8297216931433], [-64.67699438899697, 44.829568410080675], [-64.67743519357278, 44.82915409547568], [-64.67781368625948, 44.82881189107467], [-64.67785881053194, 44.82876880881532], [-64.67796509762252, 44.828667395290346], [-64.67811619251108, 44.828513890819444], [-64.67824179944947, 44.82835190207945], [-64.6782601496352, 44.82832591590292], [-64.6783316943849, 44.82822450480925], [-64.67835598883606, 44.828189902440485], [-64.67845079954512, 44.82803618724969], [-64.67845630080562, 44.82802728870443], [-64.67853199615895, 44.82784709538662], [-64.67859182637956, 44.8277098971015], [-64.67860671464487, 44.82767579705505], [-64.67865719987252, 44.82749600510553], [-64.67871918542068, 44.82723490294356], [-64.67875690410189, 44.82701018788046], [-64.67876850639549, 44.826667913716086], [-64.67881609103439, 44.825866890516146], [-64.67884100596085, 44.82546240209399], [-64.6788638031185, 44.82493989560634], [-64.67887530600761, 44.82429251279501], [-64.67886140869392, 44.824030703936785], [-64.67880959599279, 44.8237703925749], [-64.67879388918743, 44.8237075918617], [-64.6786951119878, 44.82331119976109], [-64.67865570554473, 44.823176709102114], [-64.678592811923, 44.82296970951632], [-64.67854129039125, 44.82276248475995], [-64.67852740424769, 44.82254670861836], [-64.67843741538323, 44.8217098935661], [-64.67838489487805, 44.82107960488036], [-64.6783713989641, 44.82100781067279], [-64.6783588922404, 44.82083690164235], [-64.67835819469938, 44.82059388538999], [-64.6783954077567, 44.82035120287975], [-64.6784945108357, 44.81975650981054], [-64.67850732685909, 44.819678930840894], [-64.67856868399113, 44.81930710536339], [-64.67859358854115, 44.819117697893816], [-64.678618486091, 44.818929092956964], [-64.67861778081533, 44.81877610594647], [-64.6786178089295, 44.81873111434925], [-64.67860470990675, 44.81854139902949], [-64.67856509979136, 44.818352909634264], [-64.67852669764109, 44.81816350796965], [-64.67836159878142, 44.817750001084974], [-64.67827271190671, 44.81756140406329], [-64.67787838809643, 44.816787588666166], [-64.67740758998285, 44.815861906077565], [-64.67726749483576, 44.81561009296592], [-64.67716549206288, 44.815448702418735], [-64.67708334715186, 44.815291364829584], [-64.67700081619073, 44.815133291548015], [-64.6768358116651, 44.81480981104387], [-64.676745586612, 44.81462119336384], [-64.67668251226561, 44.814450202275104], [-64.67663168445146, 44.81427000405913], [-64.67660529231894, 44.81409931112606], [-64.67659249950849, 44.81391948925007], [-64.67660500493032, 44.813739298331335], [-64.67661467148886, 44.81359131298751], [-64.67664089538255, 44.81319048670809], [-64.67667730888319, 44.81287489244597], [-64.67668998164237, 44.812659605753204], [-64.67668911839665, 44.81245249763012], [-64.67668859970694, 44.81243449033215], [-64.67667569722316, 44.81220880195831], [-64.67666191143081, 44.81199289821668], [-64.67652070914254, 44.811354008138856], [-64.67650408838648, 44.81127870471123], [-64.67640120019136, 44.81081021102079], [-64.6763925013189, 44.81076990868993], [-64.67638962224216, 44.810757295049314], [-64.67626468442826, 44.81020280429155], [-64.67621310062039, 44.80981650677228], [-64.6762001972815, 44.80963570839197], [-64.67618620098932, 44.80945588735107], [-64.67619870106034, 44.80927558738038], [-64.67622360890856, 44.80908710453711], [-64.67624868884728, 44.80890669550577], [-64.67629809511482, 44.808735896034605], [-64.6763612014898, 44.80855580703986], [-64.67643591105802, 44.80838450284335], [-64.6765119113649, 44.80821331232985], [-64.67661188424978, 44.80804260021082], [-64.67711629616441, 44.80734019075926], [-64.67763191918456, 44.806717797033166], [-64.67775871490748, 44.806555702778006], [-64.67787158598321, 44.806393809198426], [-64.67797161533221, 44.80622220277114], [-64.67806020525822, 44.806051603009486], [-64.67813588015493, 44.80587140538151], [-64.6781977044333, 44.80569129375003], [-64.67824820800882, 44.805511394987924], [-64.67834731384328, 44.804961696175944], [-64.6784719118689, 44.804376600540444], [-64.67853468810222, 44.8041875061355], [-64.67859751078265, 44.80399839934307], [-64.678698501034, 44.80381870240531], [-64.67879820609093, 44.803638089612], [-64.67892478503389, 44.80346699695644], [-64.67906271494435, 44.803295701861096], [-64.67913870614761, 44.80321451078089], [-64.67980600619227, 44.802547507849205], [-64.68070158937638, 44.80169168890928], [-64.68150779813521, 44.80088939468918], [-64.68167179370433, 44.80074480962105], [-64.6818231136209, 44.80060030310142], [-64.68196149941134, 44.800447996130046], [-64.68210000857795, 44.80029470294853], [-64.68221280253964, 44.800131905959134], [-64.68228828853233, 44.80003260479504], [-64.68231028476498, 44.800006199034144], [-64.68233961039306, 44.79996979763774], [-64.68243991806852, 44.79980800093178], [-64.68274009907874, 44.79932370319341], [-64.68274180678429, 44.79932109452757], [-64.68287910099801, 44.79908679475436], [-64.68321940873155, 44.79848310709081], [-64.68333267910073, 44.7982492022227], [-64.6834455063207, 44.797997289362286], [-64.68353281323377, 44.7978258981654], [-64.68359609521848, 44.79765478899221], [-64.6836452038943, 44.79747489524955], [-64.6836702938556, 44.79729539644831], [-64.68368210569263, 44.79717819625872], [-64.68368281349153, 44.79711520590209], [-64.68370659494347, 44.7966286992439], [-64.68372899744908, 44.79600809517893], [-64.68375378838095, 44.795818708755526], [-64.68375608326694, 44.79580708090753], [-64.68379130727608, 44.795630010264716], [-64.68384150795951, 44.79544109708811], [-64.68387560139126, 44.795338336117204], [-64.68390421712326, 44.795251996275354], [-64.68391711319055, 44.79521490129778], [-64.68396701074226, 44.79506300636113], [-64.6841922903109, 44.794549197555476], [-64.6843675102365, 44.79409921416071], [-64.68450549617324, 44.79371188850566], [-64.68461781200223, 44.79331590680237], [-64.68476708517802, 44.792622394745514], [-64.685004193867, 44.79156019987561], [-64.6850411928027, 44.79139849544963], [-64.68505450034684, 44.79133529381504], [-64.6851104439234, 44.79105046889845], [-64.68515359713463, 44.79083059477482], [-64.68519078941549, 44.79063289313641], [-64.68521561824889, 44.790443498513206], [-64.68524020851962, 44.790246010184845], [-64.68526479949058, 44.79004760694151], [-64.68527669214774, 44.78984938547209], [-64.68528768915576, 44.789228993223375], [-64.68528738448029, 44.78921680028045], [-64.68528699439422, 44.78920199992709], [-64.68529828332387, 44.788679705373845], [-64.68529539655388, 44.78784250222692], [-64.6852672912818, 44.78700569485781], [-64.68519870755844, 44.78517030017378], [-64.68518519510279, 44.78505341107346], [-64.68516030983285, 44.78493591247921], [-64.68512172076461, 44.78482839332484], [-64.68507059743011, 44.78472019301758], [-64.68501940088541, 44.78461210760347], [-64.68494421380507, 44.784504202175604], [-64.68460050452316, 44.78407270870363], [-64.68411939527303, 44.78352530455038], [-64.68399279186461, 44.78334529956889], [-64.68391661431167, 44.78324650221311], [-64.6838527847269, 44.78313850637303], [-64.68380158712496, 44.78303030823488], [-64.68376280380491, 44.78291390407263], [-64.68372560234043, 44.78280550232603], [-64.68371200337056, 44.782688695714455], [-64.68372763982237, 44.78256259304916], [-64.68373659693206, 44.78249029984251], [-64.68374899041241, 44.78248200396671], [-64.6839748159969, 44.78181519664876], [-64.68433780647815, 44.78099599929275], [-64.68452658117077, 44.78044680151486], [-64.68462999813968, 44.780046498326186], [-64.68466409223332, 44.77991540093362], [-64.68473890615351, 44.77970819603914], [-64.68482640883643, 44.77950069694073], [-64.6849268920781, 44.779302983856965], [-64.68503989736342, 44.77910420131577], [-64.68516559289536, 44.77890609587695], [-64.68553039937186, 44.7781949074184], [-64.68558032062043, 44.77804209601536], [-64.68562989065917, 44.77787929639809], [-64.68564158355733, 44.77771799663588], [-64.68565460604228, 44.77755571368362], [-64.68564100722448, 44.77739389379127], [-64.68551239931725, 44.77670981167076], [-64.68531981616069, 44.775909701392], [-64.68514101645303, 44.77536949329208], [-64.68489981061722, 44.77472219643149], [-64.68465701064483, 44.774065893971084], [-64.68438980944421, 44.77331000406738], [-64.68436360987845, 44.773103407459764], [-64.68436328527935, 44.772958598504715], [-64.6843631837891, 44.77291429743236], [-64.68436241064077, 44.77288730821895], [-64.6843878997291, 44.77267989475085], [-64.68481110099209, 44.770933498672576], [-64.68482368671931, 44.77088829368357], [-64.68482408640709, 44.770861296972164], [-64.68484653355821, 44.77076193192993], [-64.685110692869, 44.7695923037215], [-64.68542291281358, 44.768376897012004], [-64.68588550793108, 44.766944992002685], [-64.68617318617395, 44.76606210370154], [-64.68622250554641, 44.7658462058479], [-64.68626040281737, 44.76563051350954], [-64.68627160441271, 44.76540530107057], [-64.68625898944352, 44.76518939192724], [-64.68615570876199, 44.764505903058556], [-64.68600130858577, 44.763759207134065], [-64.68597578243603, 44.763578605420534], [-64.68596169709689, 44.763398803379104], [-64.6859487174566, 44.763209902418005], [-64.6859484957934, 44.7630299112407], [-64.68596089442238, 44.76284960481288], [-64.68598481254605, 44.76267009600713], [-64.68600981038558, 44.76248968962254], [-64.68604759135879, 44.76230999164949], [-64.68609671361368, 44.76213009055936], [-64.68614700029052, 44.76194940262877], [-64.68620999950997, 44.761769289334836], [-64.68628460941349, 44.7615979910878], [-64.68629668580037, 44.76158080276549], [-64.68675570238875, 44.760808813663594], [-64.68683759787776, 44.760670694072516], [-64.68785550828797, 44.759003797235245], [-64.68789281417814, 44.758941100785606], [-64.68809536587185, 44.758604555937026], [-64.68844600831589, 44.75802190835076], [-64.68855902053878, 44.7578239974812], [-64.68864671610731, 44.757625500318085], [-64.68872180682678, 44.75742729606533], [-64.68877138955052, 44.75722040050904], [-64.68880831517664, 44.75701369765617], [-64.6888831041857, 44.75654540654442], [-64.68893151290825, 44.755996394666084], [-64.68894270231304, 44.75538411255587], [-64.6889656092963, 44.75473650175731], [-64.68896480147926, 44.7547095044009], [-64.68896329059396, 44.75464359047156], [-64.68893639122793, 44.75347659716437], [-64.68885911436317, 44.75294569316482], [-64.68882019891456, 44.752738294701246], [-64.68878158827806, 44.75254089603916], [-64.68873028836472, 44.75234270826878], [-64.68866620708071, 44.75213571421418], [-64.68860229981684, 44.751937706737614], [-64.68853839311132, 44.75173969939733], [-64.68835989885581, 44.75107431200837], [-64.68832180848939, 44.75089480396205], [-64.68829509598547, 44.7507143008686], [-64.68828220447074, 44.750534399788165], [-64.68828239816712, 44.750408387214456], [-64.68828198828172, 44.75035439623697], [-64.68829318982215, 44.750174187266126], [-64.68830551474647, 44.750030895348814], [-64.68830598471422, 44.75000470130177], [-64.68830590641916, 44.7500037884342], [-64.68830570081575, 44.749994791629675], [-64.68833079380967, 44.74981440361875], [-64.6884048892571, 44.74945409259973], [-64.68846790013025, 44.7492741114206], [-64.68852979426252, 44.74910300324959], [-64.68890631297057, 44.74836470620458], [-64.68896660427379, 44.748234595363776], [-64.68920699883935, 44.74771651031877], [-64.6892822911566, 44.74752728844204], [-64.68933259008593, 44.74734648565603], [-64.68935761191189, 44.747248000477015], [-64.68938268197898, 44.74715760121697], [-64.68940730688024, 44.746960092947155], [-64.68941950198283, 44.74677089265235], [-64.68946751423846, 44.74607790617588], [-64.68949080467631, 44.745663403699055], [-64.68949010761163, 44.74546539007948], [-64.68947800586261, 44.74526750299104], [-64.6894520140412, 44.74506979559362], [-64.68922009007485, 44.74387329296735], [-64.68898911032784, 44.742577706927115], [-64.68882149567892, 44.7415521087539], [-64.68876958773804, 44.74137189428033], [-64.68871888390191, 44.74119259746219], [-64.6886428953542, 44.74101188942233], [-64.68855328774958, 44.740841293055894], [-64.68846491181301, 44.74067059705423], [-64.68813380234305, 44.73996878929855], [-64.68791738756792, 44.73951920855801], [-64.68766380332124, 44.73883609649962], [-64.68736968136136, 44.73797260347882], [-64.68703900288494, 44.737027803790596], [-64.68665629530966, 44.73598469456604], [-64.68662778650513, 44.735916899465], [-64.68661210267241, 44.735868796874875], [-64.68660000617098, 44.73582019476646], [-64.68659141786692, 44.735771095191325], [-64.68658650145035, 44.735721911797704], [-64.68658520138372, 44.73567248790508], [-64.6865874998097, 44.735623095038214], [-64.6865934844661, 44.73557390033747], [-64.68660299709632, 44.73552490790144], [-64.6866162103123, 44.73547639561308], [-64.68663279869116, 44.73542850743169], [-64.68665298203942, 44.7353812037775], [-64.68667660180743, 44.73533479369954], [-64.68670359641402, 44.7352893126724], [-64.68673390427871, 44.735244796170356], [-64.68676741662946, 44.73520159712862], [-64.68699108925398, 44.73496268894613], [-64.6873836099576, 44.734543395830165], [-64.68766058421542, 44.73425490155546], [-64.68782510316093, 44.73409310593718], [-64.68823900523618, 44.73366772199254], [-64.68828989113926, 44.7336154095863], [-64.6883656050804, 44.733525205310485], [-64.68837805449037, 44.73351393849507], [-64.68884429701784, 44.73309228921464], [-64.6889002101316, 44.73305561281332], [-64.68898901246729, 44.73300240717307], [-64.6890815007177, 44.73295250539163], [-64.68917758973753, 44.73290610166405], [-64.68924711626435, 44.73287570163627], [-64.6893792070293, 44.732824399672204], [-64.68948430724737, 44.73278940613416], [-64.68959179191653, 44.73275829226905], [-64.6897014147945, 44.73273119998475], [-64.68986570606596, 44.732694591372635], [-64.69019329961034, 44.73262218948997], [-64.6909120851208, 44.73245850784108], [-64.69110129035741, 44.732404388161], [-64.69116921517302, 44.73237710023026], [-64.69120959783027, 44.73235809428727], [-64.6912486103326, 44.73233770083719], [-64.6912858982264, 44.73231580484857], [-64.69132169283348, 44.73229259231868], [-64.69135569523931, 44.73226810489219], [-64.6913878087753, 44.73224231119889], [-64.69141799519296, 44.73221539294006], [-64.69144619292932, 44.73218738559874], [-64.69147230819912, 44.732158314200404], [-64.69149619429852, 44.73212840843829], [-64.69151789524236, 44.73209759940723], [-64.69175679061928, 44.731800494579694], [-64.69206989181544, 44.731233284704295], [-64.69230740294627, 44.73067429520597], [-64.69255880438789, 44.73007101188523], [-64.69269639942546, 44.72976469077427], [-64.69279691232921, 44.72957599997076], [-64.69289748383191, 44.72938630251197], [-64.69299679084237, 44.7291976092185], [-64.69311001160756, 44.72900868997749], [-64.69318540224499, 44.72890939986655], [-64.69324579030027, 44.728793400524836], [-64.69330790289514, 44.72865350359243], [-64.69335970926028, 44.72851159313428], [-64.69340098369176, 44.72836790091814], [-64.69343168203024, 44.72822280081137], [-64.69345169254606, 44.72807689431075], [-64.69346089511163, 44.72793030878242], [-64.69345941821327, 44.727783695940495], [-64.69348491368677, 44.727576208470566], [-64.69349679729395, 44.7273788892961], [-64.69350849256442, 44.72717169306592], [-64.69350751905449, 44.72696460038559], [-64.6935321920257, 44.726730199249076], [-64.69355599238145, 44.72650569183454], [-64.69355540098249, 44.72627168799834], [-64.69355399072295, 44.726211890041135], [-64.6935471865204, 44.7261380020859], [-64.69353510558749, 44.72606439810878], [-64.69351759525736, 44.72599149994602], [-64.69350429790643, 44.72594739313774], [-64.6934665969104, 44.72584800497469], [-64.69343329310412, 44.7257779115899], [-64.69339481147908, 44.72570910473931], [-64.69335140090402, 44.725641803823834], [-64.69279329907873, 44.72473369606438], [-64.69247551019099, 44.72418561237468], [-64.69238718705006, 44.72401500032014], [-64.69229759971759, 44.72384350638086], [-64.69219689551281, 44.72368199122629], [-64.69209470838594, 44.723511592624604], [-64.69199279345199, 44.7233492958308], [-64.69174218607812, 44.72295647260142], [-64.6845543974543, 44.72819545408249], [-64.68390462459128, 44.72866901850073], [-64.68207899481274, 44.72999942431413], [-64.67458054801939, 44.735485534195135], [-64.66204287418593, 44.74514098949906], [-64.66088317704771, 44.745982297893306], [-64.65645603672888, 44.74916586198836], [-64.65523070380549, 44.750082415989965], [-64.63897435555056, 44.761868489812734], [-64.63234577043156, 44.766671894580796], [-64.61020416135713, 44.78270662088154], [-64.6100832061572, 44.78280503359345], [-64.60995720529155, 44.78269060434207], [-64.60987400065255, 44.782689704344946], [-64.60981741659434, 44.782748392261915], [-64.60979671079187, 44.78288874661755], [-64.60978646533516, 44.782962067144226], [-64.60977897461538, 44.7830143867992], [-64.60776126548737, 44.784474810819255], [-64.60072371361206, 44.789567485700196], [-64.59721255647389, 44.79210772853924], [-64.5699174409632, 44.811841747870524], [-64.55740696200768, 44.82094924868486], [-64.55496409307084, 44.822727379236696], [-64.55467426713977, 44.82293836581321], [-64.55123448712037, 44.82544179337414], [-64.55109467213619, 44.82554354774441], [-64.54938847563297, 44.826785139182455], [-64.54869553442774, 44.82728938661156], [-64.54792127184444, 44.82785277550156], [-64.54776890795873, 44.82796363183445], [-64.54775055276932, 44.82797450629579], [-64.547748366371, 44.82797857031522], [-64.54733938058413, 44.82827616439781], [-64.54550410881775, 44.829611498115824], [-64.54510532554512, 44.829901616137946], [-64.54244136184498, 44.831839655134154], [-64.54185950648076, 44.83226292241856], [-64.53095282951907, 44.84020507129607], [-64.52943404411707, 44.841316097701146], [-64.52943389086151, 44.84131621438246], [-64.5285991913168, 44.84071471095072], [-64.5261357529722, 44.838936576736586], [-64.52364039918437, 44.83713697064579], [-64.5231301190683, 44.837483750470774], [-64.52113127727819, 44.838846497701304], [-64.51419548301898, 44.8435597876823], [-64.4999923502394, 44.8532323814527], [-64.49717675393461, 44.85515331305787], [-64.48885741219696, 44.86081541033537], [-64.48705637160431, 44.862040928846724], [-64.48608906506341, 44.86269905586034], [-64.48295922210266, 44.86482845339736], [-64.47742844832148, 44.868590567806535], [-64.45317530720048, 44.885077258811826], [-64.44781476220543, 44.88871888389399], [-64.44672732340821, 44.88945752243685], [-64.4322101416821, 44.8993114142651], [-64.41579377201776, 44.88816825762493], [-64.41462404975431, 44.88733498889759], [-64.41110947273464, 44.884831001545066], [-64.40937426926062, 44.883594604972686], [-64.40684547428884, 44.881792575421564], [-64.40492616755252, 44.88042473964752], [-64.40130946568635, 44.87784687545686], [-64.39248665383906, 44.87155658894424], [-64.39147060212895, 44.8708320428521], [-64.38182238740413, 44.863950188239535], [-64.37415820926547, 44.85845482609296], [-64.35933270386843, 44.847819441688465], [-64.35918800752067, 44.847715579823614], [-64.34938644788372, 44.840637550667324], [-64.34035424867761, 44.83423298436077], [-64.32890972771969, 44.82606043329294], [-64.32431764043304, 44.822780002623816], [-64.32308161205034, 44.82189674602152], [-64.32230877841384, 44.82134472392257], [-64.3173216623573, 44.817781016232445], [-64.31662722242105, 44.81728469673621], [-64.31628402112335, 44.817039441753316], [-64.31534939070127, 44.81637509148761], [-64.31394507304502, 44.81537680806987], [-64.31122161811335, 44.813497408449535], [-64.30887154519824, 44.811740924164475], [-64.30222744194192, 44.80698870771394], [-64.29226200309506, 44.79985827621654], [-64.28750502786032, 44.796453488578535], [-64.28650970514971, 44.795741016183584], [-64.28558895607195, 44.79509253109839], [-64.27987694031204, 44.79106894146357], [-64.26562373923203, 44.781024465076676], [-64.26118680501773, 44.77789642301976], [-64.25106426262195, 44.770817006863545], [-64.25039166334396, 44.770346494024686], [-64.24058956661979, 44.763003768877354], [-64.23714713532554, 44.760864506970805], [-64.23378432435146, 44.76143870377597], [-64.21381467403923, 44.76334770949692], [-64.18529909797634, 44.76606566344262], [-64.17806712506007, 44.76675347257809], [-64.15443133981772, 44.76899721570809], [-64.14596235005024, 44.7697995992572], [-64.14420378936073, 44.76996610686467], [-64.14294324166218, 44.77008543322267], [-64.12365223797181, 44.771909376151534], [-64.11531276633511, 44.77269652650036], [-64.09893908354921, 44.77423971148678], [-64.0916850856918, 44.77492236930044], [-64.08464837018236, 44.775584026594636], [-64.05539959560224, 44.778328074625904], [-64.04344279464635, 44.779446999783175], [-64.0406167752814, 44.779711221459834], [-64.03719416019331, 44.78003107500246], [-64.03576199832658, 44.7801648937864], [-64.03461446777241, 44.780272103458906], [-64.02133858425701, 44.781511188994095], [-64.01598897440078, 44.78200989679481], [-64.01394454926182, 44.78220040223163], [-64.00951444917727, 44.78261303868065], [-64.00780300016504, 44.782772397902], [-64.00416056554359, 44.783111430137225], [-64.00154764876265, 44.783354534300166], [-64.00000000102598, 44.78349849689297], [-63.97991689142326, 44.785364109707956], [-63.97879425890208, 44.78546824413771], [-63.97424358585414, 44.785890279282604], [-63.95529213217009, 44.787631046142565], [-63.9438038625814, 44.788707094177795], [-63.940473507149065, 44.78903308366484], [-63.94006958117247, 44.78907130599441], [-63.92481496122741, 44.79052791675464], [-63.920977309074196, 44.790914555229776], [-63.920488043891645, 44.79096383208073], [-63.91457571998086, 44.79155916571343], [-63.91121033468035, 44.791517200681376], [-63.90942376011578, 44.79171207591792], [-63.90915051520858, 44.7917455875021], [-63.906565444151305, 44.792062479193476], [-63.90283758551174, 44.792476527596186], [-63.90087008396219, 44.7926950248141], [-63.89973709851859, 44.79282082400762], [-63.89796021702354, 44.79301808210939], [-63.8970208958622, 44.793117022458055], [-63.895913782846414, 44.79323269938907], [-63.89478472825497, 44.79335066685365], [-63.892575128595446, 44.793707666168245], [-63.8894041150459, 44.79401620001565], [-63.886669709004344, 44.7942821486537], [-63.87093990585255, 44.795810411785276], [-63.87045323467338, 44.79585764260991], [-63.86603855785183, 44.796286012891436], [-63.865004357935874, 44.79638635684117], [-63.864033969942305, 44.79573559665601], [-63.85792363699783, 44.78951594382652], [-63.85219528651223, 44.78781108700764], [-63.84797863758392, 44.78823283439899], [-63.84450300966651, 44.789483351676665], [-63.842855448207544, 44.790885573631215], [-63.84108094712274, 44.79239567992734], [-63.839215751468075, 44.794186890641335], [-63.835906255253654, 44.798055814259115], [-63.8335254985461, 44.80134219744369], [-63.831194159409314, 44.804040829250724], [-63.822263664552786, 44.80921375812209], [-63.81826683650129, 44.81186082835805], [-63.815191690807296, 44.814551606289136], [-63.813309365097865, 44.81759484194661], [-63.81257876782725, 44.819431470544934], [-63.8118837364875, 44.82117856081308], [-63.81110406195182, 44.82563238133495], [-63.809958837859966, 44.82766600114317], [-63.80979920997277, 44.827874020932335], [-63.80917371431, 44.82868906137371], [-63.806869448811376, 44.83166794276715], [-63.805575883975685, 44.83333999227201], [-63.8054144262302, 44.83355165265064], [-63.802357484996364, 44.839219573635724], [-63.80195439177156, 44.839829852322026], [-63.80177330595782, 44.839858223093216], [-63.801622138709604, 44.840096476298775], [-63.80149748614906, 44.840281953703155], [-63.799260084181356, 44.8434699536239], [-63.79870304778703, 44.84423015114978], [-63.79824910367897, 44.84477787957886], [-63.79668920517146, 44.84667721291773], [-63.79199079514538, 44.8522965105182], [-63.791477003374915, 44.85294797288418], [-63.79061362868388, 44.85400368511231], [-63.78637574196506, 44.85919172670868], [-63.78629083122103, 44.85928630374609], [-63.7837061010646, 44.86232525523473], [-63.78339730404619, 44.862688274144055], [-63.78142122439245, 44.86501113392969], [-63.78135649520376, 44.865087249354964], [-63.77972976486695, 44.86699950127307], [-63.77943918815969, 44.867341035182086], [-63.778911817824046, 44.867960901221544], [-63.776223334649714, 44.87112052710938], [-63.77579048744038, 44.87161078868351], [-63.77512343404983, 44.87232501038365], [-63.77449571038151, 44.872993992033265], [-63.77237651309631, 44.87532862245373], [-63.77175220840369, 44.87601631484917], [-63.77029887922443, 44.87760743604153], [-63.76946403133505, 44.878521369433855], [-63.76739022263935, 44.88079147649043], [-63.76584384127156, 44.882484050932256], [-63.764369023983804, 44.88424790343429], [-63.76413484304878, 44.88452793725387], [-63.762764267736415, 44.886166928413985], [-63.762271429728074, 44.88675626975887], [-63.758767445928385, 44.8909458046228], [-63.75642976373653, 44.89307813058751], [-63.75578769565849, 44.89366375610884], [-63.75505152464167, 44.89414961248351], [-63.75247123308506, 44.895852419034306], [-63.75114022083671, 44.89653169911625], [-63.74767251952478, 44.89830121919402], [-63.74309376050418, 44.90035953116651], [-63.73756379331734, 44.90274145609777], [-63.735946650193064, 44.90351469933655], [-63.731395241479035, 44.90569074115432], [-63.721738213204496, 44.91030639980961], [-63.71853749914862, 44.91224567685927], [-63.712612212868, 44.91486051501829], [-63.71249343505948, 44.91491873708237], [-63.71183687912866, 44.9152406769498], [-63.70305680125132, 44.91954507897149], [-63.698836198004656, 44.92133815732311], [-63.697700519449484, 44.92182924303793], [-63.692426313268754, 44.92410961317675], [-63.691663217161704, 44.92445854002701], [-63.68986169641116, 44.92528225565025], [-63.68900041189406, 44.925676058799915], [-63.68532896695901, 44.92735449078278], [-63.6845677240774, 44.927702486214834], [-63.684190943613345, 44.92787470238092], [-63.6788250719978, 44.930327211883245], [-63.67360318941295, 44.93253596453007], [-63.672851581612335, 44.93285387324705], [-63.670858619495114, 44.933696713510905], [-63.669962402932846, 44.934075685347445], [-63.66711505162581, 44.93527966418974], [-63.66699939678684, 44.93532857554086], [-63.66425140224134, 44.936332998216635], [-63.66316499834052, 44.93672913898242], [-63.66314474006594, 44.93673282012739], [-63.63088712355555, 44.942551963684906], [-63.62178201159573, 44.944180236991386], [-63.61561507034138, 44.94528248755342], [-63.61226194215602, 44.94590143455205], [-63.606489498778906, 44.94696667237642], [-63.602899382283994, 44.94764049509266], [-63.59627368910222, 44.94878398725028], [-63.59294294369898, 44.94947222888919], [-63.591945800316644, 44.94963788422446], [-63.59000329775032, 44.944219881381535], [-63.5798457810771, 44.93400918166508], [-63.578140177478375, 44.9324205154273], [-63.57240097213363, 44.927076064623506], [-63.572161771528684, 44.92685295775001], [-63.571134873533445, 44.92589513879328], [-63.57057126217346, 44.92537049235559], [-63.57032716218011, 44.925671843755666], [-63.570192749881414, 44.92643757911775], [-63.57069660853944, 44.927196506549826], [-63.570697312897536, 44.92775116752565], [-63.57042984577394, 44.92814672767177], [-63.56997472648682, 44.92847686200796], [-63.569676662800326, 44.92869306392412], [-63.56875711114729, 44.930366703340155], [-63.56803998879843, 44.93236124371441], [-63.56814069070176, 44.93481833347549], [-63.568564953058846, 44.935332514244024], [-63.56837464003629, 44.93601072106817], [-63.567879174723544, 44.93657761549851], [-63.566406418219486, 44.93695825633106], [-63.56486420269304, 44.93830611512936], [-63.56429070837755, 44.93847551298569], [-63.563981077899754, 44.9383952157201], [-63.563732217753575, 44.93809341225337], [-63.56330515687159, 44.937901914507364], [-63.561699519745986, 44.937876154227936], [-63.55956934324643, 44.93804516367741], [-63.559241583889744, 44.93833449922862], [-63.55910464107462, 44.93898615796163], [-63.558833362041824, 44.93935737926337], [-63.558580083998905, 44.93951518785583], [-63.55852428115374, 44.939780365064635], [-63.559136900599235, 44.94101805904075], [-63.559461389403005, 44.94138574999976], [-63.55929201391208, 44.941871574104596], [-63.55765584086229, 44.942948447861646], [-63.55699686951236, 44.943085573129416], [-63.55568782333769, 44.94335792927036], [-63.554829180699, 44.9434140747392], [-63.55389654983487, 44.94318526052128], [-63.553262276430765, 44.941998053528884], [-63.55237705009675, 44.94158794578046], [-63.55143945239395, 44.94142125315882], [-63.55056719616167, 44.941565661078215], [-63.547866279045735, 44.9428119302842], [-63.54635692118481, 44.943502854306864], [-63.54543811341541, 44.94305043611394], [-63.54491289045491, 44.94191119582847], [-63.54442221427226, 44.940230661648705], [-63.544009645981305, 44.93917295499727], [-63.54345304206114, 44.93774589249783], [-63.542642700464555, 44.9372411081014], [-63.54126973483381, 44.93689653208106], [-63.541173188718794, 44.93688854588241], [-63.541043300120236, 44.93685593182612], [-63.54090727862607, 44.936812504951355], [-63.5405606722724, 44.93673480117395], [-63.539974373347405, 44.93666179460356], [-63.53839624094758, 44.93645163674348], [-63.53836892877698, 44.93644800274002], [-63.53692199009416, 44.93168890499825], [-63.536377216997636, 44.93144941435509], [-63.53572157469552, 44.931350209331036], [-63.53463946259103, 44.93177888033974], [-63.53438689189917, 44.93180580888939], [-63.53309444891074, 44.93220313949844], [-63.53060052777754, 44.93218933036584], [-63.5305754508795, 44.93272792436421], [-63.53126502123058, 44.93348044412251], [-63.53179077633986, 44.935801649448926], [-63.532564040535156, 44.9366566018998], [-63.532957728458655, 44.93736003102763], [-63.53263455261349, 44.93801983306691], [-63.53090242432444, 44.93842405166686], [-63.5302104350232, 44.93897588269049], [-63.53075825252509, 44.93987978047255], [-63.53028457551037, 44.94060823345605], [-63.52826066783401, 44.94215027633222], [-63.52728849917109, 44.942641280013355], [-63.52647111655126, 44.94362940690151], [-63.526223994396524, 44.94463265894624], [-63.5250035527191, 44.94590341957348], [-63.52332245204155, 44.948423879285436], [-63.522250856432585, 44.94963038524397], [-63.521772027962356, 44.95067635827194], [-63.52049936990933, 44.95172097907241], [-63.52007216046104, 44.952761693471984], [-63.5192640093487, 44.95436859247727], [-63.518716841901444, 44.955408538445695], [-63.51837492443389, 44.9558529495295], [-63.5177548582129, 44.956610282199144], [-63.516555506767915, 44.95796444505223], [-63.51529044484082, 44.958937598616636], [-63.51509927485013, 44.95957960408871], [-63.514960187161904, 44.95970968796341], [-63.514535752893664, 44.96010671965439], [-63.5144758073041, 44.960124827665254], [-63.51362886759505, 44.9603805127848], [-63.51163682068967, 44.961443381289826], [-63.51058349912108, 44.96145410864359], [-63.510080305635164, 44.9612455480765], [-63.50957635798858, 44.96068727103401], [-63.508416324854174, 44.960430465957785], [-63.507725388129444, 44.960788888075854], [-63.507875631121856, 44.961352945591464], [-63.50882496668861, 44.96199432125497], [-63.50910674012212, 44.96315029564041], [-63.50825330201235, 44.96375005814217], [-63.50608164398891, 44.96386261013348], [-63.505247550057646, 44.96385057388576], [-63.504853382641365, 44.963730841446534], [-63.504245039631925, 44.9629885053694], [-63.5030013588806, 44.96249801603733], [-63.50223113675212, 44.962476480999364], [-63.50186636635562, 44.962466285905286], [-63.50061482736558, 44.96204718065721], [-63.499999992480184, 44.961678392361755], [-63.49934503116909, 44.96128550301426], [-63.49918027161653, 44.96125388293982], [-63.49890495014057, 44.961197081656266], [-63.49757405887939, 44.96099097119198], [-63.49608008898723, 44.96115905690349], [-63.495178081082045, 44.961427392457566], [-63.49482850153914, 44.961717602208076], [-63.49450236979869, 44.96188216315922], [-63.49321800458777, 44.96217131134878], [-63.49238348452142, 44.96239284166928], [-63.49180903123329, 44.962780777783024], [-63.49099798449757, 44.96392510171744], [-63.489972669367084, 44.96466027586758], [-63.48876257495353, 44.96526428815147], [-63.488339055298695, 44.96622661420514], [-63.48840492560912, 44.9671898047068], [-63.48808081475736, 44.96876749113072], [-63.48765896779131, 44.96953657668854], [-63.487019762651606, 44.969961899874654], [-63.48595748525437, 44.97012531202775], [-63.485005626759055, 44.97042314610026], [-63.48327944713473, 44.971706222947944], [-63.482003855785614, 44.97280037672368], [-63.481469068777464, 44.97358376815789], [-63.481332523180185, 44.97377457412493], [-63.480361226996315, 44.975144014333466], [-63.479226217751474, 44.9761841320481], [-63.478261641144826, 44.97748073515213], [-63.47804935281531, 44.977659519955544], [-63.47748238951097, 44.97808936955659], [-63.477256796257905, 44.97823537360207], [-63.47612976460445, 44.978810616554405], [-63.47558130945327, 44.978983228175615], [-63.474624808636904, 44.97926950200114], [-63.4724858426828, 44.97995294943649], [-63.472149260826356, 44.98033845092642], [-63.471988254105256, 44.98060306181704], [-63.47209934019424, 44.981439218694845], [-63.47217230550572, 44.982308031330724], [-63.47171251000893, 44.983132767625456], [-63.47040081479354, 44.98425551267276], [-63.46971687553225, 44.985197998109044], [-63.46889420929307, 44.98603635784351], [-63.46806720932672, 44.98642839900286], [-63.467936835132306, 44.98645828691984], [-63.46732561855316, 44.98659848115883], [-63.46557768102607, 44.986449483094624], [-63.4638892054994, 44.986748400738186], [-63.462501170609, 44.9875769435069], [-63.46133710950755, 44.988482013262946], [-63.461217624372296, 44.98884524880671], [-63.46128723149723, 44.989913782833206], [-63.460505323585224, 44.99070326084521], [-63.458155308909646, 44.99168425128604], [-63.45721785301078, 44.991813873968], [-63.45672583454999, 44.99183866028564], [-63.45639943970325, 44.99202297271132], [-63.45617292552859, 44.99227860401426], [-63.456077064861475, 44.99264349757414], [-63.45751836191591, 44.9939261476691], [-63.458019043699714, 44.99453668080312], [-63.458042788434994, 44.99493569222817], [-63.45762862848531, 44.995549303392465], [-63.45631813803808, 44.99634744673432], [-63.456026805108245, 44.99670498321865], [-63.454865775930585, 44.99812979511553], [-63.45366716927881, 44.99900018309317], [-63.45168557279044, 44.999744976408664], [-63.45073132407417, 44.99991901738048], [-63.45053399503018, 45.000043933157876], [-63.44920088601003, 45.00088768073777], [-63.44805682677063, 45.00160549186845], [-63.446044410932146, 45.002085146036904], [-63.44330591062602, 45.00217530326715], [-63.44071168315902, 45.002468494672584], [-63.437783001562906, 45.0021971923408], [-63.435067712933005, 45.00147918597519], [-63.43380193561918, 45.001233786575966], [-63.43336266204268, 45.00124159186338], [-63.43320163703313, 45.00130208203857], [-63.43306738724671, 45.00142769605623], [-63.432409363656994, 45.00243395166232], [-63.43185295156604, 45.00297596521042], [-63.43168692562728, 45.00378098495058], [-63.43228111989813, 45.005313482957945], [-63.43292233184594, 45.00695107848691], [-63.43376375182486, 45.00783628070061], [-63.43585519189287, 45.00959722063984], [-63.43610108577699, 45.010399708289896], [-63.43579350013041, 45.01208085342529], [-63.43518279272984, 45.01315119120773], [-63.435086727646166, 45.01341131963076], [-63.43505498051644, 45.013497291218854], [-63.43399008151074, 45.016380007105916], [-63.43352784277299, 45.0174209993111], [-63.433425673870715, 45.01795992546034], [-63.43352021872801, 45.01847964589151], [-63.43444158817697, 45.0211036361514], [-63.43497679630166, 45.02178768641099], [-63.435639952385124, 45.02349660222897], [-63.436365902355945, 45.025529217035064], [-63.43699758590052, 45.026429767350905], [-63.437781616508644, 45.02725054133044], [-63.43776603455642, 45.02772878870274], [-63.43749030781091, 45.028079548745204], [-63.43699715184934, 45.0282635302425], [-63.43643190325856, 45.02833601486129], [-63.436107690087375, 45.028521395997956], [-63.43587185454297, 45.028807498365055], [-63.43578341903251, 45.029136474163266], [-63.43587658733101, 45.02956226796379], [-63.437055535270794, 45.030841676400605], [-63.43794548006129, 45.03252493906007], [-63.438182822192616, 45.03350710318449], [-63.43794846879175, 45.03430614973746], [-63.43747120109182, 45.0349883986313], [-63.436773596209996, 45.035687078145216], [-63.43581185315808, 45.0363359277652], [-63.43495844597893, 45.0373125741088], [-63.43453905996393, 45.038528083577624], [-63.434348132663814, 45.04048883560475], [-63.434271104875805, 45.040694611615315], [-63.43421427193097, 45.04107538845973], [-63.43397005524912, 45.04178427975005], [-63.43377268153047, 45.04213996970214], [-63.43345316698023, 45.04249977894826], [-63.43275415866537, 45.04291354997479], [-63.431679436911764, 45.04338256349251], [-63.43010168401805, 45.04373796752301], [-63.42895894846872, 45.043653007186926], [-63.428076276662225, 45.04343371578433], [-63.42692874658369, 45.04301054791318], [-63.425979059178054, 45.04243775519191], [-63.425343789945494, 45.04188189537792], [-63.42495372491279, 45.04169100667597], [-63.42419802152486, 45.04161738784109], [-63.42386801233639, 45.041739373658665], [-63.42368699612334, 45.04180609226157], [-63.42352379086397, 45.041866000794954], [-63.42349587319654, 45.04188734152345], [-63.42292131273993, 45.04233880635738], [-63.422803800470945, 45.04258540259959], [-63.42289979802141, 45.04268259598218], [-63.423650009669615, 45.04300090523736], [-63.42375189015831, 45.04309039876886], [-63.42382830538664, 45.04325050287372], [-63.423786188591585, 45.04343550484641], [-63.42363351407317, 45.04359819474346], [-63.423514197267494, 45.04364289535521], [-63.42316124206558, 45.04368182281346], [-63.42293833871443, 45.04370641184231], [-63.42215051661282, 45.04379329886361], [-63.421770599316744, 45.0439190026236], [-63.421585895595214, 45.04404930254758], [-63.421385205358156, 45.04440480285585], [-63.42156619438682, 45.04556080046355], [-63.42165079416277, 45.04578449099146], [-63.422327810079885, 45.046718500185605], [-63.42310679730415, 45.04750059423894], [-63.423173987410784, 45.047616891533174], [-63.42326129883914, 45.04802269099067], [-63.42317758642906, 45.04850360615716], [-63.4229152075902, 45.04910710403682], [-63.422740008387905, 45.04939201413587], [-63.42256350467163, 45.04958580100767], [-63.42234909583201, 45.04975501252062], [-63.42188407863969, 45.05002910299105], [-63.42182562872817, 45.05006201417316], [-63.42136982126669, 45.05037660150674], [-63.42119374452496, 45.050587157702424], [-63.42114962811099, 45.0507767887766], [-63.42118593213342, 45.05101436484098], [-63.42131448056707, 45.05115774893027], [-63.421597126259094, 45.05137221891988], [-63.42199373518597, 45.05156104293456], [-63.42272309441788, 45.051730088966565], [-63.42302455282137, 45.051838793900025], [-63.42327980883527, 45.05199410440641], [-63.42350426988514, 45.05239851417177], [-63.42359423705421, 45.05271151233776], [-63.42365584333644, 45.05322670199775], [-63.423624052340124, 45.05348586480566], [-63.423434629077114, 45.05397800878536], [-63.423305676042716, 45.05463193359631], [-63.423196365039544, 45.05496235363219], [-63.4230185164403, 45.05534216275591], [-63.42281845407112, 45.055581495314456], [-63.42262918740664, 45.05572122891504], [-63.421887374189716, 45.05603345346336], [-63.42162707477829, 45.056229407888786], [-63.42142924266181, 45.05651311841963], [-63.421437543210914, 45.05737983794576], [-63.42140011207707, 45.0576516417075], [-63.42133091471278, 45.0578274849946], [-63.421181990385634, 45.05797830060912], [-63.42087015552181, 45.058187968711806], [-63.420614539410444, 45.058294918555134], [-63.420034977426326, 45.058408554635825], [-63.419492003608326, 45.05845537766148], [-63.418977689670115, 45.058364936385736], [-63.418437255574176, 45.058178148176644], [-63.41803677207268, 45.05804504752584], [-63.41769040347086, 45.05799790275761], [-63.417081719124475, 45.05824991583092], [-63.41650072401839, 45.0583715948485], [-63.41498822486538, 45.05832431053644], [-63.41365849297836, 45.05857712965827], [-63.41310750712458, 45.05847990017573], [-63.41243125383256, 45.058340601138916], [-63.41145387384974, 45.05846294780041], [-63.41112260254167, 45.058445833280274], [-63.41090879369139, 45.05838784002597], [-63.410396211876915, 45.05815103047439], [-63.40988662753156, 45.05777834189421], [-63.40956303954403, 45.05752915312411], [-63.40906741808099, 45.057196501002046], [-63.40854271102395, 45.05683320570226], [-63.40822107729446, 45.05663390248136], [-63.40795982505616, 45.05634232199046], [-63.4074062439956, 45.05518827799907], [-63.407304952957084, 45.05505180485068], [-63.40712554446362, 45.054905636834675], [-63.406939078947225, 45.05481487592639], [-63.40606421032274, 45.05463390597819], [-63.405788721350525, 45.05453203476169], [-63.405555675831366, 45.05441976129949], [-63.4053079643308, 45.054270733813475], [-63.405051103718904, 45.053996134433476], [-63.405007561837834, 45.0538612467883], [-63.405067769614014, 45.05373832804165], [-63.40521341715097, 45.05359804843975], [-63.40572676524031, 45.05332804259756], [-63.40608034823847, 45.05316892633212], [-63.40621597962268, 45.05307071262034], [-63.4062770382586, 45.05298660443885], [-63.406288090059036, 45.0528491239808], [-63.40624079775026, 45.05269260937006], [-63.406024456480296, 45.05248113892243], [-63.405854217147336, 45.05237338038259], [-63.40561387229287, 45.05229994489659], [-63.4052606045257, 45.05223656565523], [-63.40403466489516, 45.05236837323022], [-63.40349995011442, 45.05246151208936], [-63.40338372227591, 45.05257574415009], [-63.403330548359435, 45.05268622438605], [-63.40336029909691, 45.052867054446104], [-63.40375397232197, 45.05330629336787], [-63.40399684431429, 45.05361491376637], [-63.4041693956754, 45.05392610348647], [-63.40435137828818, 45.0544869893241], [-63.404410183541565, 45.0552300880632], [-63.404337327208545, 45.055539796753415], [-63.40420311790661, 45.05577076901221], [-63.40391007978979, 45.05592407595832], [-63.40358304573633, 45.056007895387], [-63.40281246788569, 45.05600008841559], [-63.40173514875062, 45.05574495926242], [-63.40092826917478, 45.05540864529555], [-63.40004338634115, 45.05520889671102], [-63.39938044028105, 45.055222452984204], [-63.3990793661356, 45.05533777161412], [-63.398589517460564, 45.0555847504322], [-63.3970735103615, 45.056403153867116], [-63.39614185584137, 45.056697145381136], [-63.395294707753536, 45.05688743895208], [-63.39444425387662, 45.056933860851316], [-63.393921668670004, 45.056878009755515], [-63.393309044516286, 45.05667927556521], [-63.39296700071526, 45.05639937607157], [-63.39300221162377, 45.0555847952516], [-63.392661416543625, 45.05509110635897], [-63.392111922202965, 45.054862868319695], [-63.39146520380688, 45.05479303497896], [-63.390150354225725, 45.05628091475692], [-63.38982553588972, 45.056870035844575], [-63.389969742694724, 45.057663554371466], [-63.3903440207021, 45.058472517677444], [-63.390121643868, 45.05892357149091], [-63.38990671492733, 45.05905925362444], [-63.389468722574335, 45.0590463627146], [-63.38879642543657, 45.05858177530812], [-63.38817404247432, 45.057983289374675], [-63.38774753657943, 45.05791813319653], [-63.38752480635165, 45.05798632679446], [-63.38729916782488, 45.05821212218994], [-63.38720909211503, 45.05852474972224], [-63.387453000871744, 45.05914212868361], [-63.38783294442179, 45.05967419256946], [-63.38831614771377, 45.06025239198234], [-63.389470594971954, 45.06074125196023], [-63.390547737525864, 45.06127415848674], [-63.39201193278688, 45.0621279462074], [-63.39246530975805, 45.06224586898662], [-63.39285269027571, 45.06224969863305], [-63.39317603973555, 45.0621566768097], [-63.39336755161657, 45.06201158450934], [-63.39355054369627, 45.061813487777826], [-63.39363708511622, 45.06163845086586], [-63.39360027640535, 45.061477712300466], [-63.39325071353391, 45.06087203149116], [-63.39284993559546, 45.06042376808331], [-63.392811880096666, 45.060187096215046], [-63.39302499377787, 45.05970109198618], [-63.393371614431665, 45.05954595620307], [-63.39375139700887, 45.05953573640908], [-63.39434015421381, 45.05970494119361], [-63.394885431937574, 45.060399726757055], [-63.39494124767535, 45.06147296254944], [-63.39448521040144, 45.06255722682401], [-63.39395477140952, 45.06343482865068], [-63.393515481526826, 45.06393447633646], [-63.39297405441378, 45.064323888723095], [-63.39203720045073, 45.064928475422214], [-63.39190969469891, 45.065107719170804], [-63.39178590643682, 45.06538045051782], [-63.39177642379652, 45.06554860170446], [-63.39185296927086, 45.06572070830771], [-63.39225289937175, 45.0659288352345], [-63.39285321117042, 45.06626377592109], [-63.393463301843724, 45.06674879579568], [-63.39369768498346, 45.067423937393045], [-63.39361176969173, 45.06836192752618], [-63.39395038936972, 45.06894089039859], [-63.39435156747678, 45.06971719605947], [-63.39436280022673, 45.070166932269935], [-63.39327338785955, 45.07349284804977], [-63.39267105225229, 45.075546945338296], [-63.39266559071954, 45.076355745850364], [-63.3930514504993, 45.07673288374878], [-63.39363802877639, 45.076932863427594], [-63.39496606512756, 45.076638525489294], [-63.395794063082874, 45.07631957386], [-63.396840711405616, 45.07638688476472], [-63.39748832581642, 45.07669191264865], [-63.39885580876542, 45.07820752973786], [-63.39881736780374, 45.07869608680141], [-63.39861643712469, 45.07913445420865], [-63.39816912269029, 45.079538148343815], [-63.39699428172024, 45.07975220503465], [-63.396083503686185, 45.07997820375801], [-63.39560280303912, 45.08014767337447], [-63.39524162856725, 45.08038850477653], [-63.39506474563192, 45.080612782073906], [-63.39510461815997, 45.08098566099068], [-63.395345879293735, 45.08127489382155], [-63.39640109028974, 45.08263400634306], [-63.396584444956204, 45.08287005570336], [-63.39663328746822, 45.08356707994081], [-63.39665789945944, 45.083917998981576], [-63.39665805486142, 45.08392063160412], [-63.396402539232945, 45.08447850036004], [-63.39587487464351, 45.08488786548009], [-63.39475748449381, 45.08558470793866], [-63.3942485717911, 45.08605384469332], [-63.39416448081654, 45.08641555522704], [-63.39391050475532, 45.08753233364345], [-63.39492314852683, 45.0893350828096], [-63.39563006607934, 45.08989931008145], [-63.39654846800126, 45.090234056505146], [-63.39779832488083, 45.09035106477561], [-63.39889295932056, 45.09022343960994], [-63.400484891529764, 45.09006637175391], [-63.40094033182431, 45.09005116653221], [-63.40174391273802, 45.09012430112316], [-63.40408354862928, 45.09031443441647], [-63.404618696006956, 45.09037717353868], [-63.40612099607651, 45.090140076187225], [-63.40939686853249, 45.08970358035835], [-63.41019795774136, 45.0898304653952], [-63.410490546914545, 45.09002073341578], [-63.41065427049921, 45.09039061276094], [-63.410601967942654, 45.090643073951576], [-63.41041178895988, 45.091159849014524], [-63.40994500191318, 45.09179932431056], [-63.40930078125484, 45.092610828879224], [-63.407088065645894, 45.093257606104785], [-63.4053324972558, 45.09328528238852], [-63.403683725980216, 45.09327408380949], [-63.402958479773304, 45.093411733889134], [-63.40195126601278, 45.09397294683272], [-63.40073628729006, 45.09514907639179], [-63.4004022153793, 45.09576235879837], [-63.40031212479915, 45.09654681728708], [-63.401283009754565, 45.09750489916608], [-63.403717434888314, 45.098881379894564], [-63.404553889251375, 45.09996811528984], [-63.40612584272722, 45.101280429558294], [-63.405737153545694, 45.102524557900374], [-63.40495394251887, 45.103156607922976], [-63.40352424631478, 45.10351746047377], [-63.402003432981154, 45.10336648347542], [-63.39879272987838, 45.10391053365793], [-63.39697688013415, 45.10502322787631], [-63.396209997749466, 45.10549314298371], [-63.395872202621206, 45.10577188847681], [-63.394290170858845, 45.10707763704001], [-63.394022287775904, 45.107253115093684], [-63.3940351383051, 45.10756656304725], [-63.39453440268603, 45.107978005663256], [-63.39470853508019, 45.10808816820689], [-63.39487397989092, 45.1082046030217], [-63.39507542253444, 45.108422149188414], [-63.397768793295555, 45.10916182262052], [-63.400899826053895, 45.110757997707], [-63.401429194569566, 45.11179490870442], [-63.39968231206691, 45.11609427655933], [-63.39628210019187, 45.12259934894564], [-63.39627560295747, 45.12507201596328], [-63.39490740606054, 45.129557191109285], [-63.39485934754649, 45.12958879000145], [-63.390982070241904, 45.132116229648794], [-63.38732272247125, 45.13452980420562], [-63.383297472431856, 45.13804381943444], [-63.3823493162596, 45.139051438541536], [-63.3822960276764, 45.1403085813469], [-63.382760349373065, 45.14230045790182], [-63.38976073431252, 45.14869170474899], [-63.389898636988086, 45.149567999551095], [-63.39023154896751, 45.151683566777976], [-63.386868746162335, 45.15762074860832], [-63.387355516935, 45.16132622673733], [-63.3881187930127, 45.16536169220481], [-63.38860034827448, 45.168829444573305], [-63.387921673211636, 45.17154904765349], [-63.388379396197465, 45.17294410761129], [-63.38976301433054, 45.17441170519198], [-63.392316856509446, 45.17575715674002], [-63.39584955329387, 45.17707384747699], [-63.398865010187535, 45.17951378411633], [-63.40158786490627, 45.18386021801054], [-63.402167417631986, 45.18631106774952], [-63.40240703425759, 45.18732437385106], [-63.40006332223194, 45.190777038769774], [-63.396568986343496, 45.19395726302163], [-63.39503298902129, 45.197448336310785], [-63.39682886681599, 45.1994741053418], [-63.39975364553022, 45.20082083871719], [-63.40547874889117, 45.20099341751674], [-63.41129701732736, 45.20520937409019], [-63.41834329831702, 45.21007703511147], [-63.41843820431517, 45.21435987713694], [-63.41785798635542, 45.221601843598485], [-63.41631490995689, 45.23099734283428], [-63.41746384762408, 45.23422110040131], [-63.41747962552915, 45.23422546612545], [-63.42112885783063, 45.23522778308472], [-63.42882767889654, 45.23571334934413], [-63.43039096455172, 45.23666156419149], [-63.436766544138706, 45.24052799970801], [-63.442401591716994, 45.24208287941344], [-63.44835677210117, 45.2429197498646], [-63.45171561617874, 45.245119108148764], [-63.45451395097646, 45.24913471836813], [-63.45447080784419, 45.24988439593072], [-63.45437507304489, 45.251517504133695], [-63.454167853692084, 45.255022812207535], [-63.45434085585966, 45.26239279360436], [-63.45690965372879, 45.26844986347352], [-63.459084879957274, 45.26958034688607], [-63.46209699277998, 45.27114683743099], [-63.468487899712784, 45.27059351951628], [-63.47270814478931, 45.27225588077766], [-63.47519513161483, 45.27746179587876], [-63.478853261309695, 45.283653151979834], [-63.48002542829843, 45.28818889665432], [-63.48076439508857, 45.29114034464131], [-63.479127948137105, 45.298607112873206], [-63.47568164784969, 45.306996429573935], [-63.477839932632165, 45.311380809082976], [-63.48379954315366, 45.31596940582995], [-63.48543269420163, 45.31731161565971], [-63.48653463632666, 45.31807386132765], [-63.49315921988741, 45.32229978240653], [-63.49981327795823, 45.32798630072273], [-63.49981442498178, 45.327987248559715], [-63.50012357587593, 45.32825142272645], [-63.502674250444336, 45.33043069767143], [-63.51318723815426, 45.33939050998329], [-63.51351975056067, 45.33931904172511], [-63.5257971124743, 45.3388635219067], [-63.55503580117543, 45.339017389794996], [-63.55523764105282, 45.33901794249728], [-63.56447353238502, 45.339042830545736], [-63.58047492549463, 45.339083726993096], [-63.59034050896197, 45.33910754824178], [-63.6027283934498, 45.340643457039924], [-63.612534304614094, 45.34185795512097], [-63.638832120982215, 45.3451095258586], [-63.64752420820181, 45.34618247860331], [-63.660110838113596, 45.34771338792244], [-63.681887717447125, 45.35035770391708], [-63.698108062928426, 45.352323731926006], [-63.709790679437205, 45.35450636378851], [-63.71731252536527, 45.35591074490493], [-63.719511223253214, 45.35612207576279], [-63.73169649772622, 45.35729229776762], [-63.73204668842371, 45.35732588896301], [-63.74913005050942, 45.35739291042859], [-63.74921505879472, 45.35739324651729], [-63.76680347983121, 45.35632221618327], [-63.78802539800702, 45.35502531120377], [-63.79706508927951, 45.35447133507239], [-63.81896138626503, 45.34289341575834], [-63.82934971287876, 45.337599256685415], [-63.83871552433157, 45.332824231074106], [-63.84678911013421, 45.32870651554751], [-63.86193267174229, 45.314612653593805], [-63.87504539512067, 45.310290071654], [-63.878819705282666, 45.30904539791206], [-63.88923782493648, 45.308393793625896], [-63.89055943050117, 45.30831105303926], [-63.90246321555053, 45.30756485729424], [-63.92116181162224, 45.30638951268493], [-63.938365429120964, 45.30530466272118], [-63.94649013931465, 45.30479117251004], [-63.95425474017705, 45.30429973770458], [-63.971618126044184, 45.303198355440955], [-64.00000001326629, 45.31058219622135], [-64.00000231286232, 45.310582788714996], [-64.01910706915164, 45.315546838177845], [-64.01926536859355, 45.31558794387687], [-64.07561887643332, 45.32832691166369], [-64.0892515195206, 45.33140236913153], [-64.08925588016396, 45.33144298799544], [-64.10680542889193, 45.33577743841194], [-64.1661773867025, 45.33855517797064], [-64.22244618895839, 45.34115135860767], [-64.22244609764492, 45.34115810894069], [-64.22571385397195, 45.34131733633774], [-64.22770018670037, 45.34141408013231], [-64.24639739459697, 45.342554339397374], [-64.25295087083073, 45.342953065921634], [-64.27818130178915, 45.34477644517418], [-64.28130165702854, 45.34494831896818], [-64.30205090568296, 45.34608841491805], [-64.32314845301572, 45.345998196128825], [-64.32319608814204, 45.345997971395676], [-64.32850520703175, 45.34590742582741], [-64.35592019918484, 45.3456733382013], [-64.38389326147887, 45.34561248874216], [-64.39685790328292, 45.34554665682229], [-64.41760455724207, 45.34543744289701], [-64.44484696756928, 45.34518019536917], [-64.46263002508634, 45.34509231364653], [-64.46360265489017, 45.34508740760049], [-64.4743256646269, 45.342001066858565], [-64.47462570781039, 45.341930360733045], [-64.47976890759261, 45.34071814221994], [-64.48071993148012, 45.34049395231816], [-64.48403383214219, 45.339300988733626], [-64.48764847526407, 45.33864351963761], [-64.49046054150179, 45.33813192765286], [-64.49402863751, 45.33738303509852], [-64.49917667992779, 45.33630223692939], [-64.50000000813641, 45.336187944329936], [-64.50716991506452, 45.33519209634234], [-64.52033956930693, 45.331969669729695], [-64.52751387123686, 45.328864390476184], [-64.5391982391487, 45.321285438741874], [-64.54167388840007, 45.31916475923746], [-64.54778489444952, 45.31404657473316], [-64.54915384818494, 45.31289179959564], [-64.55258295098454, 45.30999880165553], [-64.56103904640786, 45.30286276625451], [-64.56218721677386, 45.30188589695383], [-64.57705226921544, 45.28923384815553], [-64.59213845506896, 45.27649836544673], [-64.59743062302442, 45.27361197359536], [-64.60838039036634, 45.26763788326555], [-64.60857097600615, 45.26753386903033], [-64.62425960866254, 45.258924585237885], [-64.6345500690292, 45.253309090915835], [-64.64093564342488, 45.25008536202535], [-64.6448085338661, 45.2481296914715], [-64.65780493492166, 45.24183736652274], [-64.66774723592533, 45.23661501065839], [-64.66774545281564, 45.236612407158646], [-64.69635041554052, 45.221974192262294], [-64.74506154409734, 45.20025679736856], [-64.75205584777291, 45.198255711268295], [-64.7531421520706, 45.19794483436971], [-64.75355812808297, 45.197825810221715], [-64.75411000590884, 45.19765178029798], [-64.76704189681577, 45.19357244504574], [-64.8249462738649, 45.18090765425283], [-64.84001769799261, 45.1776040693336], [-64.84572714373884, 45.1751483734473], [-64.87155692966758, 45.164031210524115]]]}, "properties": {"FED_NUM": 12008, "ED_NAMEE": "Kings—Hants", "ED_NAMEF": "Kings—Hants", "REPORDER": "2023", "SHAPE_Leng": 368456.432932, "SHAPE_Area": 5814964012.37}}, {"type": "Feature", "geometry": {"type": "Polygon", "coordinates": [[[-63.86603855785183, 44.796286012891436], [-63.86606180122776, 44.7961754046204], [-63.86597860739894, 44.79617378872268], [-63.86589979170872, 44.79620400264734], [-63.86583922080849, 44.79619099844093], [-63.86575811171677, 44.796130307364656], [-63.865885709352426, 44.795978489086856], [-63.86595779660842, 44.79567538909292], [-63.866003006161215, 44.79565248913025], [-63.86619791963733, 44.79563629502602], [-63.86624321200257, 44.795613506491875], [-63.86629780679048, 44.79548400153324], [-63.86631160563507, 44.79525899467667], [-63.86634800301815, 44.795172695769374], [-63.86629368688167, 44.79483169485459], [-63.8662484041335, 44.79470441044966], [-63.86610008833045, 44.79450799314387], [-63.8652347150319, 44.79387940689504], [-63.864948290513794, 44.79351049954003], [-63.86494030547603, 44.79342731343747], [-63.864973593838585, 44.79311960226459], [-63.86516260819685, 44.792961014875985], [-63.865209991414574, 44.792878904508946], [-63.8652594843603, 44.79273750514119], [-63.86537761214163, 44.79254199750275], [-63.86546791632186, 44.79219590053128], [-63.865608583473836, 44.79198900655248], [-63.86559830103918, 44.79181480516237], [-63.86546751315655, 44.791594992111335], [-63.86540310862473, 44.791380395901946], [-63.86543839697986, 44.790562806990394], [-63.86558701040459, 44.79013868988289], [-63.86561088727246, 44.789937495125], [-63.86559321142245, 44.78966049673454], [-63.86541538333729, 44.788902300294396], [-63.86544219556627, 44.78862208805733], [-63.8656352051228, 44.78804471544092], [-63.8660136058917, 44.78740731303258], [-63.86604548625369, 44.78713910099208], [-63.86606260765823, 44.78651489982355], [-63.866147895765216, 44.786306991931774], [-63.8662834876772, 44.78608819419296], [-63.866551610645516, 44.78542910180518], [-63.86664381085191, 44.7847231930224], [-63.866928098332394, 44.784230397229635], [-63.86739678592835, 44.78354740607962], [-63.867830688427226, 44.78306130257171], [-63.86820778555475, 44.782763804057915], [-63.86862720947409, 44.7825224989349], [-63.86917499193423, 44.78225990490241], [-63.87005240957744, 44.78163171333921], [-63.87031131771313, 44.781379592860304], [-63.87088837896053, 44.78030720361988], [-63.87098609590483, 44.78021411136497], [-63.87115090378025, 44.78010641254758], [-63.87147249607436, 44.77980799243011], [-63.87169350701178, 44.77968158863161], [-63.87187809531817, 44.77964149137032], [-63.872064802505705, 44.77954219821666], [-63.8724490988852, 44.77919751038957], [-63.87263500973996, 44.77896770292705], [-63.8727371128404, 44.77890630065481], [-63.87310779977344, 44.77893679629165], [-63.873277786064946, 44.77899129872819], [-63.87447259582458, 44.77925430335696], [-63.87476658624133, 44.77925569210174], [-63.875079689181305, 44.7793444883034], [-63.875234396119666, 44.77936308600003], [-63.87573361190414, 44.77937219305505], [-63.87590068987312, 44.77935548551562], [-63.87615229939166, 44.77930080434353], [-63.87648500652082, 44.7791566913949], [-63.87672911814732, 44.77884899691896], [-63.87687090561737, 44.77830219383708], [-63.87513736255152, 44.77337738476556], [-63.87427849437829, 44.77093401909774], [-63.86906373729038, 44.75646334732983], [-63.868666919989884, 44.75534592324556], [-63.868068075013284, 44.75448890754964], [-63.86729769832375, 44.753369694398], [-63.866922513185706, 44.7528569920091], [-63.86498903629052, 44.75008695995445], [-63.85898536996491, 44.74149804126011], [-63.858916449202205, 44.74139942678311], [-63.858773773127, 44.74119530084467], [-63.85433545396763, 44.734843563593245], [-63.85338394835167, 44.733481657677046], [-63.84801585409166, 44.72579647013092], [-63.847550955355885, 44.72514009363595], [-63.847790906432756, 44.72555160296915], [-63.84767509879677, 44.72583789145604], [-63.84718908367905, 44.72609359675699], [-63.84668909602539, 44.72612379982461], [-63.846436203496594, 44.726368093293594], [-63.84646770372947, 44.72687051456536], [-63.84628269788861, 44.72723059070618], [-63.84609908540724, 44.72785150837942], [-63.845812008965055, 44.72812279375774], [-63.84503510781842, 44.728298013040664], [-63.84468765556633, 44.72838413793247], [-63.8442276656378, 44.72830350622271], [-63.84381029191777, 44.72817489084134], [-63.84333281253063, 44.72796382235296], [-63.84303308796737, 44.72771514724859], [-63.84258407863045, 44.72770047141411], [-63.84227400512393, 44.727859195113005], [-63.84201539881433, 44.72826130709381], [-63.84099649039265, 44.72928549446846], [-63.840337599935076, 44.729565589843745], [-63.839815006997924, 44.72960720023952], [-63.83918961821525, 44.72987999776128], [-63.83822749157066, 44.729964787072], [-63.83772749892132, 44.730145101332546], [-63.83674790416294, 44.73055351500983], [-63.83590600829592, 44.73068389565132], [-63.83566401695863, 44.73063189361909], [-63.83532501537853, 44.73035289940109], [-63.835424201081445, 44.7297699133316], [-63.83518358623113, 44.72952829255873], [-63.83429439510365, 44.72929030009439], [-63.83411290117624, 44.728950994054856], [-63.83414281375087, 44.7285919984811], [-63.83386149485198, 44.72840499305828], [-63.83336289396663, 44.728395585674896], [-63.83314060835118, 44.72826098989686], [-63.83247009711243, 44.72825630486685], [-63.831583705763045, 44.728389808854786], [-63.83047880533678, 44.72844019867202], [-63.82994228947129, 44.72870669335921], [-63.82923378767946, 44.72882770088764], [-63.82873890973131, 44.72871959410195], [-63.8279349792329, 44.72827370268856], [-63.82752519224955, 44.7282494278544], [-63.82749840447893, 44.728237795436904], [-63.827195200179204, 44.72834270737095], [-63.82703668936745, 44.72872256556547], [-63.826081423213026, 44.72812409404329], [-63.82032608467242, 44.73260190637922], [-63.819955726025825, 44.732896621338405], [-63.81888495729715, 44.733745797880225], [-63.81777760338739, 44.734618699349575], [-63.8162704158114, 44.7358155913981], [-63.815049986508235, 44.73677551757331], [-63.81365698137596, 44.737904284695006], [-63.81029051602608, 44.74058950614616], [-63.81020109602945, 44.74048241348733], [-63.805266305370495, 44.73412520661225], [-63.80406229710127, 44.73451421109875], [-63.80396050932511, 44.734549110883556], [-63.80303609826768, 44.73474200759234], [-63.80296039451067, 44.734749710064044], [-63.80137958271241, 44.734965098796955], [-63.800472017191964, 44.73506916672646], [-63.79808550448875, 44.7377377231813], [-63.79784538721237, 44.73800620452783], [-63.79677421005764, 44.737240744786796], [-63.79465330150776, 44.735725046560944], [-63.79435058653204, 44.73575790325995], [-63.79432826449474, 44.73575926292425], [-63.794031094321916, 44.73577748935278], [-63.79371058109709, 44.73578520255553], [-63.79339008772552, 44.73578089084734], [-63.79316321260226, 44.735769807338166], [-63.79302448663601, 44.735759908475224], [-63.79288530509273, 44.735741007522016], [-63.79274801470325, 44.73571470420597], [-63.792609613319414, 44.735686295879574], [-63.792447091747334, 44.735646303329986], [-63.792319084500186, 44.73560989455064], [-63.792131816348444, 44.73554839249601], [-63.79198000440883, 44.73549070767726], [-63.79181629947513, 44.73541988964942], [-63.791631682833845, 44.73532000510384], [-63.79068768244583, 44.734809201970656], [-63.7906367863262, 44.73478259802113], [-63.79031121322635, 44.73461829272499], [-63.79016109368726, 44.73453649772762], [-63.78967110955493, 44.73429920177347], [-63.78934500529922, 44.73415319086398], [-63.78905571779802, 44.73405260047957], [-63.788942793323685, 44.73401559835716], [-63.78848890854733, 44.733887312042114], [-63.788049297737125, 44.73378498921902], [-63.78803669391756, 44.733785098402706], [-63.78741910501906, 44.73369121165989], [-63.78725458140724, 44.73367249998012], [-63.78680070917422, 44.73363339207785], [-63.78605541181302, 44.733619604893306], [-63.78546231261015, 44.73366059942105], [-63.78496911467614, 44.73369379170583], [-63.78462831667374, 44.7337185012203], [-63.784475699480126, 44.73373581305792], [-63.78445060879686, 44.73374489080557], [-63.78405929530381, 44.73376020128222], [-63.78351551607285, 44.73380180426275], [-63.78337669184759, 44.73380988759259], [-63.78329989840794, 44.73381620190907], [-63.78327581064184, 44.7338178011612], [-63.782998013285024, 44.73382509567883], [-63.78280870949182, 44.73383359042701], [-63.782732988196805, 44.73384230329427], [-63.78266992055627, 44.73384179628268], [-63.78246040353899, 44.73385579088349], [-63.78225218834217, 44.73386988865414], [-63.78206289794589, 44.73388290868428], [-63.78185460536958, 44.73388430608779], [-63.781646197601475, 44.73388658539875], [-63.78145679741021, 44.7338878986885], [-63.78124840648559, 44.73389021067294], [-63.781040109293315, 44.73389350287798], [-63.78083168631098, 44.733895803104], [-63.780547596511674, 44.733900411863665], [-63.7805224079413, 44.73389971336151], [-63.78031410857997, 44.7339100936903], [-63.78020691763583, 44.73391629679287], [-63.77999841466732, 44.733914994989625], [-63.77978999086329, 44.733913691453694], [-63.77958160313803, 44.73391150628522], [-63.77939849770896, 44.73391100016573], [-63.779190105950924, 44.73390970601457], [-63.778981682194484, 44.733908400590686], [-63.77876700540058, 44.733907193006125], [-63.77855861367805, 44.73390589738023], [-63.77841330885845, 44.733904196584135], [-63.7782049171598, 44.733902900132264], [-63.77805960827679, 44.73390209069171], [-63.7779338977915, 44.73390149234046], [-63.77747969908004, 44.73388078917728], [-63.77648181301694, 44.73387409602297], [-63.77551969308461, 44.73385928926962], [-63.775497785906595, 44.733859192659956], [-63.774740002945705, 44.733854391611196], [-63.77425998271158, 44.73385140624651], [-63.77378000620441, 44.73384829343169], [-63.77225319933588, 44.73382950660538], [-63.77176138843807, 44.73381700601655], [-63.77108498761942, 44.7338040930856], [-63.771079298561666, 44.73380399013274], [-63.77078861580606, 44.733793001195586], [-63.76969100894287, 44.73378600750487], [-63.76965308272193, 44.73378620487873], [-63.768288905933396, 44.7337683995146], [-63.76806148561058, 44.73376630387363], [-63.76803629302412, 44.73376649377783], [-63.767772193556446, 44.733755689845125], [-63.76705209001162, 44.73374250245481], [-63.766887910639376, 44.73374089658915], [-63.76658591741427, 44.73373029611964], [-63.7660298099933, 44.73369980002133], [-63.76599190675109, 44.73369919393441], [-63.765979302903034, 44.73369930000258], [-63.765904702308966, 44.73368989545587], [-63.76547490366839, 44.7336604082996], [-63.7651344875429, 44.733613089936256], [-63.764971309945594, 44.73359350353187], [-63.764694304189675, 44.73355580822971], [-63.764050296314096, 44.733470898606285], [-63.76401239328976, 44.7334702916792], [-63.76353428680533, 44.7334131992484], [-63.762563994000395, 44.733200003426916], [-63.76213671472748, 44.73307139711143], [-63.76099200537849, 44.732739703711545], [-63.760954011341816, 44.73273091214576], [-63.76002350271519, 44.732463391438294], [-63.75930638235722, 44.73226120304835], [-63.758501013808306, 44.73203069734578], [-63.75833738916012, 44.73197590603496], [-63.75826269286441, 44.73195749917037], [-63.758237306833, 44.73194871434194], [-63.75782148861413, 44.73182899875976], [-63.75778469112202, 44.73181940840872], [-63.757356303975385, 44.73169980643222], [-63.75685348930885, 44.731552307375786], [-63.756362496830334, 44.731413789568315], [-63.75577180209422, 44.73124839638042], [-63.755746389464534, 44.731238708158706], [-63.75541940263117, 44.7311472083197], [-63.75520510216659, 44.73108291072463], [-63.75445168370866, 44.73083500589593], [-63.75386059420032, 44.73063269116094], [-63.75252818605479, 44.7301383059763], [-63.751410111131754, 44.72971709312576], [-63.751096299255885, 44.72957060040183], [-63.75089551879809, 44.729470196602094], [-63.75088280494457, 44.72947029095989], [-63.750833207420435, 44.72944269712524], [-63.75045700693283, 44.7292425133671], [-63.750381796762134, 44.72920010753839], [-63.75034359630599, 44.72917859203769], [-63.75030649711289, 44.72916049144361], [-63.7496419851948, 44.728805095802535], [-63.74922739305306, 44.72860440377426], [-63.74907749614941, 44.72853149221605], [-63.74828579515885, 44.72824680712253], [-63.74755680211646, 44.7280266051484], [-63.74651321774158, 44.727695801472386], [-63.746085906176894, 44.727558114965], [-63.74568279616756, 44.727438309223714], [-63.745393698847195, 44.72734658829807], [-63.74505379519112, 44.72723629698166], [-63.74439689152357, 44.727019920091735], [-63.74430060388789, 44.72698820762405], [-63.74427521124419, 44.72697849351715], [-63.7442371966859, 44.72696979710876], [-63.743998303808596, 44.726895906045975], [-63.74337138247147, 44.72670510586848], [-63.74307989647948, 44.726628902946594], [-63.742224811702485, 44.726416597998124], [-63.74184739399094, 44.72633260849504], [-63.74173340672606, 44.72630460755328], [-63.74150710320634, 44.72624939247113], [-63.740827594552606, 44.726082703199786], [-63.740312010897895, 44.725953690268156], [-63.739623996448685, 44.72574608720353], [-63.73910579090103, 44.72553121067625], [-63.73901690946365, 44.72549489796882], [-63.73860388140511, 44.725294103083456], [-63.73850358275129, 44.725248797784054], [-63.73783771049131, 44.724920007989276], [-63.73766229574072, 44.72482840174334], [-63.73748700818366, 44.72474680644542], [-63.7372991179649, 44.724664195282976], [-63.73711009345384, 44.72459968575308], [-63.73685899229932, 44.724517598047726], [-63.736305897586654, 44.72433380925858], [-63.73545078448995, 44.724093706699115], [-63.73490970394602, 44.723946911873], [-63.73461968914399, 44.72388119278068], [-63.73451960522742, 44.72385390829224], [-63.734128593559156, 44.72378798741299], [-63.733939991019575, 44.723750501697396], [-63.733561883097394, 44.723712502217936], [-63.73337249012124, 44.72371099331825], [-63.73313238865783, 44.72370079561459], [-63.73290640116473, 44.72369871364903], [-63.73266541306419, 44.72371549700043], [-63.732551895513325, 44.72372340979738], [-63.73210960409051, 44.723774590610354], [-63.732077690596086, 44.723778586620014], [-63.7319705916016, 44.72379198902129], [-63.73164159122113, 44.72383459286328], [-63.7314091934232, 44.72386968807244], [-63.73107250768942, 44.72392061352611], [-63.73078379937237, 44.72396040075555], [-63.73026260843067, 44.72403251481635], [-63.7302249009006, 44.72404080884134], [-63.72927700314134, 44.72417828818966], [-63.72903629910732, 44.72421319844605], [-63.72859391461541, 44.72428170276608], [-63.727707794822905, 44.724410710276395], [-63.72741661695743, 44.72445389937473], [-63.727062483500966, 44.72450570622398], [-63.72637930585523, 44.7246091052008], [-63.725443894791965, 44.72472848465614], [-63.72529259700224, 44.72474560696904], [-63.72465970811295, 44.724831603660135], [-63.7240028986583, 44.72491680591516], [-63.723977613159676, 44.724916894538886], [-63.7223445128027, 44.7251937061132], [-63.72207989353851, 44.72523680428991], [-63.72191479273023, 44.725262189369055], [-63.72176358469473, 44.72528830150462], [-63.721598292656665, 44.72529658636565], [-63.72158559339703, 44.72529659732225], [-63.72143419116878, 44.72530390470332], [-63.72127000681409, 44.72530309605977], [-63.72108059244888, 44.725301583861715], [-63.720727106606056, 44.72530840383551], [-63.71999589995358, 44.725303100925515], [-63.71975610597229, 44.725310901910454], [-63.71960449459799, 44.72531009269715], [-63.71954139073987, 44.72530949667092], [-63.71913618300927, 44.7253246980332], [-63.71900988598227, 44.725323698527205], [-63.71868169721277, 44.72533028753863], [-63.71836630593709, 44.72535569305348], [-63.718024691103786, 44.72540728687353], [-63.71778411471572, 44.72545020243674], [-63.717695883689586, 44.72546789838657], [-63.71768328202004, 44.72546799762932], [-63.71765809352859, 44.72547618834589], [-63.71745549069503, 44.72552880463357], [-63.71736610031006, 44.7255554922818], [-63.717113196641535, 44.72562549261108], [-63.71641600071734, 44.72581890740191], [-63.71612400311964, 44.72589820739916], [-63.716061100459996, 44.725915690535665], [-63.71602329446601, 44.725924002625206], [-63.71507288513759, 44.726169402658414], [-63.715010013686076, 44.72618689588451], [-63.71499741181085, 44.726186994748254], [-63.714947003517985, 44.72619540525416], [-63.71444008191383, 44.72629120140228], [-63.71295929071367, 44.726568987586205], [-63.7123642081204, 44.72668151388144], [-63.71197241417046, 44.72675149208662], [-63.71141548291971, 44.72685570780854], [-63.711111508928134, 44.726889112401174], [-63.71090980716638, 44.72691470886787], [-63.71083408199739, 44.72692330402091], [-63.71063109682662, 44.72694888519624], [-63.710391490587504, 44.72697468637983], [-63.710341399311346, 44.72697778379287], [-63.7081794928039, 44.727111685985605], [-63.70754819140966, 44.727152483803536], [-63.70635989050456, 44.72722560884282], [-63.70596971083243, 44.72722259941789], [-63.70543901549126, 44.72721879271394], [-63.70424168051121, 44.727084806460894], [-63.70327150721052, 44.72694310087412], [-63.702858794965636, 44.72688159849096], [-63.70187229825067, 44.72673480374506], [-63.700663301381965, 44.72656450328309], [-63.700000605904506, 44.726509499585774], [-63.69995758290815, 44.72650520498392], [-63.69985621033096, 44.7265048130655], [-63.699780705738775, 44.726495514110496], [-63.69964170023897, 44.72648561086016], [-63.69923739397669, 44.72647360396389], [-63.69869458231779, 44.72648780715658], [-63.69724288813844, 44.726531696324784], [-63.69714190667407, 44.7265305956252], [-63.697015693096716, 44.726538504402114], [-63.69687640532697, 44.726537914258735], [-63.69677580237573, 44.72653730424514], [-63.69654819483187, 44.72651799504335], [-63.69619550220536, 44.726487701371234], [-63.69590590089025, 44.72644991398517], [-63.695804790946795, 44.72644058417474], [-63.69542759720434, 44.72636549501416], [-63.69521409908924, 44.726313496013425], [-63.69390460327378, 44.72599500419637], [-63.69343900596526, 44.72586528870699], [-63.69260900435894, 44.7256254896216], [-63.69229489441479, 44.725542807459], [-63.69220738690138, 44.725515391628086], [-63.6921313183463, 44.72548709574426], [-63.69208181180837, 44.7254694030721], [-63.69196879560657, 44.72541419811671], [-63.69189388571446, 44.72537780225591], [-63.69185578295528, 44.725359105870865], [-63.69175521559423, 44.72529579237867], [-63.69161801153622, 44.7252048087818], [-63.6914932165832, 44.725104893290464], [-63.691367907175966, 44.725004691760475], [-63.69126940603115, 44.724896294342216], [-63.69110699458996, 44.724724493894456], [-63.691019995744185, 44.72463319839079], [-63.690858793309005, 44.72442549334495], [-63.69082201183184, 44.72438079071828], [-63.690784293562984, 44.72433490530129], [-63.690623010227, 44.72413580326567], [-63.69044897899549, 44.72393660679325], [-63.69041240599343, 44.723873399022665], [-63.69027560689137, 44.72372841475683], [-63.69009461108316, 44.72352373279137], [-63.69005369988482, 44.7234900069555], [-63.68998409181083, 44.72341238491994], [-63.689908210264996, 44.72332317160639], [-63.68995208259832, 44.723284798919394], [-63.689957118992595, 44.72328046893603], [-63.69001729770591, 44.723228896731634], [-63.690083284389786, 44.723172305827056], [-63.6903108877835, 44.72298188957922], [-63.69077080721204, 44.72258030570063], [-63.69161460810207, 44.72182089099581], [-63.69258600613603, 44.720946205870085], [-63.69330160484262, 44.720329913204644], [-63.693838199592435, 44.719856508465796], [-63.69480911345849, 44.71900890508747], [-63.69587020447154, 44.71809770437331], [-63.69680139404383, 44.71731239731283], [-63.69700608894296, 44.71711580554641], [-63.69726290031022, 44.71683880271013], [-63.69744210210652, 44.716624289748495], [-63.69764899873962, 44.71629270232079], [-63.69779200825929, 44.71600551012064], [-63.69781780454601, 44.715943290955714], [-63.697948592659074, 44.715593201647046], [-63.69800259929508, 44.715336576914666], [-63.69801671513262, 44.715269598090394], [-63.698059395037106, 44.71493619021173], [-63.698050486582076, 44.714612205611004], [-63.69801739730403, 44.714279289837606], [-63.69794660511426, 44.71395471097703], [-63.69755890884922, 44.71279130604438], [-63.697159096920736, 44.71156400365124], [-63.6967231196713, 44.71025679349726], [-63.69639561442912, 44.70927310726879], [-63.6963791626459, 44.70922400037556], [-63.69637673232679, 44.70921664281812], [-63.696367061100894, 44.709187843968834], [-63.69628698633278, 44.70894880169691], [-63.6959358836104, 44.70788409581035], [-63.69557211319824, 44.70681049490913], [-63.6952334918201, 44.7057367969655], [-63.6948086074686, 44.70451060824565], [-63.69454149486879, 44.70370740654267], [-63.69427540349625, 44.702886199787734], [-63.69421948681089, 44.70272339150804], [-63.694142002516415, 44.70249809856451], [-63.693945681354805, 44.70211940485401], [-63.693760591450236, 44.70184770851157], [-63.69353658728715, 44.70158530111848], [-63.693300197016484, 44.70134098966905], [-63.69300148896556, 44.70105919866951], [-63.69254050339249, 44.70061550421002], [-63.69202470712903, 44.70012440915849], [-63.69193019599749, 44.7000350086588], [-63.69189831608361, 44.700003694001886], [-63.69118299744023, 44.699291385440404], [-63.690783449417594, 44.69890496573259], [-63.69070951248597, 44.698833444926706], [-63.690236785342016, 44.69837620294274], [-63.68838446317407, 44.69660538016248], [-63.68811210368515, 44.696344987510706], [-63.68788400639961, 44.69612719536382], [-63.68499598249189, 44.69332590787908], [-63.68455989388939, 44.6929449979413], [-63.68407228791309, 44.69258150211394], [-63.68355980445385, 44.69225329095841], [-63.682995899980014, 44.691952412027646], [-63.68241969433718, 44.69167850538799], [-63.68096229888873, 44.690948993551345], [-63.68006481173244, 44.690500710674044], [-63.67903769941407, 44.68997109741959], [-63.67873779246413, 44.68979830105919], [-63.67844922114868, 44.689616297545626], [-63.6781754780338, 44.689407304516486], [-63.678028841879055, 44.68928450222855], [-63.67801920825151, 44.6892873291841], [-63.67698109303527, 44.68957490293682], [-63.67561897627231, 44.68997086926688], [-63.67410327033804, 44.69039693022946], [-63.67390458339803, 44.69045595246969], [-63.67302664962817, 44.69071688202466], [-63.67157586811212, 44.691190184683215], [-63.670608163593684, 44.69154214839982], [-63.669685300187425, 44.69181636210839], [-63.66852199047427, 44.69207320619638], [-63.66801726861039, 44.69217878606054], [-63.6672470728246, 44.69248531125046], [-63.66672929625013, 44.692704009469054], [-63.666520627235194, 44.69279215612613], [-63.66574978033911, 44.69314549642918], [-63.66522222047524, 44.693313333659496], [-63.664781087950004, 44.69355980720111], [-63.664669196740704, 44.693730683341585], [-63.664667411250534, 44.693855531274004], [-63.66422693456689, 44.6940551861556], [-63.66321696524644, 44.694297511442755], [-63.66229357328434, 44.69460287807407], [-63.661479551846334, 44.694909062546145], [-63.66093231539279, 44.695057790511605], [-63.66086447727959, 44.69507620662803], [-63.65943506047125, 44.69522326701702], [-63.63784280196631, 44.69262286745296], [-63.628264030609074, 44.68642761207666], [-63.61839832786327, 44.68019041040452], [-63.61229781856301, 44.677928954424246], [-63.611937357199785, 44.6777859279747], [-63.61186388901092, 44.677868002117634], [-63.611800112810386, 44.67793889293542], [-63.61175541257721, 44.677988290435074], [-63.611645700795535, 44.678113189174816], [-63.611530980486236, 44.67823890214782], [-63.611421217280316, 44.678363699879725], [-63.61130529865128, 44.67849308594509], [-63.6112220045737, 44.67861871299729], [-63.61109969447459, 44.67874810851201], [-63.61098498624577, 44.67887379837179], [-63.610869006107656, 44.67899869318243], [-63.610760489026504, 44.679123495798386], [-63.61064448936401, 44.679248300427545], [-63.61053480783711, 44.67937860401331], [-63.61042011561379, 44.679507904765146], [-63.61029790344657, 44.679646304515806], [-63.610175599707254, 44.67978020233255], [-63.61006100063153, 44.67991939937258], [-63.6099324931558, 44.68005789730792], [-63.60980411627785, 44.68020529799775], [-63.60967570314937, 44.68035721350487], [-63.609540999490406, 44.68050470157058], [-63.60941259983326, 44.680656594128195], [-63.609284219572984, 44.68080399448051], [-63.60914950977855, 44.68095600801928], [-63.609019889629316, 44.68110790589496], [-63.608885102545514, 44.68125539457924], [-63.60875790996663, 44.68139830882198], [-63.608629493548676, 44.681545697896404], [-63.60850110822943, 44.68169309773156], [-63.608366393172396, 44.68184511071667], [-63.60823039541812, 44.6819971074684], [-63.60808950158225, 44.68215350565675], [-63.60794860099343, 44.68231901171829], [-63.6079444433163, 44.68232377549848], [-63.60780021471868, 44.682489101718154], [-63.6077042043502, 44.68260029906228], [-63.60770088726512, 44.68260397903738], [-63.6076468849288, 44.6826636050659], [-63.60749230933718, 44.682841793486915], [-63.60733890116551, 44.68301641050341], [-63.60727669071257, 44.683088395287314], [-63.607184297460115, 44.683195400356226], [-63.607024609170765, 44.6833736138342], [-63.60687002127133, 44.68355269347712], [-63.606709105065974, 44.68373180393204], [-63.606673831850244, 44.6837728084014], [-63.6065558040013, 44.6839100077755], [-63.60640119416249, 44.684088997015394], [-63.60627319378047, 44.684279706389106], [-63.60611349628668, 44.68445610207722], [-63.605957581888646, 44.68462970284867], [-63.605801612954245, 44.68480250290026], [-63.605658199531, 44.68496171023598], [-63.60547958878184, 44.685140905606225], [-63.60539929969469, 44.68522201008163], [-63.605323497647824, 44.68530290590654], [-63.60526990652158, 44.685358089980234], [-63.60522109473472, 44.68540341163649], [-63.604918106212, 44.685751606720736], [-63.604674086511594, 44.686073300818016], [-63.60464110325645, 44.68610611331115], [-63.60458289549113, 44.686163809918554], [-63.604551709486884, 44.68619639446526], [-63.60449472266348, 44.6862547852464], [-63.604494290848685, 44.6862551975052], [-63.604450594216644, 44.68629960193342], [-63.60444718988539, 44.68630300088786], [-63.6044072989079, 44.68634363965521], [-63.604359849780394, 44.6863809289515], [-63.60435311643331, 44.68639459919015], [-63.60427561521319, 44.686464299316846], [-63.604059296899365, 44.686653605911154], [-63.60395769127932, 44.68671539888878], [-63.60376697738366, 44.68682260520961], [-63.60357618705792, 44.68692000437697], [-63.603372615855434, 44.68699939683589], [-63.603157488951304, 44.68706980598648], [-63.60292970841262, 44.68713041165902], [-63.60275069830544, 44.68716859675991], [-63.60247519894506, 44.687227386278096], [-63.60239838570387, 44.68724310411893], [-63.60229613483266, 44.68726535677522], [-63.60215728449673, 44.68729560691726], [-63.60191729369846, 44.68733828594407], [-63.6016765091151, 44.68736389896667], [-63.601424318510425, 44.68737960070145], [-63.60084391313803, 44.68738450796061], [-63.600768100525706, 44.68738399213931], [-63.60063430064854, 44.687377501111044], [-63.60059640949964, 44.68737575311105], [-63.60052830975833, 44.68737260298019], [-63.60040709081268, 44.687371502960545], [-63.60026380968604, 44.68737070578842], [-63.599999514914394, 44.687368206816046], [-63.5999615812648, 44.68736840038469], [-63.59979750011482, 44.687366601419896], [-63.599500893744114, 44.687364499428426], [-63.599128588896725, 44.687362001819864], [-63.59910381530924, 44.68736149527291], [-63.59910309602376, 44.68736180987415], [-63.59909078906519, 44.68736129027313], [-63.59867429297849, 44.68735808789591], [-63.598628915552304, 44.68735740108684], [-63.59847259761509, 44.687356587981256], [-63.59830841455888, 44.68736450522784], [-63.597701908266835, 44.687413597425994], [-63.59710840728671, 44.68749860110806], [-63.59695610657371, 44.687533609642735], [-63.59666519726652, 44.68759449964196], [-63.59638579383162, 44.687664384417445], [-63.59613300837471, 44.68775219919178], [-63.59586660889342, 44.68785799819049], [-63.595307419655676, 44.688096793911434], [-63.59491331064965, 44.688273398390045], [-63.594798698200485, 44.68832629605599], [-63.59470949300896, 44.68837088931506], [-63.594632990279756, 44.68841541041595], [-63.59452105069989, 44.6884671199971], [-63.594518690426376, 44.6884681906101], [-63.594378142155094, 44.68853980527892], [-63.5941885061472, 44.68863641279523], [-63.59394720274781, 44.68874268730724], [-63.5935781051175, 44.68891959914235], [-63.592359315370196, 44.689440899729306], [-63.59216948813239, 44.68951119714356], [-63.59086251357817, 44.68993290444253], [-63.59056712383104, 44.69001582200609], [-63.59005209710585, 44.69016038594579], [-63.58957038724554, 44.690291897692084], [-63.58910081328206, 44.69043180817246], [-63.58858239380955, 44.6905811954176], [-63.58799948765103, 44.69072909760875], [-63.587048113533456, 44.69099150420564], [-63.586237589535806, 44.6912282080495], [-63.58588278943464, 44.69132429821765], [-63.5846280906167, 44.69167458682061], [-63.583233696613966, 44.69206788944296], [-63.58204309821751, 44.69239181176046], [-63.58103139282014, 44.692671099953365], [-63.581030293114644, 44.692671396982846], [-63.581029915901496, 44.69267149237436], [-63.58078831776072, 44.692741201884864], [-63.57964799711978, 44.69305659166245], [-63.578798511910676, 44.693292310487934], [-63.57814021413228, 44.69347570337121], [-63.57758258982114, 44.69362430366282], [-63.57691246971756, 44.693800792840385], [-63.576425204827, 44.69392911547854], [-63.576259406072296, 44.69396188947659], [-63.57610028602189, 44.69399950551905], [-63.57593589872776, 44.69403421250631], [-63.57559419019578, 44.69410820140541], [-63.57523930215424, 44.694172704936285], [-63.57495317987048, 44.69421739972732], [-63.574900011671836, 44.69422571066523], [-63.57464180258325, 44.694255491882885], [-63.57396349613955, 44.694315105728805], [-63.57323049094677, 44.69434490734988], [-63.57290238829782, 44.6943518976108], [-63.571440203623446, 44.69427639277795], [-63.57089810655094, 44.69421790441206], [-63.57038578486767, 44.694151395405434], [-63.57023129571818, 44.69412290088574], [-63.56986668890021, 44.694056498091314], [-63.56936318001445, 44.69393570086474], [-63.568496608535206, 44.69372209523268], [-63.56806890437563, 44.69360990440711], [-63.56756910874373, 44.693480097525686], [-63.56617219499217, 44.69311790416662], [-63.56501590385911, 44.69282930822955], [-63.56487167550611, 44.692791740205195], [-63.563659498406295, 44.69247589336367], [-63.563379788633895, 44.692392600393646], [-63.56332029123618, 44.69237490554959], [-63.563194599787515, 44.69232848772814], [-63.562993612619685, 44.69225500282683], [-63.56285119856739, 44.69219895411001], [-63.562806082862664, 44.692181202911364], [-63.562779404129536, 44.69216963954727], [-63.56274270351157, 44.69215360470315], [-63.562731299655745, 44.69214469346349], [-63.56268360750551, 44.69212340997683], [-63.56266090008186, 44.6921953024432], [-63.562575052331674, 44.6925832222317], [-63.56244468368417, 44.69317220659531], [-63.562404400275724, 44.69336101357767], [-63.56237358833764, 44.69350300216302], [-63.562363300631034, 44.693550689344185], [-63.56232510729947, 44.69374199699225], [-63.56228779642228, 44.69393438784581], [-63.562248592001936, 44.69412638644404], [-63.562209413805746, 44.694319400637355], [-63.562170390029344, 44.69451288696553], [-63.56213120579028, 44.6947069060526], [-63.56209220790074, 44.6949014081391], [-63.56205128647778, 44.69509679375534], [-63.56201021242155, 44.69529240728938], [-63.56197100968631, 44.69548879743703], [-63.56193060991646, 44.695684808632365], [-63.56189040680899, 44.695881697728815], [-63.5618875219925, 44.69589603632821], [-63.56185059637977, 44.696079699142324], [-63.561809387493156, 44.696278091777785], [-63.561768806083286, 44.69647689383537], [-63.56172769916827, 44.69667618837196], [-63.56168569583128, 44.696875709439425], [-63.56164419223931, 44.69707559648405], [-63.56160259100918, 44.69727539469488], [-63.56156099726854, 44.697474888225045], [-63.561521299479715, 44.69767488718361], [-63.56148170990372, 44.69787419637331], [-63.56144190921276, 44.6980727071703], [-63.561409111183686, 44.69821220790503], [-63.56137720495425, 44.69833618878271], [-63.561331795071574, 44.69854959411673], [-63.5612855937945, 44.69876301015507], [-63.561240108866336, 44.698975999239536], [-63.56119531229974, 44.699189306674455], [-63.561151580916395, 44.69940160688982], [-63.56110901249924, 44.69961240196219], [-63.56106569986508, 44.69982319582085], [-63.561022405496445, 44.70003349299371], [-63.560977712977476, 44.70024359447708], [-63.560927921800044, 44.7004529963888], [-63.56087049479923, 44.70066150669594], [-63.560803909313606, 44.7008689988835], [-63.56072641223547, 44.70107440138677], [-63.560640716937634, 44.70127799415297], [-63.56054539704249, 44.70147909630992], [-63.560443105543996, 44.70167749198349], [-63.56032668525374, 44.701880308005514], [-63.56020648615131, 44.70208390789674], [-63.56009119083666, 44.702260184548756], [-63.559997218460865, 44.702417294854655], [-63.55988010355157, 44.70261668890745], [-63.55976419524632, 44.70281808733845], [-63.559646400155984, 44.70302060568482], [-63.55952659837194, 44.70322389563459], [-63.55940719097868, 44.70342899758533], [-63.55928561370275, 44.70363529092307], [-63.559162294997336, 44.70384160738621], [-63.559037678934715, 44.70404980344704], [-63.55891211193485, 44.70425859906572], [-63.558786084805455, 44.704468608520905], [-63.55865919074484, 44.70467879879335], [-63.558533791099634, 44.70489050430777], [-63.55840768324986, 44.70510180160542], [-63.55828198899177, 44.705312009865224], [-63.558157893914924, 44.70552228723394], [-63.55803401242824, 44.7057323021838], [-63.55790898497495, 44.705941508375886], [-63.557784496372456, 44.706150786449925], [-63.557659398328596, 44.70635980172186], [-63.5575333910995, 44.7065685920217], [-63.55740870741352, 44.70677780499765], [-63.557284080037455, 44.70698740100825], [-63.557159118749446, 44.70719819790653], [-63.55703349989571, 44.707408100548676], [-63.556996490551015, 44.707468119794164], [-63.55676741298822, 44.707839491377946], [-63.556652583082524, 44.70804140652341], [-63.556531198263734, 44.70825118543608], [-63.55640420643667, 44.70845721219297], [-63.55627810481554, 44.70866829518182], [-63.556151593043566, 44.708880692944376], [-63.55602540480035, 44.70909401200366], [-63.55589998485863, 44.70930770468511], [-63.55577490661833, 44.70952240873027], [-63.555648789880074, 44.70973678791511], [-63.555523498333834, 44.70995251069269], [-63.55540159475146, 44.71016891108096], [-63.555280990190425, 44.710386005433975], [-63.55516270585596, 44.71060349807007], [-63.55504539147363, 44.710820594156935], [-63.55492989185666, 44.7110369100428], [-63.55481718612085, 44.7112547918702], [-63.554717598739906, 44.711462206188315], [-63.554711591862734, 44.71147470181013], [-63.554615384891896, 44.71169710646629], [-63.55452849411642, 44.711921702055456], [-63.55445052170342, 44.71214779404489], [-63.55438209105603, 44.712374392212276], [-63.554323304893835, 44.712602398228604], [-63.55427398898728, 44.712831193606206], [-63.55423431784703, 44.71306139687526], [-63.554203502438135, 44.71329248796363], [-63.55417979984294, 44.713523790081176], [-63.55416580892356, 44.71375540435314], [-63.55416229147346, 44.713988009267], [-63.5541677029445, 44.71421881461715], [-63.55418480606896, 44.71444691475158], [-63.55421070859409, 44.71467370238509], [-63.55424360103682, 44.714899596481864], [-63.55428580887904, 44.71512270384313], [-63.55430039152745, 44.71518677187324], [-63.554296290772804, 44.715186747039695], [-63.54752898194067, 44.715300169781464], [-63.54589432931937, 44.71579013379825], [-63.54549448773528, 44.71596239045099], [-63.545265999302195, 44.71624588548024], [-63.545214693284244, 44.71640679832202], [-63.544997897844574, 44.71641758681134], [-63.54452588908465, 44.71644300674087], [-63.54430610419587, 44.71639861327255], [-63.544005783396535, 44.71629320301315], [-63.54349909987701, 44.71621879176209], [-63.54260900765519, 44.71616761217031], [-63.54165560969621, 44.71655361068112], [-63.54146670205338, 44.71669169000887], [-63.5412664946553, 44.71721679211508], [-63.54090888959041, 44.717410488206035], [-63.53975870404818, 44.71734951497569], [-63.53934759233513, 44.71737209229869], [-63.53884391031457, 44.71760991290121], [-63.53807479858307, 44.718217285868846], [-63.537784483058694, 44.71826620791814], [-63.53710989403869, 44.71822759543329], [-63.53686059517863, 44.718352500313124], [-63.536140916633975, 44.71820619503675], [-63.53583371676706, 44.71825859250357], [-63.53495449656422, 44.718211494895606], [-63.534511804009114, 44.71794088824808], [-63.534471297099095, 44.71734319833066], [-63.53420330350063, 44.71687889388871], [-63.53403969844979, 44.71681601258067], [-63.53376690813848, 44.71697200584768], [-63.533528599034575, 44.71697060665867], [-63.533315609216416, 44.71689871397498], [-63.53319580710297, 44.71672221653717], [-63.53279731534388, 44.71670940490086], [-63.532469114147595, 44.716864205159], [-63.53146739162914, 44.716830085431866], [-63.530868294964996, 44.71684049782661], [-63.53076028181852, 44.716910186916515], [-63.529965409147984, 44.71629639153642], [-63.52883160755762, 44.715459008397254], [-63.528095593871356, 44.71491240274593], [-63.526985918254205, 44.71409289752965], [-63.526636410717494, 44.71383790765273], [-63.52514138687654, 44.712700601943766], [-63.524630406846455, 44.712308693327806], [-63.52227411783253, 44.71057839623416], [-63.520591404408826, 44.7093222103195], [-63.51848449652571, 44.707774290956834], [-63.51652879294917, 44.706326605450656], [-63.514671304327265, 44.70497831431783], [-63.51352490210544, 44.70410488705701], [-63.513201688093204, 44.703813709436496], [-63.51223221151816, 44.70295020417021], [-63.51116571142178, 44.701807190136925], [-63.51036288562231, 44.70080159571542], [-63.509757816109264, 44.70003100257635], [-63.50973608048118, 44.700004100520424], [-63.508880780305475, 44.6989079052336], [-63.50853520200301, 44.69849980219631], [-63.50815048852493, 44.69810089762878], [-63.50772820060686, 44.69772741259334], [-63.50704237977497, 44.69724520548853], [-63.506305293906, 44.696806397784876], [-63.50570449245941, 44.69651291043868], [-63.50506489802416, 44.6962556100921], [-63.504337115407004, 44.69601569686609], [-63.50426470638066, 44.69599215541009], [-63.50424969530811, 44.69598728902735], [-63.5024054116554, 44.69535989909211], [-63.50074971491266, 44.69479640218354], [-63.50023641298987, 44.69457560199528], [-63.5001820876491, 44.694548601477365], [-63.50000079440445, 44.69445760520859], [-63.499961492377594, 44.694437909334425], [-63.49974848829344, 44.69432829481463], [-63.49909507774239, 44.693912950620486], [-63.49905061214083, 44.69388469666549], [-63.498987182561635, 44.69384460515925], [-63.49824950357622, 44.69418921271915], [-63.497905313998395, 44.69440189162406], [-63.497585394965526, 44.694633812091084], [-63.49741940951782, 44.69476689025907], [-63.497279712510185, 44.6948816921448], [-63.49727829731311, 44.69488269186276], [-63.49717529567314, 44.694988612429505], [-63.496800321588225, 44.69537430097729], [-63.496341300583794, 44.69584639304189], [-63.49544149798382, 44.69675689058908], [-63.495416509636556, 44.69677410025747], [-63.49521220588091, 44.696943310701926], [-63.495134390853174, 44.69700579908779], [-63.49484089062686, 44.69721949131936], [-63.49452198552593, 44.69741439336833], [-63.49417891623201, 44.697591403562186], [-63.49380930481708, 44.69775868900385], [-63.49343309434308, 44.697906800833174], [-63.49342811410478, 44.697908906121555], [-63.493022304441624, 44.69804009623173], [-63.492533789824726, 44.69816209468534], [-63.49237658949757, 44.69819610581669], [-63.49209798985235, 44.698238690598], [-63.49190770256025, 44.698263792380956], [-63.49180679650103, 44.69827239157137], [-63.49151659771949, 44.69828799804461], [-63.49122630037448, 44.69828480136027], [-63.49121699879089, 44.698284928996536], [-63.49080980919134, 44.69829019071067], [-63.490380706719094, 44.6982956115938], [-63.48957299342372, 44.69830630185432], [-63.4889166209211, 44.69831879777461], [-63.48827311529546, 44.698321692764374], [-63.487654707631734, 44.6983342926537], [-63.48714891650463, 44.69837510076038], [-63.48665579104504, 44.6984426892682], [-63.486060292553425, 44.69860841114582], [-63.48589540120491, 44.698661411628635], [-63.48556460504861, 44.69879330446662], [-63.48524651155537, 44.698943209516734], [-63.484953815035865, 44.69911190584542], [-63.484659889756436, 44.69928868652661], [-63.484098487677414, 44.699625900897885], [-63.48348690600865, 44.6999984983489], [-63.483469287342515, 44.70000669685625], [-63.48341018326495, 44.700033999753025], [-63.48309181768147, 44.70021100042796], [-63.482201917392864, 44.70059000240913], [-63.481935087525265, 44.70068659692261], [-63.48146660451041, 44.700817293829886], [-63.48138978370844, 44.700843697741874], [-63.48088829896384, 44.70095283690927], [-63.48083290380871, 44.70096490033751], [-63.480161190154874, 44.70109379705539], [-63.47935089883846, 44.70124841053257], [-63.478540798978244, 44.7014033077775], [-63.47850280765228, 44.701411994279695], [-63.478389291446376, 44.70142889451113], [-63.478287215764915, 44.70144639808457], [-63.47781959685958, 44.701541094636404], [-63.477451603071884, 44.70160930972092], [-63.477009289573374, 44.70169568716032], [-63.47695758379568, 44.701704000598], [-63.47643840166422, 44.70180789325412], [-63.4759707949213, 44.70189360708234], [-63.4750331983429, 44.70207400717208], [-63.474159707505294, 44.70223689228171], [-63.47338720363448, 44.70239230703146], [-63.47251400190384, 44.70255519513122], [-63.47221009516261, 44.70261589622701], [-63.47121062112998, 44.70279559496049], [-63.47064008967393, 44.70290730831696], [-63.47054569527021, 44.702914810282], [-63.47009640816549, 44.703001803586695], [-63.46955188751086, 44.703104906364224], [-63.4690449054265, 44.70319888871353], [-63.46882978858428, 44.703251006732515], [-63.46837369430866, 44.70335460997212], [-63.46812050016667, 44.70341599647241], [-63.4672071962121, 44.70365020511578], [-63.46680130929728, 44.70376361495465], [-63.46666181073167, 44.70379821112008], [-63.466141712439, 44.70395610795701], [-63.465901207584395, 44.70402551604317], [-63.46550740503533, 44.7041389078404], [-63.465076303640934, 44.704261105755116], [-63.46458140907687, 44.70440989342505], [-63.46399821623947, 44.70457519624228], [-63.46336458513468, 44.70474070409178], [-63.46324999458471, 44.70477540887199], [-63.46248910200795, 44.704975487554265], [-63.46167680012941, 44.70520210042474], [-63.46118281179877, 44.70531489866002], [-63.46068979969188, 44.70538259130227], [-63.46022430922164, 44.70542051044613], [-63.460196515351136, 44.70542240598506], [-63.460184312994095, 44.70542240762444], [-63.46018388552726, 44.70542240153511], [-63.460170889366964, 44.70542229995586], [-63.460095513167346, 44.70542190713153], [-63.46004974904641, 44.70542152670803], [-63.46001981513237, 44.705421292418926], [-63.45997049822834, 44.7054205939667], [-63.459893487231426, 44.705420006394846], [-63.45971691734528, 44.705426994609525], [-63.45940248706049, 44.7054156911553], [-63.45909931524712, 44.705385400792196], [-63.45864570143125, 44.705336800412006], [-63.4579785994263, 44.70526749246689], [-63.4573115202101, 44.70518909339669], [-63.45668129508788, 44.705129599660786], [-63.45618991554033, 44.70510720116241], [-63.45589950859405, 44.705095695967636], [-63.455596597179074, 44.70510140691539], [-63.45530638497044, 44.70512600400157], [-63.45501510483446, 44.7051596086698], [-63.45463550002686, 44.70520070308011], [-63.453850998219544, 44.70529291075101], [-63.4532190845708, 44.70535939660098], [-63.452321116541164, 44.70545830018234], [-63.451701810234326, 44.70552469081902], [-63.451197104032325, 44.70555638789756], [-63.45067910801675, 44.705569607716825], [-63.45052819631927, 44.70556810809231], [-63.44994841058542, 44.70552711263851], [-63.44936840342651, 44.70544929846055], [-63.44920540906041, 44.70543009757405], [-63.44803658217609, 44.70512230281821], [-63.447473096508666, 44.70488329432236], [-63.44701059670633, 44.70466269739515], [-63.446435791893386, 44.70434261067596], [-63.446073793384016, 44.70415061130483], [-63.44572390929376, 44.70394940208376], [-63.44474629851611, 44.703544509535895], [-63.44445770458336, 44.7034421101368], [-63.44416921819133, 44.7033495957322], [-63.443868195812094, 44.70327509742895], [-63.443553415331614, 44.70321780578128], [-63.44311360544296, 44.70314209976041], [-63.442672701631814, 44.703092488230766], [-63.442231911412094, 44.70306180095241], [-63.44199509607018, 44.703054485770174], [-63.44181531266761, 44.70304900518153], [-63.44141140780915, 44.703063211542734], [-63.44099388752828, 44.703095400367495], [-63.44058909174956, 44.70315460235404], [-63.43994369001251, 44.703275003428836], [-63.43990909208078, 44.70328298962511], [-63.43904401162122, 44.703481896873114], [-63.43884238653834, 44.703527709102914], [-63.43820729259918, 44.70367238797077], [-63.437562009364406, 44.70380179989183], [-63.4369281166372, 44.70393929966368], [-63.43633320134308, 44.7040694127137], [-63.435762293800934, 44.704189484768854], [-63.43512960781873, 44.70431879722992], [-63.434356987363074, 44.70448290414634], [-63.434226606587316, 44.704511900940894], [-63.43387058775715, 44.704591001673535], [-63.433773494755094, 44.70461209719914], [-63.433021846706374, 44.70474684663248], [-63.43296299697151, 44.704757397571825], [-63.43286211616912, 44.7047749026801], [-63.43273480382654, 44.70480049749255], [-63.432152584888584, 44.704929698794466], [-63.43164569483898, 44.70501530675601], [-63.431519696733375, 44.70504098586808], [-63.430860609139565, 44.70518749965327], [-63.42983461488069, 44.70540299629236], [-63.42873289090392, 44.705608709335436], [-63.42750290876399, 44.705885210981506], [-63.4260975142898, 44.70617859261356], [-63.425084085861336, 44.70639389837288], [-63.42420939243091, 44.70657450288416], [-63.42369011059118, 44.70668620510267], [-63.423512404223274, 44.70672111493718], [-63.4225367087245, 44.706918296140614], [-63.42137210547235, 44.70715930742562], [-63.42023140981264, 44.70740120878256], [-63.41910330906226, 44.707642090548546], [-63.41815399123196, 44.707830992256945], [-63.41760828662167, 44.70795190737573], [-63.41753269846237, 44.707969291684016], [-63.41697538492457, 44.70807209897625], [-63.416227989213816, 44.70823599274259], [-63.41515150849305, 44.708450612845176], [-63.414124194289066, 44.708674907469906], [-63.41335159698381, 44.70884779551802], [-63.41331370812509, 44.7088562161113], [-63.41327599039297, 44.70886519904322], [-63.41235060101225, 44.709045002494605], [-63.41146452058888, 44.70923449819725], [-63.41056439636755, 44.70941509599776], [-63.409639221723474, 44.70961289426151], [-63.40923600523692, 44.70969629347785], [-63.40893071210868, 44.70975940273685], [-63.40830931630884, 44.709897594570194], [-63.40782803742191, 44.71001328010722], [-63.40766279335503, 44.7100529919542], [-63.4076376101847, 44.71006200810564], [-63.40644630830553, 44.71031210816433], [-63.40567240061128, 44.7104841102577], [-63.405039417250556, 44.710595200457206], [-63.404532691347335, 44.71070689557121], [-63.40449489377588, 44.71071598861991], [-63.40395030487148, 44.71083680810806], [-63.40325311106143, 44.71096529672404], [-63.402771700895784, 44.71108671315044], [-63.40235320748374, 44.71118090105748], [-63.40191050851244, 44.711249111939544], [-63.40138999263919, 44.71136970672051], [-63.40130169856413, 44.71138709935175], [-63.400757111139896, 44.71149889248376], [-63.400367590644834, 44.7115804015245], [-63.40006000467415, 44.71164539195503], [-63.399999498462684, 44.71165550011835], [-63.39995910611018, 44.71166191217798], [-63.39913582116208, 44.71181599333779], [-63.39907780158151, 44.71182969548241], [-63.39898322671346, 44.71185081488456], [-63.39893280955625, 44.711859113540356], [-63.39889500990207, 44.7118682042648], [-63.398881965920744, 44.71187096118351], [-63.39885718986943, 44.71187639224566], [-63.39881809485745, 44.71188559937864], [-63.398804199601784, 44.71188921257618], [-63.39871730320063, 44.71191111273327], [-63.39775429762819, 44.712099989896316], [-63.39689189561595, 44.71230728811701], [-63.39581529190194, 44.71253161075902], [-63.39475011110263, 44.712763894133694], [-63.394518113171266, 44.71281779860788], [-63.39359690183106, 44.71303178684664], [-63.393602505048094, 44.71303530090978], [-63.39381090343703, 44.71316331091512], [-63.39383380120582, 44.71317851286946], [-63.39386079795664, 44.713195090206604], [-63.39422040435012, 44.71341571087089], [-63.39447031345536, 44.713580493056845], [-63.3948069950188, 44.713772489916245], [-63.39493129149177, 44.713872710286296], [-63.395305891663604, 44.71411060597658], [-63.395317298740096, 44.714119494011875], [-63.395442906601644, 44.71420191034545], [-63.39568000203962, 44.71435681333739], [-63.396041306208225, 44.71457609933797], [-63.396116100602505, 44.71462180333907], [-63.396340592037184, 44.71476860946992], [-63.39649019753238, 44.71485999424949], [-63.39676438524365, 44.715078705810626], [-63.3968750061773, 44.71519621464791], [-63.39688751171848, 44.71521449218804], [-63.39701110821196, 44.715341593254784], [-63.397072398941376, 44.715441291181605], [-63.397122190789815, 44.71551398633149], [-63.397170606656104, 44.715576888650524], [-63.397305892578515, 44.71580330737852], [-63.39741480649544, 44.716029712151546], [-63.39745078713835, 44.71611959794879], [-63.39749851634476, 44.71626439709714], [-63.3975103015238, 44.71633639891224], [-63.39750829881041, 44.71640841194134], [-63.39750749837573, 44.71648038864926], [-63.397492897189395, 44.716552512163815], [-63.3974794982455, 44.71662459935524], [-63.39742509491696, 44.71679490396069], [-63.39730689719338, 44.71705458955737], [-63.3972138861199, 44.717305205383774], [-63.39716058975941, 44.71744039414469], [-63.39712089997847, 44.71753869825564], [-63.39709381034719, 44.71764680226067], [-63.39707932037117, 44.71774499852679], [-63.397079093067155, 44.717758805524845], [-63.397077509841424, 44.717852993807945], [-63.39708731008772, 44.71798800225376], [-63.397121397385874, 44.718168807657314], [-63.397156612569525, 44.71833079555778], [-63.397168291039506, 44.718384705698995], [-63.3972032994088, 44.718511490827495], [-63.39727550712269, 44.71873720151742], [-63.39734640683666, 44.718954010337036], [-63.39735920593013, 44.71897191229912], [-63.39741840617106, 44.71914370569219], [-63.39745438929176, 44.71923359278978], [-63.39755291237781, 44.71941509462192], [-63.3976139944176, 44.71949680439078], [-63.39768780234405, 44.719578390949394], [-63.39776280345233, 44.719651091896054], [-63.39784921709136, 44.71972369591669], [-63.39801049319126, 44.71985999491654], [-63.39811060989533, 44.719915397708476], [-63.39833621393062, 44.72004339645599], [-63.39863549646163, 44.72022600524627], [-63.39884731128661, 44.72036299910739], [-63.39894750871954, 44.720427497887776], [-63.39895890278036, 44.720436408469105], [-63.399059188145145, 44.72050899925934], [-63.39914560244565, 44.72059058718086], [-63.39923332023846, 44.72067309696015], [-63.39930711720459, 44.72076380309587], [-63.39933149550439, 44.7208176920551], [-63.39943940058741, 44.721088900278495], [-63.39963289383146, 44.72150450980088], [-63.399875000808585, 44.72208299420139], [-63.3999593115184, 44.722317992873194], [-63.40000039352656, 44.72242230378113], [-63.40013921107501, 44.722778300689264], [-63.40028341508824, 44.72317569555144], [-63.40042650650969, 44.723600115041116], [-63.40056009269814, 44.72393450110314], [-63.400665117218104, 44.72433119625154], [-63.40084540657615, 44.7248283908649], [-63.40086881155869, 44.72492729574728], [-63.40100319727965, 44.72519868859159], [-63.401014794259595, 44.7252347099125], [-63.401074201515314, 44.725415387204634], [-63.401157791987984, 44.725641095699466], [-63.401243701869774, 44.72583070202389], [-63.40131559068978, 44.72600240917928], [-63.401340105612256, 44.72606630964448], [-63.401459584316804, 44.72637279907415], [-63.4015804969742, 44.726680310790314], [-63.40172449491789, 44.72705070142494], [-63.40182289119124, 44.72722229627004], [-63.40190749443813, 44.72740288816718], [-63.40215170039433, 44.72783779967387], [-63.40232309486069, 44.72815410078576], [-63.40248157906895, 44.72843440676759], [-63.40249318172767, 44.72846219951637], [-63.40265281390036, 44.72871549171795], [-63.40277448129685, 44.728969006478636], [-63.40288368107464, 44.72923060033309], [-63.4029916928091, 44.72951099122331], [-63.403087820259344, 44.72996149354249], [-63.40324109540867, 44.73032310035361], [-63.403257285352566, 44.730363212083866], [-63.40339789136089, 44.73071138573213], [-63.403422203273365, 44.73076538982803], [-63.403713486541946, 44.73142509414403], [-63.404002816539794, 44.73212119238232], [-63.404271853953, 44.732603694924826], [-63.404710544003535, 44.73354788030942], [-63.40514726986291, 44.734447998750205], [-63.40571627193065, 44.734324272566305], [-63.40606564619179, 44.734266586417306], [-63.406358689011604, 44.735151496512515], [-63.406954815809215, 44.736920520507695], [-63.40868020628257, 44.74203967601642], [-63.40868025738806, 44.742039833465746], [-63.40896655715308, 44.742889252973185], [-63.41563360295601, 44.762659460723114], [-63.4236603372595, 44.78644075306593], [-63.428415786398475, 44.80051913403119], [-63.428418477611814, 44.800527108171615], [-63.431183725695284, 44.80870982098422], [-63.43592244156968, 44.80874843855521], [-63.43917801480199, 44.808774737029545], [-63.43933088136669, 44.80877596639422], [-63.440046078261126, 44.80878172346742], [-63.44129684070169, 44.80879179449962], [-63.46588778781804, 44.80898607907321], [-63.4667701706177, 44.80899292487574], [-63.49304184901745, 44.80919276112636], [-63.49403733288948, 44.809200170567784], [-63.495382261092274, 44.80912908994541], [-63.50509993736345, 44.808614930476786], [-63.507813435596276, 44.808471167325976], [-63.50809649859015, 44.80846500570043], [-63.50927838649827, 44.80839352326668], [-63.510655457687974, 44.808320517278645], [-63.56381165698359, 44.805485830621265], [-63.56599504381636, 44.805369060934034], [-63.567386096008185, 44.80529820001035], [-63.56786830758135, 44.80526880942586], [-63.56930530607036, 44.80519189640179], [-63.570821355260485, 44.80511071836972], [-63.57120625438583, 44.807013705851865], [-63.571208407613945, 44.808375584039375], [-63.571213420844856, 44.811577932795245], [-63.57296159391223, 44.82066913374746], [-63.572991718603966, 44.82083802746519], [-63.57086876645578, 44.82884380080162], [-63.5706383210965, 44.829590752567604], [-63.570317406960086, 44.83060239883625], [-63.57024169190906, 44.83068378849536], [-63.57028791414175, 44.830771804309634], [-63.57025759410253, 44.830830496710284], [-63.570136419567824, 44.83119559534543], [-63.57015559553672, 44.83165460191361], [-63.57017238754463, 44.83178150082898], [-63.570367514940216, 44.83202699611583], [-63.57059108617859, 44.83238370568615], [-63.57066839755368, 44.83278470018227], [-63.57066669584258, 44.83295469594494], [-63.57064310615184, 44.832985798448945], [-63.57058510518187, 44.83304391289608], [-63.570305005684084, 44.83309709004297], [-63.57022419542833, 44.83316659971506], [-63.57033349766506, 44.83333889576405], [-63.57033010976472, 44.83341799843537], [-63.570471393789, 44.833622709842516], [-63.57048820268293, 44.83374958706182], [-63.57028880318695, 44.83386390388809], [-63.57002970944547, 44.83394521513726], [-63.57001118079177, 44.83398830062197], [-63.57006238794105, 44.83421879231188], [-63.57002951332164, 44.83459760200772], [-63.569936107632415, 44.83470239312917], [-63.56985790121531, 44.8347125069788], [-63.569749307354954, 44.83478129232908], [-63.569702207088966, 44.83484360921712], [-63.56968791082268, 44.83491839697469], [-63.56984428956682, 44.8350285930004], [-63.569875407061566, 44.835080604053225], [-63.56986950108924, 44.835218910270456], [-63.56965331503874, 44.83533679362395], [-63.56948921329383, 44.83540440021844], [-63.569402616471145, 44.83548159926408], [-63.56953958816835, 44.83578510415687], [-63.569551301134986, 44.83589998881536], [-63.5694058040041, 44.83605500003978], [-63.56938720603775, 44.83635910372228], [-63.569248393805736, 44.83635598781375], [-63.56885879929626, 44.83649779044532], [-63.56853329420148, 44.8365738066369], [-63.56830109985503, 44.83667549063522], [-63.56808230682843, 44.83685268827216], [-63.56776339024772, 44.83716210800139], [-63.56774149446401, 44.837284195610486], [-63.56775489345728, 44.83735959712907], [-63.567818818558074, 44.83742419407821], [-63.56781961065336, 44.83753501270752], [-63.56756711643685, 44.83784979249505], [-63.5675443898601, 44.83799159979139], [-63.567469504184565, 44.838053304188236], [-63.567339885732004, 44.83809389524893], [-63.567427400573386, 44.83825799600251], [-63.56750128185555, 44.838476998809995], [-63.56759677374465, 44.83866909327883], [-63.56767618520253, 44.838805100702075], [-63.56780910438214, 44.838946391858144], [-63.56810769580674, 44.83911098690412], [-63.56818590262503, 44.83923131129584], [-63.568481779863355, 44.8397162007404], [-63.5685599989706, 44.83996699616026], [-63.56880801509463, 44.840403394787124], [-63.56894509623393, 44.84057638938994], [-63.569113399998955, 44.84067099135208], [-63.569358116951584, 44.840925392362934], [-63.56942691266048, 44.84152399889214], [-63.56944959666689, 44.84164311104859], [-63.5696135884776, 44.84196700037916], [-63.569604186374015, 44.84244520541227], [-63.56971098009354, 44.8426769067247], [-63.56973449151135, 44.842776186734305], [-63.569732817953344, 44.842946201200405], [-63.56960310711146, 44.84324790192742], [-63.56969800520577, 44.84375611549969], [-63.5696021091814, 44.84392010408697], [-63.56960121393903, 44.84407029854888], [-63.56972391207944, 44.84457910284352], [-63.569699389951346, 44.84489100053312], [-63.56973048037293, 44.845073500033514], [-63.56991630006001, 44.845405799421506], [-63.5699760034705, 44.84569968799402], [-63.56994318742914, 44.84581760103667], [-63.56992479291342, 44.84583888850379], [-63.56981691120823, 44.8459098022805], [-63.56995659162021, 44.846023502665176], [-63.57015102893216, 44.84627306807689], [-63.57014061188774, 44.846278402751835], [-63.57012679302756, 44.84628658392867], [-63.5696293082175, 44.846542500170514], [-63.569540117863724, 44.8465883951574], [-63.566758819546024, 44.84802369663895], [-63.56401640293464, 44.849431690003556], [-63.56290588902086, 44.850010591706244], [-63.56284298211817, 44.850043300737816], [-63.56257831045046, 44.85018051043012], [-63.560980216940884, 44.85100880015056], [-63.55914151559957, 44.852019497655235], [-63.558233488708005, 44.85260629495957], [-63.55801608632235, 44.85276580716916], [-63.55738909504903, 44.85322889539899], [-63.55617090496265, 44.854208906065054], [-63.55614580833145, 44.85423600640969], [-63.556082871416294, 44.85428744991224], [-63.55608050838798, 44.85428938995252], [-63.55603031348771, 44.8543337978955], [-63.55449078893201, 44.855589901703176], [-63.553452285979894, 44.85644559663683], [-63.55179770956493, 44.8577994931295], [-63.55177199337951, 44.857817598566314], [-63.54905310741713, 44.86005329816167], [-63.54835979992934, 44.86062381085746], [-63.54773179597863, 44.8611317913823], [-63.544858103853564, 44.863501407719866], [-63.544529091404996, 44.86377400796122], [-63.54299801435477, 44.86504239916717], [-63.54222789782007, 44.86566630033257], [-63.539264406014404, 44.86808939573757], [-63.537430089026785, 44.86957610595188], [-63.53575848434569, 44.87115489512709], [-63.534945490709084, 44.8720840994296], [-63.534232906431875, 44.87305971323163], [-63.5336218930388, 44.874061787287566], [-63.5328208958848, 44.875756097112834], [-63.53268808706472, 44.87615989646155], [-63.53216708850015, 44.87775759336249], [-63.53215470649995, 44.877784705934246], [-63.53212911049519, 44.87786044962881], [-63.53212761958927, 44.87786489697654], [-63.53211401371696, 44.877910008785776], [-63.53196778580772, 44.87838599723598], [-63.53183449606298, 44.87876288749632], [-63.53179511290696, 44.87887920466846], [-63.5316079928336, 44.87946249458251], [-63.53142079733283, 44.880036806091844], [-63.53123390493426, 44.88063809020197], [-63.53096580206021, 44.881500012957574], [-63.53068418398282, 44.88243350556196], [-63.530577400701354, 44.88277471218955], [-63.53041890447236, 44.88315979530851], [-63.53007090896192, 44.884291193199], [-63.52981730429393, 44.88508101472653], [-63.52956260493457, 44.885888689620664], [-63.52953070451359, 44.88599109731453], [-63.529528595151454, 44.88599810576936], [-63.52920290233813, 44.88698330900337], [-63.528881700712894, 44.887997501090325], [-63.52846801269245, 44.88929030089788], [-63.528119694863626, 44.890384785741176], [-63.52775972105099, 44.89146219698094], [-63.52750428415151, 44.89233300253986], [-63.527212002218114, 44.89319399341716], [-63.52699449275003, 44.8940564986661], [-63.526939816953, 44.894307892570936], [-63.5268069851553, 44.89544100512995], [-63.52683009863455, 44.89630510014765], [-63.526955600429886, 44.89715161365613], [-63.527181197336446, 44.8979994973113], [-63.52746018199864, 44.89873090059229], [-63.52780239397137, 44.89944499770051], [-63.528140601561056, 44.90000969617289], [-63.52815989513333, 44.90004199510401], [-63.52822159889815, 44.9001417008759], [-63.52876820691498, 44.90088841434826], [-63.52915030657911, 44.901409391748004], [-63.52997909340501, 44.90255870783982], [-63.53113000052074, 44.90416201102735], [-63.531489103675156, 44.9046419124268], [-63.53217021430571, 44.90556510383704], [-63.532875804787416, 44.90652500011117], [-63.53391519695969, 44.90796499818037], [-63.534855607382895, 44.90925061597698], [-63.53577211353637, 44.91053630475661], [-63.53619118929426, 44.911196891554034], [-63.53653448725414, 44.91187489974843], [-63.53680079071342, 44.91257940706046], [-63.53735909502796, 44.91404138572922], [-63.53757771290807, 44.914655206087254], [-63.537731816103516, 44.91528649598453], [-63.53779721378242, 44.91591719918497], [-63.53784369502417, 44.91763638966781], [-63.53787351094428, 44.918932497529944], [-63.53790049900787, 44.91956269310766], [-63.537941195552044, 44.920894690437144], [-63.53794119040263, 44.92089510854369], [-63.537939304513145, 44.9210116079534], [-63.537938002883216, 44.92109270201251], [-63.53797459126965, 44.92270389045518], [-63.538015391007576, 44.923271798561956], [-63.538114118135205, 44.924208395517546], [-63.538172588721956, 44.92450608757895], [-63.53817305525638, 44.924508149157774], [-63.53831420293523, 44.925145499428346], [-63.53864920744002, 44.92628261464205], [-63.53909940550912, 44.927402193903866], [-63.53958920904096, 44.928423403506784], [-63.54026219340101, 44.929868809394726], [-63.54048288020351, 44.93034740578834], [-63.54071369555319, 44.930907110048324], [-63.54080839456008, 44.93127760072221], [-63.54083460874368, 44.93135411488973], [-63.54084491162503, 44.931385403136275], [-63.54096108682072, 44.93201680160493], [-63.541001300211725, 44.932655811579075], [-63.54107059737229, 44.933826607073186], [-63.54115320283545, 44.93493350867298], [-63.54123190095237, 44.93629330838711], [-63.541243013374014, 44.936392302797586], [-63.54124440023231, 44.936410295651676], [-63.541262701467616, 44.936734287889166], [-63.54126110419647, 44.93683331233318], [-63.54126973483381, 44.93689653208106], [-63.542642700464555, 44.9372411081014], [-63.54345304206114, 44.93774589249783], [-63.544009645981305, 44.93917295499727], [-63.54442221427226, 44.940230661648705], [-63.54491289045491, 44.94191119582847], [-63.54543811341541, 44.94305043611394], [-63.54635692118481, 44.943502854306864], [-63.547866279045735, 44.9428119302842], [-63.55056719616167, 44.941565661078215], [-63.55143945239395, 44.94142125315882], [-63.55237705009675, 44.94158794578046], [-63.553262276430765, 44.941998053528884], [-63.55389654983487, 44.94318526052128], [-63.554829180699, 44.9434140747392], [-63.55568782333769, 44.94335792927036], [-63.55699686951236, 44.943085573129416], [-63.55765584086229, 44.942948447861646], [-63.55929201391208, 44.941871574104596], [-63.559461389403005, 44.94138574999976], [-63.559136900599235, 44.94101805904075], [-63.55852428115374, 44.939780365064635], [-63.558580083998905, 44.93951518785583], [-63.558833362041824, 44.93935737926337], [-63.55910464107462, 44.93898615796163], [-63.559241583889744, 44.93833449922862], [-63.55956934324643, 44.93804516367741], [-63.561699519745986, 44.937876154227936], [-63.56330515687159, 44.937901914507364], [-63.563732217753575, 44.93809341225337], [-63.563981077899754, 44.9383952157201], [-63.56429070837755, 44.93847551298569], [-63.56486420269304, 44.93830611512936], [-63.566406418219486, 44.93695825633106], [-63.567879174723544, 44.93657761549851], [-63.56837464003629, 44.93601072106817], [-63.568564953058846, 44.935332514244024], [-63.56814069070176, 44.93481833347549], [-63.56803998879843, 44.93236124371441], [-63.56875711114729, 44.930366703340155], [-63.569676662800326, 44.92869306392412], [-63.56997472648682, 44.92847686200796], [-63.57042984577394, 44.92814672767177], [-63.570697312897536, 44.92775116752565], [-63.57069660853944, 44.927196506549826], [-63.570192749881414, 44.92643757911775], [-63.57032716218011, 44.925671843755666], [-63.57057126217346, 44.92537049235559], [-63.571134873533445, 44.92589513879328], [-63.572161771528684, 44.92685295775001], [-63.57240097213363, 44.927076064623506], [-63.578140177478375, 44.9324205154273], [-63.5798457810771, 44.93400918166508], [-63.59000329775032, 44.944219881381535], [-63.591945800316644, 44.94963788422446], [-63.59294294369898, 44.94947222888919], [-63.59627368910222, 44.94878398725028], [-63.602899382283994, 44.94764049509266], [-63.606489498778906, 44.94696667237642], [-63.61226194215602, 44.94590143455205], [-63.61561507034138, 44.94528248755342], [-63.62178201159573, 44.944180236991386], [-63.63088712355555, 44.942551963684906], [-63.66314474006594, 44.93673282012739], [-63.66316499834052, 44.93672913898242], [-63.66425140224134, 44.936332998216635], [-63.66699939678684, 44.93532857554086], [-63.66711505162581, 44.93527966418974], [-63.669962402932846, 44.934075685347445], [-63.670858619495114, 44.933696713510905], [-63.672851581612335, 44.93285387324705], [-63.67360318941295, 44.93253596453007], [-63.6788250719978, 44.930327211883245], [-63.684190943613345, 44.92787470238092], [-63.6845677240774, 44.927702486214834], [-63.68532896695901, 44.92735449078278], [-63.68900041189406, 44.925676058799915], [-63.68986169641116, 44.92528225565025], [-63.691663217161704, 44.92445854002701], [-63.692426313268754, 44.92410961317675], [-63.697700519449484, 44.92182924303793], [-63.698836198004656, 44.92133815732311], [-63.70305680125132, 44.91954507897149], [-63.71183687912866, 44.9152406769498], [-63.71249343505948, 44.91491873708237], [-63.712612212868, 44.91486051501829], [-63.71853749914862, 44.91224567685927], [-63.721738213204496, 44.91030639980961], [-63.731395241479035, 44.90569074115432], [-63.735946650193064, 44.90351469933655], [-63.73756379331734, 44.90274145609777], [-63.74309376050418, 44.90035953116651], [-63.74767251952478, 44.89830121919402], [-63.75114022083671, 44.89653169911625], [-63.75247123308506, 44.895852419034306], [-63.75505152464167, 44.89414961248351], [-63.75578769565849, 44.89366375610884], [-63.75642976373653, 44.89307813058751], [-63.758767445928385, 44.8909458046228], [-63.762271429728074, 44.88675626975887], [-63.762764267736415, 44.886166928413985], [-63.76413484304878, 44.88452793725387], [-63.764369023983804, 44.88424790343429], [-63.76584384127156, 44.882484050932256], [-63.76739022263935, 44.88079147649043], [-63.76946403133505, 44.878521369433855], [-63.77029887922443, 44.87760743604153], [-63.77175220840369, 44.87601631484917], [-63.77237651309631, 44.87532862245373], [-63.77449571038151, 44.872993992033265], [-63.77512343404983, 44.87232501038365], [-63.77579048744038, 44.87161078868351], [-63.776223334649714, 44.87112052710938], [-63.778911817824046, 44.867960901221544], [-63.77943918815969, 44.867341035182086], [-63.77972976486695, 44.86699950127307], [-63.78135649520376, 44.865087249354964], [-63.78142122439245, 44.86501113392969], [-63.78339730404619, 44.862688274144055], [-63.7837061010646, 44.86232525523473], [-63.78629083122103, 44.85928630374609], [-63.78637574196506, 44.85919172670868], [-63.79061362868388, 44.85400368511231], [-63.791477003374915, 44.85294797288418], [-63.79199079514538, 44.8522965105182], [-63.79668920517146, 44.84667721291773], [-63.79824910367897, 44.84477787957886], [-63.79870304778703, 44.84423015114978], [-63.799260084181356, 44.8434699536239], [-63.80149748614906, 44.840281953703155], [-63.801622138709604, 44.840096476298775], [-63.80177330595782, 44.839858223093216], [-63.80195439177156, 44.839829852322026], [-63.802357484996364, 44.839219573635724], [-63.8054144262302, 44.83355165265064], [-63.805575883975685, 44.83333999227201], [-63.806869448811376, 44.83166794276715], [-63.80917371431, 44.82868906137371], [-63.80979920997277, 44.827874020932335], [-63.809958837859966, 44.82766600114317], [-63.81110406195182, 44.82563238133495], [-63.8118837364875, 44.82117856081308], [-63.81257876782725, 44.819431470544934], [-63.813309365097865, 44.81759484194661], [-63.815191690807296, 44.814551606289136], [-63.81826683650129, 44.81186082835805], [-63.822263664552786, 44.80921375812209], [-63.831194159409314, 44.804040829250724], [-63.8335254985461, 44.80134219744369], [-63.835906255253654, 44.798055814259115], [-63.839215751468075, 44.794186890641335], [-63.84108094712274, 44.79239567992734], [-63.842855448207544, 44.790885573631215], [-63.84450300966651, 44.789483351676665], [-63.84797863758392, 44.78823283439899], [-63.85219528651223, 44.78781108700764], [-63.85792363699783, 44.78951594382652], [-63.864033969942305, 44.79573559665601], [-63.865004357935874, 44.79638635684117], [-63.86603855785183, 44.796286012891436]]]}, "properties": {"FED_NUM": 12009, "ED_NAMEE": "Sackville—Bedford—Preston", "ED_NAMEF": "Sackville—Bedford—Preston", "REPORDER": "2023", "SHAPE_Leng": 136251.623609, "SHAPE_Area": 655546325.304}}, {"type": "Feature", "geometry": {"type": "Polygon", "coordinates": [[[-64.69174218607812, 44.72295647260142], [-64.69233759787853, 44.72252211643593], [-64.69265767827154, 44.722289047320224], [-64.704413382208, 44.71371597897343], [-64.70928866786609, 44.71015662225924], [-64.71477400334173, 44.705072193936445], [-64.73515879748246, 44.69125649663897], [-64.73646521639844, 44.69030918744523], [-64.7407250804582, 44.68721990621146], [-64.74092008002889, 44.687078492751645], [-64.745243419133, 44.68394258021378], [-64.75489508963464, 44.676939626177514], [-64.75511707584566, 44.67677852950725], [-64.76641516304093, 44.66857710285752], [-64.76715886857959, 44.66803294767308], [-64.77323753855984, 44.66358457427019], [-64.77378168349196, 44.663186338280525], [-64.78207317807082, 44.6571165719156], [-64.78382424614438, 44.655749092944575], [-64.78733914273043, 44.65300385850945], [-64.78905536041462, 44.65172634278954], [-64.79070169450677, 44.650487071779914], [-64.7937121629409, 44.64822077512425], [-64.79660916208302, 44.64586315817173], [-64.80236349558574, 44.64118048959374], [-64.81098827898184, 44.63505256325613], [-64.81136911084646, 44.63478756207077], [-64.81993730374256, 44.62931353343756], [-64.82362994060365, 44.62666623161508], [-64.82445331804477, 44.62606237482488], [-64.82581325095028, 44.62506502187297], [-64.82678431145784, 44.62435280225094], [-64.82826222344949, 44.62326877466937], [-64.82924129715309, 44.62255062157076], [-64.83144368050026, 44.62093283896302], [-64.83666326911309, 44.61709816986007], [-64.84118403110637, 44.613776182201896], [-64.84707816368307, 44.609443994755374], [-64.85583095538895, 44.60300858831472], [-64.86140064521854, 44.59891313155692], [-64.86717463750232, 44.594666379091294], [-64.86960090683087, 44.59284681272407], [-64.87948289876175, 44.58561008823126], [-64.88122153261203, 44.58433043734729], [-64.8866910993142, 44.58030408198776], [-64.88688911460022, 44.58016006330686], [-64.8944532138548, 44.57465787106324], [-64.9010895501327, 44.56982904112365], [-64.91095363079508, 44.56264896964159], [-64.9173233734349, 44.55801078363887], [-64.91811968210101, 44.55743075024123], [-64.92051787686579, 44.55568382446059], [-64.92817526150596, 44.55010466946156], [-64.92835427268531, 44.549974231455614], [-64.93244288106206, 44.54699447686509], [-64.93610165425352, 44.54433307071225], [-64.94547423351602, 44.53751351873936], [-64.94502696397214, 44.537116974234664], [-64.9450131935763, 44.5371047663122], [-64.94823173433349, 44.535451212314236], [-64.96174116958885, 44.52553243736308], [-64.96853444931998, 44.52053227475992], [-64.97814314460376, 44.513481960324725], [-64.98316000241269, 44.50979434359124], [-64.98363046307277, 44.5095160288856], [-64.98360383872357, 44.509508234304754], [-64.98352614385237, 44.509450222558236], [-64.98846891254406, 44.50600570258822], [-64.99708857076024, 44.50000655293767], [-64.99709216217288, 44.50000403218236], [-64.99999862167756, 44.49797949679412], [-64.99999998620565, 44.49797855376885], [-65.00135365670937, 44.4970355468348], [-65.00247085973909, 44.49625724033975], [-65.0075862758849, 44.492755124823915], [-65.04922071006042, 44.46349117035716], [-65.05309611807024, 44.46032869537218], [-65.06151124001263, 44.45484227753214], [-65.06173676333167, 44.45485712554807], [-65.06319675502533, 44.4549532443126], [-65.06354468784203, 44.45497614836402], [-65.06386111191814, 44.45506911937136], [-65.06397791656993, 44.455004669686275], [-65.06732783604902, 44.45522507696719], [-65.07107753383973, 44.45547165765964], [-65.07192490729655, 44.45552735487774], [-65.07382491991933, 44.4556522294162], [-65.0857326672986, 44.45641243496775], [-65.08911590488992, 44.45611919895598], [-65.09243739914913, 44.45685942714499], [-65.1185797082197, 44.45858140577808], [-65.12995067913815, 44.45920600987245], [-65.14092642897387, 44.46000638305895], [-65.15204547634315, 44.460610147692556], [-65.15963897240943, 44.44977493875559], [-65.16220908480945, 44.44616039845304], [-65.168607455504, 44.437189162846934], [-65.16921391665775, 44.43628702405711], [-65.16989116799341, 44.43538881464759], [-65.17572254956148, 44.427208750430786], [-65.17610131297505, 44.42667736285048], [-65.17976745491836, 44.421532960959226], [-65.18194293068207, 44.420012569236505], [-65.18431432683474, 44.4183551116153], [-65.19034046897227, 44.41424359113856], [-65.19828937537552, 44.4085839274922], [-65.2109393120487, 44.39932858005076], [-65.21134177615177, 44.39902954105546], [-65.21137116240891, 44.399012526891454], [-65.21154641901909, 44.39887443532606], [-65.21620598784817, 44.395202191976], [-65.21871267763751, 44.39363860929981], [-65.22013526881943, 44.39259711318272], [-65.22068156646361, 44.392197125587515], [-65.2305478077356, 44.38497449511036], [-65.2306093873753, 44.384789398278386], [-65.23064260023696, 44.38476191168746], [-65.23074700440705, 44.384770110614795], [-65.2307904387092, 44.38479406823311], [-65.23564188150937, 44.38124002996294], [-65.23564776306517, 44.381235757016235], [-65.2352530899292, 44.38080078632524], [-65.23534170766739, 44.38069459625623], [-65.23544071749335, 44.380690894257924], [-65.23585209655946, 44.38086969829058], [-65.23604953518934, 44.38094125677035], [-65.23982945229675, 44.378171723040026], [-65.24140878575658, 44.377014384610206], [-65.25429864811126, 44.367565505782096], [-65.26742525915333, 44.357937567634096], [-65.3001035893235, 44.33435440201138], [-65.30584628826132, 44.330231705708925], [-65.31452843254957, 44.323936885378444], [-65.31462348918997, 44.32395860757281], [-65.31473400211101, 44.32382079884542], [-65.31474173105016, 44.32378275289797], [-65.31475081019902, 44.3237381101732], [-65.31492738644027, 44.32354530934991], [-65.31508884534176, 44.323531931610155], [-65.31543829562686, 44.32350298621053], [-65.31558139707454, 44.323436312786455], [-65.31564200717689, 44.323389090715445], [-65.31575258590685, 44.32321189936578], [-65.31580503731118, 44.32301441113701], [-65.3158195835866, 44.322959798437935], [-65.31597388990392, 44.32283788974644], [-65.31609442860594, 44.32280531096918], [-65.31636431150444, 44.322732294718264], [-65.31643608370702, 44.322629906521286], [-65.31645083322215, 44.322547748603625], [-65.3164642079237, 44.322472289802725], [-65.31658550561913, 44.32237789851469], [-65.31665882189296, 44.322397464745514], [-65.3309126487344, 44.31209372138097], [-65.33162633651146, 44.31157764994217], [-65.33149067998383, 44.31143923815735], [-65.33202771214503, 44.3107547957269], [-65.33277984214848, 44.30979610633857], [-65.33581746215846, 44.30592385479084], [-65.33582052704341, 44.30591832841088], [-65.33600200508303, 44.305965494639004], [-65.3361396909018, 44.30586720657873], [-65.33619020204225, 44.30557949480884], [-65.33616107367746, 44.30548556808117], [-65.33642956479312, 44.30514352147964], [-65.33833157835603, 44.30271844539807], [-65.35157126941657, 44.28760659591392], [-65.35202288315998, 44.287089279061696], [-65.36037165134351, 44.277555760147635], [-65.37956152171247, 44.25307611931302], [-65.37962318672105, 44.25307620056079], [-65.3797550866645, 44.25296600565996], [-65.37974989694692, 44.25287539404572], [-65.37974031562037, 44.25284919227369], [-65.37974197858401, 44.2528470501321], [-65.37974236860084, 44.25284654083654], [-65.38054142936454, 44.251827752629154], [-65.3805645089938, 44.25182809578226], [-65.38069090590203, 44.2517061029411], [-65.3806965843215, 44.25163910180021], [-65.3819045941471, 44.25008801052319], [-65.38191439021722, 44.25007551321783], [-65.3825385257612, 44.24927886920575], [-65.38273872867288, 44.24902332029673], [-65.38308226765784, 44.24873825241656], [-65.3833898235714, 44.24829070360254], [-65.3833533414393, 44.248238744443235], [-65.39032826666414, 44.239333233602906], [-65.39037284022122, 44.239276317468125], [-65.39048602980128, 44.23919344436652], [-65.39049614507068, 44.23911883192432], [-65.39127838056521, 44.23811987021405], [-65.39218462627444, 44.23696244748742], [-65.39420594787768, 44.23438068514773], [-65.39496213704629, 44.23341472488998], [-65.39582100787018, 44.232317611352016], [-65.39668996893681, 44.231207500916256], [-65.39679337931742, 44.231289279335655], [-65.39708238528188, 44.230869433879555], [-65.39743701447274, 44.230354277237275], [-65.39817815496093, 44.22927753380747], [-65.40036838636043, 44.22499013147991], [-65.40585620146993, 44.214369508202374], [-65.40815555087194, 44.20975842197919], [-65.41037934972651, 44.20529800720921], [-65.41079088751289, 44.204472472060935], [-65.41876629790532, 44.18846823640056], [-65.42119397664521, 44.183594562267814], [-65.42797466463327, 44.17000570240194], [-65.43228892631339, 44.161262191502715], [-65.43407538795105, 44.1576407144374], [-65.4404153431153, 44.14522381433054], [-65.4436149824827, 44.13895489778753], [-65.44392850322875, 44.13834049669832], [-65.44663842950949, 44.13302960556606], [-65.44771818838812, 44.130886994700106], [-65.44826000267537, 44.12981175338037], [-65.44981314847314, 44.1267293335375], [-65.45282570743721, 44.12074941315941], [-65.45782991855424, 44.11063575964345], [-65.45875685027234, 44.10876191688701], [-65.46446466306666, 44.09725520639953], [-65.4647803304037, 44.096618699841315], [-65.46522075381233, 44.095733732619685], [-65.47027031513501, 44.08558500765844], [-65.47653908768228, 44.07290999508518], [-65.48072247442485, 44.064672080930556], [-65.4834515151602, 44.05929649165481], [-65.49000661913561, 44.05100509237916], [-65.48936906349817, 44.04779018450159], [-65.48950316629258, 44.04752145889803], [-65.49545826637873, 44.035584620566894], [-65.49598095864381, 44.03453662094667], [-65.4961696040548, 44.03420609355212], [-65.49618225514358, 44.03418391908853], [-65.49761379975291, 44.0316755338292], [-65.4991945783311, 44.028905416771316], [-65.49999999406609, 44.02732382704372], [-65.50045535788439, 44.02642963827035], [-65.50119898911343, 44.0249692790466], [-65.50180690932632, 44.02377531015091], [-65.50304409477009, 44.021622600012655], [-65.5038610887464, 44.020200872872614], [-65.50422477274407, 44.01956801025655], [-65.50445912310018, 44.019189494316265], [-65.50640469741082, 44.01604722954591], [-65.50876295643236, 44.012237806336955], [-65.50901477452905, 44.011831008232214], [-65.5105477792665, 44.0093155763895], [-65.51223393674405, 44.006548529714955], [-65.51288022557573, 44.005505664212556], [-65.51618032899985, 44.00017972310844], [-65.51627830292264, 44.00002157641798], [-65.51628087328731, 44.00001741938973], [-65.51643625088579, 43.99976666139982], [-65.51662750270724, 43.99945794540984], [-65.51727621583528, 43.998262940037044], [-65.51820621087246, 43.99654964505616], [-65.52228039129487, 43.989042486147405], [-65.52269385091579, 43.98828057583215], [-65.52326455681605, 43.98722875532322], [-65.5280516438956, 43.97761373293198], [-65.52822689761516, 43.97726165419781], [-65.5305267239853, 43.97270675303244], [-65.53611751512112, 43.96163025633992], [-65.5427698106499, 43.94802751201359], [-65.54625610098493, 43.94121133529656], [-65.54641674534946, 43.94089724415986], [-65.5497740339583, 43.934331335214715], [-65.54980226373858, 43.934276120005485], [-65.54988352170162, 43.934117184210784], [-65.55001026102256, 43.93386932316356], [-65.55096940856554, 43.931993136045655], [-65.55600164243403, 43.92250674177747], [-65.55654543165456, 43.92148137492151], [-65.55672279160017, 43.92142532464497], [-65.55668906445617, 43.92141418412819], [-65.56580045173095, 43.92173604496661], [-65.56855377812113, 43.92183310560254], [-65.57011001203068, 43.918259958684104], [-65.5707266606106, 43.91703677525553], [-65.5732218804912, 43.91208665328175], [-65.58749015508256, 43.883761286963555], [-65.59036600056056, 43.87722487199023], [-65.60283632118258, 43.848861243722645], [-65.60354467062999, 43.84731091945283], [-65.61082990070214, 43.83136064795818], [-65.61581507859316, 43.820440091765434], [-65.61949236298975, 43.81238143026549], [-65.62253521693819, 43.80571112103435], [-65.62954426266936, 43.79033951030102], [-65.63069262563528, 43.78754887136029], [-65.63070125201114, 43.787527883552215], [-65.63076011095905, 43.78738487330763], [-65.63778041258851, 43.770317370373355], [-65.64736000740945, 43.75008617946191], [-65.64873660090653, 43.74717760203276], [-65.64874906499702, 43.747151230774186], [-65.64555726720705, 43.73847593447705], [-65.6446611021358, 43.73560350710006], [-65.64233059910975, 43.72813179012205], [-65.63772746721295, 43.71528606367714], [-65.63215183782664, 43.69922803548825], [-65.62857740140896, 43.68887837726119], [-65.61945738691975, 43.6640948953697], [-65.61286048001911, 43.6460006440326], [-65.61234673421701, 43.6445598394483], [-65.61190387383195, 43.64331767811348], [-65.61176523587042, 43.64292883702149], [-65.61158961600154, 43.642436222331476], [-65.61143397627772, 43.641950537358376], [-65.6111497989205, 43.64106354474998], [-65.61077162772206, 43.63988778021663], [-65.62596959683323, 43.63474466195297], [-65.65383926247645, 43.6250542181191], [-65.65559062153747, 43.62446229952126], [-65.65602344766813, 43.62428153214377], [-65.66080248489381, 43.62270234248046], [-65.66885080912378, 43.61998647145974], [-65.67246601608883, 43.61876629363082], [-65.67604960335373, 43.617550712048896], [-65.67891489114315, 43.61658769139041], [-65.67931105788341, 43.616454926473615], [-65.69421117266015, 43.61145965328051], [-65.6973103074492, 43.61042024703875], [-65.72374650664186, 43.60142013143952], [-65.72984411762096, 43.600720774782424], [-65.7411371167946, 43.5994243891112], [-65.75441711744735, 43.59826006063572], [-65.76640555824932, 43.59720717128616], [-65.7717444034497, 43.5965674241361], [-65.77501573420619, 43.596105609289616], [-65.77629162251644, 43.59584297932744], [-65.77827308855711, 43.59588567416538], [-65.77998897813609, 43.595617141448905], [-65.78129870891743, 43.59524214215607], [-65.78400563704592, 43.59481928063688], [-65.78434677837654, 43.59457437014261], [-65.78439347681494, 43.59454087062696], [-65.78458591816045, 43.59440271758185], [-65.78490944086565, 43.59417044192203], [-65.79545944989586, 43.58659461766137], [-65.79749306734188, 43.58513391614903], [-65.80226678684063, 43.58008876398266], [-65.80318905683141, 43.57883881471648], [-65.80919922730543, 43.570691572340586], [-65.81759614826315, 43.55221050858904], [-65.81898577091236, 43.5469372773419], [-65.82258130685828, 43.521033273240256], [-65.82358149904152, 43.51419078400014], [-65.82564362712628, 43.50007787398542], [-65.82635743490367, 43.495190763923105], [-65.82663781995777, 43.4929908517582], [-65.8296680096816, 43.469205573252246], [-65.83273823163398, 43.443068949854855], [-65.83631800538721, 43.41717760962086], [-65.83993376245445, 43.391222264247624], [-65.84328145772028, 43.36534620101872], [-65.84663769831575, 43.33963675165778], [-65.84999019247434, 43.31393043655209], [-65.8538448540602, 43.28479805720495], [-65.85703781858402, 43.25917009748464], [-65.85966618700918, 43.25510163751825], [-65.85968960477763, 43.25506541221515], [-65.8446578041161, 43.261828043065044], [-65.78088368637277, 43.28866813176676], [-65.74912090508633, 43.30200054666228], [-65.71735165030279, 43.315485716223456], [-65.68305046168422, 43.3302358374945], [-65.67801236869673, 43.331614464311755], [-65.65439349941003, 43.33807273688642], [-65.62094189173237, 43.3474886452076], [-65.58749172020353, 43.359055259612056], [-65.55471971441726, 43.37091220890614], [-65.53356264399248, 43.3785574828459], [-65.52193096412643, 43.382757528593345], [-65.51594045322622, 43.38476092866098], [-65.506558467584, 43.38789740822233], [-65.50000117980038, 43.39008871689216], [-65.49999999138686, 43.390089130012164], [-65.49060743231917, 43.393226781751125], [-65.45135715673653, 43.406423917582984], [-65.40730601639152, 43.421508325150775], [-65.3880835607735, 43.427988517922294], [-65.38176709025085, 43.43015131752823], [-65.37490013920161, 43.4325019056797], [-65.34387599203446, 43.460165821563834], [-65.34097565090386, 43.46270426287573], [-65.31943558582886, 43.481545829184135], [-65.29820197118062, 43.500055675036386], [-65.29649817848131, 43.50154010286267], [-65.28904788011758, 43.50621474966578], [-65.23837759421951, 43.53806658825851], [-65.23771567142293, 43.53848220682507], [-65.23090391292612, 43.5427588398447], [-65.17589984075775, 43.577478017169376], [-65.1711859136741, 43.58040405682496], [-65.12134325330939, 43.61130702759109], [-65.11891965944598, 43.612818086107055], [-65.06994732248371, 43.64331814960366], [-65.06963040790424, 43.6435195267382], [-65.01986631566983, 43.67504342454175], [-65.00944797862635, 43.681634677873625], [-65.00000000707269, 43.68760950930655], [-64.99797340184755, 43.68904247712876], [-64.99788539136446, 43.68910603352181], [-64.99524916097897, 43.6910143101491], [-64.98742895513114, 43.6966763730728], [-64.98734097870461, 43.69673994184218], [-64.98655027700364, 43.69731255330076], [-64.98285998580019, 43.69998471084363], [-64.98277199677273, 43.70004827605274], [-64.97978447347764, 43.70221141689436], [-64.97969647596787, 43.70227497970649], [-64.97829050498247, 43.70329293823052], [-64.97820250335234, 43.703356499878176], [-64.97785102007131, 43.70361099995474], [-64.9737197059709, 43.70660131516509], [-64.97363166332384, 43.70666491905577], [-64.96914408522893, 43.70991450907654], [-64.96495328127976, 43.7139467737536], [-64.96112962076285, 43.718457132056294], [-64.95823993718184, 43.72239017717203], [-64.95534165246596, 43.726645681386714], [-64.95428589922575, 43.728309636115085], [-64.95233879686046, 43.73137815152323], [-64.95040940031001, 43.73437523623879], [-64.95048691562452, 43.74165941514265], [-64.95057632090781, 43.75005648085582], [-64.95059544548202, 43.75185228306364], [-64.94543998209355, 43.75187676755477], [-64.94133937259535, 43.75189602425325], [-64.92312556900367, 43.75188808206594], [-64.9095996954119, 43.751957091621975], [-64.84058777272166, 43.75217098042041], [-64.76056877849909, 43.752351048980685], [-64.76048545618887, 43.75235118972107], [-64.726580047914, 43.811839062427175], [-64.71460973655459, 43.832753334098804], [-64.6615948194736, 43.92515773543868], [-64.66141313792086, 43.925443974650456], [-64.64257799985288, 43.95510187722015], [-64.63620356957314, 43.96513045496745], [-64.62929251781519, 43.975998346272895], [-64.61396607164885, 44.00008158151492], [-64.61396198674777, 44.00008797663118], [-64.61257355763033, 44.00226848263416], [-64.6029405082022, 44.007761675739935], [-64.59300747226482, 44.01342359489463], [-64.58522612466946, 44.017857384298885], [-64.56498127587061, 44.02938606127771], [-64.52436325253066, 44.05248695427389], [-64.51444483380894, 44.05771278839889], [-64.49999999283312, 44.06531960197517], [-64.48462420954426, 44.073411636385856], [-64.46504287070796, 44.083709392675104], [-64.46499430403571, 44.083760259222764], [-64.45785776786528, 44.088025480424974], [-64.45950533595826, 44.08908539267647], [-64.39426620619608, 44.12533342709486], [-64.37031801050921, 44.13861459121272], [-64.3090823393254, 44.17166030827903], [-64.28778630212847, 44.19439250246754], [-64.27835949363808, 44.20444696086088], [-64.2718168441821, 44.21142232199348], [-64.2596387952455, 44.22439945122357], [-64.23801957072828, 44.24592561810258], [-64.23390352071193, 44.25002128632539], [-64.23271958473346, 44.25119921017391], [-64.2166504838336, 44.262256546601], [-64.19541911687973, 44.276854315429794], [-64.1898313076264, 44.28069404029666], [-64.13430648854457, 44.31879801162497], [-64.12523239201803, 44.324978152521155], [-64.10646800417749, 44.337750350519045], [-64.09853572125793, 44.343146459429214], [-64.080706686356, 44.35526826929035], [-64.08041830769784, 44.355464269089815], [-64.05360148735107, 44.37383827738981], [-64.03268239374519, 44.388156528826386], [-63.99999998789085, 44.40971307677741], [-63.99999999282237, 44.413024557620716], [-64.00000002351322, 44.47822772257106], [-64.0000000302227, 44.48277663896786], [-64.00000003256037, 44.48995808262288], [-64.00000001766611, 44.49999584012841], [-64.00000000900343, 44.50000001316973], [-64.00000212002706, 44.499999997138225], [-64.00309990870129, 44.50000432134064], [-64.00314821204203, 44.50154963279565], [-64.00000114750448, 44.501713012847524], [-63.99999998332234, 44.501713067961546], [-63.964229308952056, 44.50356379947735], [-63.96985036562227, 44.51605667689561], [-63.970866272794794, 44.51896861965999], [-63.97721178931086, 44.537149371391], [-63.97876164745113, 44.541587892192986], [-63.97929621864582, 44.54311865693706], [-63.981861368485916, 44.54960295642878], [-63.98279783155706, 44.5519697359197], [-63.9828222505536, 44.55195940148021], [-63.9894712398029, 44.56957603183803], [-63.995534862842504, 44.58563070370487], [-63.99718601565639, 44.59000056890209], [-63.988807439326195, 44.601652508406715], [-63.978523631076975, 44.614563581029174], [-63.966344271917784, 44.62251354450637], [-63.955526592172156, 44.628430910964944], [-63.95309764683944, 44.63413518338778], [-63.94047884762372, 44.64393386945046], [-63.93940950474609, 44.64475837994486], [-63.93124104491893, 44.65194972608816], [-63.92893828461474, 44.65401418276119], [-63.92633652114372, 44.65630923766432], [-63.92470296696137, 44.657770693570214], [-63.918625214311504, 44.658734885647824], [-63.91463932972298, 44.65794325166133], [-63.9129808185979, 44.65878222907832], [-63.91013490729143, 44.66116441447766], [-63.90951054691624, 44.661379905873176], [-63.90818428153607, 44.66184156487841], [-63.90777886307088, 44.66421084165488], [-63.906629571506045, 44.66692716068877], [-63.90667413100769, 44.66978743184723], [-63.90680633209956, 44.669892632023576], [-63.90380298350763, 44.67151427423145], [-63.90347397251441, 44.671745490506595], [-63.90067664342529, 44.6737110484519], [-63.89981840242506, 44.67576144666678], [-63.89776578199145, 44.68130644718422], [-63.89431482203257, 44.684430187561425], [-63.89282869874417, 44.68587809403921], [-63.89167840276232, 44.68700896571046], [-63.89011550123991, 44.6908949687934], [-63.89044258941505, 44.69172748870504], [-63.89082430568352, 44.692362608136754], [-63.890782705835576, 44.692907113702844], [-63.89021700415182, 44.69370279456912], [-63.89003968448811, 44.69401560032852], [-63.88984469771704, 44.69420169548023], [-63.8897998040228, 44.69437481176138], [-63.88985652690252, 44.69450727081218], [-63.88985439925521, 44.694508006789555], [-63.88983490585879, 44.694515212115185], [-63.88979339036996, 44.69452450714834], [-63.8897593931806, 44.69453289563613], [-63.88974230986016, 44.69453549972762], [-63.88964480516874, 44.694550012198405], [-63.88958198105031, 44.69456760429247], [-63.88950640614476, 44.69457631481832], [-63.88944339187209, 44.694584891053665], [-63.88936659869052, 44.694593610855634], [-63.889293889586945, 44.69459240697218], [-63.889207207724596, 44.69458790711344], [-63.88915311279741, 44.694583497461025], [-63.88903539385539, 44.69456938776198], [-63.88895078532207, 44.69455540454089], [-63.88839708773612, 44.694417504904294], [-63.88790670622149, 44.694289003266974], [-63.88779400127885, 44.69426101321072], [-63.8874542929468, 44.69416908875411], [-63.88736560625523, 44.69414191003715], [-63.88721451032352, 44.69408731007931], [-63.886975708906256, 44.69398650550956], [-63.88676310769816, 44.693868392379294], [-63.88658749648322, 44.69376899930492], [-63.88643691350576, 44.69365940665708], [-63.88638630999521, 44.69361676092466], [-63.88636210024352, 44.69359639029922], [-63.88628739006823, 44.69354169124708], [-63.88614918395418, 44.6934150020581], [-63.88568789839973, 44.69296298582183], [-63.884975802131756, 44.692275406789854], [-63.884788693432135, 44.69209408769617], [-63.88466330522629, 44.69197618782882], [-63.88388910992312, 44.69121609316103], [-63.883789585771474, 44.69112589520327], [-63.88280330468346, 44.69016670174319], [-63.88257790858224, 44.689948812145104], [-63.88246530855549, 44.6898497026885], [-63.882339996953284, 44.68974088618644], [-63.882077109041795, 44.68955031315689], [-63.88193929673008, 44.689450489193085], [-63.88186448406977, 44.68940520323902], [-63.88173270474158, 44.689315492341535], [-63.8814131019879, 44.68914179124445], [-63.881095300737016, 44.689010386957456], [-63.88059678718266, 44.68880459984767], [-63.88043329565994, 44.68874949959963], [-63.880215506816015, 44.68867170192166], [-63.878309182104466, 44.687991306886396], [-63.878258992988016, 44.68797269319163], [-63.8781581950013, 44.687935687259674], [-63.877806586008624, 44.687808194395366], [-63.87748768375733, 44.68813049583045], [-63.87699081149298, 44.688595611533046], [-63.87682972759272, 44.68874749926804], [-63.876506697824915, 44.68905210134291], [-63.87588230903462, 44.68965190839829], [-63.875067304325846, 44.69034061343373], [-63.87490131806388, 44.69046519750363], [-63.87471120423835, 44.690572194584476], [-63.87452090106686, 44.69067971370989], [-63.874317793453564, 44.69076848455081], [-63.87430529502476, 44.69077669752529], [-63.874013206532204, 44.69091040919319], [-63.87368429311264, 44.69102539173356], [-63.873355290904755, 44.69113150253336], [-63.87238059464776, 44.69136039261741], [-63.87073711741992, 44.69172939332118], [-63.868372091568105, 44.692265098370996], [-63.86808160306447, 44.692335688957535], [-63.86780259800233, 44.69241529714903], [-63.8676252185486, 44.692477198174366], [-63.867545687049706, 44.692508994280736], [-63.86753650472958, 44.69251271481439], [-63.86720659278394, 44.69268190515079], [-63.866889209697135, 44.692859711772684], [-63.86664700405758, 44.69303890162332], [-63.86643151289432, 44.69322690018933], [-63.86622738944438, 44.69342379492679], [-63.86608700193866, 44.693567102354386], [-63.86602239990772, 44.693638696416016], [-63.865959201268375, 44.693719297157784], [-63.865855615985716, 44.6938802979458], [-63.86579249579387, 44.69396089733846], [-63.86498678811359, 44.69494649242107], [-63.86457019286947, 44.69548799357053], [-63.86409028344637, 44.69611190215626], [-63.863918607162205, 44.69634678890931], [-63.86351391733729, 44.696900302989654], [-63.863424404679975, 44.6970257033751], [-63.863391421804316, 44.69706859445855], [-63.862720288777304, 44.69793980208285], [-63.862681693924365, 44.69797520117249], [-63.86251588273778, 44.698199705919116], [-63.86234938797151, 44.69837829135654], [-63.86222150455821, 44.698521511243584], [-63.86190290721022, 44.69882639265612], [-63.86087500106463, 44.69974980756785], [-63.86060720002418, 44.70000470305979], [-63.86047779397599, 44.700119602505126], [-63.86035099883911, 44.70023208785964], [-63.86033619298493, 44.70024490921757], [-63.86022440282381, 44.700341488135905], [-63.860099905667965, 44.70045120326925], [-63.859977020538274, 44.700559898095854], [-63.85985800885189, 44.700665096766436], [-63.859748681104904, 44.70076250344014], [-63.85974391209946, 44.70076670294344], [-63.85963511625998, 44.700864902115605], [-63.859529209222174, 44.70095949738583], [-63.8594275088191, 44.70105109896524], [-63.85932911523151, 44.70113929288917], [-63.85929501730126, 44.701169592944595], [-63.85923320339613, 44.70122449926145], [-63.85913841640028, 44.70130829841355], [-63.859138077244474, 44.7013085749692], [-63.85904351209699, 44.701392392933066], [-63.858947289869285, 44.70147830410453], [-63.85885108018833, 44.70156461007481], [-63.85884818962943, 44.701567209257256], [-63.858745621987715, 44.701658994017635], [-63.858673288395785, 44.70172330865695], [-63.85863789879692, 44.70175479268275], [-63.85861230179263, 44.70177790741163], [-63.85852621714681, 44.701855398076276], [-63.858408993570706, 44.70196030597591], [-63.858284899317844, 44.70207099462195], [-63.858156997534984, 44.70218578758332], [-63.85813778827325, 44.702202903628674], [-63.85802549628248, 44.70230330423991], [-63.85800319987012, 44.70232379028733], [-63.85789321210758, 44.70242449112153], [-63.85778909035519, 44.7025167863038], [-63.85775759080322, 44.7025448076971], [-63.85762090702241, 44.70266459994702], [-63.857485780143655, 44.70278410654534], [-63.85745431406845, 44.702812195032806], [-63.857351788221656, 44.702903492543456], [-63.857326054173974, 44.70292681246868], [-63.85721968988126, 44.70302320815776], [-63.85719190771654, 44.70304779248952], [-63.8570862115403, 44.70314140007726], [-63.856951686513455, 44.70325809662146], [-63.856819297910334, 44.70337528807614], [-63.856689598625856, 44.703491486518544], [-63.8565605968684, 44.703605799402865], [-63.85643210096564, 44.703717688078925], [-63.85630788773566, 44.70382599488589], [-63.856189795612245, 44.70393030551826], [-63.85603099870477, 44.704051287105926], [-63.85597789951167, 44.704094589582354], [-63.85559510876793, 44.70440650328113], [-63.8554038114369, 44.7045584902122], [-63.855226088416174, 44.70466518898546], [-63.85518859188595, 44.70469239484421], [-63.85501040386058, 44.704790205818355], [-63.854972197406674, 44.704817005709195], [-63.85490820517643, 44.704852992963446], [-63.854514707737444, 44.70504860827664], [-63.85428668207448, 44.70516370259367], [-63.85405838621472, 44.70526180072826], [-63.85390651482146, 44.70532410079072], [-63.853868500968915, 44.70534178743552], [-63.853576603065996, 44.70546610010292], [-63.85350020544444, 44.705501795312514], [-63.852435094664756, 44.705954511290365], [-63.852304688761826, 44.70601018830972], [-63.851332406000246, 44.706425390243986], [-63.851066401938795, 44.706540800413556], [-63.85082561347011, 44.706646999159446], [-63.8507997106594, 44.706665297005635], [-63.85072399471318, 44.706691902881], [-63.85010608168989, 44.70695460645914], [-63.8500987902483, 44.70695770712155], [-63.850081693970694, 44.70696498852235], [-63.85001293979468, 44.70699396215871], [-63.85004356128177, 44.707371107524004], [-63.85005327054262, 44.7074905923224], [-63.84997029611682, 44.70764944794112], [-63.847290281684394, 44.71164525869829], [-63.847052503847614, 44.71319749309004], [-63.84741365760965, 44.71401441114852], [-63.84726267589582, 44.71543530848829], [-63.84660017678813, 44.716550562013126], [-63.84642581793794, 44.71772282670114], [-63.84728362580564, 44.71977672287374], [-63.846624058396124, 44.72190979548676], [-63.847550955355885, 44.72514009363595], [-63.84801585409166, 44.72579647013092], [-63.85338394835167, 44.733481657677046], [-63.85433545396763, 44.734843563593245], [-63.858773773127, 44.74119530084467], [-63.858916449202205, 44.74139942678311], [-63.85898536996491, 44.74149804126011], [-63.86498903629052, 44.75008695995445], [-63.866922513185706, 44.7528569920091], [-63.86729769832375, 44.753369694398], [-63.868068075013284, 44.75448890754964], [-63.868666919989884, 44.75534592324556], [-63.86906373729038, 44.75646334732983], [-63.87427849437829, 44.77093401909774], [-63.87513736255152, 44.77337738476556], [-63.87687090561737, 44.77830219383708], [-63.87672911814732, 44.77884899691896], [-63.87648500652082, 44.7791566913949], [-63.87615229939166, 44.77930080434353], [-63.87590068987312, 44.77935548551562], [-63.87573361190414, 44.77937219305505], [-63.875234396119666, 44.77936308600003], [-63.875079689181305, 44.7793444883034], [-63.87476658624133, 44.77925569210174], [-63.87447259582458, 44.77925430335696], [-63.873277786064946, 44.77899129872819], [-63.87310779977344, 44.77893679629165], [-63.8727371128404, 44.77890630065481], [-63.87263500973996, 44.77896770292705], [-63.8724490988852, 44.77919751038957], [-63.872064802505705, 44.77954219821666], [-63.87187809531817, 44.77964149137032], [-63.87169350701178, 44.77968158863161], [-63.87147249607436, 44.77980799243011], [-63.87115090378025, 44.78010641254758], [-63.87098609590483, 44.78021411136497], [-63.87088837896053, 44.78030720361988], [-63.87031131771313, 44.781379592860304], [-63.87005240957744, 44.78163171333921], [-63.86917499193423, 44.78225990490241], [-63.86862720947409, 44.7825224989349], [-63.86820778555475, 44.782763804057915], [-63.867830688427226, 44.78306130257171], [-63.86739678592835, 44.78354740607962], [-63.866928098332394, 44.784230397229635], [-63.86664381085191, 44.7847231930224], [-63.866551610645516, 44.78542910180518], [-63.8662834876772, 44.78608819419296], [-63.866147895765216, 44.786306991931774], [-63.86606260765823, 44.78651489982355], [-63.86604548625369, 44.78713910099208], [-63.8660136058917, 44.78740731303258], [-63.8656352051228, 44.78804471544092], [-63.86544219556627, 44.78862208805733], [-63.86541538333729, 44.788902300294396], [-63.86559321142245, 44.78966049673454], [-63.86561088727246, 44.789937495125], [-63.86558701040459, 44.79013868988289], [-63.86543839697986, 44.790562806990394], [-63.86540310862473, 44.791380395901946], [-63.86546751315655, 44.791594992111335], [-63.86559830103918, 44.79181480516237], [-63.865608583473836, 44.79198900655248], [-63.86546791632186, 44.79219590053128], [-63.86537761214163, 44.79254199750275], [-63.8652594843603, 44.79273750514119], [-63.865209991414574, 44.792878904508946], [-63.86516260819685, 44.792961014875985], [-63.864973593838585, 44.79311960226459], [-63.86494030547603, 44.79342731343747], [-63.864948290513794, 44.79351049954003], [-63.8652347150319, 44.79387940689504], [-63.86610008833045, 44.79450799314387], [-63.8662484041335, 44.79470441044966], [-63.86629368688167, 44.79483169485459], [-63.86634800301815, 44.795172695769374], [-63.86631160563507, 44.79525899467667], [-63.86629780679048, 44.79548400153324], [-63.86624321200257, 44.795613506491875], [-63.86619791963733, 44.79563629502602], [-63.866003006161215, 44.79565248913025], [-63.86595779660842, 44.79567538909292], [-63.865885709352426, 44.795978489086856], [-63.86575811171677, 44.796130307364656], [-63.86583922080849, 44.79619099844093], [-63.86589979170872, 44.79620400264734], [-63.86597860739894, 44.79617378872268], [-63.86606180122776, 44.7961754046204], [-63.86603855785183, 44.796286012891436], [-63.87045323467338, 44.79585764260991], [-63.87093990585255, 44.795810411785276], [-63.886669709004344, 44.7942821486537], [-63.8894041150459, 44.79401620001565], [-63.892575128595446, 44.793707666168245], [-63.89478472825497, 44.79335066685365], [-63.895913782846414, 44.79323269938907], [-63.8970208958622, 44.793117022458055], [-63.89796021702354, 44.79301808210939], [-63.89973709851859, 44.79282082400762], [-63.90087008396219, 44.7926950248141], [-63.90283758551174, 44.792476527596186], [-63.906565444151305, 44.792062479193476], [-63.90915051520858, 44.7917455875021], [-63.90942376011578, 44.79171207591792], [-63.91121033468035, 44.791517200681376], [-63.91457571998086, 44.79155916571343], [-63.920488043891645, 44.79096383208073], [-63.920977309074196, 44.790914555229776], [-63.92481496122741, 44.79052791675464], [-63.94006958117247, 44.78907130599441], [-63.940473507149065, 44.78903308366484], [-63.9438038625814, 44.788707094177795], [-63.95529213217009, 44.787631046142565], [-63.97424358585414, 44.785890279282604], [-63.97879425890208, 44.78546824413771], [-63.97991689142326, 44.785364109707956], [-64.00000000102598, 44.78349849689297], [-64.00154764876265, 44.783354534300166], [-64.00416056554359, 44.783111430137225], [-64.00780300016504, 44.782772397902], [-64.00951444917727, 44.78261303868065], [-64.01394454926182, 44.78220040223163], [-64.01598897440078, 44.78200989679481], [-64.02133858425701, 44.781511188994095], [-64.03461446777241, 44.780272103458906], [-64.03576199832658, 44.7801648937864], [-64.03719416019331, 44.78003107500246], [-64.0406167752814, 44.779711221459834], [-64.04344279464635, 44.779446999783175], [-64.05539959560224, 44.778328074625904], [-64.08464837018236, 44.775584026594636], [-64.0916850856918, 44.77492236930044], [-64.09893908354921, 44.77423971148678], [-64.11531276633511, 44.77269652650036], [-64.12365223797181, 44.771909376151534], [-64.14294324166218, 44.77008543322267], [-64.14420378936073, 44.76996610686467], [-64.14596235005024, 44.7697995992572], [-64.15443133981772, 44.76899721570809], [-64.17806712506007, 44.76675347257809], [-64.18529909797634, 44.76606566344262], [-64.21381467403923, 44.76334770949692], [-64.23378432435146, 44.76143870377597], [-64.23714713532554, 44.760864506970805], [-64.24058956661979, 44.763003768877354], [-64.25039166334396, 44.770346494024686], [-64.25106426262195, 44.770817006863545], [-64.26118680501773, 44.77789642301976], [-64.26562373923203, 44.781024465076676], [-64.27987694031204, 44.79106894146357], [-64.28558895607195, 44.79509253109839], [-64.28650970514971, 44.795741016183584], [-64.28750502786032, 44.796453488578535], [-64.29226200309506, 44.79985827621654], [-64.30222744194192, 44.80698870771394], [-64.30887154519824, 44.811740924164475], [-64.31122161811335, 44.813497408449535], [-64.31394507304502, 44.81537680806987], [-64.31534939070127, 44.81637509148761], [-64.31628402112335, 44.817039441753316], [-64.31662722242105, 44.81728469673621], [-64.3173216623573, 44.817781016232445], [-64.32230877841384, 44.82134472392257], [-64.32308161205034, 44.82189674602152], [-64.32431764043304, 44.822780002623816], [-64.32890972771969, 44.82606043329294], [-64.34035424867761, 44.83423298436077], [-64.34938644788372, 44.840637550667324], [-64.35918800752067, 44.847715579823614], [-64.35933270386843, 44.847819441688465], [-64.37415820926547, 44.85845482609296], [-64.38182238740413, 44.863950188239535], [-64.39147060212895, 44.8708320428521], [-64.39248665383906, 44.87155658894424], [-64.40130946568635, 44.87784687545686], [-64.40492616755252, 44.88042473964752], [-64.40684547428884, 44.881792575421564], [-64.40937426926062, 44.883594604972686], [-64.41110947273464, 44.884831001545066], [-64.41462404975431, 44.88733498889759], [-64.41579377201776, 44.88816825762493], [-64.4322101416821, 44.8993114142651], [-64.44672732340821, 44.88945752243685], [-64.44781476220543, 44.88871888389399], [-64.45317530720048, 44.885077258811826], [-64.47742844832148, 44.868590567806535], [-64.48295922210266, 44.86482845339736], [-64.48608906506341, 44.86269905586034], [-64.48705637160431, 44.862040928846724], [-64.48885741219696, 44.86081541033537], [-64.49717675393461, 44.85515331305787], [-64.4999923502394, 44.8532323814527], [-64.51419548301898, 44.8435597876823], [-64.52113127727819, 44.838846497701304], [-64.5231301190683, 44.837483750470774], [-64.52364039918437, 44.83713697064579], [-64.5261357529722, 44.838936576736586], [-64.5285991913168, 44.84071471095072], [-64.52943389086151, 44.84131621438246], [-64.52943404411707, 44.841316097701146], [-64.53095282951907, 44.84020507129607], [-64.54185950648076, 44.83226292241856], [-64.54244136184498, 44.831839655134154], [-64.54510532554512, 44.829901616137946], [-64.54550410881775, 44.829611498115824], [-64.54733938058413, 44.82827616439781], [-64.547748366371, 44.82797857031522], [-64.54775055276932, 44.82797450629579], [-64.54776890795873, 44.82796363183445], [-64.54792127184444, 44.82785277550156], [-64.54869553442774, 44.82728938661156], [-64.54938847563297, 44.826785139182455], [-64.55109467213619, 44.82554354774441], [-64.55123448712037, 44.82544179337414], [-64.55467426713977, 44.82293836581321], [-64.55496409307084, 44.822727379236696], [-64.55740696200768, 44.82094924868486], [-64.5699174409632, 44.811841747870524], [-64.59721255647389, 44.79210772853924], [-64.60072371361206, 44.789567485700196], [-64.60776126548737, 44.784474810819255], [-64.60977897461538, 44.7830143867992], [-64.60978646533516, 44.782962067144226], [-64.60979671079187, 44.78288874661755], [-64.60981741659434, 44.782748392261915], [-64.60987400065255, 44.782689704344946], [-64.60995720529155, 44.78269060434207], [-64.6100832061572, 44.78280503359345], [-64.61020416135713, 44.78270662088154], [-64.63234577043156, 44.766671894580796], [-64.63897435555056, 44.761868489812734], [-64.65523070380549, 44.750082415989965], [-64.65645603672888, 44.74916586198836], [-64.66088317704771, 44.745982297893306], [-64.66204287418593, 44.74514098949906], [-64.67458054801939, 44.735485534195135], [-64.68207899481274, 44.72999942431413], [-64.68390462459128, 44.72866901850073], [-64.6845543974543, 44.72819545408249], [-64.69174218607812, 44.72295647260142]]]}, "properties": {"FED_NUM": 12010, "ED_NAMEE": "South Shore—St. Margarets", "ED_NAMEF": "South Shore—St. Margarets", "REPORDER": "2023", "SHAPE_Leng": 559853.922059, "SHAPE_Area": 11715237548.1}}, {"type": "Feature", "geometry": {"type": "Polygon", "coordinates": [[[-60.27104754961642, 46.33654317145752], [-60.277593429293326, 46.32564305749769], [-60.282660042474475, 46.31688406740267], [-60.28418836145244, 46.31440630044572], [-60.286176316486774, 46.31118301212917], [-60.28522862026161, 46.30940608794659], [-60.28519046327533, 46.30933970044655], [-60.28567086527615, 46.30745702103016], [-60.28602794023886, 46.303057804930084], [-60.28648793428041, 46.299884777827245], [-60.28764578995965, 46.29662906365302], [-60.285950094950124, 46.29417281587988], [-60.285209958373315, 46.29334557490674], [-60.28524693760734, 46.29133398548336], [-60.28648818553549, 46.28980907853316], [-60.28769105083727, 46.289093626380385], [-60.28994410717157, 46.289143358480885], [-60.29155193278214, 46.28944767871594], [-60.29352026848509, 46.28833564099627], [-60.2956755664066, 46.28587831756621], [-60.29770929041651, 46.28402871455904], [-60.29847601610157, 46.283504558114295], [-60.29922567593416, 46.28299202991126], [-60.29969347156899, 46.28289556034426], [-60.30006325413605, 46.282503320023686], [-60.301575127184336, 46.28172160597078], [-60.30186848483281, 46.280454073949926], [-60.301058667778904, 46.278736873140524], [-60.29947173168748, 46.276152657879585], [-60.29849268191439, 46.2751367066945], [-60.2977413596851, 46.27423179563374], [-60.29654970817705, 46.27325875786073], [-60.29536185320897, 46.27179003792134], [-60.29483985214943, 46.27072760117632], [-60.29473013216051, 46.26982211633347], [-60.29490600102406, 46.26831178603345], [-60.29424542684808, 46.26701600673507], [-60.29370309962915, 46.26591430303606], [-60.29459981745991, 46.264904168253445], [-60.294410336619215, 46.26397243678598], [-60.29370464991449, 46.26273455019827], [-60.29389053960016, 46.26194382615287], [-60.29509481039274, 46.26116151202042], [-60.29634072418057, 46.260571468609854], [-60.29689157493819, 46.259965684227026], [-60.297367554012915, 46.258872422171294], [-60.29730327308766, 46.258262491972246], [-60.29726490752058, 46.25789850621193], [-60.29628821258923, 46.25700781609411], [-60.29527063624601, 46.25654607985973], [-60.29472918785371, 46.25605363196145], [-60.294780600572956, 46.255543103178816], [-60.29543529233384, 46.25517891197967], [-60.29599228112767, 46.254761949218114], [-60.29604814157235, 46.25415675551743], [-60.29541938769258, 46.25362154004771], [-60.29464467167112, 46.25263349928942], [-60.294658465375335, 46.25228870345268], [-60.297515116199946, 46.25002560747237], [-60.29752614265511, 46.25001559065596], [-60.30333502949282, 46.24474843174059], [-60.30616855033181, 46.24220942146941], [-60.30651700546214, 46.24150849675313], [-60.307978864695016, 46.23856765218028], [-60.31044964856789, 46.23359630777002], [-60.32242148766486, 46.20949302670353], [-60.321273293824945, 46.20882640683339], [-60.321190092244215, 46.208458607677514], [-60.32079338052503, 46.20802110555466], [-60.320662913722224, 46.20751899668929], [-60.32031731359897, 46.206988700173206], [-60.31997659026934, 46.20671000632866], [-60.3199559216339, 46.206674280499065], [-60.319809498742956, 46.20642120504101], [-60.31981919054231, 46.206290094592575], [-60.31963949127757, 46.205912787852206], [-60.31960899532524, 46.205244791115526], [-60.320093306863654, 46.204450411406796], [-60.32052542061396, 46.20390439592915], [-60.32085561181492, 46.203149094634185], [-60.32110668423956, 46.20272450021534], [-60.32133058907304, 46.20243400958466], [-60.32173301357315, 46.202041899216404], [-60.322132288476205, 46.20177330144924], [-60.32275598783404, 46.20145360314265], [-60.32276194438634, 46.20145119044134], [-60.32162020436482, 46.200609104362], [-60.32088028971366, 46.20004360651308], [-60.320832799021765, 46.20000739360065], [-60.31963201183031, 46.19908640353874], [-60.31806218886931, 46.19794520331005], [-60.31790890985717, 46.19781831254477], [-60.31775621032557, 46.19770850787118], [-60.31757740481505, 46.19759900278713], [-60.31739832085823, 46.19749759581046], [-60.31231641218501, 46.19372351826529], [-60.31230766419598, 46.193717023864785], [-60.31183751210421, 46.19336927420895], [-60.31118022992769, 46.192879514128734], [-60.310674006446774, 46.19250233565754], [-60.31018361698735, 46.19217347993501], [-60.30371085591342, 46.18783231392648], [-60.303512891934105, 46.18769949247116], [-60.304330404724936, 46.18704201138208], [-60.3050706177823, 46.18634749519633], [-60.30548341021997, 46.18585680663934], [-60.305844287846284, 46.185338800677215], [-60.30612839209039, 46.18480189556269], [-60.3061900384745, 46.18467931535985], [-60.30646569156974, 46.1841312057883], [-60.30685842124012, 46.18336099538336], [-60.30756971101868, 46.18185310357971], [-60.30762450505323, 46.18173690495642], [-60.307637191357294, 46.18170990110258], [-60.30764532319124, 46.18169279669059], [-60.30831108364738, 46.18028109781672], [-60.30940989651633, 46.177998294830246], [-60.310819654871295, 46.17507720536273], [-60.31088731795421, 46.17493699852929], [-60.31145671423748, 46.17378209738032], [-60.31146940716644, 46.173756253499576], [-60.31199749139623, 46.17268059829818], [-60.31224670157098, 46.171954714054834], [-60.31231899917469, 46.17164050037627], [-60.31235119506032, 46.171325303389374], [-60.312357911327, 46.17100150814383], [-60.312325309051175, 46.170686612740695], [-60.31225130026943, 46.17009929147474], [-60.31224330713088, 46.170031212559444], [-60.31221458490332, 46.16982169759536], [-60.31209497991669, 46.16879470436562], [-60.31198423614018, 46.16780330770172], [-60.3119208904939, 46.16723620305853], [-60.31185071642778, 46.16644520392663], [-60.311848099532284, 46.1664171857204], [-60.311848495353345, 46.16641011392785], [-60.311848612373126, 46.16640830944922], [-60.31180268193804, 46.16610120023571], [-60.31179710508712, 46.16605601022358], [-60.31176961650838, 46.16582229521395], [-60.31160450464568, 46.16448001519536], [-60.31144690072355, 46.163380892048316], [-60.31129250130024, 46.162164010365096], [-60.31111621176408, 46.16073149650863], [-60.31096358920552, 46.15939860666008], [-60.31084089704043, 46.158434390927994], [-60.31074190834285, 46.15762379033845], [-60.310708803635116, 46.157371908797224], [-60.310577716964126, 46.15623659274453], [-60.31042420574918, 46.15494861015633], [-60.31024971157809, 46.15403729381442], [-60.310067610153396, 46.15349559949201], [-60.30974900918289, 46.152646608926425], [-60.30962739128277, 46.152324203307685], [-60.309589694707356, 46.15222251174901], [-60.30955288650234, 46.15211231665652], [-60.30951728501828, 46.1520056946775], [-60.3094763922423, 46.151889486326475], [-60.30939549331829, 46.151662601689196], [-60.308809104327004, 46.150036807577926], [-60.30879649867549, 46.15000321273667], [-60.3086864001731, 46.14971170878773], [-60.30850700493145, 46.14917902584265], [-60.30844318890449, 46.14898949814887], [-60.3077872868376, 46.14759700486352], [-60.30739728604693, 46.147071200264904], [-60.30692779417623, 46.146580407109035], [-60.30683989938169, 46.14649820809501], [-60.306749001192784, 46.14642498728261], [-60.30673770297186, 46.14641660607398], [-60.306534596190524, 46.14625249894738], [-60.30653342846739, 46.146251597461955], [-60.30627631888587, 46.146052901935875], [-60.30621650008122, 46.14600561310557], [-60.305845181385834, 46.14575920398089], [-60.30544939102763, 46.145539309975675], [-60.30502679768415, 46.14533670675944], [-60.30393569848558, 46.14490228713152], [-60.302344303897286, 46.14426529709435], [-60.300726705037405, 46.143635788524], [-60.29965438233146, 46.14312638744056], [-60.29825847192841, 46.14254039337618], [-60.29600654672321, 46.14165257061879], [-60.28945467263147, 46.13896958696202], [-60.285146217115205, 46.13724002492841], [-60.28330940654676, 46.13638769404929], [-60.281322794314804, 46.13518460835963], [-60.27689644694359, 46.132125988222974], [-60.26995325727126, 46.127521349911234], [-60.2695159238187, 46.12723124986508], [-60.26753201282173, 46.12587535237251], [-60.266681180211584, 46.12530435022997], [-60.264819900652775, 46.12403698030336], [-60.2636874926642, 46.12326894012803], [-60.262890411129945, 46.12284802375328], [-60.26246052964149, 46.12262581601669], [-60.25738893036646, 46.1198701450236], [-60.24932004764752, 46.11544438517138], [-60.247106157401696, 46.11431744742932], [-60.245795552555784, 46.11363414419097], [-60.24483929310737, 46.113173895127055], [-60.24315321190804, 46.112237594932836], [-60.24306279910853, 46.112182294318316], [-60.24302528073622, 46.1121553062784], [-60.2407377668596, 46.11086281822785], [-60.24073719470108, 46.110862486695254], [-60.240676806389814, 46.11082770256453], [-60.240575982679815, 46.11077259969772], [-60.24047019689359, 46.110714699107206], [-60.24013968356921, 46.11052250819807], [-60.23900260683788, 46.109861110025186], [-60.238503902182224, 46.10958629217908], [-60.23672839734897, 46.10860369071488], [-60.235145183073165, 46.10768600058014], [-60.23423920631309, 46.10717259996143], [-60.23419009152299, 46.10714440520645], [-60.23409071433511, 46.10708709105385], [-60.233841459325674, 46.10694322373681], [-60.23360943443506, 46.106809270451436], [-60.233894225787495, 46.10655229891284], [-60.23421066379001, 46.106190949056526], [-60.234723412295985, 46.10560544899189], [-60.23619395926396, 46.10485528179074], [-60.23775702123071, 46.10486285773365], [-60.23867927153864, 46.10507650382153], [-60.23957406190722, 46.10501806123536], [-60.24002986318125, 46.10498828314583], [-60.24085701918202, 46.10494778061325], [-60.24122365175677, 46.10498548899096], [-60.24192575718765, 46.10482510952265], [-60.24279104391361, 46.10439389219446], [-60.24316585129439, 46.10416613112954], [-60.24355412148271, 46.10387792577901], [-60.2437464389127, 46.103575967621275], [-60.24368429703768, 46.103335103512954], [-60.24357568666786, 46.103116858421785], [-60.243411708156216, 46.10287103955535], [-60.2428870210064, 46.102299794042956], [-60.242821438851564, 46.102038272303204], [-60.242793390224385, 46.10182154371089], [-60.24281889084126, 46.10180083366229], [-60.24325049072149, 46.101451046898546], [-60.24333651773075, 46.101381389342485], [-60.24348724495575, 46.10134357961335], [-60.24359711498697, 46.10131603153697], [-60.24421592384068, 46.10116085391434], [-60.244777586568226, 46.10090982510167], [-60.24537077581098, 46.10064472255546], [-60.24557750119248, 46.10053889121791], [-60.24567488355525, 46.10048906302118], [-60.24813335568438, 46.09923062610835], [-60.249457015865225, 46.09880922292758], [-60.25023340443343, 46.098191037076695], [-60.25045173701735, 46.09801718899658], [-60.25050958964061, 46.09793219060963], [-60.25089140194365, 46.097370989563885], [-60.251341806508904, 46.09670903009747], [-60.25161253032554, 46.09599833122218], [-60.25166982520822, 46.09586600697241], [-60.25172709900194, 46.09573445492317], [-60.25173262102059, 46.09572183466147], [-60.251777647823545, 46.095623562513616], [-60.25197365155531, 46.09513201376991], [-60.252085320509956, 46.094853265596214], [-60.25209665575591, 46.094185140082594], [-60.25209874988156, 46.094062259935384], [-60.25210792144117, 46.0935242413087], [-60.252733268708816, 46.09230025232608], [-60.25283641337014, 46.09223495244893], [-60.25336118929345, 46.09190279905981], [-60.25661549242217, 46.08984278901664], [-60.257511884902016, 46.089206311831056], [-60.25855048136263, 46.08846884278168], [-60.26086590538334, 46.08728187278592], [-60.261534886987036, 46.086938885721096], [-60.26357585409438, 46.08605100481184], [-60.26479884843638, 46.085022641532646], [-60.26563819684284, 46.0838634973869], [-60.267024379522425, 46.08194909841371], [-60.2681305727892, 46.080645885587785], [-60.2690393569888, 46.07982157054185], [-60.27023231911199, 46.07939672457959], [-60.27184392470942, 46.079284197661124], [-60.27398181188921, 46.079063240257284], [-60.275222458089125, 46.07854893550365], [-60.27577102266247, 46.07798779617868], [-60.27624501506965, 46.07732826794959], [-60.276283502894536, 46.077274742991825], [-60.276665983664216, 46.076558668617096], [-60.27696772606905, 46.07571973164542], [-60.27713046196436, 46.075461672959], [-60.277409254436805, 46.07519243073856], [-60.277764664579166, 46.0750617138696], [-60.278196794781486, 46.07497064690838], [-60.278831610382255, 46.07488775248518], [-60.2792167373027, 46.07484185338112], [-60.27951808240402, 46.07467199976261], [-60.27971643463558, 46.07437776335667], [-60.280160896244446, 46.07386613080171], [-60.2807192680253, 46.07357281204311], [-60.2813306414714, 46.07358942108808], [-60.2818461979988, 46.07375084278758], [-60.282439979075804, 46.073885764883606], [-60.28287341788115, 46.07378140287312], [-60.282964368217556, 46.07375944632878], [-60.283010948748604, 46.07374822067911], [-60.283104183486735, 46.0736876203742], [-60.28355314126888, 46.07328947194159], [-60.283870038442885, 46.0731094529219], [-60.28442453083618, 46.07301905809479], [-60.285205796327475, 46.07299274559187], [-60.285849233676586, 46.07310276457315], [-60.28627541958615, 46.073264013408014], [-60.2867329444381, 46.07366777493898], [-60.287020196811106, 46.07400698478979], [-60.287048655564654, 46.07430980702951], [-60.28698613837098, 46.07470120014134], [-60.28674721005499, 46.07514880841002], [-60.287091488201405, 46.07564168879242], [-60.287112148586, 46.07567122305862], [-60.28776640974106, 46.07583230625389], [-60.287926989764124, 46.075871854829735], [-60.28870433045608, 46.07578265073787], [-60.2887780265857, 46.07577454094235], [-60.28898459214172, 46.075751810879474], [-60.2890633757375, 46.07573689810472], [-60.28922182093906, 46.075645173997515], [-60.28948205177653, 46.075366758445455], [-60.289708147548225, 46.07512569113198], [-60.29129717886074, 46.07441063912914], [-60.29511766135634, 46.0735040019076], [-60.297765874043584, 46.072599672316905], [-60.29980267970459, 46.07177155147568], [-60.301156115209444, 46.071060249794975], [-60.30275491487474, 46.07031235098834], [-60.30573512398206, 46.06971782520027], [-60.308338144902834, 46.068842421002714], [-60.309276330088295, 46.06829036569434], [-60.3098677318662, 46.06773015356074], [-60.310460725174664, 46.067139710566586], [-60.31123861021463, 46.06631189578104], [-60.311958536109, 46.06578490224777], [-60.3126800446249, 46.065434005866756], [-60.31373635586776, 46.06492019898755], [-60.315297421743175, 46.06405028123281], [-60.31564465637058, 46.06382427026921], [-60.31585437211122, 46.06368776720058], [-60.316734646739484, 46.06311497676222], [-60.31673566712887, 46.06311409093325], [-60.31677602296944, 46.06308783796274], [-60.317308591367635, 46.06287113458223], [-60.31881233207064, 46.06225926630667], [-60.31974155455198, 46.061888279657026], [-60.32041501229815, 46.06142057880144], [-60.32136027061398, 46.06071748064579], [-60.32289972190378, 46.05939366390966], [-60.32388236170515, 46.05881238478677], [-60.32436140655995, 46.05854873061783], [-60.32446180920107, 46.058493480793196], [-60.32464839448419, 46.058454957301535], [-60.32488967461173, 46.05837422058472], [-60.32516204724128, 46.05826830306825], [-60.32600747593451, 46.05802509024849], [-60.32605270374831, 46.05788529703729], [-60.325999191302635, 46.05770678792932], [-60.326298607114765, 46.05744871565515], [-60.326772400108204, 46.057316209916685], [-60.32719991291474, 46.056893903058686], [-60.327227407436816, 46.05670809045241], [-60.32733260520416, 46.0566900928983], [-60.32775159640824, 46.05687741032592], [-60.32786569399143, 46.05683210910635], [-60.328088107186176, 46.056645316380454], [-60.32809741754979, 46.05656609595557], [-60.32802130031062, 46.056482097413884], [-60.32808752276048, 46.0564060956748], [-60.32824759928912, 46.05635940532765], [-60.32860851402502, 46.05640780145026], [-60.32877480282339, 46.05640530349569], [-60.32880861683673, 46.05626369799287], [-60.329037914445244, 46.056017497527], [-60.32934849844842, 46.056055106739116], [-60.329411280901006, 46.0561544024367], [-60.32954459726352, 46.05618991317252], [-60.32967627761645, 46.056141504985014], [-60.329751382917124, 46.056038107870336], [-60.32981721018253, 46.05601399994329], [-60.330228979988654, 46.05596960468354], [-60.33031739991154, 46.05585098773534], [-60.330734477324, 46.05566340338556], [-60.330914607687134, 46.055250992955614], [-60.33163680654716, 46.05461020609143], [-60.33180510310427, 46.0546396917422], [-60.33230988648436, 46.05443710423375], [-60.33229569443898, 46.05426490044802], [-60.33219660400667, 46.05403590619412], [-60.33280579660387, 46.05391898884728], [-60.33291472180955, 46.05367399681375], [-60.33307510169962, 46.05357549349791], [-60.333340382585504, 46.05351080284286], [-60.333405610993374, 46.05324739614397], [-60.333215500472726, 46.052865794315025], [-60.3332147484884, 46.05277176386536], [-60.329524899720994, 46.048346085626434], [-60.32662115685029, 46.04558181860213], [-60.322051690869905, 46.04123099601554], [-60.318063313701764, 46.03609600627371], [-60.312680112245516, 46.02846939875358], [-60.31249698002257, 46.02033810283568], [-60.30851652119557, 46.0188514941836], [-60.30574378960222, 46.01781579004859], [-60.30401738940073, 46.01702349809764], [-60.29538360255935, 46.01255108685697], [-60.28182858772797, 46.000837336366274], [-60.280859992814996, 45.99999998427847], [-60.27460139787465, 45.99477520719035], [-60.26835499695662, 45.99999998551324], [-60.263888342871134, 46.00378923271589], [-60.261039790105485, 46.00620530454392], [-60.25722658141689, 46.009334737233985], [-60.24633070187052, 46.01827369113091], [-60.21856790926644, 46.04133849438162], [-60.2152181103132, 46.041769992326635], [-60.20598967665849, 46.04967510441127], [-60.20499808369757, 46.04992050542699], [-60.20060484798877, 46.0504285826741], [-60.19871400538484, 46.05064719814996], [-60.19877459065517, 46.051736706517445], [-60.19891422236265, 46.0542476027365], [-60.198932491960036, 46.054575554870084], [-60.19909268560769, 46.05745650450367], [-60.1916097822502, 46.063573356462385], [-60.187898869846904, 46.06660601115513], [-60.182336381195555, 46.07115080585163], [-60.17810124436679, 46.074606897077004], [-60.171622883057395, 46.07989227598951], [-60.16555880389664, 46.08483819940895], [-60.15392906871482, 46.09432895895071], [-60.15135320012151, 46.096430387253214], [-60.15126030664322, 46.096506167514235], [-60.151201018324, 46.09655451720061], [-60.15070232496848, 46.09696136673456], [-60.14878170343912, 46.09852798846807], [-60.14845715536422, 46.09879274999657], [-60.14116739430163, 46.10473872014935], [-60.14099070319399, 46.10488280774179], [-60.13400529431468, 46.11072638542483], [-60.13348219802973, 46.11120472466995], [-60.132771046989134, 46.111854986470526], [-60.13210769780675, 46.112461508008025], [-60.12418279402784, 46.118979304343945], [-60.12193623229361, 46.124738776755436], [-60.1217072406722, 46.124762066235455], [-60.12114865715024, 46.124549731603935], [-60.12106576305421, 46.124151346894436], [-60.12087926979846, 46.124002531191586], [-60.12002923864326, 46.12391772924078], [-60.11970199111622, 46.12373828853418], [-60.119176405401895, 46.123139599710605], [-60.11696087923137, 46.123172763255305], [-60.116067137859915, 46.12293377492962], [-60.11510661173566, 46.122981127548826], [-60.1149009055901, 46.12320080991936], [-60.11359555008408, 46.12365323448664], [-60.113049918894696, 46.12367674774255], [-60.11202565765613, 46.12372134351467], [-60.11148464014907, 46.12367164844737], [-60.11125760005687, 46.12355790251705], [-60.11058122976292, 46.123079119624094], [-60.11014196451135, 46.12281598711563], [-60.109666994626906, 46.12274096094728], [-60.10941948415959, 46.12277070415239], [-60.10706022671198, 46.12333200903321], [-60.10664279347947, 46.123393429388514], [-60.10609165883732, 46.123289469072105], [-60.105497768272684, 46.12301339453752], [-60.10493745693587, 46.12283718169474], [-60.10435907677435, 46.122759525232354], [-60.103448274274776, 46.12309644840699], [-60.10272976260839, 46.123222226576324], [-60.100882400860726, 46.12340035888695], [-60.09961104202915, 46.12370110120006], [-60.096805961934685, 46.12362981787624], [-60.09602611082548, 46.12369099799555], [-60.09261533635194, 46.12356821682393], [-60.092204062404214, 46.12351274831961], [-60.090922409690656, 46.12351611907986], [-60.089156833055995, 46.12361513147793], [-60.0888216991279, 46.12358859997113], [-60.08232162662647, 46.12362973754256], [-60.08134395949079, 46.123514756127776], [-60.08075648175809, 46.12336473633281], [-60.07970124533803, 46.12324774467886], [-60.078949147170874, 46.12327351817421], [-60.07831669643332, 46.12323933092118], [-60.07774080881013, 46.12335959976699], [-60.075726764990804, 46.12350606846958], [-60.07531264030972, 46.12350446893651], [-60.073026960197254, 46.123157911558756], [-60.07245771348663, 46.12315231247185], [-60.07171568022616, 46.12323228594437], [-60.0694560195733, 46.123372358789865], [-60.065602636819406, 46.12305739361048], [-60.06509948475363, 46.123026472491624], [-60.06490413611245, 46.12304845877466], [-60.06454460883484, 46.12299421836735], [-60.06260804975106, 46.122899409539585], [-60.06225520718527, 46.12296235369243], [-60.06136717232545, 46.12335352814577], [-60.06056564955708, 46.123818950981644], [-60.06006343764949, 46.124013018422396], [-60.05729145894023, 46.12477868947921], [-60.05602848185056, 46.12491706268391], [-60.05518729484642, 46.12491337836756], [-60.05418767022078, 46.12472558417504], [-60.05321918635802, 46.124196584513484], [-60.05287031552376, 46.12394456697129], [-60.05200960890601, 46.123094300294014], [-60.05127667728245, 46.12276035916008], [-60.04996972612739, 46.12251059631048], [-60.04883705892803, 46.12239133353182], [-60.046848897875606, 46.12229493328056], [-60.04570473896466, 46.12214833554429], [-60.04465394962909, 46.121950154506614], [-60.04196177180261, 46.121223417708194], [-60.041689859516346, 46.12122536368596], [-60.04019988293455, 46.121735809848616], [-60.03974701209323, 46.121733059048935], [-60.039325759189, 46.12162313513612], [-60.03757699881265, 46.120200697812926], [-60.036221703110265, 46.119409496621124], [-60.03458215503462, 46.11933095294382], [-60.03260076122629, 46.11935149476046], [-60.03227860157567, 46.11932512152547], [-60.02977491168739, 46.11943105330641], [-60.029174568133165, 46.11952341986457], [-60.028839959777684, 46.119487725264776], [-60.02802133773314, 46.11954742063605], [-60.026861484615274, 46.11945425703857], [-60.026581497509284, 46.11936595113379], [-60.02651474216383, 46.11937937391186], [-60.026346978296, 46.11933821754635], [-60.02563392791196, 46.11917660086113], [-60.025588695242845, 46.11916636883635], [-60.02481393826071, 46.11908498719071], [-60.023468185207726, 46.11910301324952], [-60.02221257769814, 46.11910538359666], [-60.02150044804392, 46.11915881776761], [-60.0209437979247, 46.11916050605637], [-60.020014787524715, 46.11905885823048], [-60.01975576764672, 46.11903770443655], [-60.01948416966342, 46.11903422788267], [-60.018811325556285, 46.11907876612615], [-60.01791579304259, 46.119148071468715], [-60.01627074871041, 46.11924371457847], [-60.01607577530001, 46.11925934396131], [-60.01589452207213, 46.119284305472924], [-60.01571151530055, 46.11931731327483], [-60.015529301270256, 46.11936026287207], [-60.015359533518264, 46.11941252322477], [-60.015190573661144, 46.119472907426996], [-60.01503276879139, 46.11954260324767], [-60.01487574179402, 46.11962220652121], [-60.014677881588334, 46.11976284238294], [-60.014480123180455, 46.11987737498118], [-60.01427122284652, 46.11998262965425], [-60.0140486043669, 46.12007849430048], [-60.01381268077382, 46.12015693298995], [-60.01357858960084, 46.12022553082784], [-60.01333071458627, 46.12028566860489], [-60.012159303491536, 46.12054933857952], [-60.010767076846435, 46.12082793281478], [-60.00934711619889, 46.12118767486917], [-60.00846285329443, 46.12138323278114], [-60.008384268689205, 46.121400075513634], [-60.00833208206106, 46.121407714035946], [-60.00829275815869, 46.12141657209791], [-60.00816343125988, 46.12141499603281], [-60.008112159370164, 46.12140555350166], [-60.008060438392185, 46.12140419132985], [-60.00803503578778, 46.12139541870733], [-60.00799673843149, 46.12138541427445], [-60.00791914917871, 46.121384279920896], [-60.00790667246404, 46.12137585339817], [-60.00789372907671, 46.1213755295361], [-60.00786710148585, 46.12136582728976], [-60.00785417563881, 46.121365481145915], [-60.007841666907176, 46.121357042420115], [-60.00781629546908, 46.12134738405892], [-60.00775276585511, 46.12130163027838], [-60.00775326365463, 46.121292641940165], [-60.00774133343351, 46.12127431910512], [-60.00772758218181, 46.12126497306329], [-60.007728079986045, 46.12125598472665], [-60.00771606911588, 46.12123855765171], [-60.00771656692213, 46.12122956931615], [-60.00759541724896, 46.12088527127032], [-60.007522505318036, 46.12075016008156], [-60.00743491331171, 46.12062274924589], [-60.007333930379644, 46.12050399268067], [-60.006904560045434, 46.120139025808434], [-60.00671496112939, 46.11998375214779], [-60.00629778490283, 46.1196091772291], [-60.005602596695795, 46.119014911726495], [-60.00534979785834, 46.11875985970911], [-60.005125153251406, 46.11848665989554], [-60.00491314493617, 46.11819577387216], [-60.00487499180803, 46.1181596777514], [-60.00483634038568, 46.11813256981903], [-60.004786118435945, 46.11810424122041], [-60.004747435085086, 46.11807712106121], [-60.004697164561904, 46.1180497003618], [-60.004645138799894, 46.11803032602757], [-60.00438791881233, 46.118000196754615], [-60.00425857001026, 46.11799860299607], [-60.00421928035419, 46.11800747137166], [-60.004192964225574, 46.11801577844789], [-60.00415412346623, 46.11801566868437], [-60.00412730882105, 46.118032963933054], [-60.004102266230284, 46.118041292658496], [-60.00406292693606, 46.11805017104766], [-60.004036112234346, 46.118067466272215], [-60.00400974732815, 46.11807668123887], [-60.00398420616133, 46.11809399812621], [-60.00397031626781, 46.11811164002057], [-60.00391789402242, 46.11814718231166], [-60.003903523077085, 46.11817379012009], [-60.003890906700846, 46.11819145368602], [-60.0035095889101, 46.118897912237124], [-60.00348258318348, 46.11894220591043], [-60.00345347410313, 46.119049453162965], [-60.003449077169705, 46.11920235894954], [-60.00345953596748, 46.119319634255326], [-60.00345808958786, 46.11934658889104], [-60.003471323154805, 46.1193649460113], [-60.003470824506856, 46.11937393425097], [-60.00345693400665, 46.11939157616543], [-60.00345676123277, 46.11941855249341], [-60.00344282199233, 46.11943710235515], [-60.00344187340367, 46.119454170894066], [-60.00342970641448, 46.11946375419736], [-60.00341581586965, 46.11948139611244], [-60.00338900004725, 46.11949869125475], [-60.003376383087605, 46.11951635485132], [-60.00334951850598, 46.11953455793107], [-60.00332316927334, 46.11954285261573], [-60.00329759276081, 46.119561111839566], [-60.003271243502596, 46.11956940651024], [-60.003258318216574, 46.11956905971966], [-60.00323195225327, 46.11957827452219], [-60.0032060841381, 46.11957760320319], [-60.003192660143306, 46.11958624464982], [-60.003166841594854, 46.119585563240996], [-60.00310168218718, 46.11959375986013], [-60.003050721664025, 46.11960232494466], [-60.00298556221014, 46.119610521481675], [-60.00280449087139, 46.11960845846356], [-60.00275322221993, 46.11959901300266], [-60.002687803425005, 46.119588291001584], [-60.002636534821875, 46.11957884547612], [-60.00257282225364, 46.1195600870674], [-60.00252205255055, 46.11954165323725], [-60.00209868490475, 46.119400917522334], [-60.00157021096823, 46.11931324177531], [-60.001531916877155, 46.1193032347262], [-60.00145394312777, 46.1192849802864], [-60.00140225686609, 46.11928362655939], [-60.001363415000405, 46.11928351561017], [-60.00123409458592, 46.11928192976257], [-60.001078232914814, 46.119315636347096], [-60.00103971591551, 46.11933351334956], [-60.00100045565926, 46.11934149472416], [-60.000960664999276, 46.119359349977266], [-60.000933848290884, 46.119376644390606], [-60.000895331180104, 46.11939452133701], [-60.000868015247455, 46.11942080396114], [-60.00084248656599, 46.1194381545441], [-60.00081513934029, 46.11946532282751], [-60.00062836024983, 46.11968723941424], [-60.000615194123, 46.119714798827424], [-60.00060130237678, 46.1197324403343], [-60.00057448530167, 46.119749734670286], [-60.00056136790281, 46.119776386137374], [-60.00053450200474, 46.119794588410834], [-60.00052188382081, 46.11981225163634], [-60.00046947432918, 46.11984776993875], [-60.00043021351357, 46.119855751086405], [-60.000403347513306, 46.11987395332762], [-60.00037699752605, 46.1198822471758], [-60.00033770541859, 46.11989111395651], [-60.00031264352195, 46.11989946398615], [-60.0002733513863, 46.119908330739875], [-60.00024748312302, 46.119907658583166], [-60.00020819096701, 46.11991652530922], [-59.9990829582829, 46.119901349963314], [-59.99904361632694, 46.119910226265304], [-59.99901779765333, 46.11990954368438], [-59.99890117571706, 46.11993528838089], [-59.99887435785424, 46.11995258223365], [-59.998848039564606, 46.11996088784217], [-59.998809521102025, 46.11997876395555], [-59.998782685635916, 46.11999608005901], [-59.99876292682508, 46.12000731793239], [-59.99861173513533, 46.12009329682142], [-59.99859880973275, 46.12009294937162], [-59.99857329731445, 46.12011027709758], [-59.998507636617724, 46.12012745870499], [-59.99846784424444, 46.12014531293458], [-59.99844149373259, 46.120153606234936], [-59.99840348911448, 46.12016252842134], [-59.99836469531017, 46.120161508252075], [-59.99832540255125, 46.12017037417909], [-59.99817017923777, 46.12016809908689], [-59.99814477930516, 46.12015932376491], [-59.99810601754071, 46.120158315684144], [-59.99802809253045, 46.12013915031016], [-59.99800317486878, 46.12012140898466], [-59.997964880885085, 46.120111400407055], [-59.99751974881405, 46.119799974040056], [-59.99730644585559, 46.11958103229467], [-59.997281271819666, 46.11954437247785], [-59.997243574099556, 46.119499294826966], [-59.99720542610624, 46.119463195302906], [-59.99706595465705, 46.119362303374956], [-59.99663180846511, 46.119158275793275], [-59.996096473653715, 46.118863384684936], [-59.99607507252991, 46.118844404706344], [-59.996025654180826, 46.11880062403779], [-59.99570505270183, 46.11851645736303], [-59.99565398190366, 46.11848000948785], [-59.995500606190184, 46.11839677852833], [-59.99543738413353, 46.118368992615885], [-59.9953087126112, 46.118331421852965], [-59.995244522182304, 46.1183216243219], [-59.99503920412116, 46.118264907330946], [-59.97833326798148, 46.11684379287365], [-59.92960444524291, 46.10561437331147], [-59.92953410625773, 46.1055623940242], [-59.92930118093682, 46.10518110517574], [-59.92913440688995, 46.104640194127796], [-59.92896770442472, 46.10437061105856], [-59.92850561705205, 46.10407900367126], [-59.9283272143909, 46.10399229697749], [-59.926986918097214, 46.10352320027471], [-59.92616410290413, 46.10345290612711], [-59.9253246039407, 46.10360501095122], [-59.925162990414876, 46.103567208023], [-59.92497290687545, 46.10339189921981], [-59.92486158869345, 46.103365195539276], [-59.92455189526863, 46.10341008878662], [-59.92379859019732, 46.103651194167405], [-59.92363461210069, 46.103768899071994], [-59.92310901055099, 46.10402400719357], [-59.92261018997415, 46.104384400319724], [-59.92264198202302, 46.10458590165149], [-59.92281370182873, 46.104815911661674], [-59.92301549234999, 46.10494389837216], [-59.923046509786936, 46.10506160803936], [-59.92294859069075, 46.10515529827663], [-59.92268821614488, 46.10526309633122], [-59.922115693642276, 46.105299802189094], [-59.92184948877801, 46.105227601954475], [-59.921717219130876, 46.10513969960601], [-59.92162508104885, 46.10500640333832], [-59.921486100041776, 46.10492610549875], [-59.921332917543324, 46.10491269531617], [-59.92109521366535, 46.1049778993451], [-59.920651616694585, 46.10517420199683], [-59.92028409624126, 46.1052673977768], [-59.919919994452314, 46.10528900497419], [-59.919683906582435, 46.10525061154709], [-59.919558304431035, 46.105155111475334], [-59.91959919539349, 46.1043795053883], [-59.91949619993715, 46.104241505813185], [-59.91936980913661, 46.10419791105377], [-59.91830508471806, 46.10418050524947], [-59.91787320623527, 46.10432961476751], [-59.91714579363587, 46.104727905331764], [-59.916879600323625, 46.10465569080867], [-59.91676909324741, 46.10457710638579], [-59.91626850515976, 46.10395590597349], [-59.916039091508836, 46.10377420016944], [-59.915729400692356, 46.10381909809859], [-59.91518451183532, 46.10404499171932], [-59.91446711063261, 46.10422840269505], [-59.91427042326326, 46.10433209573667], [-59.914187491927976, 46.104442693751274], [-59.914187611578, 46.104849700523495], [-59.91406948338069, 46.104966203835325], [-59.91392810506214, 46.105041314447796], [-59.91367109626207, 46.105077396469035], [-59.91352403942659, 46.10510716617432], [-59.913165828502365, 46.10511564222463], [-59.91277982068805, 46.10516585030027], [-59.91245643477366, 46.10525748817877], [-59.912204123823294, 46.10536023517505], [-59.912050379800824, 46.1054557396807], [-59.91185527974931, 46.105519011537595], [-59.911611345381885, 46.10556785108938], [-59.91122811291499, 46.105595124787705], [-59.91043964222994, 46.105625263985544], [-59.91015653823832, 46.10562433241441], [-59.90975522637202, 46.10569684535417], [-59.909355232158035, 46.10575244679532], [-59.90910400515774, 46.10577992120775], [-59.90894488240615, 46.10581118792074], [-59.90884227878184, 46.105852958360614], [-59.90756759448289, 46.106359387008766], [-59.90635596778247, 46.10649714707401], [-59.90304165160505, 46.1059462156001], [-59.90006790947404, 46.10626686856225], [-59.89649711889793, 46.10669159027834], [-59.889290480417294, 46.10818073359482], [-59.88435290462319, 46.109525711200185], [-59.883667144187115, 46.10971249231603], [-59.88331429544529, 46.11136775921115], [-59.87969487919511, 46.11213153752233], [-59.87543291069636, 46.1138003063412], [-59.86631766949287, 46.11788337353626], [-59.845342232914916, 46.126532886082934], [-59.84420075068817, 46.127183759359575], [-59.80564750825621, 46.14914789166337], [-59.79538309393894, 46.15498955293264], [-59.77651692949292, 46.16576298494279], [-59.776502249757506, 46.165771367496404], [-59.77372041022278, 46.16593306598149], [-59.76746176631209, 46.16824295187451], [-59.7604298038292, 46.17189480201314], [-59.752519153303105, 46.178174642007946], [-59.75475051424619, 46.180561400898966], [-59.75937642911799, 46.18416883570309], [-59.766555746719575, 46.18875547667516], [-59.77317607566925, 46.19177698044026], [-59.7774424016424, 46.193220267710835], [-59.78078370873719, 46.194242075588235], [-59.78369544872421, 46.19513240322252], [-59.787145941476226, 46.1957712729407], [-59.81819851915433, 46.201751475898554], [-59.83784520857245, 46.207431847935204], [-59.85087124976308, 46.21054215529054], [-59.852963597392254, 46.210999219746604], [-59.87269070064732, 46.21530578276139], [-59.891459714484775, 46.21869804409108], [-59.89457913055902, 46.219405158206605], [-59.89550304467493, 46.219614583944086], [-59.90435331630097, 46.22161997797181], [-59.906647133982936, 46.22213957756043], [-59.91193545529753, 46.22333723675772], [-59.91557145656758, 46.224122398030964], [-59.91571470402574, 46.22415333094939], [-59.92373755717492, 46.22588516207154], [-59.925079755566124, 46.22617480151577], [-59.92738103650756, 46.22667139412786], [-59.93278260358829, 46.227836667186025], [-59.937889428877426, 46.228938024670114], [-59.93798432712421, 46.22895849357749], [-59.94170500782584, 46.229756395932796], [-59.9583426717578, 46.23332220910156], [-59.9641928941466, 46.2354723697201], [-59.96475323845929, 46.2356782775771], [-59.96902015041978, 46.23734039899504], [-59.97210874181179, 46.2385433051307], [-59.97211652796376, 46.23854206525778], [-59.98999294098792, 46.24565622978533], [-59.99514909676874, 46.24770714808735], [-59.9995021560553, 46.2494382642726], [-59.999999994315274, 46.24959990067359], [-60.000000365289004, 46.249600012635106], [-60.00123759132594, 46.25000167778779], [-60.00123831569488, 46.25000192398852], [-60.00549329638535, 46.251383112317846], [-60.039684846880206, 46.262471968554], [-60.042931777046526, 46.26339114572996], [-60.06235838428742, 46.2688875257296], [-60.065642358496625, 46.269816126145315], [-60.07138628786271, 46.27143997122878], [-60.07334728713229, 46.271994255368284], [-60.07971563190397, 46.27379389105163], [-60.08526549292748, 46.27536176601357], [-60.09217675447013, 46.277313648949345], [-60.09354821105883, 46.2777008946144], [-60.1571002736751, 46.29810160299473], [-60.15711891091183, 46.298073621496975], [-60.179767614147096, 46.30565412999853], [-60.19513613441444, 46.31079343092736], [-60.19822511904996, 46.31184450219504], [-60.212353698043636, 46.31665009002022], [-60.24799016330859, 46.32875737693276], [-60.248889463169114, 46.32905898488421], [-60.25945679499713, 46.332602299069976], [-60.27104754961642, 46.33654317145752]]]}, "properties": {"FED_NUM": 12011, "ED_NAMEE": "Sydney—Glace Bay", "ED_NAMEF": "Sydney—Glace Bay", "REPORDER": "2023", "SHAPE_Leng": 148712.513989, "SHAPE_Area": 751701649.569}}]}